frame_id,row_index,gt_frame_id,est_frame_id,match_method,valid_prediction,error_msg,translation_error_m,geodesic_rotation_error_deg,roll_error_deg,pitch_error_deg,yaw_error_deg,translation_loss,rotation_loss,beta,weighted_pose_loss,inference_runtime_seconds,viewing_angle_deg,dx_m,dy_m,dz_m,gt_x,gt_y,gt_z,gt_roll_deg,gt_pitch_deg,gt_yaw_deg,est_x,est_y,est_z,est_roll_deg,est_pitch_deg,est_yaw_deg,world_marker_x,world_marker_y,world_marker_z,world_marker_roll_deg,world_marker_pitch_deg,world_marker_yaw_deg,world_camera_x,world_camera_y,world_camera_z,world_camera_roll_deg,world_camera_pitch_deg,world_camera_yaw_deg
0000,0,0000,0000,frame_id,True,,3.5787972910701438,128.32277683100787,82.27320549131349,62.315348781555386,99.4759020517526,12.807790050571,1.1283245506615398,0.1,12.920622505637155,2.3751299349969486,51.23257776471674,-1.9147953761970338,-0.7312537911083805,2.9337035656069754,2.1788488103305634,0.3285656454708683,-0.702942514428997,-130.6171210195448,33.361840106118294,65.13728038584689,0.26405343413352966,-0.4026881456375122,2.2307610511779785,147.1096734891417,-28.953508675437092,-34.3386216659057,1.40141518965,1.33991749503,0.111072880724,0.442886045928,-0.254043681629,-138.778360449,1.70390370364,3.12986789829,1.54426650094,0.764569913076,56.5580572315,-88.8639875431
0001,1,0001,0001,frame_id,True,,3.5674446358408907,128.38547986167345,83.16554788074274,64.75292314435083,98.25116860887385,12.726661229789944,1.129309645660135,0.1,12.839592194355957,0.0362474689973169,51.35401783146946,-1.9280688418377983,-0.7249886571995618,2.91266256505215,2.1823107851971733,0.32370619770211007,-0.708516895115016,-131.53683240024012,34.88274787875598,63.407501265361745,0.254241943359375,-0.4012824594974518,2.204145669937134,145.29761971901715,-29.870175265594856,-34.84366734351211,1.40614302536,1.33376826165,0.110869351215,0.472854245808,-0.183367627335,-136.693699451,1.70390445991,3.12986119754,1.54427458004,0.758997433872,56.5723996288,-88.8719502427
0002,2,0002,0002,frame_id,True,,3.582751007873652,130.45126681350465,78.96369719140512,69.0789719692543,99.63086023766212,12.836104784419668,1.1619081753505225,0.1,12.95229560195472,0.03204949799692258,51.22918564059116,-1.9264444355615407,-0.7274383331289986,2.931850966984534,2.1814432387002736,0.3221235300055245,-0.716210898930335,-131.56206207025184,35.57836448895509,63.07523411207868,0.2549988031387329,-0.4053148031234741,2.215640068054199,149.47424073834304,-33.50060748029921,-36.55562612558343,1.40798421603,1.33171387135,0.110920214591,0.528917248907,-0.335557246239,-135.993641387,1.70393030909,3.12987187922,1.54425894383,0.777589894833,56.7272451799,-88.8551729301
0003,3,0003,0003,frame_id,True,,3.5656938434529506,125.85166890163434,76.85355796481008,64.04912403132423,100.57641772204857,12.714172585238273,1.0897130653114355,0.1,12.823143891769417,0.03533214600611245,51.27461320320215,-1.931590841567349,-0.7416844450207989,2.9039685931541346,2.1859458251355406,0.33245781886303827,-0.6746301856376549,-133.1246384715009,35.71548629959989,61.815939676533226,0.25435498356819153,-0.4092266261577606,2.2293384075164795,150.02180356368902,-28.33363773172433,-38.76047804551534,1.39690713236,1.33420466871,0.121028830669,0.53164223617,-0.509395286377,-135.217766954,1.70392052046,3.12974921858,1.54432633579,0.722572185369,55.5483952441,-88.9156122945
0004,4,0004,0004,frame_id,True,,3.594976243965864,130.45158999055423,74.8638822444862,69.95413410258888,103.05053032240141,12.92385419467891,1.1619132967339456,0.1,13.040045524352305,0.033098207000875846,51.28468119251921,-1.9217611172329097,-0.7425958560099704,2.946054954953734,2.175427637351623,0.3314218268981082,-0.7125749782996811,-132.40574397814575,36.69048257316544,61.82375329250189,0.2536665201187134,-0.4111740291118622,2.2334799766540527,152.73037377736804,-33.26365152942344,-41.226777029899516,1.39840025212,1.33230156644,0.121049981093,0.568152464135,-0.508015178049,-134.49173717,1.70390559026,3.12986072224,1.54426342333,0.755373031478,56.5001897283,-88.8734650015
0005,5,0005,0005,frame_id,True,,3.607086713696928,127.77182103159066,74.01423046866284,67.58103935979945,103.062123545849,13.011074560128904,1.1196800227647064,0.1,13.123042562405374,0.03518507399712689,51.200594426246425,-1.9235329647963129,-0.7449158007943841,2.959087011765229,2.177542390436419,0.33005960534455503,-0.7100545143592232,-132.6414261525717,37.1115175991923,61.167130432927344,0.2540094256401062,-0.4148561954498291,2.249032497406006,153.34434337876542,-30.469521760607154,-41.89499311292166,1.39972927652,1.33072367715,0.121117461852,0.792465472377,-0.485529024191,-133.828919349,1.70392253512,3.1298440738,1.54429695804,0.753796353862,56.3987026038,-88.8777352739
0006,6,0006,0006,frame_id,True,,3.604628581644418,131.05526872001147,76.77164408417582,72.73302084324389,100.52482495168321,12.993347211607848,1.1714913789971269,0.1,13.11049634950756,0.033577162997971755,51.468722498724276,-1.9361314343849991,-0.7291174164718852,2.9518011574954532,2.1867577301899765,0.3160827985710368,-0.7198389535159612,-133.27597046735875,37.65710202705545,60.4306795831473,0.2506262958049774,-0.4130346179008484,2.231962203979492,149.95238544846544,-35.07591881618844,-40.09414536853591,1.41413785766,1.32384446692,0.11098969519,0.428832238582,-0.253739208024,-133.020786956,1.70390639578,3.12987110813,1.54426838081,0.766623494219,56.6497261265,-88.8586356811
0007,7,0007,0007,frame_id,True,,3.5677551726859584,127.1230795558321,72.372924919779,69.9002097991542,99.76757629745057,12.728876972227413,1.1095273355818274,0.1,12.839829705785595,0.034627620996616315,51.43274251159636,-1.9491692685188795,-0.7426760098209628,2.8944858747842255,2.197828923970654,0.32676612346079437,-0.6564728456857146,-135.2452765426612,37.35924527756701,58.6922485226592,0.2486596554517746,-0.41590988636016846,2.2380130290985107,152.3817985375598,-32.54096452158719,-41.075327774791376,1.4030291521,1.32621206788,0.121201308474,0.709218336016,-0.342853597173,-132.291602397,1.7040218577,3.12962350282,1.54432999665,0.730202023221,54.9008205225,-88.9144213384
0008,8,0008,0008,frame_id,True,,3.601801669722235,132.093743395404,74.00996761875092,75.99189027158722,100.21184603262553,12.97297526801388,1.188021665835921,0.1,13.091777434597471,0.0331041239987826,51.32893875826038,-1.939822826914611,-0.7451783822062163,2.9418993604281254,2.1892846118734504,0.3254530535223632,-0.688246072540552,-134.58687479163024,38.28846039203019,58.705013852160825,0.24946178495883942,-0.41972532868385315,2.2536532878875732,151.40315758961884,-37.703429879557035,-41.506832180464706,1.4046589146,1.32483514579,0.121103132781,0.822010004308,-0.419221930025,-131.638060064,1.70405352187,3.1296784703,1.54429423074,0.759878932924,55.7001601469,-88.882029888
0009,9,0009,0009,frame_id,True,,3.5923076984972693,125.5206539509264,73.34218541197635,69.45518295907982,100.262159868043,12.904674600682746,1.0845726570467313,0.1,13.01313186638742,0.0310847319997265,51.26995933544713,-1.9411869495873066,-0.7385301711851264,2.9310477672129367,2.185002908087215,0.3231450143152381,-0.7069095073252415,-134.44412081293962,39.12465074541986,58.341752150562606,0.24381595849990845,-0.4153851568698883,2.2241382598876953,152.21369377508404,-30.330532213659964,-41.9204077174804,1.40655721561,1.32296999134,0.121181675709,0.879551901161,-0.49133994465,-130.842713422,1.70393495941,3.12981432573,1.54429849767,0.745464939388,56.1456316977,-88.8902911424
0010,10,0010,0010,frame_id,True,,3.6305028867285207,128.68470847876355,73.41377734300829,73.65864245032351,100.74401952728795,13.180551210544122,1.1340142576618377,0.1,13.293952636310307,0.03605170900118537,51.528556984638755,-1.9340791228650693,-0.7426900858552814,2.9813253082167805,2.1790682497857694,0.32133862325266604,-0.7309197582137288,-134.45020150288607,39.78201976901125,57.99675310328841,0.24498912692070007,-0.42135146260261536,2.2504055500030518,152.1360211541056,-33.87662268131226,-42.74726642399953,1.4086861644,1.32070769148,0.121019498657,0.714549609436,-0.325758658414,-130.181119913,1.70390573191,3.1298727078,1.54425805619,0.775151068697,56.7262272606,-88.8586584741
0011,11,0011,0011,frame_id,True,,3.594585469240098,127.63530965460818,72.59446740622491,73.61894536383426,99.37594110190045,12.921044695672055,1.117541289501264,0.1,13.032798824622182,0.03219304300000658,51.623717950469896,-1.9607977675390669,-0.724009639935451,2.924401964806891,2.2003114329767652,0.307375437931972,-0.7033631464475159,-135.9906567107853,39.827808507842434,56.688184751517944,0.23951366543769836,-0.416634202003479,2.221038818359375,151.41487588298978,-33.79113685599183,-42.6877563503825,1.42330617757,1.31399820129,0.110723240442,0.480049968019,-0.196520845558,-129.432989793,1.70405597419,3.12968950228,1.54425539178,0.781031530731,56.0103675109,-88.8563172409
0012,12,0012,0012,frame_id,True,,3.616875488297727,128.15451852043097,72.20069907899767,74.58571000528958,100.84422564580807,13.08178829784892,1.1256824217181458,0.1,13.194356540020735,0.03381263000483159,51.44322228060361,-1.9439240988961344,-0.738595486715403,2.959294527853456,2.182998761223901,0.3175102482586769,-0.7274529636749891,-135.35960284715904,40.77950140187732,56.66870970616236,0.23907466232776642,-0.4210852384567261,2.231841564178467,152.4396980738433,-33.806208603412266,-44.175515939645706,1.41218898554,1.31749892567,0.120995299674,0.748467463361,-0.460472437572,-128.763821129,1.70391278407,3.12986004418,1.54427621541,0.751578415054,56.5660776052,-88.8821646158
0013,13,0013,0013,frame_id,True,,3.6383450284675254,126.63050543884451,65.92959974031476,72.41215272120691,105.48309648109338,13.237554546174358,1.1018376837099748,0.1,13.347738314545357,0.03374489099951461,51.38960134120162,-1.9439659312452449,-0.7417447095068319,2.9846885583341507,2.1833783879961146,0.31658215571960047,-0.7306599996030715,-135.68056396159554,41.40239273810099,55.89806529416128,0.23941245675086975,-0.42516255378723145,2.254028558731079,158.3898362980897,-31.009759983105916,-49.5850311869321,1.41378923464,1.3155526685,0.121123244415,0.909617807047,-0.473026536965,-127.900926183,1.70394141855,3.12986070352,1.54426327468,0.770031852424,56.6059286001,-88.8542382788
0014,14,0014,0014,frame_id,True,,3.6202169351704185,129.430936225199,71.88691325623944,77.45157945226748,99.93135072491285,13.105970657694698,1.1457724537838403,0.1,13.220547903073083,0.031109447998460382,51.674436403109425,-1.9545379997972554,-0.734854986745741,2.9573197347426197,2.190692451763541,0.3112392926997205,-0.7227272969984792,-136.45118692539214,41.3829565606831,54.77267822303821,0.2361544519662857,-0.4236156940460205,2.2345924377441406,151.66189981836843,-36.06862289158438,-45.15867250187463,1.41858274986,1.31204459223,0.118626819856,1.02634763362,-0.0842877283202,-127.310354831,1.7039278641,3.12983789448,1.5442999021,0.748829771327,56.3577670435,-88.8851807486
0015,15,0015,0015,frame_id,True,,3.6143306043438614,124.38630331605123,68.57950517848269,72.83410570319921,100.25430466854115,13.063385717496663,1.0670152649276723,0.1,13.17008724398943,0.03500196499953745,51.51640568574384,-1.973112960142846,-0.7260572511871441,2.939906772673509,2.207603429240937,0.30059014746743284,-0.6967748966816877,-137.9792639344326,41.76008906994983,53.80103125045086,0.23449046909809113,-0.4254671037197113,2.2431318759918213,153.44123088708474,-31.07401663324939,-46.4532734180903,1.43022060701,1.30745614227,0.111090069292,0.555357460698,-0.394407996127,-126.514405827,1.70409260857,3.12963140887,1.54428022372,0.765494142086,55.6951242316,-88.8662628244
0016,16,0016,0016,frame_id,True,,3.617367767547241,130.69501706229428,71.60748048455861,81.64746441156828,98.65492147974693,13.085349565689711,1.1657727736760817,0.1,13.201926843057318,0.03446178000012878,51.22901773548947,-1.9546797294049187,-0.7328588858609055,2.9542333310958933,2.185467885795109,0.3104912534718369,-0.7363521283981391,-136.74687007093476,43.036180726931015,53.85767729691564,0.23078815639019012,-0.4223676323890686,2.217881202697754,151.64564944450663,-38.611283684637264,-44.79724418283129,1.41950338607,1.31073567725,0.121330853667,1.16785502909,-0.617397253448,-125.691835605,1.70390251267,3.12987495749,1.54426394106,0.766345193786,56.6450248453,-88.8670574003
0017,17,0017,0017,frame_id,True,,3.6291219438790985,121.41101230758169,66.99020583239212,71.23161402227629,100.54376265359367,13.170526083544807,1.0214027136301531,0.1,13.272666354907823,0.035268835999886505,51.47079026374246,-1.9616900971914837,-0.7348058417919581,2.9635044155516432,2.1910123667503902,0.30862381016048834,-0.7253068504729081,-137.87285971546316,43.19730232451111,52.7575243387956,0.22932226955890656,-0.4261820316314697,2.2381975650787354,155.13693445214471,-28.034311697765176,-47.78623831479808,1.4215950041,1.30851946083,0.121230275227,0.984849490264,-0.473905547428,-124.986228206,1.70396211412,3.12979410569,1.54428380829,0.764362207467,56.310858319,-88.8686533204
0018,18,0018,0018,frame_id,True,,3.6532538730233886,132.2521836955533,71.67483210295643,84.5645891237798,98.07633387641992,13.34626386076039,1.190549592181125,0.1,13.465318819978503,0.03407371899811551,51.6511343853895,-1.9678237427537981,-0.7249258170556421,2.991390335275728,2.198019130951697,0.2940842221211786,-0.7408248064060993,-138.40879393437524,43.77790578072207,52.23008781252053,0.23019538819789886,-0.4308415949344635,2.250565528869629,149.91637396266833,-40.786683343057724,-45.84624606389939,1.4362888996,1.30204216545,0.111098435222,0.573919567617,-0.326623045711,-124.310255228,1.70391136928,3.12987583012,1.54427579045,0.774794842732,56.7177961268,-88.855599645
0019,19,0019,0019,frame_id,True,,3.6165548188898984,128.35534613736957,66.14534264221584,81.78902354173135,99.12394249389567,13.079468758035745,1.1288361976919705,0.1,13.192352377804943,0.036742616997798905,51.65517145348766,-1.970367599386126,-0.7213052516829821,2.9456474696099755,2.192203704375178,0.2995602792155596,-0.7429530535638329,-138.78837067724785,44.30601801567248,51.54733418283802,0.22183610498905182,-0.4217449724674225,2.2026944160461426,155.0662866805363,-37.483005526058875,-47.576608311057655,1.43085020288,1.30331318381,0.11717793824,0.669179570965,-0.407001888381,-123.593479872,1.7039140548,3.12987192909,1.54427007436,0.780823252717,56.7141970491,-88.8503369397
0020,20,0020,0020,frame_id,True,,3.4930611427851717,149.39192710509323,90.4053537299003,50.30041217314937,107.62913312538666,12.201476147235649,1.472117996592694,0.1,12.348687946894918,0.038555884995730594,51.50864724956628,-2.0070766916356257,-0.9464985036980484,2.697639687509434,2.2343940248570613,0.5099016034733628,-0.4280092553805279,-115.7302034468382,13.810007151894446,58.019721185774934,0.22731733322143555,-0.43659690022468567,2.2696304321289062,153.86444282326153,-36.490405021254915,-49.609411939611725,1.42775870453,1.30376896507,0.121177972243,0.988010682025,-0.515219184671,-122.840310535,1.70473878451,3.12958623632,1.54433697725,-41.5933655841,54.0809194899,-95.6085899641
0021,21,0021,0021,frame_id,True,,3.661143675394888,127.00710538026148,64.6379796279827,81.25280077629358,99.55125380620748,13.40397301188399,1.10771535834662,0.1,13.514744547718651,0.03871767399687087,51.7599510683499,-1.9694193926970383,-0.7357572715294143,2.997335734438905,2.1920127895991226,0.300572971583583,-0.7397211218595593,-139.9838062578664,45.11419552596953,49.72235589242877,0.22259339690208435,-0.4351842999458313,2.2576146125793457,155.3782141141509,-36.138605250324055,-49.82889791377871,1.42955163271,1.30182883242,0.121060639455,0.835804313861,-0.343730041088,-122.084251804,1.70391199907,3.12984781098,1.54426987303,0.763374459611,56.542554543,-88.8686059922
0022,22,0022,0022,frame_id,True,,3.6746995706769807,128.59109972878986,68.49777534342354,83.2663723182565,98.71638188860928,13.503416934733586,1.1325418610044253,0.1,13.61667112083403,0.033499077006126754,51.67791198289454,-1.9665210559664206,-0.7350280610565683,3.0159485440958242,2.188288958340688,0.29889142789883816,-0.7537357907999259,-140.017677535686,45.840543192215605,49.22808457380866,0.22176790237426758,-0.4361366331577301,2.2622127532958984,151.48454712089048,-37.425829126040895,-49.48829731480061,1.43148032416,1.30042071659,0.121268764877,0.97705273545,-0.405736589618,-121.349823949,1.70390250694,3.12989059254,1.54425450638,0.779252925735,56.8740363908,-88.8490569788
0023,23,0023,0023,frame_id,True,,3.655646503386728,125.9704733439723,61.45782034213926,81.99710975644128,99.35894037293905,13.363751357723608,1.0915598617136633,0.1,13.472907343894974,0.03473585700703552,51.641280147156195,-1.9761734664763706,-0.7313177839537832,2.98725025516633,2.193379333647658,0.2967240468283865,-0.7421454654324431,-140.82786089885758,46.06907976291253,48.25908888886085,0.21720586717128754,-0.43459373712539673,2.2451047897338867,157.7143187590032,-35.928029993528746,-51.099851484078194,1.4333804613,1.29911274159,0.121279449958,1.02667270069,-0.449520703431,-120.688363619,1.70389163238,3.12986172298,1.54427622668,0.76223636045,56.5430422301,-88.8697489003
0024,24,0024,0024,frame_id,True,,3.656654678855783,124.66213815373833,58.10551798317499,78.09341581125608,104.01271431138153,13.37112344039789,1.071276268186469,0.1,13.478251067216537,0.03477079399453942,51.80686118617403,-1.9818080702302328,-0.7309266021244487,2.9848461460308164,2.1998387911794057,0.2944891145222148,-0.7276857208446593,-141.8182769664925,46.01684012835185,47.14651882323586,0.21803072094917297,-0.4364374876022339,2.2571604251861572,160.07620505033248,-32.07657568290423,-56.86619548814568,1.43565772384,1.29711757699,0.121341130089,1.04444839903,-0.299168217771,-120.109937939,1.70393983481,3.12981402285,1.5442921132,0.744774315818,56.1235664718,-88.884094434
0025,25,0025,0025,frame_id,True,,3.6198616459146393,127.24412075928795,60.49471364928672,83.83680692913518,98.99820965143991,13.103398335563842,1.1114194526245658,0.1,13.214540280826299,0.041072205000091344,51.683891145022066,-1.999729023493647,-0.7277640148688611,2.9282830646682614,2.2136219900025123,0.2929936095763501,-0.6874061515975824,-143.59183210699646,45.93362947868312,45.49871015832149,0.21389296650886536,-0.434770405292511,2.2408769130706787,155.91345424371679,-37.903177450452056,-53.49949949311843,1.43785964518,1.29583131643,0.121267872656,1.0015786579,-0.469110514668,-119.244232749,1.70410700421,3.12956463656,1.54430309414,0.754790136796,55.0555827389,-88.8804994445
0026,26,0026,0026,frame_id,True,,3.6631025855862993,129.23527561130626,56.889260775010825,87.10719989330124,100.99457403172016,13.418320552529032,1.1426859352975398,0.1,13.532589146058786,0.03611688299861271,51.70078108980983,-1.986221753824732,-0.729508323544052,2.990160748696027,2.1996847324261877,0.29013176071026603,-0.7349184009787416,-142.94612809150036,47.18846849518688,45.61769450126912,0.2134629786014557,-0.439376562833786,2.255242347717285,160.1646111334888,-39.91873139811437,-55.37687953045105,1.44001351301,1.29462514928,0.121166527182,0.952754088446,-0.493464820554,-118.569466999,1.70391206584,3.12983256662,1.54428483073,0.754285733193,56.2590414831,-88.8780754246
0027,27,0027,0027,frame_id,True,,3.655034684341845,125.20484491539455,58.38781497443853,83.08252800341222,100.37532784366024,13.35927854374189,1.079675504680286,0.1,13.46724609420992,0.034771818995068315,51.70162492450502,-1.9879396780193135,-0.7210745534901151,2.9811786039429755,2.1943770124376103,0.2878972611431607,-0.754117809112653,-143.03656302521847,47.94748704834889,45.15565025585601,0.20643733441829681,-0.43317729234695435,2.2270607948303223,158.575622000343,-35.13504095506334,-55.219677587804235,1.44246989003,1.29315095132,0.12123925768,0.977067609893,-0.512397663215,-117.861887402,1.7038964166,3.12986275805,1.54426943513,0.771898889871,56.7254859543,-88.8564497426
0028,28,0028,0028,frame_id,True,,3.6444024326245574,126.96813512682624,57.9813040590725,85.17753157540706,101.08224367006366,13.281669090919792,1.1071066932709859,0.1,13.39237976024689,0.033321784998406656,51.789430648191924,-1.9931414325000398,-0.7167890209677539,2.965682016061663,2.195848663544809,0.28562049455669736,-0.7542834145296804,-143.73164156726168,48.2913089849087,44.14079612779988,0.2027072310447693,-0.4311685264110565,2.2113986015319824,158.28705437366582,-36.886222590498356,-56.94144754226379,1.44455169786,1.29155183974,0.121018542954,1.04211799916,-0.42349367333,-117.116115836,1.7039141218,3.12986175423,1.54426190966,0.766229098001,56.6975504486,-88.8663529554
0029,29,0029,0029,frame_id,True,,3.6702920832151396,131.2449221212365,58.20382425017192,91.94910096304994,98.6217399951421,13.47104397611173,1.1745052152544186,0.1,13.588494497637171,0.028913886002555955,51.789894065442226,-1.9939660335993028,-0.7247110658546234,2.9949853595621883,2.1997974868034578,0.2833245151897217,-0.7456164535410701,-144.761473627965,48.59390123277347,43.03157805071226,0.20583145320415497,-0.44138655066490173,2.249368906021118,157.0347021218631,-43.35519973027648,-55.59016194442984,1.44665145739,1.29032419402,0.121154851228,0.950798801369,-0.479701918502,-116.345691032,1.70388113031,3.12984878874,1.54428795127,0.757512400275,56.443220303,-88.8793554344
0030,30,0030,0030,frame_id,True,,3.6536102399816093,126.0622430995458,52.60789974341526,86.00534468772409,99.55787468276674,13.348867785698472,1.0929870767031806,0.1,13.45816649336879,0.03235599300387548,51.784350487591375,-2.019707201434205,-0.7143440467437014,2.959622136194943,2.2239590421448447,0.27164223018486355,-0.7008984003856165,-146.85320067696884,48.1168956160831,41.24723527780088,0.20425184071063995,-0.4427018165588379,2.258723735809326,160.5388995796159,-37.888449071640984,-58.31063940496585,1.4591659496,1.28503756088,0.112964844406,0.709799068326,-0.451734524718,-115.624966023,1.7041250543,3.12958882429,1.54428156816,0.757248169397,55.2947222298,-88.8826501247
0031,31,0031,0031,frame_id,True,,3.6582444826602853,127.76619015648402,57.45417228732964,89.3063862925002,95.90932601956511,13.38275269491442,1.1195917787275145,0.1,13.494711872787171,0.03545741900597932,52.19809144289206,-2.011513192811901,-0.7227811678013747,2.9688642194498844,2.213489208975727,0.27894501524781634,-0.7121851613749334,-147.09356108562955,48.254867361222644,40.49676889890425,0.201976016163826,-0.44383615255355835,2.256679058074951,155.4522666270408,-41.051518931277556,-55.412557120660864,1.45061466467,1.28720617237,0.12113518837,0.909047981897,-0.117995220166,-115.137141277,1.70394441367,3.12973884871,1.54431819795,0.716655082318,55.5114424238,-88.9256952438
0032,32,0032,0032,frame_id,True,,3.6835427613985314,127.50675458582326,52.03001111485787,89.4794139621652,99.18067398150751,13.568487275051517,1.1155283532129123,0.1,13.680040110372808,0.035473666997859254,52.05079097264253,-2.0033872728702513,-0.7229851582690947,3.005365064493102,2.202351317321965,0.2775278189822905,-0.7491616514834584,-146.99857539048853,49.62332912166743,40.14943470561511,0.19896404445171356,-0.4454573392868042,2.2562034130096436,160.97141349465358,-39.856084840497765,-59.0312392758924,1.45301567663,1.28578724807,0.12120811555,0.886884282765,-0.311366820553,-114.193048661,1.70391177198,3.12985016294,1.54426795639,0.769063021436,56.4360013537,-88.8592709534
0033,33,0033,0033,frame_id,True,,3.7049045352943435,127.63234162068687,53.6578196841798,89.91703691819964,98.83922918314389,13.726317615644595,1.117494803006189,0.1,13.838067095945213,0.031242152996128425,52.13609295496272,-2.000739687365305,-0.7232444889870857,3.033195629727134,2.1993957844197864,0.27514994219219435,-0.7607883364074319,-147.14934127720625,50.06097397938429,39.300090588434585,0.1986560970544815,-0.44809454679489136,2.272407293319702,159.19283903861398,-39.85606293881535,-59.5391385947093,1.45521659398,1.2847801802,0.121023855526,1.26156784595,-0.138431285652,-113.495599735,1.70388683882,3.12988073889,1.54426495867,0.766026059992,56.7187806293,-88.8610454818
0034,34,0034,0034,frame_id,True,,3.706437314003847,129.29419687285727,49.57759228197261,92.89377900877824,99.27690192492321,13.737677562640053,1.143615147259389,0.1,13.852039077365992,0.034928237000713125,51.91511178706223,-2.016768677439191,-0.7088486569592225,3.02784663512988,2.212851597275235,0.2597471492954957,-0.755552352216672,-148.5889667526918,50.59111621033445,38.49735681534645,0.1960829198360443,-0.4491015076637268,2.272294282913208,161.8334409653356,-42.30266279844379,-60.779545109576766,1.47075987697,1.27866143813,0.111185651061,0.487895750623,-0.443779245523,-112.783657561,1.70390090942,3.12985749757,1.54427969493,0.763467545695,56.5898969675,-88.8641494113
0035,35,0035,0035,frame_id,True,,3.718707411660953,127.35054174585495,46.6121319609573,89.93007545212936,100.863096959742,13.828784813542104,1.1130838454189553,0.1,13.940093198084,0.03741657600039616,51.97383374201049,-2.0124151615876245,-0.727738849743311,3.0412770668797413,2.209886690833001,0.2702566906055852,-0.7355014244847219,-149.5103690548949,50.52167494082675,36.99899515670653,0.1974715292453766,-0.45748215913772583,2.3057756423950195,163.87749898414776,-39.4084005113026,-63.86410180303546,1.46034295021,1.2823337494,0.121172523338,0.944073720934,-0.43892749482,-111.998986451,1.70397904661,3.12975795353,1.54429074509,0.753313966725,56.0094489564,-88.8736815349
0036,36,0036,0036,frame_id,True,,3.6869434009956286,129.18247685810402,51.87119136629127,94.27719181556319,96.6642381177501,13.593551642145211,1.1418534703013936,0.1,13.70773698917535,0.03394191599363694,51.84080237773245,-2.018510726149817,-0.7165112584434485,3.0009627966849464,2.209285554345389,0.267585495074842,-0.7393844752280371,-150.11063788585477,51.069150633255916,36.22601790794648,0.1907748281955719,-0.44892576336860657,2.261578321456909,158.01817074785396,-43.20804118230727,-60.438220209803625,1.46247261332,1.28159837468,0.121255090545,0.899341965459,-0.604547885074,-111.313727232,1.70390880011,3.12981941598,1.54428763066,0.742676800598,56.0912131363,-88.8914842691
0037,37,0037,0037,frame_id,True,,3.692551232529535,126.34301632211228,46.93715921253522,91.75074061688355,97.41950253888784,13.634934604855388,1.0973573064283202,0.1,13.74467033549822,0.0351263740012655,51.96952200494214,-2.0167823491359167,-0.7132530546788385,3.009782989031021,2.204731842663329,0.26561084753314756,-0.7558021140157622,-150.4748223885315,51.61136766414634,35.45864666118025,0.18794949352741241,-0.4476422071456909,2.253980875015259,162.58801839893331,-40.13937295273721,-61.96085587770759,1.46451110797,1.2804709436,0.121210203651,0.982275934642,-0.474863066929,-110.627812688,1.70391368338,3.12984518934,1.54428074372,0.753002429769,56.4928050651,-88.8795299617
0038,38,0038,0038,frame_id,True,,3.66925385122612,128.56660036544395,52.22129373054065,94.88377089295389,95.21043146838801,13.463423824737713,1.1321565996082639,0.1,13.57663948469854,0.03668997400382068,52.00846964130393,-2.028079686688444,-0.7032396130486316,2.97586469044186,2.211840419100782,0.2601504557057208,-0.7459650455901756,-151.75917371041504,51.75582378966134,33.98846430567816,0.18376073241233826,-0.44308915734291077,2.2298996448516846,156.01953255904428,-43.12794710329254,-61.22196716270986,1.46991010579,1.27780897431,0.118951339629,0.943973424311,-0.438296192265,-109.760324815,1.70389401912,3.12984507251,1.54429128774,0.74801802903,56.2120125933,-88.8884701285
0039,39,0039,0039,frame_id,True,,3.676725673703616,124.43407760521838,46.15182101269511,91.08624540383897,94.97266308856173,13.518311679671307,1.067752879611169,0.1,13.625086967632424,0.03333062800084008,52.12414655919125,-2.032981578378626,-0.7098854421571115,2.980161109849241,2.2148007341908893,0.2615874945119241,-0.7325219306195049,-152.7321201848303,51.643953542444905,32.7735781032924,0.1818191558122635,-0.4482979476451874,2.2476391792297363,161.11605880247458,-39.44229186139407,-62.19908498526933,1.46933765833,1.27739369062,0.121486253593,1.0670479187,-0.36117131286,-109.131570642,1.70406602263,3.1296725873,1.54427371917,0.766797526852,55.8217894274,-88.865167012
0040,40,0040,0040,frame_id,True,,3.632955634854194,124.20524689058624,46.60347312952666,90.41146588460869,93.21749959717626,13.19836664481884,1.064221303753643,0.1,13.304788775194204,0.03620869599399157,52.11681422816189,-2.062165893855215,-0.7109918986486707,2.9052244304175745,2.245122604313017,0.25777504789107186,-0.6363984225745569,-155.63535239891604,49.86504837586407,30.11607831021269,0.18295671045780182,-0.4532168507575989,2.2688260078430176,157.7611744715573,-40.54641750874462,-63.101421286963564,1.47135134359,1.2767148376,0.12131920287,0.996392832608,-0.390784026965,-108.398153668,1.70402676685,3.12947345073,1.54440532284,0.656135673258,53.3477246577,-88.9978064519
0041,41,0041,0041,frame_id,True,,3.718674944953695,128.94859673922602,41.39926244150797,96.78083639032488,97.68994020490767,13.828543346226366,1.1381681331031563,0.1,13.942360159536682,0.03294303900474915,52.203805119313415,-2.0225711817183387,-0.7100237097985727,3.038686474882317,2.20166394657277,0.25642187264036953,-0.7766534891950608,-153.4401092176602,53.157042002522076,31.418161134911628,0.17909276485443115,-0.4536018371582031,2.262032985687256,165.16062834083183,-43.62379438780281,-66.27177906999604,1.47402958653,1.27531070337,0.121574564569,1.05929061751,-0.330982904785,-107.718527324,1.70388969269,3.12988530151,1.54424260182,0.768849970932,56.9157258565,-88.8566492171
0042,42,0042,0042,frame_id,True,,3.6308213085267242,124.6871755781864,40.10136702997977,91.49171359075791,94.80734945793809,13.182863374451713,1.0716633046130024,0.1,13.290029704913014,0.03436682500614552,52.171642015690594,-2.0697668308118105,-0.706575555480496,2.89822007875875,2.2470641994574785,0.2530654498706022,-0.6362805531545019,-157.35728931440303,50.3993654517044,27.87786987005302,0.17729736864566803,-0.4535101056098938,2.261939525604248,162.54134365561723,-41.092348139053506,-66.92947958788507,1.47663042368,1.27436720265,0.121328631351,1.00488839193,-0.381129861668,-106.860426257,1.70412648536,3.12944067001,1.54440296298,0.667661268864,53.2969692499,-88.980629862
0043,43,0043,0043,frame_id,True,,3.723122143971857,123.08601183778666,40.9027736185397,91.1977357742499,95.42551980588378,13.861638498933598,1.0470020194395395,0.1,13.966338700877552,0.03536857599829091,52.168666291413146,-2.033137514991491,-0.7079865710323454,3.037555819948941,2.208969399137228,0.25153211517983687,-0.7603792013728911,-155.73173276072995,53.469377776380306,28.857090793997163,0.1758318841457367,-0.45645445585250854,2.27717661857605,163.36549362073035,-37.7283579978696,-66.56842901188662,1.47888463238,1.27367344256,0.121258694041,0.946810181458,-0.41510321892,-106.201939427,1.70390554172,3.12983867952,1.54428608121,0.758391975452,56.463045478,-88.8702468607
0044,44,0044,0044,frame_id,True,,3.7160188268411107,128.43517389835444,38.968743463013084,97.41630232169219,96.81014451995529,13.808795921437586,1.1300905482506594,0.1,13.921804976262651,0.03549999200185994,52.05976952834614,-2.0375782015470474,-0.7052147004088345,3.026506768593978,2.2112007650283783,0.2488238129099789,-0.7555609811641684,-156.70503562325217,53.75975575252605,27.62958984908108,0.17362256348133087,-0.4563908874988556,2.2709457874298096,164.32622091373474,-43.65654656916614,-69.18055467087422,1.48140628586,1.27299841539,0.121315452073,0.994674545883,-0.535668369914,-105.425235149,1.70390184487,3.12983368159,1.54428875815,0.755417492295,56.3222048633,-88.879504013
0045,45,0045,0045,frame_id,True,,3.7491492611106216,126.81747115360852,34.357220190301746,95.7887469680233,97.48553778704661,14.056120182086321,1.1047544884252776,0.1,14.16659563092885,0.033565322002687026,52.17926636036379,-2.0328216833248227,-0.7076839369390848,3.0696807051042216,2.204841612018594,0.24658505736335545,-0.7768495226243631,-157.2248759656509,54.40954999287895,26.718807995230282,0.17201992869377136,-0.46109887957572937,2.2928311824798584,168.41790384404737,-41.37919697514436,-70.76672979181633,1.48380667027,1.27178473317,0.121351118696,1.06568350833,-0.432858113228,-104.676476925,1.70389507039,3.12988372167,1.54425489284,0.765885856613,56.8464321641,-88.8620246302
0046,46,0046,0046,frame_id,True,,3.7524013604116697,128.39497138673084,32.729951735061604,97.93013870083361,97.33047788990197,14.080515969619348,1.1294587848437336,0.1,14.193461848103722,0.03424898899538675,52.13675565725655,-2.052767635049685,-0.6969249646721929,3.0628347326828678,2.223974154057368,0.23154733586893972,-0.7553243567063055,-159.20489348234784,54.18150415638312,25.15743266499179,0.1712065190076828,-0.4653776288032532,2.3075103759765625,168.06515478259053,-43.74863454445049,-72.17304522491018,1.49906285815,1.26587064489,0.111114990893,0.487141691715,-0.412784474638,-103.912928432,1.70395026213,3.12979650212,1.54429036081,0.758645699465,56.3086464844,-88.8724044893
0047,47,0047,0047,frame_id,True,,3.0185488815055366,135.4865051258815,172.66015145065273,3.1293166150686034,78.38419226263514,9.111637350038325,1.242484778005462,0.1,9.235885827838871,0.03725893500086386,52.086249352539326,-2.177343707031194,-0.4166173920804017,2.048717081518604,2.3455859976472295,-0.04750773451986379,0.25277227166132726,-14.488719127403371,-44.349056291404935,2.8472452405038084,0.16824229061603546,-0.4641251266002655,2.3014893531799316,172.8511294219439,-41.21973967633633,-75.53694702213133,1.49979673047,1.26574174653,0.112307192174,0.726591106091,-0.461862182757,-103.186183861,1.70671639302,3.12953920076,1.54456686883,-161.786533296,42.9178281484,-92.5395460048
0048,48,0048,0048,frame_id,True,,3.733050139412243,127.48843840224077,29.191404038841824,97.8669807052332,96.3480711139602,13.935663343365768,1.1152416459547707,0.1,14.047187507961246,0.03345600199827459,52.260794609464504,-2.0603937956059544,-0.6874290074277487,3.036096525168651,2.225614100929555,0.22651666058784392,-0.7552814006569323,-161.2237584152749,54.564998237396175,22.487597236657514,0.16522030532360077,-0.4609123468399048,2.2808151245117188,169.58483754588332,-43.30198246783703,-73.8604738773027,1.50387424561,1.26417866772,0.110950711916,0.636532307633,-0.298518984803,-102.323734508,1.70390038476,3.12983197591,1.54428430716,0.756576470252,56.2720566566,-88.8795347296
0049,49,0049,0049,frame_id,True,,3.7518456631684063,126.71225348307499,27.53173175521806,97.09498615794803,96.50941297820043,14.076345880235577,1.1031127205189495,0.1,14.186657152287472,0.032794969993119594,52.30858168329809,-2.04683898510021,-0.7017404295389442,3.065021438564503,2.209846527591169,0.23698814286635206,-0.7712690066949964,-161.15765924728007,55.12339104007501,21.893495684046517,0.16300754249095917,-0.46475228667259216,2.293752431869507,171.31060899750187,-41.971595117873015,-74.61591729415392,1.49319616295,1.26828937862,0.121397076874,1.10669554284,-0.38099405459,-101.824562176,1.7039014724,3.12986755899,1.54427124102,0.759752668379,56.6243720404,-88.8756222646
0050,50,0050,0050,frame_id,True,,3.712167376057582,126.0594000479167,26.351764692534175,96.44344465079683,95.10201469997494,13.780186627866232,1.0929428524638511,0.1,13.889480913112617,0.03863903199817287,52.23270904500569,-2.0742089099829153,-0.699528547578969,2.9980833605381583,2.2355349011366323,0.23319539671532152,-0.6947882250401115,-163.31245058031536,53.575045072543936,19.675702502254815,0.16132599115371704,-0.46633315086364746,2.303295135498047,170.3357847271505,-42.86839957825289,-75.42631219772012,1.49588760195,1.26769258205,0.121447366651,1.12686859912,-0.468817922364,-101.056865389,1.70390787007,3.12962723929,1.54435072427,0.668948710313,54.6471649968,-88.9751017032
0051,51,0051,0051,frame_id,True,,3.741551528243022,126.66563774598951,25.975554250154232,97.49073367615527,96.32171032787129,13.999207838497693,1.1023855917324434,0.1,14.109446397670936,0.03370584399817744,52.23686046515768,-2.053684119371403,-0.6927507200129841,3.0498665243352683,2.209944401172627,0.2318541684039448,-0.7738829523290428,-163.07457474567744,55.6771867468304,19.55418695693901,0.15626028180122375,-0.4608965516090393,2.2759835720062256,170.9498710041683,-41.81354692932487,-76.76752337093228,1.49852558232,1.26712727563,0.121428169126,1.09598379116,-0.486459189378,-100.386264344,1.70388734463,3.12987919233,1.544272953,0.760235822379,56.6663866489,-88.8686197135
0052,52,0052,0052,frame_id,True,,3.73830974996419,125.6765094807001,23.670311982746284,97.01013523441662,94.95959516037946,13.974959786677324,1.086992024909225,0.1,14.083658989168248,0.032867437999811955,52.308984179975454,-2.0623315373838245,-0.692078000384984,3.0401934902194165,2.2160898546159564,0.22930846222084522,-0.7580971042636062,-164.64242685574047,55.433970602606124,18.037303064814807,0.15375831723213196,-0.4627695381641388,2.2820963859558105,171.68726116151322,-41.57616463181049,-76.92229209556466,1.50156190034,1.26623520056,0.121346420791,0.859950677396,-0.443060064993,-99.6223398995,1.70402074679,3.12974696522,1.54425968327,0.769446999347,56.2416564348,-88.8607983678
0053,53,0053,0053,frame_id,True,,3.7254309119994926,125.35342293408381,26.020830758320358,97.20426254946727,94.0650594392919,13.878835480081372,1.0819785892998335,0.1,13.987033339011356,0.03340259800461354,52.432068804699284,-2.0672540692123698,-0.6843102095510221,3.0227496804251768,2.217204692724638,0.22504995445267917,-0.7612786473288632,-165.23327611441997,55.526776757927564,16.858118462044068,0.14995062351226807,-0.4592602550983429,2.2614710330963135,168.7458931272597,-41.677485791539716,-77.20694097724783,1.505432061,1.26490513707,0.119917843679,1.21554491405,-0.300782722018,-98.9545780798,1.70394133985,3.12982479658,1.54429772282,0.755560886967,56.3146314496,-88.8755289259
0054,54,0054,0054,frame_id,True,,3.7271077766328244,127.24057414394346,19.044265824180115,99.16466864997207,95.29177147371202,13.891332378636877,1.111363997796185,0.1,14.002468778416496,0.034466546996554825,52.31042105404557,-2.0681794391715855,-0.6833964252704716,3.024390105782044,2.21487393544558,0.2241345310443974,-0.7649630351643683,-166.3711247326334,55.937850540873406,15.607435715489427,0.14669449627399445,-0.4592618942260742,2.259427070617676,174.5846094431865,-43.22681810909867,-79.68433575822259,1.50635861792,1.26496429333,0.121524628284,1.09319360424,-0.470336726283,-98.1717645897,1.70388886529,3.12984977447,1.54428786463,0.754532577627,56.3877337104,-88.8724779132
0055,55,0055,0055,frame_id,True,,3.734772791075624,128.43523898353197,19.692154259367953,100.82380593576826,95.46066389084413,13.948527800958807,1.130091571120195,0.1,14.061536958070826,0.036038322003150824,52.26001242892934,-2.0685980683956515,-0.6842738955954732,3.033347831719136,2.215648076573409,0.22194400129119773,-0.7647092208792919,-167.57456389032754,56.14052329086337,14.328012480710925,0.14705000817775726,-0.4623298943042755,2.2686386108398438,172.73328185030445,-44.6832826449049,-81.1326514101332,1.50840538527,1.26432018024,0.121354278365,0.943743730961,-0.53814611265,-97.4334762957,1.70391309013,3.12984116792,1.5442892429,0.748193058837,56.3697766334,-88.8807373557
0056,56,0056,0056,frame_id,True,,3.7316693314012674,127.74858094310581,15.99334767957464,100.18211119935255,95.06922958535088,13.925355998920782,1.1193158303545452,0.1,14.037287581956237,0.03355318700050702,52.170996346332366,-2.072853103020336,-0.6788030818090867,3.0278478145947547,2.215171009042408,0.21793201118568883,-0.7657359123578162,-168.72957419206418,56.46999268672282,12.439024733359814,0.14231790602207184,-0.4608710706233978,2.2621119022369385,175.2770781283612,-43.71211851262973,-82.63020485199107,1.51257860999,1.26388682028,0.122145032818,1.35884851172,-0.661026036684,-96.3460288869,1.70392489176,3.12982594596,1.54428645616,0.767367519883,56.3746693959,-88.8681356165
0057,57,0057,0057,frame_id,True,,3.748201547530007,126.78585806033706,15.456738781923718,98.33495185640597,95.6717108160307,14.049014840906338,1.1042611329450254,0.1,14.159440954200841,0.03579276299569756,52.397909979746274,-2.070299053986404,-0.6790836162437508,3.049872474402602,2.211268047292564,0.21690082620278095,-0.7799700066749407,-169.17895204005555,56.63507667208015,12.097838798394907,0.14096899330615997,-0.46218279004096985,2.269902467727661,175.36430917802076,-41.69987518432581,-83.5738720176358,1.51372352763,1.26307046042,0.12159598315,1.15033108353,-0.436767641145,-96.1255400665,1.7038928841,3.12987700774,1.54426055621,0.774855169596,56.7320526123,-88.8551966387
0058,58,0058,0058,frame_id,True,,3.7520509893016256,127.35874834630758,11.669074659834564,98.18785785485346,96.49903820566267,14.077886626319307,1.1132122260129644,0.1,14.189207848920603,0.03269381500285817,52.26276149314372,-2.0887669813627885,-0.6665681101841396,3.0447702833503607,2.2280351263279603,0.20111213107532921,-0.7642469831794623,-170.79740111149283,56.37773445479272,10.63407210115136,0.13926814496517181,-0.4654559791088104,2.2805233001708984,177.53352422867258,-41.81012340006073,-85.86496610451131,1.52936654967,1.25775047606,0.1112862938,0.783636394156,-0.427979373571,-95.3765886934,1.70389597926,3.12984165357,1.54428111794,0.760048999508,56.3580153478,-88.8756041808
0059,59,0059,0059,frame_id,True,,3.7510827223337397,127.0027895301274,9.506773593582466,97.81538169813462,96.08138568759007,14.0706215897907,1.1076479452534387,0.1,14.181386384316045,0.03249995399528416,52.44965941819257,-2.078992010143132,-0.6767893749410197,3.048010819127561,2.215367765214772,0.2113392370873972,-0.770990603139402,-171.57953436202774,56.58503216656905,9.333021970133496,0.13637575507164001,-0.46545013785362244,2.277020215988159,178.91369204438973,-41.23034953156557,-86.74836371745657,1.51923699046,1.26210924762,0.121452744979,1.06449983308,-0.411210115554,-94.6271754563,1.70394564671,3.12982959531,1.5442839133,0.754599707406,56.48255179,-88.8709587448
0060,60,0060,0060,frame_id,True,,3.7579092466281874,127.80132055994359,7.1340652613273505,99.31107268487077,95.53981057648357,14.12188190589363,1.1201423581930134,0.1,14.233896141712933,0.03543210699717747,52.296055926871226,-2.0837980277344013,-0.6766637007462406,3.0531612996362067,2.2175915009781146,0.20797470610016822,-0.7652427319787358,-172.98217419983487,56.7134134475242,7.600529598206831,0.13379347324371338,-0.4686889946460724,2.2879185676574707,179.88376053883772,-42.59765923734656,-87.93928097827674,1.52250161792,1.26175488655,0.121640085623,1.1182484659,-0.587680623029,-93.6735462499,1.70392390231,3.12983217839,1.54429083998,0.759756143877,56.3227285565,-88.8738055253
0061,61,0061,0061,frame_id,True,,3.762726814534866,128.22259896960097,4.644101694349729,99.76807607984243,95.5009911784072,14.1581130808197,1.1267512496115688,0.1,14.270788205780857,0.03141430499817943,52.392024210511025,-2.080456128823396,-0.6735609414275785,3.0620468701579444,2.2122841985102855,0.20616638085209327,-0.781464680598008,-173.6620919916611,57.07389332282366,6.865117547007284,0.13182806968688965,-0.46739456057548523,2.2805821895599365,-178.30619368601083,-42.69418275701877,-88.63587363139992,1.52443084267,1.26144559257,0.121542448513,1.02681319437,-0.495108288144,-93.2344767836,1.70389083362,3.12987638814,1.54426992502,0.777185440741,56.73536886,-88.8554058422
0062,62,0062,0062,frame_id,True,,3.767040417436431,128.38307795589353,4.071550847184881,100.16606854696894,95.24733287111683,14.19059350659964,1.1292719057525877,0.1,14.3035206971749,0.03031363299669465,52.336782534187236,-2.0933858826255807,-0.6613552745599904,3.0611988262501404,2.2233413829898843,0.1926697965879598,-0.776841755327289,-175.1548922878864,56.974067954738395,5.370856124311957,0.1299555003643036,-0.46868547797203064,2.2843570709228516,-179.2264431350713,-43.19200059223054,-89.87647674680487,1.53797782096,1.25696755494,0.112971081584,0.782738793892,-0.424213041998,-92.4324223255,1.70392505567,3.1298547655,1.54426653692,0.768113509735,56.6404445548,-88.8633627793
0063,63,0063,0063,frame_id,True,,3.7658779172021446,128.14266809218947,3.299567343414651,100.51887391166443,94.26638931948263,14.181836487270761,1.1254964076382727,0.1,14.294386128034589,0.033967975999985356,52.56323885551317,-2.0861212025806473,-0.668516156848499,3.0631717162847316,2.2124435316249893,0.20061626809460797,-0.7841766792058742,-175.96878051211723,57.09150419290161,4.076438297086209,0.12632232904434204,-0.467899888753891,2.2789950370788574,-179.26834785553189,-43.42736971876282,-90.18995102239641,1.5297389882,1.26024579206,0.121498619957,1.04192368846,-0.358925780585,-91.725284575,1.70390679681,3.1298716558,1.54426038355,0.767630454271,56.7798543587,-88.8669483556
0064,64,0064,0064,frame_id,True,,3.7359856151196422,129.69827633976058,0.7048218274558167,102.49214690022956,94.38029088641991,13.957588516380891,1.1499937305635521,0.1,14.072587889437246,0.03319412199925864,52.386233725996185,-2.1038476807286046,-0.6667719474391454,3.0144367007422748,2.228346085291078,0.19899949341578416,-0.7374632147956197,-177.12336597896004,56.10735073288956,2.714057839927312,0.1244984045624733,-0.4677724540233612,2.2769734859466553,-176.41854415150422,-46.384796167340006,-91.66623304649261,1.5317837249,1.26019396411,0.121492599889,1.06142941457,-0.545293824901,-91.0193800795,1.70403133943,3.12967983931,1.54428295307,0.749452323088,55.5781350553,-88.8839304095
0065,65,0065,0065,frame_id,True,,3.7347382338020303,128.5178677978743,3.4763700302380016,99.11634730612654,95.19410824706183,13.948269675022708,1.1313903802126029,0.1,14.061408713043969,0.04245255299611017,52.4762802475526,-2.095953620035412,-0.6559395530437313,3.020760069988338,2.215227833945515,0.1959614196037136,-0.776636372707454,-178.070403687134,57.05443936973521,1.479947856976338,0.11927421391010284,-0.4599781334400177,2.244123697280884,-174.594033656896,-42.06190793639133,-93.7141603900855,1.5344084552,1.26002511749,0.121684501678,1.11299124387,-0.477039087756,-90.3150854936,1.70388919332,3.12985855809,1.54428721273,0.76012978092,56.5778644195,-88.8723128089
0066,66,0066,0066,frame_id,True,,3.7477273656410297,129.13549674565593,2.721725803882265,101.5239130635681,93.99346780661376,14.045460407174652,1.1411128995536983,0.1,14.159571697130021,0.03337395699782064,52.54636030279695,-2.0992238540234944,-0.6577769688996251,3.0341471745877158,2.2169124949756047,0.19332699698533373,-0.7729457929043662,-179.22495754580225,56.89279123442475,0.15444320935089392,0.11768864095211029,-0.4644499719142914,2.2612013816833496,-176.50323174192,-44.631121829143346,-93.83902459726288,1.53723537705,1.25967881891,0.12154090434,1.06385697164,-0.412371317259,-89.5882737203,1.70391429407,3.12984522769,1.54429080471,0.75611419869,56.477591902,-88.8705451154
0067,67,0067,0067,frame_id,True,,3.757803337728036,128.4998702246638,8.033843821557753,97.32807754094614,95.7358694545023,14.12108592503997,1.131107445103992,0.1,14.23419666955037,0.034095499002432916,52.55273780597175,-2.0998593835270296,-0.6578713794068363,3.046125693829918,2.215703126612891,0.1904030580834415,-0.7771890597661971,179.97604947489202,57.007383876180796,-0.9536800904781879,0.1158437430858612,-0.4674683213233948,2.2689366340637207,-171.9901067035502,-40.32069366476534,-96.6895495449805,1.54006404718,1.25928710435,0.121694685618,1.19455519802,-0.437362554082,-88.9909659643,1.70389423351,3.12986192143,1.5442719342,0.7670721166,56.575085616,-88.8668446364
0068,68,0068,0068,frame_id,True,,3.7780464338540902,126.85023459064654,5.885046705431364,97.8934680665697,92.71516609970733,14.273634856357608,1.1052658681253262,0.1,14.384161443170141,0.03404899800079875,52.40443720816852,-2.0998912326911414,-0.6591882792238386,3.0707592676337234,2.215213025353285,0.18813363583127574,-0.7779600332434646,178.56191370408553,57.15238538876997,-2.5361581641033317,0.11532179266214371,-0.47105464339256287,2.292799234390259,-175.55303959048308,-40.741082677799724,-95.25132426381066,1.54227703301,1.25969417603,0.121532312009,1.10046363141,-0.579334940276,-88.1372324261,1.70391542216,3.12984785869,1.54427018679,0.765363653167,56.606213779,-88.869371504
0069,69,0069,0069,frame_id,True,,3.5832764930398286,157.08075046289142,61.09674476479671,73.80751324446697,143.28281283926603,12.839870425571814,1.6026452981549781,0.1,13.000134955387312,0.034950214001582935,52.230369246851325,-2.1516772456880537,-0.9723423261419094,2.695311829223666,2.26362241287193,0.502602591015414,-0.4127498117828702,-111.04941325702956,34.738769152205016,45.068704417994745,0.11194516718387604,-0.46973973512649536,2.282562017440796,-172.14615802182627,-39.068744092261966,-98.21410842127129,1.54523679242,1.2596804069,0.121753869979,1.17023657909,-0.775158975851,-87.3692083837,1.7048455484,3.1297410718,1.54455264503,-57.9735999688,53.0963924752,-97.425042829
0070,70,0070,0070,frame_id,True,,3.7143988523893703,126.12449952403581,11.021121635179952,95.02211518114036,93.19269957977149,13.796758834631472,1.0939556278189968,0.1,13.906154397413372,0.03570123700046679,52.5774397713864,-2.133149645336619,-0.6496570856629922,2.970585312068919,2.2416396653733166,0.18234296155563134,-0.6995291368369853,176.58236382975662,54.886318068030604,-5.001732191736399,0.10849002003669739,-0.46731412410736084,2.2710561752319336,-172.3965145350634,-40.13579711310976,-98.19443177150788,1.54787157689,1.25911698448,0.121498816129,1.06532621801,-0.421909846387,-86.6374770917,1.70405176967,3.1295870655,1.54434377665,0.705292261155,54.5851258773,-88.934360222
0071,71,0071,0071,frame_id,True,,3.78010195203852,127.84676545353956,12.431899622256651,99.31441027107516,91.43766724670378,14.28917076780543,1.1208547136515308,0.1,14.401256239170584,0.03316066600382328,52.581648516278925,-2.115395306783617,-0.6401048294756941,3.0666821274995506,2.2219001121696835,0.17049544970732255,-0.7844736848115625,174.6737321460412,56.87801067810347,-7.074844269695649,0.10650480538606644,-0.4696093797683716,2.2822084426879883,-172.89436823170212,-42.436399592971696,-98.51251151639943,1.56029629556,1.25529036806,0.113668680039,1.01094580137,-0.314646039702,-85.6440061506,1.70390161614,3.12988049548,1.54426196084,0.772731082323,56.7888970801,-88.8542778415
0072,72,0072,0072,frame_id,True,,3.7111168552056233,128.76792997188042,14.098529938470733,100.17377516665904,92.53440849845151,13.772388312991275,1.135323755705919,0.1,13.885920688561868,0.034686970997427125,52.35302878161135,-2.146126917499574,-0.6288947435502399,2.961590614603904,2.2480735321822483,0.1662186654691089,-0.7109073069561991,174.4439614055878,55.17344241862159,-7.453939313468988,0.10194661468267441,-0.462676078081131,2.250683307647705,-171.45750865594144,-45.00033274803745,-99.9883478119205,1.56471187452,1.2544521737,0.112106341583,0.956720290327,-0.513556172608,-85.2554472559,1.70411115267,3.12959001262,1.54433480668,0.730120838474,54.9150585896,-88.9032873663
0073,73,0073,0073,frame_id,True,,3.6924860713765004,129.86743548625196,17.100228994279405,100.75071115410688,93.50027785855312,13.634453387309462,1.1526671298118982,0.1,13.749720100290652,0.03167550400394248,52.621618054781806,-2.1409792989399734,-0.6344216482037897,2.940777142374163,2.2398404046800438,0.17450654667562193,-0.7061274841710378,173.77709577616378,54.853439757365535,-8.683174872295256,0.09886110574007034,-0.4599151015281677,2.234649658203125,-169.1226752295568,-45.897271396741345,-102.18345273084837,1.555459128,1.25883118693,0.121609689162,1.26033176504,-0.449668193166,-84.5276985088,1.70399395138,3.12959638543,1.54432841593,0.697910165813,54.7454919611,-88.9407023931
0074,74,0074,0074,frame_id,True,,3.7206911713458095,131.73896265519102,21.67858096608893,101.62120483412374,94.23323242247011,13.843542792530652,1.1823667504806383,0.1,13.961779467578715,0.03626752799755195,52.660035142125686,-2.1216593855486825,-0.6287498887504872,2.9911164841309823,2.217248807238193,0.17231718859332168,-0.7748803696290294,172.1143740198983,56.439287847079136,-10.340892524167732,0.09558942168951035,-0.4564327001571655,2.216236114501953,-166.20704501401275,-45.181916987044616,-104.57412494663784,1.55822226728,1.25882785323,0.121450636247,1.14707328347,-0.400445219118,-83.8155932571,1.70393077485,3.12984186872,1.54426498063,0.769950114156,56.5076832956,-88.865829382
0075,75,0075,0075,frame_id,True,,3.736828155611963,128.92787978675094,19.872524216231966,99.74821238485558,91.28399202365284,13.963884664574303,1.1378418611364365,0.1,14.077668850687948,0.0335545740017551,52.26124692579588,-2.1336914705622956,-0.6357577410400332,3.0011760141204125,2.2294484930623337,0.16961142093543424,-0.7363947774718528,171.17115293889404,55.79959016773912,-12.066219469445677,0.09575702250003815,-0.466146320104599,2.2647812366485596,-168.956322844874,-43.94862221711645,-103.35021149309851,1.5608082742,1.25943504492,0.121988711833,1.50947927059,-0.907742227763,-82.7644406468,1.70398685628,3.12971397353,1.54432570019,0.735835998824,55.5251745795,-88.9000691142
0076,76,0076,0076,frame_id,True,,3.761312701050397,129.02957881399516,20.825057533726522,99.7444659598743,90.97418174791454,14.147473235083034,1.139443792633122,0.1,14.261417614346346,0.03143269800057169,52.51177802833551,-2.1274139264353047,-0.6345540269748418,3.036268171216463,2.2202035316952,0.1670854374305455,-0.7655729617132891,170.27444329393032,56.16061648202838,-12.68559842057903,0.09278960525989532,-0.46746858954429626,2.270695209503174,-168.90049917234313,-43.58384947784593,-103.65978016849357,1.56340000795,1.259063908,0.121687725454,1.20775135798,-0.586278665503,-82.4784969119,1.70389778752,3.12983528543,1.54429028857,0.742667112525,56.2702879064,-88.8813312065
0077,77,0077,0077,frame_id,True,,3.7318651212685374,127.04396899605919,21.858728774585643,96.10403127257936,90.61496351012848,13.926817283340636,1.108291215441076,0.1,14.037646404884743,0.03237316800368717,52.34735545779826,-2.1563925384428915,-0.6250398703147222,2.9809585143046546,2.24606914211778,0.1592113323737432,-0.7185843516307043,168.93021629847058,54.76018249252783,-13.68532409453332,0.08967660367488861,-0.465828537940979,2.26237416267395,-169.21105492694377,-41.34384878005152,-104.30028760466179,1.57926536412,1.25443827073,0.111138416497,0.766822519519,-0.498335287413,-81.6083077269,1.70418950893,3.12963671278,1.54451313056,1.13820248371,55.1153496046,-88.5157492249
0078,78,0078,0078,frame_id,True,,3.712231791962342,127.76663932344474,24.665036011897087,96.38871774165239,90.61965643836857,13.78066487725594,1.1195988177518061,0.1,13.892624759031122,0.03758235599525506,52.6824010120034,-2.1445753368123204,-0.6219128847247117,2.965583562438538,2.231243284283462,0.1620537519579881,-0.7319235797572634,168.75256386237382,54.921617757123606,-14.958686334487304,0.08666794747114182,-0.45985913276672363,2.2336599826812744,-166.58240012572912,-41.46709998452879,-105.57834277285586,1.56823796467,1.25962004597,0.121372165831,1.43262210918,-0.476655438276,-80.98037988,1.70398511677,3.12970271254,1.54432110015,0.728439940664,55.4228938999,-88.9085030706
0079,79,0079,0079,frame_id,True,,3.716946002944973,125.61644864888633,24.930653260551708,94.39802077749889,88.21056740751939,13.815687588808611,1.086059491692215,0.1,13.924293537977833,0.03224890999990748,52.32494314300352,-2.1506797119716845,-0.6216543490567041,2.9671215404194164,2.2356659516433917,0.15880920240066776,-0.7162341464680002,167.1184085864883,54.62605139447371,-16.93356810384331,0.08498623967170715,-0.4628451466560364,2.250887393951416,-167.95093815295996,-39.771969383025166,-105.1441355113627,1.57134676509,1.25992893998,0.122019540064,1.33394425215,-0.853782405246,-79.8109783213,1.70402392613,3.12964967612,1.5443258019,0.721001856398,55.0181728653,-88.9226250034
0080,80,0080,0080,frame_id,True,,3.7274120913185578,127.7404798642518,27.945044732804092,96.86471834437337,89.0810519634068,13.893600898507785,1.119188887912735,0.1,14.005519787299058,0.04216615000041202,52.49088918504627,-2.155163507917881,-0.6089784180372828,2.9796000468203254,2.2369403876457215,0.14782067887483774,-0.7379818903872198,165.9488237479407,54.709302204845066,-17.872389594160524,0.08177687972784042,-0.46115773916244507,2.2416181564331055,-166.1061315192552,-42.155416139528306,-106.95344155756732,1.58317895923,1.2560981954,0.114105301576,1.04162048734,-0.493776348027,-79.2934772687,1.70405176512,3.12968915952,1.54428612423,0.759407372842,55.6074427186,-88.8764172609
0081,81,0081,0081,frame_id,True,,3.7722386751608403,127.21224364930954,28.626637249530063,95.96939112231965,87.81099965414793,14.229784622379213,1.1109210531368852,0.1,14.340876727692901,0.030045029998291284,52.56694250064656,-2.1356332597283236,-0.6198263941658317,3.047075720000534,2.2146403488663546,0.1536312280548393,-0.7797169400933074,164.5161115940951,55.60417863090644,-19.732229427552767,0.079007089138031,-0.46619516611099243,2.2673587799072266,-166.85725115637482,-40.36521249141322,-107.5432290817007,1.57677120483,1.2600128823,0.121735616628,1.31241660468,-0.617338522358,-78.5166693537,1.70390595671,3.12987425891,1.54428548319,0.766017769224,56.6525290936,-88.8682758019
0082,82,0082,0082,frame_id,True,,3.7540604982715577,129.06775650965614,32.02496322000525,98.44548893897384,88.36075129178582,14.092970224682897,1.140045330892054,0.1,14.206974757772104,0.03494185700401431,52.18039720415539,-2.1425835908116064,-0.6161158421544486,3.020381937787679,2.2200684741796217,0.15145063786787327,-0.7609634502388507,163.27356365168066,55.264659725566084,-21.307580841866404,0.07748488336801529,-0.4646652042865753,2.259418487548828,-164.70147312831412,-43.180829213407755,-109.66833213365221,1.57936207463,1.26082548723,0.122193553151,1.27019899869,-1.02493507176,-77.5628869237,1.70400957984,3.12974681458,1.54427047441,0.775802227333,56.1808251595,-88.8620182013
0083,83,0083,0083,frame_id,True,,3.6874812436877664,127.31567833366292,32.64692379889755,91.68779720634123,91.03689642657699,13.597517922549077,1.1125385076299792,0.1,13.708771773312074,0.033620669004449155,52.73161819004505,-2.172377324611742,-0.6043157996156543,2.917721216359901,2.245853132516939,0.14587019099977905,-0.6886093064935678,164.5143535114395,52.91870906958372,-20.202062474371495,0.07347580790519714,-0.45844560861587524,2.229111909866333,-162.83872268966294,-38.76908813675751,-111.23895890094848,1.58449193293,1.25976547986,0.119922594267,1.21549643167,-0.38858664605,-77.4953039179,1.70410482722,3.12953291683,1.54434516837,0.711052864567,54.341317243,-88.9331737666
0084,84,0084,0084,frame_id,True,,3.7481542407254675,130.0471399254103,34.86066861666632,100.03574109315124,88.11043127336343,14.048660212268306,1.1555092099455393,0.1,14.16421113326286,0.033400192005501594,52.69984692074782,-2.139791357820054,-0.6041749545467616,3.017436955690265,2.210699285869618,0.14542357410318862,-0.7868954880236392,161.76678590942944,55.06683724920327,-22.907494477710696,0.07090792804956436,-0.458751380443573,2.230541467666626,-163.37254547390427,-44.968903843947984,-111.01792575107413,1.58518968776,1.26148391737,0.122090865531,1.20768663814,-0.463080255234,-76.6306435475,1.70391137119,3.1298786597,1.54425474717,0.782984977636,56.8637373379,-88.8510204371
0085,85,0085,0085,frame_id,True,,3.779266160314307,128.73884580902546,37.18828051581056,94.50428782544017,88.17825358645443,14.282852710496845,1.1348660617839088,0.1,14.396339316675236,0.037452284996106755,52.34350152752638,-2.1442175690550433,-0.6107855436134524,3.0515774194284084,2.213773313583814,0.14351305335046716,-0.7777315084024076,160.40650578921534,54.89820927519661,-24.842386798854715,0.06955574452877045,-0.46727249026298523,2.273845911026001,-162.40521369497407,-39.60607855024356,-113.02064038530915,1.58696865313,1.26187932331,0.121880823269,1.35969486555,-0.905322172473,-75.5299774309,1.70391656369,3.12986381939,1.54427728284,0.765196230102,56.6388627269,-88.8662181784
0086,86,0086,0086,frame_id,True,,3.7669065028046784,129.6251354549866,40.1884676763658,95.21604414705399,88.58056484293074,14.189584600872173,1.1488383817668915,0.1,14.304468439048863,0.03604875299788546,52.46122819963367,-2.150078291562829,-0.6074788473387556,3.032773877337118,2.217849003640447,0.14083536489208504,-0.7655447971369224,159.69854995839333,54.22424487700584,-25.70713601831079,0.06777071207761765,-0.46664348244667053,2.2672290802001953,-160.11298236524087,-40.99179927004816,-114.28770086124153,1.58939613744,1.26213333118,0.121841533322,1.26510251556,-0.757021042586,-74.8228208644,1.70389613132,3.12983710163,1.54427607193,0.750716172894,56.3302190491,-88.884041713
0087,87,0087,0087,frame_id,True,,3.7633484018115277,129.318615055631,41.74029073314489,92.38030352045801,88.8262244220733,14.16279119341738,1.1440002981826247,0.1,14.277191223235643,0.031221407996781636,52.55230925385808,-2.150969092871564,-0.6026350190611265,3.0286885261990637,2.215089392985719,0.138499670264282,-0.7731657982327549,158.61981218870312,54.0402082865376,-27.000349747079717,0.06412030011415482,-0.4641353487968445,2.2555227279663086,-159.63989707815196,-38.340095233920415,-115.826574169153,1.59190828083,1.26231724644,0.121816013502,1.27858187648,-0.678026558899,-74.0475099668,1.70392827862,3.12984276115,1.5442746249,0.757675464431,56.5312567701,-88.8735644245
0088,88,0088,0088,frame_id,True,,3.76085794738362,129.15729916741213,42.31384081286217,94.26646056762408,88.13545332005836,14.144052500398537,1.1414565639659657,0.1,14.258198156795133,0.034711763000814244,52.57010644886498,-2.160632195084706,-0.60210240647191,3.018806669875154,2.22295101186575,0.1351499335467239,-0.7489394880972,158.21340790823217,53.21270900777703,-27.826685168194004,0.062318816781044006,-0.46695247292518616,2.269867181777954,-159.4727512789057,-41.05375155984705,-115.96213848825236,1.59495963531,1.26268518564,0.12209412587,1.35183369155,-0.701070894926,-73.2792532704,1.70391008278,3.12979743616,1.5443137666,0.732426413599,55.9111804302,-88.9018938867
0089,89,0089,0089,frame_id,True,,3.766343200302911,129.43326182870823,44.7777489925395,91.69866242056078,88.22747645286486,14.185341102467973,1.1458091548442635,0.1,14.2999220179524,0.03426602699619252,52.45463601367107,-2.1556053388314034,-0.597910853118697,3.030051045344351,2.2151024233000065,0.13377282211283759,-0.7715924309949859,156.65589676694367,53.500574184131125,-29.32694614967032,0.059497084468603134,-0.4641380310058594,2.2584586143493652,-158.56635424051686,-38.198088236429655,-117.55442260253518,1.59674572372,1.26306915876,0.121749880771,1.16423246338,-0.756277257031,-72.5660995457,1.70392495131,3.12985863143,1.54426120625,0.753252032648,56.5071225596,-88.8721004436
0090,90,0090,0090,frame_id,True,,3.7329974330203792,126.22558623174065,41.18258042503453,91.19541600799222,86.75454065791973,13.93526983493674,1.0955288485896535,0.1,14.044822719795706,0.0366274420011905,52.57366813408456,-2.183222397627181,-0.5990360565221753,2.9681586211693816,2.2409497903900806,0.1308946795499768,-0.6905173247826629,157.45627753838806,51.26247800510885,-29.123596721090404,0.0577273927628994,-0.4681413769721985,2.2776412963867188,-161.3611420365774,-39.93293800288337,-115.87813737901014,1.5995482611,1.26376336429,0.121776761884,1.17697352825,-0.631285360333,-71.7783363945,1.70411066616,3.129548663,1.54435030254,0.710870405928,54.4444234575,-88.9279730968
0091,91,0091,0091,frame_id,True,,3.7670576019102002,129.2838463483505,47.45421077405274,91.11345783190004,87.50563623623623,14.190722976109429,1.143451898929935,0.1,14.305068166002423,0.033957577994442545,52.57533163464923,-2.16110494231037,-0.5920135876204715,3.028179043006516,2.2148846486692797,0.12786640730163912,-0.7694190675731661,154.98850565083563,52.73082812843653,-31.443315584807095,0.05377970635890961,-0.4641471803188324,2.2587599754333496,-157.5572835751116,-38.38262970346351,-118.94895182104332,1.6025569522,1.26424166779,0.121835478073,1.1657599807,-0.636693282706,-71.0946636853,1.70393114819,3.1298445914,1.54426949425,0.759998805743,56.474487784,-88.872617605
0092,92,0092,0092,frame_id,True,,3.7921085009456195,127.03442543827126,44.70571597426101,90.84087872342636,85.37592175352219,14.380086882944035,1.1081421239378801,0.1,14.490901095337822,0.034414870002365205,52.516307534404696,-2.1629571303412236,-0.5962999706825913,3.057144039821159,2.2157076432987965,0.12588452750059975,-0.7652448355670084,154.18637780801055,52.37899192519844,-32.40988707783399,0.05275051295757294,-0.4704154431819916,2.2918992042541504,-161.10790621772844,-38.46188679822792,-117.78580883135618,1.60480956282,1.26499057067,0.121828498487,1.09773308439,-0.672201540759,-70.4065595385,1.70392997979,3.1298240983,1.5442834153,0.765440655668,56.3832802196,-88.8632680995
0093,93,0093,0093,frame_id,True,,3.8108438786004113,128.24397269704264,46.665291095722864,91.90092643845502,86.02053517963867,14.522531067066227,1.1270868696868361,0.1,14.635239754034911,0.033175511001900304,52.56019338230026,-2.158917493846037,-0.5959759154444921,3.0832481298205425,2.2098706324656985,0.12337626005470637,-0.7805340203997662,153.17298759859105,52.40618995643297,-33.519848931324425,0.05095313861966133,-0.47259965538978577,2.3027141094207764,-160.1617213056861,-39.49473648202205,-119.5403841109631,1.60716174041,1.26582358006,0.121579174846,1.09167595752,-0.614354684269,-69.8182244522,1.70393856126,3.12985459652,1.54425478348,0.7669957797,56.7995024834,-88.8609168735
0094,94,0094,0094,frame_id,True,,3.7358510926321222,128.25187155922026,48.889386898861574,91.20541813777939,87.74594190318875,13.95658338632062,1.1272109089309432,0.1,14.069304477213715,0.035429168994596694,52.52240068396187,-2.1905847381127432,-0.5866888351491522,2.968790680088355,2.23840081349736,0.12031494451080071,-0.6925968228953616,154.14691171550385,50.151197938714,-33.201013917397745,0.04781607538461685,-0.46637389063835144,2.276193857192993,-156.96370138563458,-41.05422019906539,-120.9469558205865,1.60974043364,1.26636589483,0.121611114596,1.02214033503,-0.625561578887,-68.9727796079,1.70404394817,3.12957274543,1.54434486546,0.700865470305,54.5530926172,-88.9393162517
0095,95,0095,0095,frame_id,True,,3.773879808827914,129.30282236326562,52.48336659152443,89.32816372626979,86.75738729607149,14.242168811479013,1.143751193712254,0.1,14.356543930850238,0.03932709700166015,52.06239401342989,-2.1701537093770082,-0.5820190692838334,3.0321371163168407,2.2145255564403112,0.11721027740799417,-0.7626330460348584,150.6677565728792,51.38632872987396,-36.452765381895176,0.044371847063302994,-0.46480879187583923,2.2695040702819824,-156.84887683559637,-37.94183499639584,-123.21015267796666,1.61298374957,1.26734849823,0.122200860406,0.703624502991,-1.00793628933,-67.7456591245,1.70389940675,3.12984557266,1.54428026859,0.746429449404,56.3601957726,-88.8851775397
0096,96,0096,0096,frame_id,True,,3.7553390713281116,127.1807799544918,51.588163349056856,86.49568167067602,85.79343581061676,14.102571540643483,1.1104291848744847,0.1,14.213614459130932,0.03535336800268851,52.5592084169964,-2.1841555904192473,-0.5808865771775831,2.9991009789499827,2.2265448715133216,0.11595246653610358,-0.7266107159647534,151.7610060236247,50.16239635449417,-36.15818206925267,0.04238928109407425,-0.4649341106414795,2.2724902629852295,-156.65083062731844,-36.33328531618185,-121.95161787986942,1.61464414205,1.2674757535,0.121970625641,1.22694033376,-0.709725400086,-67.3007778838,1.70402196692,3.12969202973,1.54431809264,0.746760342872,55.4402035595,-88.8907152967
0097,97,0097,0097,frame_id,True,,3.794328911030698,126.85680093137215,52.385734308898634,86.10813960675492,84.14384750503315,14.396931885083402,1.1053683659693863,0.1,14.507468721680342,0.037809378998645116,52.59122773948337,-2.170264833691258,-0.5803402864756164,3.0577912925214266,2.2103242809797714,0.11296679614205929,-0.7731381057233309,149.83313499705972,50.70852333299903,-37.993676193284585,0.040059447288513184,-0.46737349033355713,2.2846531867980957,-157.78113069404165,-35.39961627375589,-122.13752369831774,1.61731557892,1.26826292805,0.121953315729,1.16312298786,-0.647519836756,-66.5644718892,1.70391842178,3.12986683738,1.54426421248,0.753919242109,56.654484355,-88.8751955104
0098,98,0098,0098,frame_id,True,,3.766586079942287,124.72677376804214,51.07150194932268,85.25501432808103,83.37193362581824,14.187170697615002,1.0722755164221942,0.1,14.294398249257222,0.03499644000112312,52.57347702698955,-2.192925763407342,-0.578723729614171,3.007212353423149,2.2305276180595084,0.10974979496374981,-0.7103080279379194,150.5084557833387,49.0238843021806,-37.83242842170219,0.03760185465216637,-0.46897393465042114,2.2969043254852295,-158.42004226733863,-36.231130025900434,-121.20436204752043,1.62029539903,1.26904301143,0.121957764194,1.07174698348,-0.617429318487,-65.7996642115,1.70398339763,3.12963152806,1.544294805,0.720917405122,55.0550793833,-88.9219754314
0099,99,0099,0099,frame_id,True,,3.8073873083466365,126.3973901765032,54.01248810636059,86.59418084758596,83.25179894734653,14.496198115759045,1.0982042615594545,0.1,14.60601854191499,0.03497545099526178,52.559469132523354,-2.1773983833080335,-0.576712974723659,3.06961504767487,2.213019206810574,0.10544217508681819,-0.7633022482211346,148.49761416848517,49.733560018148665,-39.57148095267323,0.03562082350254059,-0.4712707996368408,2.3063127994537354,-157.48989772515424,-36.8606208294373,-122.82327990001976,1.62471374207,1.26974255459,0.121261215574,0.942769132882,-0.549585614739,-65.1982566167,1.70390787583,3.12984804048,1.54426446739,0.754390940474,56.441080756,-88.8816836632
0100,100,0100,0100,frame_id,True,,3.7998313938170285,126.76484163821563,55.65219967098312,85.74546178608466,83.63134453951106,14.438718621437463,1.1039331873562979,0.1,14.549111940173093,0.037465143999725115,52.3352349619688,-2.1907945195860883,-0.5602949530383361,3.053720281883852,2.223457723361971,0.09255295698845512,-0.760833786293642,147.5923900434392,49.33155338009999,-40.58250480264114,0.03266320377588272,-0.467741996049881,2.29288649559021,-156.75541028557765,-36.413908405984664,-124.2138493421522,1.63782937555,1.26605084449,0.111436585883,0.800355069666,-0.571956388464,-64.4271703133,1.70389918721,3.12984902513,1.54429717562,0.759608749352,56.4374791454,-88.8755816058
0101,101,0101,0101,frame_id,True,,3.7863316446866158,125.56022981509334,55.30496527548769,82.49690710572759,83.27238766472385,14.336307323555253,1.0851868386632475,0.1,14.444826007421579,0.031072032994416077,52.63406202828958,-2.185755949273915,-0.5691344786089585,3.038891936056208,2.2158310858460375,0.10223091129481054,-0.747596884481501,147.74574031253255,48.76423040320646,-41.232120110225544,0.030075136572122574,-0.46690356731414795,2.291295051574707,-156.94929441197976,-33.73267670252112,-124.5045077749494,1.62774935339,1.27224410426,0.122007204184,1.27375115897,-0.651522063467,-63.7610729477,1.70391614578,3.12981083792,1.54429554051,0.73344345516,56.0791808436,-88.9006490466
0102,102,0102,0102,frame_id,True,,3.7954183906803713,127.09237413365267,58.82409491262433,84.27117695563751,82.59256668568935,14.40520076031478,1.1090475060840528,0.1,14.516105510923186,0.031052467005793005,52.417491372390764,-2.1730921214039207,-0.5616202277510021,3.060629692071209,2.1996079405362488,0.10047354525016283,-0.7923460864956474,145.34174448148212,49.1989926498211,-43.39572288914594,0.026515819132328033,-0.46114668250083923,2.2682836055755615,-155.83416060589352,-35.07218430581642,-125.98828957483529,1.63014890632,1.27315023055,0.121854479828,1.02752632809,-0.7651618209,-62.8293879439,1.7038805187,3.12991669683,1.54423427622,0.788912728635,57.258453868,-88.8379027543
0103,103,0103,0103,frame_id,True,,3.7715003906450506,126.16887573994838,59.1007184712322,79.48905746122821,83.6154561959724,14.224215196635768,1.0946461717785216,0.1,14.333679813813621,0.03263138399779564,52.11768934390636,-2.2063531746294727,-0.5486141543712433,3.0091931435289663,2.2312984653886785,0.08560670426748351,-0.7300469490709585,146.16572350579233,47.76998616151703,-42.89563659200096,0.024945290759205818,-0.46300745010375977,2.279146194458008,-154.73355802297547,-31.71907129971118,-126.51109278797335,1.64504238235,1.26883925641,0.111588112368,0.765048886109,-0.790314353154,-62.2866408933,1.70402810477,3.12971135787,1.54430078554,0.756364916908,55.7051958106,-88.8834366301
0104,104,0104,0104,frame_id,True,,3.7459866343788453,126.23174997281708,58.918705539533676,81.93139900766556,84.96071181561412,14.032415864944948,1.0956247981797211,0.1,14.14197834476292,0.03352527699462371,52.67765499264502,-2.2059595776083145,-0.5575865928914716,2.975778116447995,2.229079040262309,0.0954710368898084,-0.6986236707998016,147.0287570461146,46.616406278574935,-42.77528620158148,0.02311946265399456,-0.4621155560016632,2.2771544456481934,-154.05253741435172,-35.31499272909063,-127.7359980171956,1.635016831,1.27501680093,0.122463289441,1.13890287572,-0.524453766201,-61.6989511538,1.70409170392,3.12960174053,1.54433757494,0.721336214013,54.8735027425,-88.912576969
0105,105,0105,0105,frame_id,True,,3.790889638995292,126.6926711876636,61.69011016653553,80.75086330989885,83.26028312759726,14.370844255041856,1.1028072508499953,0.1,14.481124980126856,0.03489555200212635,52.47596068908977,-2.1899644829089597,-0.556426446366967,3.0438937938802293,2.209565835421796,0.0928620802647484,-0.7575325763814499,144.21777181238028,47.167374310921154,-45.41098876001231,0.019601352512836456,-0.46356436610221863,2.2863612174987793,-154.09211802108422,-33.583488998977685,-128.67127188760958,1.63750750639,1.27585770014,0.121949534942,0.974756585267,-0.66419050915,-60.5470700372,1.70390662765,3.12984447582,1.54426607622,0.755222104463,56.4130084235,-88.8733940867
0106,106,0106,0106,frame_id,True,,3.782611647446319,126.90920392657588,63.446301263599935,79.74894352513317,82.7847403906529,14.308150875396557,1.1061864601390952,0.1,14.418769521410466,0.038561531000596005,52.371528530998404,-2.189870077557608,-0.5511931941550492,3.034601453491306,2.207131422497078,0.09076176739151465,-0.7622718846283913,143.40410573262747,46.948660477679795,-46.460100883530345,0.01726134493947029,-0.46043142676353455,2.272329568862915,-153.14959300377257,-32.80028304745338,-129.24484127418324,1.63950958707,1.27678024469,0.122054009922,0.9882893356,-0.798038063078,-59.8474982716,1.70391918087,3.12984964289,1.54427426374,0.755985254867,56.5542333525,-88.8740237415
0107,107,0107,0107,frame_id,True,,3.750601607654648,127.12679930769866,63.96808251238207,78.54736806048464,85.26775171101764,14.06701241934163,1.1095854679859072,0.1,14.17797096614022,0.032803398004034534,52.46406743063325,-2.2200709725070125,-0.5343286882579972,2.975363868382804,2.235141809498084,0.07557250964051976,-0.7075466095479653,144.35852726918355,45.33170796224531,-46.06720829241299,0.015070836991071701,-0.4587561786174774,2.267817258834839,-151.67339021843438,-33.215660098239326,-131.33496000343064,1.65507175565,1.2729666394,0.111614585201,0.988401917988,-0.507349748321,-59.0948199075,1.70407632953,3.12963020579,1.54430131664,0.74586918943,55.215827554,-88.8957426521
0108,108,0108,0108,frame_id,True,,3.7432828235358913,126.61347929730405,64.99830898444748,75.63983643013309,84.06293198379845,14.012166296978835,1.1015721818569855,0.1,14.122323515164533,0.033372361001966055,52.390974697491664,-2.209617831323542,-0.5405321925527409,2.9728068025504126,2.2224245309347888,0.08406217988794595,-0.7118624360953345,143.52008129594074,45.11058456686469,-46.87880981328596,0.012806699611246586,-0.4564700126647949,2.260944366455078,-151.48160971961175,-30.529251863268403,-130.9417417970844,1.64668005552,1.2790269772,0.121297732476,0.774406620885,-0.592500995858,-58.5022406137,1.70409963215,3.12963004496,1.54430744837,0.755983367345,55.3135909335,-88.8841559417
0109,109,0109,0109,frame_id,True,,3.7586584572395805,126.44414674713077,66.54765061961012,74.65057703146172,82.53612896472333,14.127513398178625,1.0989327283336126,0.1,14.237406671011986,0.03856050300237257,52.291143118759386,-2.2033168547505086,-0.5389733681429756,2.997067891153547,2.2133556096532887,0.08340842220677258,-0.7343325243322579,142.1938555857914,45.13617449270411,-48.38895844793524,0.010038754902780056,-0.455564945936203,2.262735366821289,-151.25849379459848,-29.514402538757615,-130.92508741265857,1.64725574383,1.2806425287,0.121976787819,0.822983208636,-0.753062104155,-57.6774281939,1.70406431684,3.12969260863,1.54427452877,0.767509709024,55.9166785471,-88.8707779528
0111,110,0111,0111,frame_id,True,,3.749295412804811,128.52725896343023,71.17053429822789,73.02996378485936,83.4794133565276,14.057216092479198,1.1315380247605846,0.1,14.170369894955256,0.03659558700019261,52.16597941468875,-2.203321925290876,-0.5293643948498366,2.987032293678288,2.208830174450778,0.07897238702207776,-0.7428559058914227,140.66156470031567,44.44947145161935,-50.39690839397281,0.005508249159902334,-0.4503920078277588,2.2441763877868652,-148.16790100145644,-28.58049233324001,-133.8763217505004,1.65116898525,1.28294152309,0.12187353476,0.81591638209,-0.892039643347,-56.1398697712,1.70391556805,3.12982312027,1.54428291268,0.746248438329,56.1859057493,-88.8860768128
0112,111,0112,0112,frame_id,True,,3.7518409247392426,128.5053746626121,70.94948953592666,73.3047074639498,84.42483814371961,14.076310324548214,1.1311939766484769,0.1,14.189429722213061,0.029143503001250792,52.2939072869544,-2.2020989561708384,-0.5253830581269212,2.991829399215925,2.2047702598640435,0.07529282861566022,-0.7500619927523019,139.98604657015971,43.94635136564061,-50.873215561539254,0.002671303693205118,-0.450090229511261,2.241767406463623,-149.0644638939136,-29.35835609830919,-135.29805370525887,1.65503919271,1.2845307996,0.122443960656,0.584713565341,-0.554299211968,-55.548698411,1.70390664688,3.12985283018,1.54429925469,0.75441679005,56.3984057991,-88.8727129684
0113,112,0113,0113,frame_id,True,,3.7200442639563027,126.74068611828915,69.07399279264479,72.06428798263566,84.99466993965027,13.83872932579419,1.1035562957185663,0.1,13.949084955366047,0.0386111410043668,52.3102965605542,-2.2250780220544564,-0.5244167504823005,2.934747722271542,2.2256381858075636,0.07256329636929393,-0.6822052265440027,141.4349280766834,42.470457530080914,-50.401877691274244,0.0005601637531071901,-0.4518534541130066,2.252542495727539,-149.4910791306718,-29.593830452554748,-135.39654763092452,1.65690676599,1.28562375264,0.1225383169,0.719128247971,-0.621958673731,-54.8852128409,1.7039847376,3.12963067193,1.54435296144,0.698657538617,54.6709101431,-88.9495319662
0114,113,0114,0114,frame_id,True,,3.763834135834621,127.73021088928417,71.36475561118203,73.45864672309736,84.18466156481371,14.166447402073949,1.119027981257449,0.1,14.278350200199695,0.035286552003526594,52.272770121038846,-2.2065647860457425,-0.5235462296746038,3.0039005630097617,2.204866831789655,0.07063166387298336,-0.7434864394746056,139.14310314974736,42.98451546477465,-52.40724939723093,-0.0016979542560875416,-0.4529145658016205,2.2604141235351562,-149.4921412390706,-30.474131258322704,-136.59191096204464,1.65917229569,1.28704232817,0.122568633071,0.708598345897,-0.654409002662,-54.0877899254,1.70390400647,3.12983344959,1.54429948679,0.739707355913,56.2801414793,-88.8961476423
0115,114,0115,0115,frame_id,True,,3.7559235165046005,129.2950855021677,74.28424460948168,74.58535273763582,85.53533773113904,14.106961461832284,1.1436291630342865,0.1,14.221324378135714,0.03686603900132468,52.27181040855024,-2.2064829084747393,-0.5186128455046912,2.994901559804373,2.2024289232403893,0.06862358626167975,-0.7474638442739776,138.47053883745582,42.521478168572415,-53.18996596072824,-0.004053985234349966,-0.4499892592430115,2.2474377155303955,-147.24521655306248,-32.06387456906341,-138.72530369186728,1.66159899773,1.28835628497,0.122544439311,0.642826941095,-0.590971904617,-53.3441428981,1.70392807779,3.12982578133,1.54426976439,0.756549602642,56.4117734657,-88.8746490017
0116,115,0116,0116,frame_id,True,,3.7471006970946155,127.54509715547786,72.00369443681916,74.05368078124246,85.86362579454189,14.040763634166954,1.1161286110609243,0.1,14.152376495273046,0.037906222001765855,52.49565138349878,-2.221221965819796,-0.51872256604674,2.9728544384480853,2.214639071922948,0.06608748642447138,-0.7078669697286029,139.45750215039982,41.4596572397248,-53.23018129826712,-0.006582893896847963,-0.4526350796222687,2.2649874687194824,-148.53880341278105,-32.59402354151767,-139.09380709280902,1.66344609393,1.28965718543,0.122084493001,1.05061474561,-0.608543137148,-52.6256401648,1.70391910221,3.12969483326,1.54429854572,0.716783552144,55.4224606467,-88.9265426793
0117,116,0117,0117,frame_id,True,,3.7408119058872193,129.0938347377922,74.92278486772352,72.14533428804998,86.56271020779255,13.993673715227569,1.1404562814909804,0.1,14.107719343376667,0.03441974500310607,52.41683083596149,-2.2200194796557593,-0.5148998848645667,2.966490406817962,2.211801005900936,0.06529331724333565,-0.7122510860629568,138.84376547506216,41.20367183196945,-54.14408937138122,-0.008218473754823208,-0.4496065676212311,2.254239320755005,-146.23344965721432,-30.941662456080522,-140.70679957917378,1.66528497063,1.29119865062,0.12219958046,1.13673651191,-0.773811144844,-51.9325510387,1.70408471932,3.12963435646,1.54426752946,0.756346350603,55.5674814404,-88.8811732098
0118,117,0118,0118,frame_id,True,,3.7369873272016134,128.56915106550585,74.72176081670557,74.6196809192266,86.90964091235705,13.965074283665459,1.1321967084444238,0.1,14.0782939545099,0.03339852199860616,52.44268310098595,-2.2189768350993164,-0.509798341438201,2.9633295024389272,2.2082940538723834,0.06287916843595798,-0.7198779071325307,138.10931906598262,40.74530357449057,-55.00914329585618,-0.010682781226933002,-0.44691917300224304,2.2434515953063965,-147.1689201173118,-33.87437734473603,-141.91878420821322,1.66747941879,1.29268705099,0.12206151293,1.09824743291,-0.695718775774,-51.1432230365,1.7040099804,3.12971788649,1.54428647645,0.754868634108,55.7974567019,-88.8822847929
0119,118,0119,0119,frame_id,True,,3.733157182457955,129.80457693548723,77.33716926310194,70.57323046335165,86.73603763020412,13.936462548937417,1.1516734943705518,0.1,14.051629898374472,0.03371896300086519,52.44366058563212,-2.214179850506641,-0.5021460130893312,2.9633966187613656,2.201062684270598,0.06005499512782908,-0.7390824059622934,137.09441210376838,40.52128273572481,-55.97407109934337,-0.013117166236042976,-0.4420910179615021,2.2243142127990723,-145.5684186331297,-30.051947727626832,-142.7101087295475,1.66998702048,1.29387770594,0.122094033388,1.0225445227,-0.623378499346,-50.4568828143,1.70393008615,3.1298308052,1.54429318644,0.747432006415,56.3194247377,-88.8841179576
0120,119,0120,0120,frame_id,True,,3.624223658266755,155.58612059015883,9.768847655034875,95.43580776180627,138.84273672755947,13.134997125140462,1.5771136395954064,0.1,13.292708489100002,0.03363588600041112,52.50307859773177,-2.260234304193025,-0.7786572475429627,2.7239733673695032,2.2449820688474826,0.33422516775094,-0.4869376160267297,-155.25453194042964,65.37286055904113,-5.154274756978339,-0.015252235345542431,-0.4444320797920227,2.2370357513427734,-145.48568428539477,-30.062947202765137,-143.9970114845378,1.6720858351,1.2952175574,0.122177370759,1.15904800654,-0.653424046604,-49.7105178949,1.70467712354,3.12960102079,1.54440601316,-50.3264385192,52.0917139251,-96.0654243419
0121,120,0121,0121,frame_id,True,,3.752012868318882,130.5368897833378,80.00423004170904,69.65655800099377,87.37190570271436,14.077600564030483,1.1632652746321723,0.1,14.1939270914937,0.03483743200195022,52.28989831549717,-2.2144511871321484,-0.5013863933422851,2.9870417118632133,2.1975683801157757,0.05643760088470451,-0.7432346344553765,135.77988191302117,39.52329841124604,-57.73199278525358,-0.01688280701637268,-0.44494879245758057,2.243807077407837,-144.2158880452698,-30.13325958974773,-145.10389848796794,1.67363028543,1.29646178545,0.122070353287,0.926137112288,-0.732504172184,-48.7974405863,1.70390831965,3.1298461539,1.54427804139,0.755847374195,56.4830711429,-88.8759732615
0122,121,0122,0122,frame_id,True,,3.725720635455426,129.84286902289963,79.73688889238576,68.82883523242081,87.56254649697001,13.880994253458383,1.1522787655049835,0.1,13.996222130008881,0.035203421000915114,52.30954947933394,-2.2231991134240605,-0.49629134747679093,2.948232496589868,2.2041395410552003,0.05503205272848466,-0.7195888408128902,136.0655880562726,38.718531308247194,-57.96108880109036,-0.019059572368860245,-0.4412592947483063,2.2286436557769775,-144.19752305134168,-30.11030392417362,-145.52363529806038,1.67583883339,1.29779896105,0.122098551102,0.974450354181,-0.738385289996,-48.0932621533,1.70410920235,3.12966083704,1.54426260515,0.768690513907,55.8994638503,-88.8609240383
0123,122,0123,0123,frame_id,True,,3.728204454704508,128.271504768662,78.27991075907607,65.51992837439477,86.34782413487875,13.89950845607854,1.1275192356607096,0.1,14.01226037964461,0.0332471140063717,52.40452464336006,-2.2282175304167886,-0.4944780081017417,2.9478884973359456,2.2060533420913835,0.05197008545235815,-0.7077766694856036,136.05573954652635,37.997782489012046,-58.54152696913477,-0.02216418832540512,-0.44250792264938354,2.240111827850342,-145.66434969439754,-27.52214588538272,-144.8893511040135,1.67886909129,1.29983193039,0.122486063412,1.14041554334,-0.755718737837,-47.2667110932,1.70407905684,3.12963910351,1.5442772642,0.77666754733,55.6307739476,-88.8615844926
0124,123,0124,0124,frame_id,True,,3.731237933447036,128.32963689345308,79.93869802569282,64.18276245420924,85.53086558570044,13.922136515994108,1.1284323128573648,0.1,14.034979747279845,0.03667233199666953,52.1787514810188,-2.2322591710415836,-0.49284735972847793,2.9489416727537217,2.20840998176012,0.04944322164025161,-0.6961173662656845,135.7639543838528,37.469588025377,-58.626503911554245,-0.023849189281463623,-0.4434041380882263,2.252824306488037,-144.29734759045442,-26.713174428832243,-144.15736949725468,1.68067671657,1.30144352597,0.122630007863,0.699609604643,-0.616979086245,-46.8516547195,1.70403122484,3.12966384401,1.54430637855,0.739172882093,55.3606287041,-88.9008744391
0125,124,0125,0125,frame_id,True,,3.751258392090066,129.6014236921403,81.80376222295263,67.08906602101406,86.93128855388841,14.07193952422615,1.1484639001825772,0.1,14.186785914244407,0.03696586399746593,52.18710769136786,-2.219035958222671,-0.48882725126439164,2.9847724969856984,2.1931198642622665,0.0475010205000026,-0.7390730913155323,134.1674603138399,37.5475429444665,-60.11352196630123,-0.025916093960404396,-0.44132623076438904,2.245699405670166,-144.02877746320746,-29.54152307654756,-147.04481052018963,1.6827405608,1.30317164372,0.122638058107,0.786006061931,-0.675991300307,-46.0781986421,1.70392725608,3.12984935019,1.54427788623,0.762717399395,56.511449543,-88.8659636555
0126,125,0126,0126,frame_id,True,,3.778491166407929,127.8338419496311,80.49078779307297,62.05968685042875,84.42635588860153,14.276995494622753,1.1206521217335645,0.1,14.389060706796108,0.033176375000039116,52.03588267808397,-2.219621241649275,-0.4912326132081728,3.018106618057545,2.190445652788167,0.044841149928448676,-0.7428146983492931,133.36991071387675,36.947533033994155,-60.81548430956696,-0.029175588861107826,-0.4463914632797241,2.275291919708252,-146.13930149305025,-25.112153816434596,-145.2418401981685,1.68518222539,1.30504407614,0.122484690762,0.501475250009,-0.572809982736,-45.2633848055,1.70388225166,3.12987460458,1.5442724436,0.765852009173,56.6514196844,-88.8674237891
0127,126,0127,0127,frame_id,True,,3.1488890876656974,120.26569073723553,110.48162207409075,0.7978441689279236,157.83257445724206,9.915502486420108,1.0040185984139642,0.1,10.015904346261504,0.03564430600090418,52.16682546960692,-2.3359974855475176,-0.4007892669289157,2.073158507555649,2.3062193198047627,-0.036319488182778636,0.16001057127125543,-32.097391948413645,-28.39987999996334,53.68648787715891,-0.029778165742754936,-0.43710875511169434,2.2331690788269043,-142.5790140225044,-29.197724168891263,-148.48093766559904,1.68701708903,1.30645621077,0.122630774038,0.724549735441,-0.592449014332,-44.6251467712,1.706887418,3.12954086798,1.54443861684,-179.518562119,41.9158990278,-89.4407837347
0128,127,0128,0128,frame_id,True,,3.7104037085078065,129.9145121613327,84.1596615464116,61.98477931472354,86.39420977872311,13.767095680108483,1.1534114605247472,0.1,13.882436826160957,0.037119601998711005,52.25275997974858,-2.217891728563833,-0.46949556822685845,2.9372820552156638,2.186752066074538,0.041248176049276664,-0.7451636489198873,132.91709808733253,36.06172146564421,-62.369502493899994,-0.031139662489295006,-0.4282473921775818,2.1921184062957764,-142.9232403662559,-25.923057849079324,-148.7637122726231,1.68887576847,1.30817692435,0.122996550042,1.04035730805,-0.810885860641,-43.7616205785,1.70388143575,3.12987990686,1.54427342231,0.765025392329,56.7737882873,-88.8616516345
0129,128,0129,0129,frame_id,True,,3.7175106261126167,129.53468979231303,84.47402553232598,61.53120939745678,86.73189250974926,13.81988525526022,1.1474101626367637,0.1,13.934626271523896,0.0345397650016821,52.16816306393181,-2.2235182389777997,-0.46976281104149287,2.941967844412253,2.190042009220729,0.03919298348488276,-0.7327200168823456,132.7371432806626,35.263101314431225,-62.509156561761806,-0.03347622975707054,-0.4305698275566101,2.2092478275299072,-142.7888311870114,-26.268108083025552,-149.24104907151107,1.69089864865,1.30956460985,0.122622677197,0.725258724384,-0.562498215284,-43.0931631597,1.7039130585,3.12985112157,1.54427184476,0.759423276842,56.4841676045,-88.8702706653
0130,129,0130,0130,frame_id,True,,3.7102414234918544,127.8102848793927,81.9513487667204,59.17346442575884,87.22442510796155,13.765891420594862,1.1202828642795746,0.1,13.87791970702282,0.03748266799811972,52.15116213188381,-2.2416552933309424,-0.4715125377221181,2.9186553227894305,2.205427042618786,0.03661526394320269,-0.6802529561512469,133.82303439131587,34.087763500951844,-62.272582013920484,-0.036228250712156296,-0.4348972737789154,2.2384023666381836,-144.22561684196373,-25.085700924806993,-149.49700712188204,1.69312031922,1.31124879063,0.122659674028,0.697597052174,-0.528837199095,-42.3677342857,1.70399086221,3.12968972391,1.54433038333,0.722887605778,55.1565273746,-88.9183822096
0131,130,0131,0131,frame_id,True,,3.745147312546068,129.0714219557553,85.15853861104284,59.99085614841373,86.28917010258326,14.026128392671035,1.1401030896907924,0.1,14.140138701640115,0.034497298001952004,52.23163905094449,-2.220454608271443,-0.468329961720072,2.9793248853108354,2.182628088811957,0.03538339895304321,-0.7463091096302934,131.74384167716306,34.377313566320986,-63.9646093352099,-0.03782651945948601,-0.4329465627670288,2.233015775680542,-143.0976197117941,-25.613542582092744,-150.25377943779316,1.69461007942,1.31295365388,0.12274848131,0.861550961509,-0.581326878783,-41.6394318174,1.70388296029,3.12990165223,1.54426479535,0.767998045458,56.9111393569,-88.86115159
0132,131,0132,0132,frame_id,True,,3.7518426422376705,127.26524807181293,82.56611959352176,57.46866951866923,85.64028055939383,14.076323212112946,1.1117498166264124,0.1,14.187498193775587,0.0365782179942471,52.03903214557769,-2.2382708810654606,-0.45692250929514233,2.9761869053516823,2.1984023921576465,0.021574833017981687,-0.7294792275104958,131.813041490922,33.74767522614037,-64.38187709144287,-0.039868488907814026,-0.43534767627716064,2.2467076778411865,-145.62083891555628,-23.720994292528854,-150.0221576508367,1.708426933,1.30937339694,0.11202347917,0.884399083462,-0.672869689053,-40.9399234594,1.70389385026,3.12986540245,1.54428281451,0.759498172898,56.5464486542,-88.8740030261
0133,132,0133,0133,frame_id,True,,3.7231944886260764,129.38640720079198,87.43650655146143,59.12783350613236,87.01430129151588,13.86217720013559,1.1450697955082205,0.1,13.976684179686412,0.03678904299886199,51.945362873173956,-2.24077744024064,-0.447343683903745,2.9395539273698694,2.199328031262416,0.019093758528760274,-0.7214428891618617,131.5166310590707,32.99644027735727,-64.86449022984574,-0.0414494089782238,-0.42824992537498474,2.218111038208008,-141.04686238946786,-26.131393228775092,-151.87879152136162,1.71085475803,1.31157360589,0.111869422828,0.72251201575,-0.588576346644,-40.1077779095,1.70392323327,3.12983368099,1.54426966588,0.751469389045,56.3874146873,-88.8817744106
0134,133,0134,0134,frame_id,True,,3.648627429194144,125.04988172305453,80.0035427649625,54.54423624946111,87.6714613590024,13.31248211706787,1.0772750929014434,0.1,13.420209626358014,0.034301594001590274,52.0284809676727,-2.267698199432616,-0.4580612581872887,2.8213838585179825,2.224312038105254,0.028709362139696548,-0.5916034229558486,134.80330042425922,31.10635089414933,-63.81918595283866,-0.04338616132736206,-0.42935189604759216,2.229780435562134,-145.19315681077825,-23.437885355311785,-151.49064731184106,1.70063900051,1.31901855226,0.122888930813,0.86983925412,-0.815843654417,-39.3104651886,1.70416137295,3.12941755101,1.54444650566,0.66687105211,53.0301796985,-88.9849536618
0135,134,0135,0135,frame_id,True,,3.7042042344732216,129.75600297850943,88.10556359825773,55.69168800550358,88.15564557224326,13.721129010689344,1.150905837220989,0.1,13.836219594411443,0.03589913999894634,52.33027276247233,-2.2431247105832433,-0.4569237377636042,2.9121712245897085,2.1977191029126977,0.02829368376656438,-0.6823297538713244,132.43125049422937,31.63666349631577,-65.28696008531824,-0.04540560767054558,-0.4286300539970398,2.229841470718384,-139.46318590751292,-24.055024509187813,-153.4426056575615,1.70171211469,1.32021609361,0.12233478987,1.09878655351,-0.596656383146,-38.8436362249,1.70396943794,3.12971655151,1.54432166682,0.736100258928,55.4057846275,-88.8980185517
0136,135,0136,0136,frame_id,True,,3.68353690897938,126.51171607527061,83.81866636211612,56.63900475509219,88.28992790667918,13.568444159813364,1.099985722615522,0.1,13.678442732074917,0.033181719001731835,52.318218141042216,-2.2511670182411287,-0.45255567214717485,2.880257727947992,2.2038113961879824,0.025979176976581586,-0.6568211339385923,132.7909444368805,30.796228439575703,-65.623123471266,-0.04735562205314636,-0.42657649517059326,2.2234365940093994,-143.39038920100336,-25.84277631551649,-153.91305137794518,1.70361965721,1.32202979777,0.122488406504,1.13452840625,-0.643797407029,-38.0333100053,1.7040377412,3.12958197391,1.54432825168,0.715820023287,54.781067244,-88.929659236
0137,136,0137,0137,frame_id,True,,3.685211657888457,129.6862588505659,89.46086426536289,54.66983559366663,88.58205388311845,13.580784963436988,1.1498038759902174,0.1,13.69576535103601,0.034531600002082996,52.40380230518838,-2.242555980279846,-0.44600958735886786,2.8901216387432656,2.193896942481203,0.024640839409267645,-0.6847800612133583,131.7724020556017,30.442659034096675,-66.4214757121247,-0.04865903779864311,-0.4213687479496002,2.2053415775299072,-138.7667336790354,-24.227176559569955,-155.00352959524315,1.70571665756,1.32387164653,0.122331659303,1.13132030937,-0.468750386705,-37.308252539,1.70412102343,3.12963419814,1.54427883082,0.763134276644,55.5489395641,-88.8781528488
0138,137,0138,0138,frame_id,True,,3.6807003670128404,125.41409699386267,83.0598830148299,52.345294551547056,87.44383535086052,13.54755519172846,1.0829195324294978,0.1,13.655847144971409,0.03625901600025827,52.463237668227976,-2.255337955401033,-0.44857644789389317,2.8739841803758845,2.2049115691042838,0.02312275521925633,-0.6433342322557675,132.72965767277188,29.55178144701898,-66.51726772018415,-0.050426386296749115,-0.42545369267463684,2.230649948120117,-144.21045931239826,-22.793513104528085,-153.96110307104468,1.70709671788,1.32554030331,0.122487377623,1.29921951047,-0.577616417389,-36.5833195145,1.70413370237,3.12952689903,1.54434257657,0.737093215146,54.5058736565,-88.9086574085
0139,138,0139,0139,frame_id,True,,3.5850972136292483,169.88223685630965,11.61912961037234,95.97858803698738,172.4274061897474,12.852922031172199,1.8236410735619268,0.1,13.035286138528392,0.032987560000037774,52.472609032686975,-2.26659529794921,-0.8355949702366835,2.649009028335292,2.2149040191339404,0.4145906748875624,-0.4378800782162733,-126.4943080057831,73.94825036048067,16.60476341547219,-0.05169127881526947,-0.4210042953491211,2.2111289501190186,-138.11343761615544,-22.030337676506708,-155.8226427742752,1.70862225413,1.32755709383,0.122588555282,1.40563486011,-0.693895060315,-35.8257896889,1.70504443459,3.12973736636,1.54440347611,-72.8586238,51.9939221375,-99.347283065
0140,139,0140,0140,frame_id,True,,3.7258218725083547,126.87268432318449,86.98458273138942,53.38604129851771,87.36575479086466,13.881748625661661,1.105616311246847,0.1,13.992310256786347,0.03870489700057078,52.513119575190956,-2.233057244759973,-0.4426434598950366,2.9494526161135073,2.1783439284982045,0.01918163523950378,-0.7184424175203677,130.16737478968318,29.289445972339035,-68.83992813104766,-0.05471331626176834,-0.42346182465553284,2.2310101985931396,-142.84804247892737,-24.09659532617867,-156.2056829219123,1.71055943416,1.32970001497,0.122628979065,1.49959771677,-0.73777841365,-35.0821542272,1.70392409698,3.12985688389,1.54428327348,0.754402017278,56.548538853,-88.8772404022
0141,140,0141,0141,frame_id,True,,3.7183162109110715,129.675248462457,91.36956638299267,47.80412572712822,85.99711361708472,13.825875444324069,1.1496299399988328,0.1,13.940838438323953,0.034264945999893826,52.278959060762155,-2.2308545142951535,-0.4374384740492019,2.9424158716596316,2.17557446589499,0.01764147078000633,-0.7222034120954225,129.54167467373566,28.83222012920521,-69.23554400472307,-0.05528004840016365,-0.41979700326919556,2.220212459564209,-139.08875894327167,-18.971905597922994,-155.2326576218078,1.71207529529,1.33169728589,0.122426057819,1.18179301003,-0.645535485785,-34.5150021217,1.70391449789,3.12985389305,1.54424864313,0.770222151676,56.6936760246,-88.8685350821
0142,141,0142,0142,frame_id,True,,3.7120824550207048,126.79360000935328,88.43296654213555,54.77114209947199,88.54451352394616,13.779556152872544,1.1043819478782602,0.1,13.88999434766037,0.03581562000181293,52.32756056559329,-2.2302680419260152,-0.43384407745331766,2.935513571846453,2.1733302356177457,0.01626180397004129,-0.723559693443743,129.29915651771236,28.311319807492062,-70.00229310638443,-0.0569378063082695,-0.41758227348327637,2.21195387840271,-142.26787694015206,-26.459822291979922,-158.5468066303306,1.71351752985,1.33381462167,0.122572128051,1.35986018076,-0.80642151135,-33.6848328071,1.70389865128,3.12988768892,1.54425999941,0.768045669293,56.7732731163,-88.8650207825
0143,142,0143,0143,frame_id,True,,3.7028169632770496,130.72079578390628,92.18035477288527,42.973471660679195,86.98625899374119,13.710853463532272,1.1661817097758063,0.1,13.827471634509854,0.03728465400490677,52.32068885968659,-2.2382379581615295,-0.4327349339711184,2.917856196439124,2.1800180298671092,0.014562038062762683,-0.6988165178655155,129.68755160242367,27.419040769675313,-70.05704425770855,-0.05821992829442024,-0.4181728959083557,2.2190396785736084,-138.13209362469104,-15.554430891003868,-157.04330325144974,1.71519875106,1.33566913654,0.122356069624,1.25914976843,-0.626271150378,-32.9489403723,1.7039175472,3.12982138889,1.544300379,0.748226431145,56.167826503,-88.8833167573
0144,143,0144,0144,frame_id,True,,3.7188333204002717,126.82694262466867,88.53311566110267,46.968077068814296,87.42210108907005,13.82972126491931,1.1049023139326075,0.1,13.940211496312571,0.03515301799779991,52.244162365150096,-2.241314965920184,-0.4324185315699516,2.935854679989526,2.1799266968533733,0.012015557679647015,-0.693871027874658,129.4447634103453,26.716663070902772,-70.5444923953321,-0.06138826906681061,-0.42040297389030457,2.241983652114868,-142.02212092855206,-20.251413997911506,-157.96659348440215,1.71733526604,1.33768406835,0.122414713178,1.15371064725,-0.573129456426,-32.1361777977,1.70390690631,3.12981251799,1.54430679057,0.736103037789,56.0811748169,-88.9015865552
0145,144,0145,0145,frame_id,True,,3.7220938225563067,129.47640193629485,92.56543164841122,44.9769117000572,87.6019968652886,13.85398242391182,1.1464900258581345,0.1,13.968631426497634,0.03624146200309042,52.33073912647876,-2.233323544168727,-0.4289869663892445,2.946560461562194,2.171518884504096,0.011530071276253162,-0.7154343915396111,128.72819087797933,26.398741632522142,-71.30876870042088,-0.06180465966463089,-0.41745689511299133,2.231126070022583,-138.70637747360945,-18.57817006753507,-158.91076556570948,1.71851757486,1.33940286716,0.122492576359,1.28758104651,-0.606498630019,-31.4529470335,1.70388958529,3.12988255255,1.54426685346,0.770335190091,56.6831014657,-88.8551874849
0146,145,0146,0146,frame_id,True,,3.6706235201305124,126.75393391180306,89.38511560103825,44.25862118320114,87.59271683379868,13.473477026535313,1.1037629923033694,0.1,13.58385332576565,0.03586332400300307,52.41997555083484,-2.252507905957778,-0.4232164540202721,2.8671541627857278,2.1891940194345314,0.010231188765297716,-0.6531913694355079,130.32017866000118,25.33348780956525,-71.11730064183763,-0.06331388652324677,-0.41298526525497437,2.2139627933502197,-140.29470573896057,-18.9251333736359,-158.7100174756363,1.72014329418,1.34153958129,0.122381085209,1.44456634206,-0.646724196209,-30.7201695542,1.7041148043,3.12961437846,1.54430432656,0.751259949453,55.1020356897,-88.8841782276
0147,146,0147,0147,frame_id,True,,3.7087711031023454,127.57193440581014,91.28579527477564,43.69709158609328,87.2304809142421,13.754983095206988,1.1165488105340815,0.1,13.866637976260396,0.03031291299703298,52.23500937607326,-2.2378486855857975,-0.4213012850872502,2.927374520421454,2.1720764054887898,0.007573942004822198,-0.7025212432150328,128.4926583530588,25.112089138060238,-72.1247187770658,-0.06577228009700775,-0.413727343082428,2.224853277206421,-140.22154637216553,-18.585002448033034,-159.3551996913079,1.72205100187,1.34388580056,0.122492892215,1.18213687825,-0.528630499745,-29.9917684086,1.7039196025,3.1298533714,1.54428769503,0.752947697662,56.44191425,-88.8792374705
0148,147,0148,0148,frame_id,True,,3.6986554880883165,127.14052098675417,91.07392247113432,43.62065206637649,87.83439560737051,13.680052419565822,1.1097999189496288,0.1,13.791032411460785,0.03553878299862845,52.28241586613025,-2.240517816955321,-0.4178217714167014,2.9129979915547137,2.173593766504996,0.006320244584120838,-0.6929095096516374,128.60615661950067,24.51343236910394,-72.54888380011727,-0.06692405045032501,-0.41150152683258057,2.220088481903076,-140.319920909365,-19.107219697272548,-160.38327940748778,1.72329872022,1.34579495221,0.122497292131,1.28252054217,-0.57491435365,-29.2789041516,1.70391903274,3.12983054119,1.54429715175,0.742658068294,56.2308806467,-88.8862537179
0149,148,0149,0149,frame_id,True,,3.7054417262209043,128.8907871496361,93.71133068608776,40.34974666942503,86.86581771318387,13.730298386418955,1.1372577583746946,0.1,13.844024162256424,0.03256606200011447,52.19487781960279,-2.230923071511533,-0.41365355824212857,2.929534326334158,2.162837855525758,0.005228376138017854,-0.7199021680547388,127.53607028800963,24.147214183056885,-73.41669089222265,-0.068085215985775,-0.4084251821041107,2.209632158279419,-138.75259902590264,-16.20253248636815,-160.28250860540652,1.72469428392,1.34825643699,0.122487163687,1.23597810808,-0.626835638173,-28.5140650779,1.70387903313,3.12992217399,1.54424241116,0.786549418007,56.9954200539,-88.8447442616
0150,149,0150,0150,frame_id,True,,3.665915600038412,126.90499446380532,92.05692825249889,42.56651258463836,88.79113857041995,13.438937186604988,1.1061207368179702,0.1,13.549549260286785,0.032723451004130766,52.12896974666974,-2.251278884189454,-0.4104425196167276,2.863951380575157,2.1817388007810985,0.0037454549785898017,-0.654113228643394,129.0453827388451,23.027086378799048,-73.20948196591553,-0.06954008340835571,-0.4066970646381378,2.2098381519317627,-138.89768900865604,-19.539426205839305,-162.00062053633548,1.72618445883,1.3504612715,0.122417856975,1.1764502722,-0.597680551298,-27.7307753554,1.70406511173,3.12966514679,1.54432033035,0.740002871094,55.3165364033,-88.8950987943
0151,150,0151,0151,frame_id,True,,3.6619666166572378,128.34311016122427,93.71817514076491,38.24056888386286,87.37333261071852,13.409999501512058,1.1286439685527792,0.1,13.522863898367335,0.030730231999768876,52.17116577778934,-2.239996809301822,-0.40177426371579905,2.868970414076336,2.169599834619014,0.0013543132305695593,-0.6872301301102715,127.97698338991762,22.70530967661244,-74.17622942486189,-0.07039697468280792,-0.4004199504852295,2.1817402839660645,-138.30484146931747,-15.535259207250423,-161.5495620355804,1.72794974918,1.35287823542,0.12255801158,1.28326949068,-0.675256103638,-26.9453566513,1.70391621239,3.1298292011,1.54428871145,0.742436996386,56.2350760257,-88.8943496316
0152,151,0152,0152,frame_id,True,,3.6665227680094077,128.15259974585203,93.95772462236033,39.312636166563095,88.63328938124445,13.443389208331368,1.1256523024178704,0.1,13.555954438573155,0.03550718900078209,52.18078986834431,-2.236729912392349,-0.39925458618600573,2.877676889914871,2.165288910202236,0.0006566602845927694,-0.6968528485482934,127.52563232169838,22.18513236624144,-74.68588550687508,-0.07144100219011307,-0.39859792590141296,2.180824041366577,-138.5166430559413,-17.127503800321644,-163.31917488811953,1.72895407323,1.35442658532,0.122555605763,1.27693669895,-0.618239509102,-26.2414758409,1.70391753372,3.12985718617,1.5442798201,0.756904655998,56.5226169442,-88.873852852
0153,152,0153,0153,frame_id,True,,3.125007248872847,123.0936672425071,100.57347197378746,2.4803964114411485,126.16184750093436,9.76567030550784,1.0471194899143679,0.1,9.870382254499276,0.0415547480006353,52.063351222028516,-2.341263453193915,-0.3980381142671401,2.0311871917272923,2.267963374682677,0.0010320198114210921,0.1488357632135037,-38.63745103475449,-17.081852739592016,70.8443090429974,-0.0733000785112381,-0.397006094455719,2.180022954940796,-139.21092300854195,-14.601456328150869,-162.99384345606825,1.73016819764,1.3566357661,0.122592828142,1.27092868792,-0.823616150945,-25.2272939442,1.70704697752,3.12953183629,1.54460406293,-179.1719569,42.484815543,-89.216659261
0154,153,0154,0154,frame_id,True,,3.63371588250386,128.58071762220519,95.48168908579532,35.43997672403981,88.09348030212136,13.203891114760804,1.1323785937614501,0.1,13.31712897413695,0.03563625400420278,51.95980522413619,-2.2442838574178294,-0.39019501492258923,2.8310473207673716,2.1698927605874614,-0.0019914479565916743,-0.6708605531892468,127.56640804336445,20.685468316788093,-75.47768735072809,-0.07439109683036804,-0.3921864628791809,2.160186767578125,-136.95190287084023,-14.75450840725171,-163.57116765284945,1.7318884208,1.3588601252,0.122428475786,1.06569166906,-0.583360080204,-24.593932364,1.70404688539,3.12974678469,1.54428561639,0.75573717202,55.9371161526,-88.8774485342
0155,154,0155,0155,frame_id,True,,3.15170045834225,124.59636818716885,103.16338172401477,2.6163143917901834,124.58481051710538,9.933215779114748,1.0702597864907317,0.1,10.040241757763821,0.0358522910028114,51.90291448723772,-2.3426251630124386,-0.40665711245207725,2.0688047558017244,2.2660001809534367,0.010274840208577496,0.12262772024197663,-38.48331560354076,-16.008198934626467,71.83211957602597,-0.07662498205900192,-0.39638227224349976,2.191432476043701,-141.64669732755553,-13.391884542836298,-163.58306990686864,1.73308442613,1.36115331122,0.122499630131,1.04743299228,-0.616025140639,-23.8021852058,1.70687274337,3.12956521992,1.5444462603,-179.524081074,41.8990780428,-89.4506708754
0156,155,0156,0156,frame_id,True,,3.6681063058600203,130.8371454136638,98.78912647503012,32.006805483214634,87.82859338815878,13.455003871090046,1.1680279258632964,0.1,13.571806663676375,0.033698926999932155,51.909992675331274,-2.2371406178945588,-0.39153556827868696,2.88043497160222,2.159365720676808,-0.004398894268615283,-0.6929707343890853,126.58401675288084,19.781691429097265,-76.74342758059278,-0.07777489721775055,-0.39593446254730225,2.1874642372131348,-134.62685677208904,-12.225114054117375,-164.57202096875156,1.7341064548,1.36329569032,0.122519860964,1.12317132264,-0.734803265552,-23.1685599529,1.70391292646,3.12987451306,1.54427079503,0.771867930179,56.6153735328,-88.8607341719
0157,156,0157,0157,frame_id,True,,3.6959966181831736,123.78889245487493,88.82608784565912,31.961440624818152,87.0220770562937,13.660391001621456,1.0578052300196903,0.1,13.766171524623424,0.03134835100354394,52.10758082994381,-2.238444095209058,-0.39373463240076534,2.914572365458335,2.157756468012746,-0.006302119823203167,-0.6907101942852392,126.68867809358169,19.18499294750566,-77.15545185741088,-0.08068762719631195,-0.4000367522239685,2.2238621711730957,-144.48523406075918,-12.776447677312499,-164.17752891370458,1.73573739272,1.36593605298,0.122801567222,1.34939355642,-0.703909971723,-22.4616717759,1.70391782463,3.12986874878,1.54426638361,0.76366579939,56.6097930934,-88.8722327123
0158,157,0158,0158,frame_id,True,,3.6616551140012614,131.2494757566421,100.21431638395524,29.002576375787555,86.89365594979162,13.407718173891592,1.1745776062029105,0.1,13.525175934511882,0.03408576999936486,51.946706438064496,-2.2383711098413688,-0.384718006247607,2.8721777459252023,2.157914107916854,-0.007335895901593448,-0.6845942994225165,126.53964927688253,18.640738117754122,-77.3768458897286,-0.08045700192451477,-0.39205390214920044,2.1875834465026855,-133.24603433916224,-10.361838258033446,-164.27050183952022,1.7370801301,1.36835385172,0.122543138395,1.16937195704,-0.60131346455,-21.8859810595,1.70390089839,3.12985720273,1.5442750225,0.763702349285,56.5049176453,-88.8627218548
0159,158,0159,0159,frame_id,True,,3.655945125649259,123.56205436738126,88.89631579714722,30.468372608196148,87.98636191832496,13.365934761758577,1.054314855764758,0.1,13.471366247335054,0.029184964005253278,51.903026218427456,-2.2467542944947443,-0.3850001935160905,2.8582870312340174,2.1641915945807657,-0.008162742456123251,-0.6581084080345545,127.05477398141359,17.908551849979737,-77.70545638939355,-0.08256269991397858,-0.39316293597221375,2.200178623199463,-144.04891022143917,-12.559820758216413,-165.6918183077185,1.7380465822,1.37043956662,0.122752801328,1.17235833648,-0.677943850448,-21.1093912226,1.70402861842,3.1296983837,1.54428358109,0.758198879357,55.849154122,-88.8744408922
0160,159,0160,0160,frame_id,True,,3.6157225493929364,131.15938332960656,100.59436612582556,27.482082624660677,88.15830143110874,13.073449554188556,1.1731456135075649,0.1,13.190764115539313,0.03488359900075011,52.03218481187219,-2.250138889586779,-0.3762790027782601,2.805127206353739,2.1682883683203187,-0.00974991286543192,-0.6385539202972208,127.56691711872024,17.205600142854344,-78.03145409420058,-0.08185052126646042,-0.386028915643692,2.1665732860565186,-131.8387167554542,-10.276482481806328,-166.18975552530932,1.73901749821,1.37268594415,0.122618631632,1.33652397886,-0.672971598782,-20.3663272105,1.70402483329,3.12964749647,1.54430152004,0.728852393319,55.3845377986,-88.912041769
0161,160,0161,0161,frame_id,True,,3.674261983874233,124.05410101972832,88.59596416595087,23.64543347157982,86.50247393171493,13.500201126143416,1.0618906942913837,0.1,13.606390195572555,0.03403406600409653,52.073644101399076,-2.2396860840498207,-0.3810031880053564,2.8877056535919223,2.1542938398896454,-0.010973526128859934,-0.678791135235599,126.35491826329941,16.75981908220872,-78.72179747002785,-0.08539224416017532,-0.3919767141342163,2.2089145183563232,-145.04911757074973,-6.885614389371111,-165.22427140174278,1.74056099163,1.37496899978,0.122707191478,1.36135185806,-0.569860359973,-19.6148691316,1.70390837053,3.12985925992,1.5442825614,0.765962641875,56.4947020551,-88.8654609537
0162,161,0162,0162,frame_id,True,,3.6508355182870256,130.72973874920882,100.65951330219832,21.36413317470226,84.13950443836103,13.328599981586095,1.1663235847522695,0.1,13.445232340061322,0.03167920599662466,52.05393415785216,-2.2371364244930123,-0.3729902759773853,2.860891269136076,2.152004920851407,-0.01234043085740777,-0.6797749265915204,126.15122302622363,16.11481056109931,-79.16625874347227,-0.08513150364160538,-0.3853307068347931,2.1811163425445557,-133.18926367157803,-5.249322613602938,-163.3057631818333,1.74176978682,1.37742607317,0.122698645809,1.35029038422,-0.51891156253,-18.8431205024,1.70392054935,3.12986725958,1.54427830936,0.759094328307,56.5752551675,-88.8716799541
0163,162,0163,0163,frame_id,True,,3.679992919898124,122.00267446845773,87.69712692147084,23.003701749493075,85.63792297894915,13.54234789050032,1.0304215855152752,0.1,13.645390049051848,0.029037627995421644,52.08455239408736,-2.2396186862266094,-0.3769464439630772,2.8955772152005386,2.151512150851491,-0.01303169662949788,-0.6759262313901135,126.16951566423928,15.590529564702681,-79.5717466685389,-0.08810653537511826,-0.3899781405925751,2.219650983810425,-146.13335741428986,-7.413172184790384,-165.20966964748806,1.74252798772,1.37952286057,0.122725181486,1.42243647327,-0.56479671427,-18.19160786,1.70389303294,3.12986330574,1.54429695137,0.769999731439,56.5192386884,-88.8646957798
0164,163,0164,0164,frame_id,True,,3.618020761120781,131.79076908718676,102.83097430708148,21.654914279167002,86.33240558686029,13.090074227900997,1.1831920153356807,0.1,13.208393429434565,0.03687555599753978,51.7206419625502,-2.2326605190573905,-0.3614187522636514,2.8239471879012834,2.146676281565306,-0.013921381641759378,-0.6851465668685683,125.38373266656632,14.943544267649482,-80.2863188725581,-0.0859842374920845,-0.37534013390541077,2.138800621032715,-131.7852930263522,-6.7113700115175305,-166.6187244594184,1.74343500062,1.38199307241,0.122578262482,1.10029404219,-0.668192784474,-17.2648943048,1.70391050943,3.12988375159,1.54425145595,0.769133157799,56.8209928695,-88.8593920154
0165,164,0165,0165,frame_id,True,,3.6489530043998246,123.8603681602879,92.21755680371712,26.52922638300703,89.27154419094911,13.314858028318508,1.0589057975347644,0.1,13.420748608071984,0.03282176299398998,51.89752914474879,-2.2358331103985107,-0.3655357993316817,2.8604705749528656,2.1467689369981087,-0.015582468442900232,-0.6772275386827239,125.66260588226484,14.354232496180206,-80.49726685226001,-0.08906417340040207,-0.3811182677745819,2.1832430362701416,-142.119837314018,-12.174993886826815,-169.76881104320913,1.74500346016,1.38491602656,0.122665018227,1.2866150801,-0.551146967472,-16.6672008895,1.70391246089,3.12987340542,1.54425993137,0.771136015959,56.6738808764,-88.8632973941
0166,165,0166,0166,frame_id,True,,3.5872983978170545,132.796596584081,104.27585764567073,20.71988092310002,88.47988239806666,12.868709794980806,1.1992475025476816,0.1,12.988634545235573,0.03571389400167391,52.03388492752004,-2.2399455581893988,-0.3548221366972413,2.7794702629526356,2.1530703579177923,-0.015723697605660947,-0.6515212635477285,126.3918501610783,13.708250011208346,-80.73046572406686,-0.08687520027160645,-0.3705458343029022,2.1279489994049072,-129.33229219325096,-7.011630911891682,-169.21034812213352,1.745578266,1.38694024158,0.122563527188,1.45773874841,-0.55513355893,-15.9947330689,1.70399236829,3.12975655938,1.54428820278,0.760494848344,56.0380859746,-88.8656288945
0167,166,0167,0167,frame_id,True,,3.666351522168859,124.43347973081497,88.69438529519527,15.169106746207717,87.22830354526918,13.442133484109908,1.0677436476834525,0.1,13.548907848878253,0.033115329999418464,51.6407698585489,-2.231361365667582,-0.36394998174938964,2.8862952639500743,2.1394384938991076,-0.016465398251678476,-0.6893834521214611,124.82482669905393,13.188891926775895,-81.7419885195868,-0.09192287176847458,-0.3804153800010681,2.1969118118286133,-146.4807880057508,-1.9802148194318163,-168.97029206485598,1.74609841865,1.38931612352,0.122539581077,1.13507224137,-0.787947347931,-15.0235907745,1.70390966704,3.12991131619,1.54425200174,0.792290229555,57.098048793,-88.8396230727
0168,167,0168,0168,frame_id,True,,3.6212765049465405,131.91922007946437,102.27835722642737,15.481148348947329,86.87897995698495,13.113643525277832,1.1852389306431204,0.1,13.232167418342144,0.032597486999293324,51.547649721864346,-2.2394434098438016,-0.3562495227484985,2.823406279111539,2.1481418419913045,-0.018019485887976083,-0.6555255055672274,125.535913182841,12.459468877562525,-81.91891576180359,-0.0913015678524971,-0.3742690086364746,2.1678807735443115,-132.18572959073165,-3.0216794713848127,-168.79789571878854,1.74731412058,1.39168714803,0.122497155619,1.0524503082,-0.730686937291,-14.3170803689,1.70391035566,3.12984447383,1.54428370345,0.74930594682,56.248751625,-88.8808120218
0169,168,0169,0169,frame_id,True,,3.6627674500017373,122.94350707189332,89.68001176825237,17.45862359372896,88.11055886806896,13.41586539279223,1.0448160927105625,0.1,13.520347002063286,0.03469505700195441,51.63916176753345,-2.247263166771707,-0.3651555204912682,2.869204610674913,2.1516062055690854,-0.019116935677860214,-0.6375025213652209,126.00773839191064,11.780456134548109,-82.21848280644319,-0.09565696120262146,-0.3842724561691284,2.2317020893096924,-144.312249839837,-5.678167459180854,-170.32904167451215,1.74812176472,1.39400150483,0.122576071643,1.16109208285,-0.684206685061,-13.5921859704,1.70391921473,3.12977602436,1.54430640393,0.726124327783,55.8203112638,-88.905425279
0170,169,0170,0170,frame_id,True,,3.631739750389576,130.91667864871377,101.69649220121522,15.765141393976023,88.70379471970334,13.189533614559737,1.169290439327961,0.1,13.306462658492533,0.04151889499917161,51.61232542664989,-2.2404351646672938,-0.35603786640129664,2.8360572852413237,2.1460512096654627,-0.019706059170145007,-0.6497891940395416,125.55032729313132,11.250909274703668,-82.76814450645152,-0.09438395500183105,-0.37574392557144165,2.1862680912017822,-132.75318050565346,-4.514232119272341,-171.47193922615486,1.74889219279,1.39632799152,0.122628042192,1.17320759255,-0.748295584267,-12.8553994571,1.70393429397,3.12982119464,1.54429263767,0.753621069452,56.1972630131,-88.8830441377
0171,170,0171,0171,frame_id,True,,3.6445096990469366,124.2088725817036,89.8624750480389,11.603923032832483,87.77378011338247,13.282450946447193,1.0642772304857302,0.1,13.388878669495766,0.038666113003273495,51.37693797206854,-2.2415902565641286,-0.3563462960514805,2.851445490521316,2.1452125112933995,-0.020868165513537207,-0.6448693815888209,125.3181791859724,10.459388326069824,-83.28946233507632,-0.09637774527072906,-0.3772144615650177,2.206576108932495,-144.8193457659887,-1.144534706762648,-171.0632424484588,1.75010378505,1.39894485497,0.122935273887,0.950943324379,-0.739037198004,-11.9088006065,1.70395309049,3.12979505128,1.54429252299,0.747953850211,56.119804063,-88.8845806434
0172,171,0172,0172,frame_id,True,,3.6321805041670974,131.1600500942712,101.89687368302236,12.636481142249949,88.61832590802035,13.192735214851549,1.1731562096601003,0.1,13.31005083581756,0.033480840000265744,51.6330272393965,-2.232392821829972,-0.34949964994378124,2.8437664282747868,2.1364602562004897,-0.02136724477820362,-0.6671204340883855,124.89539359926339,9.982608077420577,-83.61239614022682,-0.09593256562948227,-0.37086689472198486,2.1766459941864014,-133.20773271771426,-2.6538730648293676,-172.23072204824717,1.75095682402,1.40167007824,0.122625039375,1.22435014844,-0.607160702702,-11.3323947917,1.70389920346,3.12988477499,1.54425375368,0.778981687399,56.7778224833,-88.8477641801
0173,172,0173,0173,frame_id,True,,3.64364635083161,124.08715115873957,92.13631902897328,14.861343357171279,89.74068777257814,13.276158729928508,1.0624001750648115,0.1,13.382398747434989,0.03408289399521891,51.82872442932023,-2.2398257879527375,-0.352333321272162,2.8522272700946774,2.1419031573446556,-0.022659853996011226,-0.6425428981464351,125.69934764900476,9.548048581009068,-83.86220614905191,-0.09792263060808182,-0.3749931752681732,2.209684371948242,-142.16433332202195,-5.313294776162204,-173.60289392163006,1.7515120392,1.40391925005,0.12299439023,1.46216417643,-0.673744809549,-10.8405363716,1.7038874389,3.12982987161,1.54429253074,0.73400838208,56.1663357268,-88.8981394883
0174,173,0174,0174,frame_id,True,,3.6076533012336336,131.90114385551624,103.00307826676016,11.593595180308398,89.97626448027849,13.015162341901934,1.1849508171982581,0.1,13.13365742362176,0.0392175680026412,51.74636558374597,-2.2349821791544735,-0.3426332144986399,2.8111598106628843,2.1382610142722904,-0.022973212694048062,-0.6479069801575135,125.38452993441472,8.955260147920152,-84.17333619449387,-0.09672116488218307,-0.365606427192688,2.163252830505371,-131.61239179882514,-2.6383350323882566,-174.14960067477236,1.75210365332,1.40637975205,0.123102309717,1.38429907614,-0.566817781724,-10.1759374867,1.70389866728,3.1298597747,1.54428642145,0.753866696606,56.3622236089,-88.8779658333
0175,174,0175,0175,frame_id,True,,3.6064669677488976,123.39424844094361,89.258379851202,9.025470682075735,89.25256259607336,13.00660398946393,1.0517351975761142,0.1,13.111777509221541,0.038452404995041434,51.451322063007915,-2.2478918144832316,-0.34568333238596183,2.79894433913105,2.148685128463334,-0.0234632828808381,-0.6050823777663041,126.13999973946804,8.09030044227565,-84.71048841812136,-0.09920668601989746,-0.3691466152667999,2.193861961364746,-144.60162040933,-0.9351702398000872,-173.96305101419472,1.75278917985,1.40910852935,0.12271981303,1.15134911814,-0.70783120619,-9.1596193741,1.70406998888,3.12965968765,1.54428695633,0.739619950466,55.2881214225,-88.8990221272
0176,175,0176,0176,frame_id,True,,3.5987925739488413,131.00138778369552,103.0971846854979,8.571453783156699,87.99781845205733,12.951307990309328,1.1706355552795318,0.1,13.06837154583728,0.03107164899847703,51.453106408766665,-2.234118250473735,-0.3372617647178515,2.8011208712351037,2.135946934386489,-0.024096311616148114,-0.6429592310678675,125.05319844896128,7.594400988745389,-85.34355221820384,-0.09817131608724594,-0.36135807633399963,2.1581616401672363,-131.8496168655408,-0.9770527944113164,-173.34137067026117,1.75336630748,1.41141743039,0.122715762206,1.18733449524,-0.772408626014,-8.39622829975,1.70390731896,3.12982696208,1.54428848332,0.75729961958,56.34833674,-88.8711834759
0177,176,0177,0177,frame_id,True,,3.6319689891761517,125.51424998959288,93.77592142798693,8.193517002512067,89.49082685581338,13.191198738337238,1.0844732836208464,0.1,13.299646066699323,0.035288313003547955,51.579353570213264,-2.231581782918076,-0.34169429355940095,2.8450811050362628,2.1312230657745403,-0.024544717728288257,-0.6525774143166582,124.85624793467967,7.040859093670036,-85.71742941522412,-0.10035871714353561,-0.3662390112876892,2.1925036907196045,-141.3678306373334,-1.1526579088420406,-175.2082562710375,1.75393325408,1.41355293928,0.122885072077,1.32722185743,-0.725701891214,-7.72431645577,1.70390782947,3.12987910722,1.54425533456,0.757465501197,56.6500958731,-88.8615723689
0178,177,0178,0178,frame_id,True,,3.6010861109146153,130.10230353176564,103.2004754131338,9.86396121163321,90.23531467055551,12.967821178222149,1.156382056028082,0.1,13.083459383824957,0.036606178000511136,51.470881140457394,-2.228655566114177,-0.3331391008513558,2.808902612290856,2.1292517153799433,-0.02502339166230083,-0.6527689605574574,124.67957942508528,6.467582204667225,-86.04671914483114,-0.09940385073423386,-0.3581624925136566,2.1561336517333984,-132.11994516178092,-3.3963790069659896,-176.28203381538665,1.754564013,1.41589629467,0.122897993197,1.24025472619,-0.684100954165,-7.06984875576,1.7039462497,3.12985163554,1.54424991478,0.776937150824,56.7082217526,-88.8487019102
0179,178,0179,0179,frame_id,True,,3.5652557600674704,125.12713116845215,91.31620861179346,3.477342062620039,90.1601491104555,12.711048634694276,1.0784714920755627,0.1,12.818895783901832,0.032104301993967965,51.11914354295865,-2.257580790212225,-0.33450500393822713,2.739066266576862,2.1556794825101604,-0.027331340065450238,-0.5511368747159001,126.96826084667173,5.422937952430192,-86.04005670290266,-0.10190130770206451,-0.36183634400367737,2.187929391860962,-141.71553054153483,1.9455958898101486,-176.20020581335817,1.75515476461,1.41888055595,0.122384476634,0.898498499044,-0.370504814105,-6.23210909398,1.70393305306,3.12964430572,1.54439594525,0.657431808701,54.0717168108,-88.9882414192
0180,179,0180,0180,frame_id,True,,3.5871252285771433,130.36376739654878,103.34153184733032,6.319246438592074,89.96474319335834,12.867467405494622,1.1605218183399686,0.1,12.983519587328619,0.034945409002830274,51.11390305115998,-2.232737693812611,-0.32923359224987037,2.7881813136625837,2.131910759832623,-0.02663969447422021,-0.6303749171782088,124.79491717877661,5.04686526332467,-86.71521411835406,-0.1008269339799881,-0.3558732867240906,2.157806396484375,-131.8635509738931,-1.27238117526739,-176.6799573117124,1.7554493643,1.42121593533,0.122625108021,0.930933613578,-0.498253838495,-5.53193553057,1.70392024811,3.12983353559,1.54427778842,0.751282847646,56.2303933296,-88.8883821447
0181,180,0181,0181,frame_id,True,,3.6245174594467184,126.25925884466213,93.62377764969091,2.996136313429645,90.86854732709162,13.137126813834096,1.0960530545796496,0.1,13.24673211929206,0.03358252000180073,51.2724212900597,-2.2284336150915527,-0.33338437313120783,2.839025413186011,2.125731518986931,-0.026667050180025687,-0.6446386925286622,124.52920192192106,4.601389649892739,-87.18427278739907,-0.10270209610462189,-0.3600514233112335,2.1943867206573486,-141.84702042838802,1.605253336463082,-178.0528201144907,1.75586154454,1.4235544697,0.122746463717,1.12990945942,-0.601407300433,-4.89177194201,1.70389445494,3.12988701858,1.54427146192,0.766764651282,56.6633555125,-88.8609879177
0182,181,0182,0182,frame_id,True,,3.596943241297954,131.45537330161483,103.0681464773964,2.1122228011060997,90.31341700928853,12.938000681119032,1.1778522012898236,0.1,13.055785901248015,0.035976027997094207,51.05839779415971,-2.229189005338924,-0.3270465958868789,2.8038825909288527,2.1264996497271227,-0.027375436946220466,-0.6342012802751663,124.54214994265661,3.8956399378503925,-87.5744611771869,-0.10268935561180115,-0.35442203283309937,2.1696813106536865,-132.389703579947,1.783417136744285,-177.88787818647543,1.7564664497,1.42655324212,0.122659684374,0.953026142954,-0.557385558964,-4.09414048801,1.70393968153,3.12985018883,1.54427211,0.767109577194,56.4517179871,-88.8685287685
0183,182,0183,0183,frame_id,True,,3.614756280943033,125.74778927214037,92.14412830602373,1.4893232536906567,89.58199690526324,13.06646297061711,1.088099074506939,0.1,13.175272878067803,0.03367460099980235,51.03870676772143,-2.23153237200663,-0.3290723148739658,2.824612832741341,2.127040035495018,-0.028001021965710082,-0.6248740918203202,124.73530842706305,3.363643908950877,-87.9985570593059,-0.10449233651161194,-0.3570733368396759,2.1997387409210205,-143.1205632669132,4.852967162641536,-177.58055396456913,1.75668721439,1.4293154917,0.122682563718,0.976975087694,-0.620975538979,-3.42108376738,1.70389623162,3.12983861107,1.54429616561,0.749469799287,56.2627860091,-88.8895426242
0184,183,0184,0184,frame_id,True,,3.571192786146539,132.19303739703338,103.81269020213426,0.27734135476006827,90.99245540389754,12.753417915825079,1.1896057274788194,0.1,12.872378488572961,0.03519603900349466,51.28398823878007,-2.22820498325482,-0.31986501836489745,2.772400915894,2.125743153473288,-0.02823325968075685,-0.6220660808415098,125.02602749335311,2.9219665097370107,-88.55960007327178,-0.10246182978153229,-0.3480982780456543,2.1503348350524902,-131.1612823045126,2.6446251549769295,-179.55205547716932,1.75717063535,1.43168615996,0.122993565683,1.26293057719,-0.844826363789,-2.7360680049,1.70393636259,3.1298161057,1.5442845563,0.752338853831,56.2357564697,-88.8810501949
0185,184,0185,0185,frame_id,True,,3.5878588907049855,126.3838221945718,93.63271942584993,3.0294629280337517,89.65975769145064,12.872731419610808,1.0979929006735207,0.1,12.98253070967816,0.034388719002890866,51.191126427241365,-2.224003919024175,-0.3190908271020678,2.7972699247364807,2.1199217220732627,-0.028618888264295705,-0.634834631538849,124.55290648071932,2.2956794816108053,-88.98352658425074,-0.10408219695091248,-0.3477097153663635,2.162435293197632,-141.81437409343076,5.3251424096445685,-178.64328427570138,1.75772080316,1.4342500244,0.123063637609,1.19743127897,-0.836984474533,-1.9798677728,1.70389974886,3.12988003913,1.54427590365,0.770042131603,56.6352711847,-88.8603186326
0186,185,0186,0186,frame_id,True,,3.558086676898687,131.46752427009852,104.59834306161497,0.8568451641723698,93.02663586113636,12.659980800323943,1.1780455333704027,0.1,12.777785353660983,0.03402561999973841,50.786045423493505,-2.218443613576113,-0.31156369696430986,2.764311269817716,2.115883354174315,-0.029036883012725667,-0.6416596928218663,123.92510400481821,1.4129077088509439,-89.18597286140185,-0.10256025940179825,-0.3406005799770355,2.1226515769958496,-131.47655293356684,0.5560625446785816,177.7873912774618,1.75800769335,1.43710660768,0.122596006574,0.821636982522,-0.512547955774,-1.1351578796,1.70391381696,3.12988895613,1.54424801876,0.77387683589,56.8908900108,-88.8587575167
0187,186,0187,0187,frame_id,True,,3.544124823510626,127.4117246294988,94.4199666781758,5.94600558441158,90.28382725112517,12.560820764624225,1.1140410740455442,0.1,12.67222487202878,0.03464735500165261,51.0242495793826,-2.2284987061751966,-0.3120451249598215,2.7381092237506723,2.124846564186919,-0.02885541539204617,-0.6047359632526254,125.14270145973614,0.9436116905470471,-89.64515378806773,-0.10365214198827744,-0.3409005403518677,2.133373260498047,-140.43733186208806,6.88961727495863,-179.9289810391929,1.75813759236,1.43918776783,0.122792322442,1.09232632768,-0.661027490312,-0.483079045974,1.70401728921,3.12973883225,1.5442771915,0.761771504087,55.940890452,-88.8714351748
0188,187,0188,0188,frame_id,True,,3.5547832533359345,130.2608094097416,102.59313594109,0.7867551230114316,93.32282724029778,12.636483978197612,1.1588911597434428,0.1,12.752373094171956,0.03325955400214298,51.21852771926223,-2.21690805695318,-0.30864805515943794,2.761618913474483,2.1131655319716813,-0.029811973012101367,-0.636582912269039,124.45612286021628,0.47244810057519915,-90.22528479236603,-0.10374252498149872,-0.3384600281715393,2.1250360012054443,-132.95074119869372,1.2592032235866366,176.45188796733618,1.75871758114,1.44193203684,0.123208695347,1.3161501612,-0.865907357149,0.223599710634,1.70389771958,3.12989285398,1.54425696547,0.766282327167,56.8536978039,-88.8623586831
0189,188,0189,0189,frame_id,True,,3.550566455805093,127.2388370347031,94.08460808762203,6.826720884983672,91.76557583733569,12.60652215708834,1.1113368366907383,0.1,12.717655840757415,0.03340603900142014,50.85659747874956,-2.2215719268400917,-0.308111065837841,2.752491217437871,2.1161471874196778,-0.02961016276170736,-0.6205892379914597,124.51151765788399,-0.22646903297638468,-90.43778201349197,-0.10542473942041397,-0.33772122859954834,2.131901979446411,-141.40387425449399,6.6002518520072915,177.79664214917233,1.75869041502,1.44444669276,0.122864992471,0.992331489752,-0.659341424318,0.932557365304,1.70390593792,3.12986594063,1.54428938471,0.759556775407,56.4834144601,-88.8647340758
0190,189,0190,0190,frame_id,True,,3.5394874666058054,129.7631398372985,102.77925127487828,0.9003961611232967,95.29561242483487,12.52797152625958,1.1510186177467263,0.1,12.643073388034253,0.03929814499861095,50.77571251523483,-2.215549446515035,-0.30307380063904343,2.743621411141251,2.1119544355787747,-0.029891752167810814,-0.627107920464371,124.24105787422857,-0.8579268964219426,-90.84217880295006,-0.10359501093626022,-0.33296555280685425,2.11651349067688,-132.97969085089315,0.042469264701359144,173.86220877221507,1.75877956929,1.44729314499,0.122842521823,0.950159022377,-0.653633295344,1.67411898537,1.703927491,3.12987845344,1.54425285245,0.766205328049,56.7241107763,-88.8646866101
0191,190,0191,0191,frame_id,True,,3.5150055000272253,128.1278902049677,95.42476984095998,8.868789163724273,91.73128441268511,12.355263665221644,1.1252644548552193,0.1,12.467790110707165,0.03372254299756605,50.999862897098005,-2.2210240008052065,-0.3002180263653902,2.7078008031821965,2.1169044391926004,-0.03058542755688154,-0.601854262349677,125.13936718548676,-1.2205618403712801,-91.4999657656485,-0.10411956161260605,-0.33080345392227173,2.1059465408325195,-139.43586297355324,7.64822732335298,176.76874982166638,1.75890630725,1.44998783479,0.123173386454,1.20114017054,-0.972207369904,2.337301071,1.70389484564,3.12981911171,1.54429584646,0.732485954993,56.097875592,-88.904636565
0192,191,0192,0192,frame_id,True,,3.5429566128961567,127.16760847428077,100.03273042745604,0.44762210631088806,96.08583870715955,12.552541560864608,1.1102232965761365,0.1,12.663563890522221,0.03210524899623124,50.66626804805786,-2.217354260487191,-0.30316284174152464,2.746629559250958,2.1127932519742174,-0.030538828428305687,-0.610214316102154,124.57509302767609,-1.761162926667627,-91.6035472601257,-0.10456100851297379,-0.3337016701698303,2.1364152431488037,-135.39217654486785,-1.313540820356725,172.31061403271477,1.75926238413,1.45209805979,0.12327363137,0.897594276296,-0.777015505946,2.84759040494,1.70391348715,3.1298482582,1.54428743445,0.755047380505,56.3694168803,-88.8783168966
0193,192,0193,0193,frame_id,True,,3.524286500196146,127.82506269374888,96.50952477235512,7.374021213396617,94.93077449741293,12.4205953354648,1.1205145024118655,0.1,12.532646785705985,0.03529574300046079,50.59467963087586,-2.220389961440258,-0.30018701659490965,2.7203587097417827,2.115207492549114,-0.030657862555480975,-0.5934434932958597,124.96495362205864,-2.702832557897045,-92.06333390232328,-0.1051824688911438,-0.3308448791503906,2.126915216445923,-138.52552160558625,4.671188655499574,173.00589160026377,1.75928677535,1.45540994202,0.122794009299,0.886905827582,-0.612821772984,3.88477615223,1.70397324924,3.1297660657,1.54430370175,0.743958216404,55.9988787528,-88.8928150138
0194,193,0194,0194,frame_id,True,,3.5105849002234764,126.54108181274741,97.35258811017036,5.5103289490327825,95.1124896663822,12.324206341677074,1.100443453178665,0.1,12.434250686994941,0.030743233000976034,50.531122014918374,-2.231425895062772,-0.3006294125594833,2.6934302984901097,2.1256102013266958,-0.03146820721247412,-0.5472520529456761,126.15768105762672,-3.2380798062231984,-92.52690305245594,-0.10581569373607635,-0.3320976197719574,2.1461782455444336,-136.48973083220295,2.272249142809589,172.3606072811619,1.75940582249,1.45776166702,0.123023160441,0.854646898474,-0.593623490851,4.58585925537,1.70391897832,3.12970940877,1.54436257961,0.692272315112,54.801979554,-88.9505047808
0195,194,0195,0195,frame_id,True,,3.529295631037109,127.72630662423062,97.34510467372041,9.443737367531497,94.23228184862535,12.455927651257625,1.118966806391206,0.1,12.567824331896745,0.03343393199611455,50.579115261886315,-2.2134001156752223,-0.2963890754948635,2.7329363503590485,2.1076530045335407,-0.030742672704599405,-0.606636730684366,124.61268728530985,-3.9571576746437085,-92.80809670974281,-0.10574711114168167,-0.3271317481994629,2.1262996196746826,-138.04220804096974,5.486579692887781,172.95962144163184,1.75929890966,1.4602222708,0.122880776291,0.938479164599,-0.560319191096,5.34359787131,1.70391395253,3.12985749987,1.54429033403,0.745885293458,56.4617562989,-88.883569117
0196,195,0196,0196,frame_id,True,,3.5356328271882127,126.99915851278584,98.7385663061886,6.78899430271656,95.84817142009138,12.500699488690913,1.107591230151819,0.1,12.611458611706095,0.0374483039995539,50.61100509409283,-2.209238472797082,-0.29529996241980117,2.744587909176712,2.1032566609160166,-0.03063328538484056,-0.6142726053742213,124.44643667986618,-4.4731043002867565,-93.15184500356784,-0.10598181188106537,-0.3259332478046417,2.1303153038024902,-136.81499701394523,2.3158900024297946,170.9999835763408,1.75947214948,1.4629843912,0.122879331842,1.00814765683,-0.597422936919,5.96183490005,1.70392740017,3.12988251504,1.54426008278,0.773859613271,56.7312372802,-88.8587649045
0197,196,0197,0197,frame_id,True,,3.4972447555491444,127.55178873747926,95.32919035173,11.45715664049689,95.47939459961367,12.230720880215994,1.1162333787797303,0.1,12.342344218093967,0.03455492599459831,50.636358579007215,-2.2173681911042937,-0.29155527159213945,2.688678989560059,2.1116317193917045,-0.030547871146202832,-0.5762055017060551,125.5160787064458,-4.810812835734934,-93.68352458288211,-0.10573647171258926,-0.3221031427383423,2.112473487854004,-139.1547309418242,6.646343804761968,170.83708081750424,1.75976349399,1.46546841021,0.123261325841,1.05297248445,-0.754534228803,6.54651912203,1.70409557449,3.12966522326,1.54427663932,0.762124637096,55.7518399526,-88.8714929588
0198,197,0198,0198,frame_id,True,,3.525897596045107,127.83564184782576,98.44835458427178,9.564781386309562,96.4305423011399,12.431953857796664,1.1206803366950118,0.1,12.544021891466166,0.03436553699430078,50.79579606318358,-2.2061651487678446,-0.2914267347453834,2.734933208038994,2.1007309992641368,-0.030664904296517248,-0.6079655395056687,124.83178180150715,-5.390364358095406,-94.24626346498967,-0.10543414950370789,-0.32209163904190063,2.126967668533325,-136.71986361422108,4.174417028214142,169.32319423387042,1.75939454236,1.46808639417,0.123365407306,1.21829799929,-0.994572769686,7.32666667485,1.70390449722,3.1298741867,1.5442860076,0.775193652015,56.6689196963,-88.8606791563
0199,198,0199,0199,frame_id,True,,3.5109033957390547,127.6086226213051,95.95185116952001,12.285080236455428,96.73125138803653,12.326442654212027,1.1171233281384079,0.1,12.438154987025868,0.03324148100364255,50.6986592557964,-2.204338433390802,-0.28790420426301666,2.717433696423133,2.0992344787179884,-0.0305560217959433,-0.6056630665403205,124.82801632687155,-6.063175451607885,-94.66305994406889,-0.10510395467281342,-0.31846022605895996,2.1117706298828125,-139.22013250360843,6.221904784847536,168.60568866789458,1.75919366422,1.47089119246,0.123279432227,1.16175965984,-0.966119535908,8.11525424547,1.70390800427,3.12988128414,1.54427985052,0.772890051131,56.6711232161,-88.8639710317
0200,199,0200,0200,frame_id,True,,3.501383564176796,137.1461658453713,97.23830638294015,5.306068377046699,93.94986773030581,12.259686863487403,1.2693717074389508,0.1,12.386624034231298,0.040557174004788976,50.33768418974098,-2.2193796139790742,-0.38791665220727567,2.680216719498966,2.113053749187204,0.0680536010312045,-0.5439585941937901,124.03943271437491,11.594532577667273,-97.32498235054958,-0.10632586479187012,-0.31986305117607117,2.136258125305176,-138.72226090268492,6.288464200620584,168.72514991914463,1.75892068799,1.47369317667,0.12284586386,0.882243701102,-0.714224397245,8.92273080769,1.704428474,3.12959461868,1.54430265347,-20.7236309357,54.8670776286,-92.5751067758
0201,200,0201,0201,frame_id,True,,3.522922094682474,127.34810970256527,94.43947675586355,16.52630747430831,95.62644758857613,12.410980085201953,1.1130458004338943,0.1,12.522284665245342,0.032176152999454644,50.39656832077561,-2.2063674256826133,-0.2883932496299879,2.7312546936630584,2.0992676318312378,-0.030378559709535402,-0.5920261112808565,124.98132784775048,-7.431189152052612,-95.36910050535683,-0.10709979385137558,-0.3187718093395233,2.139228582382202,-140.57919539638598,9.09511832225571,169.00445190606703,1.75877833135,1.47594139153,0.123058914438,0.959858719221,-0.743477869529,9.64214336791,1.70392037321,3.12985431372,1.54429253831,0.756434519988,56.4181647413,-88.8814088131
0202,201,0202,0202,frame_id,True,,3.507992109325392,127.44804787742733,98.71981621617459,13.710652006108717,96.48448140013892,12.306008639089212,1.1146094840624101,0.1,12.417469587495454,0.0337657499985653,50.37567630882661,-2.2029698833158506,-0.28431313093174815,2.71516083793803,2.0973710014751448,-0.030187647981749777,-0.5918953331009941,125.01060047539917,-8.0739281042611,-95.77639272942339,-0.10559888184070587,-0.3145007789134979,2.123265504837036,-136.26958330842623,5.636723901847632,167.7391258704377,1.75872063381,1.47837728225,0.123068152016,0.975682572751,-0.722577993321,10.4095303483,1.70391723166,3.12985654756,1.54427514631,0.749802863575,56.4694086835,-88.8774699768
0203,202,0203,0203,frame_id,True,,3.495272610314689,126.84011891123987,93.1669165901618,19.174386181019912,95.48817957928611,12.21693062041606,1.105107972331892,0.1,12.327441417649249,0.0374523450009292,50.20871248344074,-2.2063003323033237,-0.2828823931742346,2.6961355707245733,2.1000380135133647,-0.030055760569509316,-0.5731456777649786,125.40678190958485,-8.706092841193646,-96.15303458553086,-0.10626231878995895,-0.3129381537437439,2.1229898929595947,-141.42630150025332,10.468293339826268,168.35878583518303,1.75860030918,1.48154577444,0.123040700803,0.877332652228,-0.601606755154,11.1397901758,1.70393464754,3.12976559932,1.54428735399,0.75080953109,56.0322350202,-88.8836294065
0204,203,0204,0204,frame_id,True,,3.456990351897993,125.9144232553181,96.99308767715587,13.70103230946384,97.87055608028743,11.950782293115811,1.0906884500954395,0.1,12.059851138125355,0.03390295899589546,50.182916116529476,-2.2190890374216456,-0.281495190553672,2.635751618572212,2.113744145873489,-0.030160271234505487,-0.511678828426338,127.11735947859465,-9.129257574131092,-96.82704430991025,-0.10534489154815674,-0.3116554617881775,2.124072790145874,-135.8895528442495,4.571774735332754,165.30239960980234,1.75852377769,1.48418247266,0.122920274415,0.901283398528,-0.586254284788,11.8698810671,1.70409430156,3.12956037977,1.54433089579,0.709451918083,54.4270812891,-88.9344578467
0205,204,0205,0205,frame_id,True,,3.481184581707343,126.44729555286247,92.52867502916746,19.324331268311454,97.55295443015035,12.11864609191693,1.0989817920796845,0.1,12.228544271124898,0.03877796499727992,50.10649791494411,-2.207692974419338,-0.2814107260631149,2.6768537176829548,2.101957158357841,-0.02923854971660922,-0.5508826388102742,126.02379610258932,-9.808188151649217,-97.12025288291562,-0.10573581606149673,-0.3106492757797241,2.1259710788726807,-141.4475288682432,9.516143116662233,165.32679268693403,1.75801615431,1.48658136354,0.123039835029,0.841309594043,-0.6588314752,12.5964252341,1.70405863392,3.12965251883,1.54429147874,0.742329108401,55.5413060802,-88.889341143
0206,205,0206,0206,frame_id,True,,3.49761119076729,127.30315872760161,97.13779536443053,18.397479795613606,97.36215255605458,12.23328404178058,1.1123426944528112,0.1,12.344518311225862,0.03144256000086898,50.0224423356815,-2.1962107545347225,-0.2799391802977096,2.7076883902659206,2.091337060055257,-0.0287388804723252,-0.5823858370890408,125.12797227911543,-10.475565157709829,-97.42949460279236,-0.10487369447946548,-0.3086780607700348,2.12530255317688,-137.73423235645402,7.921914637903785,165.20835284115307,1.75760629155,1.4894393309,0.123038053374,0.779795605322,-0.73411901121,13.3158611549,1.70394305626,3.12984927827,1.54425772218,0.773502872924,56.4618816928,-88.8550514788
0207,206,0207,0207,frame_id,True,,3.502608565511717,126.9465037559261,94.23180324489539,21.56622431121906,96.98016683967893,12.268266763196047,1.1067688837327874,0.1,12.378943651569326,0.03219659200112801,49.88320901907593,-2.194194270216335,-0.27897220699075764,2.71587053731811,2.0887411291826856,-0.02869692595716411,-0.5835575242413277,125.02558473192593,-11.155540176667936,-97.7767348434525,-0.10545314103364944,-0.30766913294792175,2.1323130130767822,-140.74261202317868,10.410684134551117,165.24309831686858,1.75717809319,1.49245459577,0.122942150789,0.705127542917,-0.646045155212,14.0661926441,1.70391505284,3.12987417608,1.54428748847,0.757754962063,56.5643943758,-88.8705484765
0208,207,0208,0208,frame_id,True,,3.4401684900268488,125.66004974668016,92.29897060047938,21.604007213349746,97.01065939507237,11.834759239773607,1.0867364382417906,0.1,11.943432883597787,0.034639681995031424,50.04954389004381,-2.2179387796907104,-0.27833671277330185,2.614963763351271,2.1127966109900154,-0.02829145485594009,-0.4811723166654799,128.09896935143468,-11.413400733718978,-98.83942332510864,-0.10514216870069504,-0.30662816762924194,2.133791446685791,-139.60206004808597,10.190606479630777,164.14991727981896,1.75671223533,1.49450151778,0.12299275769,0.90622207767,-0.676427942933,14.8882523246,1.70416960772,3.1294830465,1.54436934297,0.701418611505,53.8280144932,-88.943907039
0209,208,0209,0209,frame_id,True,,3.4819772351727933,127.53984781166513,94.61902135895025,23.90384276714329,97.60608762338933,12.124165466261571,1.116046426061915,0.1,12.235770108867763,0.032175432999792974,49.91230419143603,-2.1900369120670287,-0.2733906368969299,2.693169387488016,2.0857820628119437,-0.028087749028363085,-0.5809753262087192,125.29591397121573,-12.47704566317666,-98.69288876430583,-0.10425484925508499,-0.30147838592529297,2.112194061279297,-140.08506466983403,11.426797103966623,163.70102361230485,1.7563499573,1.49703739927,0.123056434173,0.801838937955,-0.645228794785,15.6590761219,1.70390521765,3.12987542194,1.54428745194,0.754628210897,56.5969114718,-88.8770225367
0210,209,0210,0210,frame_id,True,,3.4741051050108833,127.21155350243434,93.95702450794505,25.132553163351815,97.14099802030933,12.06940628066268,1.1109102634323487,0.1,12.180497307005915,0.031331826001405716,49.7245345241061,-2.1935932925750024,-0.2726607049207428,2.6801512806975585,2.0891590333391434,-0.02790471666052552,-0.5612421601378661,125.72981613723285,-12.974046213542266,-99.2607833806076,-0.10443425923585892,-0.3005654215812683,2.1189091205596924,-140.31315935482212,12.158506949809546,163.59821859908308,1.75609542266,1.49980068352,0.122797756336,0.646665485635,-0.689654481505,16.3830347977,1.70392750295,3.12981670897,1.5443051137,0.744672568642,56.124084366,-88.8909330024
0211,210,0211,0211,frame_id,True,,3.3706213316408076,174.71524235660533,123.6479671741796,48.779161986031625,70.26692070476298,11.36108816131205,1.9077962715860954,0.1,11.55186778847066,0.03639933399972506,50.21342668325815,-2.225314578335799,-0.5835673029934635,2.4634350796469455,2.1190233363919626,0.28053192453734777,-0.31494918067538813,95.17040342609896,61.431983199572464,-127.08647628449484,-0.10629124194383621,-0.3030353784561157,2.1484858989715576,-141.18162939972146,12.652821213540838,162.64660301074218,1.75640571348,1.50271646927,0.123539183348,1.19209570178,-0.697836416411,16.9008400303,1.7054456939,3.12955660633,1.54443513032,-86.111782766,49.6865688449,-98.6552703864
0212,211,0212,0212,frame_id,True,,3.4908895288624158,126.13232435297256,92.28916321040907,26.17881418559824,97.45759861411375,12.18630970272126,1.094077381116531,0.1,12.295717440832913,0.03276621799886925,50.09643960949992,-2.1971932447892364,-0.27682376590335833,2.6985218454563027,2.0909596703392204,-0.02668955239688886,-0.5372476507388952,126.93854429751946,-13.916258085562516,-100.35874560297253,-0.10623357445001602,-0.3035133183002472,2.1612741947174072,-140.77229249207147,12.262556100035736,162.18365578291372,1.75553312706,1.50483188176,0.123450769449,1.04843995319,-0.872901241308,17.7770101005,1.70406973462,3.12965579552,1.54428097814,0.766959814057,55.5736647242,-88.8730125128
0213,212,0213,0213,frame_id,True,,3.4980608989349435,127.62510766198339,92.22958861620373,28.8781334310018,98.16700405290652,12.236430052657544,1.1173815044274686,0.1,12.348168203100292,0.035100300003250595,49.95988961400334,-2.1865521552724445,-0.2734919109677387,2.716730001226877,2.081342916445216,-0.02685616227635612,-0.5660973813690888,126.08104154193569,-14.609802884159528,-100.56203576137908,-0.10520923882722855,-0.30034807324409485,2.150632619857788,-141.68936984186058,14.268330546842273,161.27096018571442,1.75485471575,1.50762442566,0.123395975565,0.949059595817,-0.869767601702,18.443326146,1.70392089755,3.12985356885,1.54429505278,0.748598078268,56.4263068278,-88.8885597405
0214,213,0214,0214,frame_id,True,,3.3141313220615625,169.64293513058848,176.4151874297275,55.63392301106691,20.083328151337355,10.983466419869519,1.8194811276394078,0.1,11.16541453263346,0.03563982700143242,49.40428678041993,-2.2263899447623055,-0.5987517901014523,2.380787795579674,2.121700614899711,0.3004431791853146,-0.22848815301680792,41.336651373389884,70.20930901577748,-178.4312645761725,-0.1046893298625946,-0.2983086109161377,2.152299642562866,-142.24816119688262,14.575386004710557,161.48540727249008,1.7538548922,1.51070900479,0.12287424323,0.503109758011,-0.642629495907,19.3142358328,1.70565257145,3.1296897553,1.54437496606,-111.176559275,47.1643807651,-99.7468267574
0215,214,0215,0215,frame_id,True,,3.4955559364880524,126.61301226175623,92.90198558168765,28.860740442856752,98.92542616329797,12.218911305116865,1.101564899288302,0.1,12.329067795045695,0.034954578994074836,49.55456484459389,-2.1772024553651423,-0.27111337457771145,2.721249402681413,2.0742152404422374,-0.024667045725633274,-0.5780194412861495,125.56145501723067,-16.048146217610153,-101.23902185214396,-0.10298721492290497,-0.2957804203033447,2.1432299613952637,-141.5365594010817,12.812594225246608,159.83555198455807,1.75302357302,1.51291483032,0.122970080196,0.657402947372,-0.734753605007,20.00042021,1.70388148406,3.12988800332,1.54426055516,0.775572833519,56.8820226575,-88.8557075872
0216,215,0216,0216,frame_id,True,,3.484930986882007,125.9185830930084,91.6846618585248,30.145027486320828,98.24971398507671,12.1447439833304,1.0907531156868542,0.1,12.253819294899087,0.03239279799890937,49.62746440277889,-2.1798585645254525,-0.27013383462718954,2.705547695640394,2.0771397791202935,-0.024042088243446447,-0.5611420922315805,126.2374140218352,-16.595735289850495,-101.84991728009942,-0.102718785405159,-0.294175922870636,2.1444056034088135,-142.07792411964,13.549292196470326,159.9003687348239,1.75239423119,1.51506630034,0.122988967775,0.761890227753,-0.753839774346,20.7897152479,1.70392491308,3.12985606025,1.54428164987,0.761153240263,56.4666266803,-88.8689680355
0217,216,0217,0217,frame_id,True,,3.4859245125563554,126.51394957628942,91.92780303404902,31.287598366520797,99.15070910461651,12.151669707241265,1.1000205346377143,0.1,12.261671760705037,0.036964058002922684,49.50401374281388,-2.1767984441949677,-0.26905068350770933,2.709396606312126,2.074454974336798,-0.023865852823467426,-0.5629253443339768,126.19509144747241,-17.313220991564336,-102.19740090621355,-0.10234346985816956,-0.29291653633117676,2.1464712619781494,-141.87710551847854,13.974377374956463,158.65188998916994,1.75184289025,1.51790022615,0.122973382698,0.716738514523,-0.646666957484,21.5559682367,1.70392129637,3.12986294958,1.54427477997,0.759715123226,56.5812944987,-88.8798417679
0218,217,0218,0218,frame_id,True,,3.48339515263394,127.30709672335502,90.56284184288302,35.585052084840015,97.18689629002176,12.134041789393631,1.1124042856208933,0.1,12.24528221795572,0.03559103899897309,49.57941715069996,-2.1750146144817184,-0.2667911015612532,2.7077990553791667,2.07236760797003,-0.024446580542857532,-0.560657598775163,126.45182189415995,-17.865750778949,-102.68110397137059,-0.10264700651168823,-0.2912376821041107,2.147141456604004,-142.98533626295702,17.71930130589103,160.13199973860767,1.75247627429,1.52053099387,0.123954502445,0.803234621314,-0.693582971119,22.2779709895,1.70389912009,3.12986638788,1.5442790888,0.758242919165,56.5642310053,-88.8769363992
0219,218,0219,0219,frame_id,True,,3.493861669957479,126.81197535449401,91.22213805387258,34.48084867975601,98.38338344770324,12.207069368798066,1.1046687158214663,0.1,12.317536240380214,0.0322621919985977,49.646225694012806,-2.1731974191680963,-0.2686832718084209,2.722515683255014,2.070794180752378,-0.023414028482640514,-0.5599680949066251,126.66452546490835,-18.410505095728993,-103.18125440775016,-0.10240323841571808,-0.2920973002910614,2.1625475883483887,-142.11333648121908,16.070343584027018,158.4353621445466,1.75168310678,1.52267979041,0.124086197307,0.875536149674,-0.776868140653,23.0017726784,1.70391840348,3.12986997818,1.54428310497,0.767958184954,56.5927129628,-88.8645322275
0220,219,0220,0220,frame_id,True,,3.487242446155294,127.80373422644473,89.32811922919342,38.693216536745865,97.27488937926046,12.160859878267159,1.120180189295317,0.1,12.272877897196691,0.039058920003299136,49.6044076726264,-2.171506632300141,-0.2670301188725579,2.7155319441609533,2.069754708739045,-0.02278149230297921,-0.5570241202168615,126.83210829062934,-18.960764971933283,-103.5751412936558,-0.10175192356109619,-0.2898116111755371,2.158507823944092,-143.83977248017723,19.73245156481259,159.14996932708377,1.75092752512,1.52503635686,0.124077053601,0.883566500214,-0.746089607886,23.6636894255,1.70390347992,3.12986832663,1.54428214767,0.766739268525,56.5659518408,-88.8685512956
0221,220,0221,0221,frame_id,True,,3.4428417266910376,126.4786799038476,89.96813892519003,36.942181075668145,97.52659817122503,11.853159155044926,1.0994708507966897,0.1,11.963106240124596,0.033607737997954246,49.33843590577327,-2.1806045384737835,-0.26334466894551123,2.6511832428503395,2.0805402310225354,-0.022561645904342287,-0.5062106800604227,128.15686765592764,-19.338678957485403,-104.42189170065107,-0.10006430745124817,-0.2859063148498535,2.144972562789917,-141.87499341888233,17.60350211818275,158.0515101281239,1.75023403529,1.5279039004,0.123946592548,0.707718266458,-0.614433631365,24.4459210122,1.70396438059,3.12971113666,1.54432634117,0.712102359622,55.235203393,-88.9271063085
0222,221,0222,0222,frame_id,True,,3.4803518303331082,126.68454494234274,88.81166350285963,38.93050577479386,98.25906278280718,12.112848862903018,1.102680494982325,0.1,12.22311691240125,0.029075316997477785,49.33645645057472,-2.165018709314906,-0.2652445684040301,2.7120450162472594,2.0652512255440585,-0.01982358593099187,-0.5613926076474061,126.745784963392,-20.321703038721378,-104.50913351815065,-0.09976748377084732,-0.285068154335022,2.1506524085998535,-144.44255153374837,18.608802736072473,157.2318036990422,1.74794437706,1.52995402042,0.123309424391,0.688352438156,-0.75457914033,25.283972972,1.70391052184,3.12988588984,1.54425850578,0.765410006489,56.8120300608,-88.8646054822
0223,222,0223,0223,frame_id,True,,3.4642823243031544,127.38476199991287,90.40571602444231,39.813248256143936,97.85045255829777,12.001252022479266,1.1136192026867695,0.1,12.112613942747943,0.033568292994459625,49.37720483652022,-2.165289441784972,-0.26277191428783997,2.691416834463828,2.066822494110221,-0.01997925849315063,-0.5452242838046484,127.3879627795963,-20.75283959220713,-105.2137489408779,-0.09846694767475128,-0.2827511727809906,2.1461925506591797,-142.2063211959614,19.060408663936812,156.93579850082435,1.74805280711,1.53283571047,0.124054617367,0.717651384585,-0.864996678797,26.0223047182,1.70392337289,3.12984670341,1.54427727387,0.760019450538,56.4202574198,-88.8742717334
0224,223,0224,0224,frame_id,True,,3.456867014169535,127.47294424519124,90.56649983731359,41.38951222778488,97.32494082847649,11.949929553653396,1.114999130148039,0.1,12.0614294666682,0.03589158000249881,49.069313591641084,-2.159511944243431,-0.26143934723541484,2.6866498067370954,2.0629493128151895,-0.017470037968900343,-0.5549027993671003,126.9652279793414,-21.52825416542902,-105.51232592831691,-0.09656263142824173,-0.2789093852043152,2.131747007369995,-142.46827218334502,19.86125806235585,157.16273324320662,1.74579223214,1.53538924334,0.123074540784,0.481349752431,-0.7797545739,26.8150676976,1.70391671661,3.12989097079,1.54426871069,0.774704470118,56.7618303276,-88.8536000792
0225,224,0225,0225,frame_id,True,,3.44783623456619,125.72401563932907,89.38672827412569,39.722944222249964,98.69523740395232,11.887574700387564,1.0877298059261806,0.1,11.996347680980183,0.031242011005815584,48.983602919622854,-2.161760183917862,-0.26041054151470266,2.6733039403485335,2.065624910342079,-0.017145937462500704,-0.5370951676892317,127.57183950367241,-22.070421409814973,-106.18800919103555,-0.09613527357578278,-0.27755647897720337,2.1362087726593018,-143.0414322222019,17.652522812434988,155.1167534050121,1.74486929507,1.53795614956,0.123089985598,0.44598493679,-0.748471429007,27.6197681075,1.703927178,3.12984050601,1.54428645734,0.73787606443,56.3285402731,-88.8947227898
0226,225,0226,0226,frame_id,True,,3.4157381342246675,125.58859857778852,86.04322994261508,41.85328918499823,98.70959713475338,11.667267001596613,1.0856271633474637,0.1,11.77582971793136,0.033472179995442275,49.034820064083725,-2.170450335341681,-0.260301966948558,2.624624778785438,2.0749054979264625,-0.015659938769291726,-0.4932308693310926,129.05763627360386,-22.297181097526675,-107.0255717265982,-0.09554483741521835,-0.27596190571784973,2.1313939094543457,-144.89913378378105,19.55610808747157,154.2648311386484,1.7441784597,1.53982035421,0.123103112345,0.566481368966,-0.697352469726,28.2882537668,1.70413626372,3.12958674106,1.54429775322,0.740893510189,55.1629946296,-88.8915494597
0227,226,0227,0227,frame_id,True,,3.44654742476561,127.18974945582237,88.68453201547356,44.391774035381445,98.02883718818231,11.878689151158458,1.1105693972075625,0.1,11.989746090879214,0.034115918999304995,49.12153032336955,-2.156463472899619,-0.25891006200349564,2.6760642781894304,2.061421810445014,-0.01557260544264083,-0.5399134412448504,128.01865606388768,-23.326557129423964,-107.07473079081582,-0.0950416624546051,-0.2744826674461365,2.13615083694458,-143.29681192063873,21.065216905957495,154.89643202100186,1.74322423938,1.54236230966,0.123214805803,0.687576808206,-0.724735551901,29.1122426028,1.70389985609,3.12987590119,1.54429295293,0.744915204617,56.5062230013,-88.889573188
0228,227,0228,0228,frame_id,True,,3.43814050172154,125.77570621938614,87.44803267356917,43.13498418182604,99.47024726724828,11.820810109578044,1.0885327500309736,0.1,11.929663384581142,0.03610946900153067,48.88362121415955,-2.156998744024344,-0.2592117788414514,2.6647656147521297,2.062951056076594,-0.014124035634561771,-0.5257582848113338,128.37269758027017,-23.887886602374333,-107.58807968748451,-0.09404768794775009,-0.2733358144760132,2.139007329940796,-144.17926974616068,19.24709757945172,152.94167304526724,1.74238415249,1.54506800552,0.123175352008,0.533731994906,-0.608385823091,29.8523771138,1.70398136622,3.12978935499,1.54429174159,0.76373142275,56.1780156679,-88.868977322
0229,228,0229,0229,frame_id,True,,3.4353533846456203,126.34821999171217,86.24419368657942,45.0500693696647,99.94359154488416,11.80165287739612,1.097438352672174,0.1,11.911396712663336,0.033057566004572436,48.939645547368755,-2.150066909386497,-0.2572748739562112,2.6669598425525893,2.0577630596297793,-0.013241819635860352,-0.5400436724323501,128.17056277033225,-24.45731315648926,-107.89397555888876,-0.09230384975671768,-0.27051669359207153,2.1269161701202393,-145.58524354308832,20.59275621317543,152.16243289622707,1.74123165974,1.54708129052,0.123149817665,0.586066270287,-0.695470120964,30.4705755335,1.70390251101,3.12986882054,1.54427665682,0.763676743249,56.6203401209,-88.8676463353
0230,229,0230,0230,frame_id,True,,3.4272334077902453,125.51201481119487,87.23038007827591,44.40970440067073,99.83033269689759,11.745928831473538,1.0844385999285948,0.1,11.854372691466398,0.04274901699682232,49.05638407874299,-2.14845290259659,-0.25684658288166684,2.657839120349431,2.057685086887476,-0.012254232176087676,-0.533363402804875,128.72278738505423,-25.046256224280498,-108.56443427641176,-0.09076781570911407,-0.2691008150577545,2.1244757175445557,-144.04683253666985,19.363448176390236,151.60523302669068,1.74003452112,1.54932104731,0.123235363856,0.733476424889,-0.743160231401,31.3062768701,1.70393354271,3.1298445667,1.54426904624,0.751549043594,56.4857060876,-88.8820577846
0231,230,0231,0231,frame_id,True,,3.1496345190773107,151.33163267392942,146.50273206645483,34.87127778426117,5.165136132789115,9.920197603763363,1.5048457991141824,0.1,10.070682183674782,0.030521048000082374,48.96211474095871,-2.1999930791413322,-0.4719624624429215,2.203969030984423,2.1107051871573463,0.20652280308585058,-0.09319379866935917,0.6737325570582796,56.304313749832744,145.9129808857751,-0.0892878919839859,-0.2654396593570709,2.1107752323150635,-145.82899950939654,21.43303596557159,151.07811701856423,1.73997069424,1.5523478696,0.124012123362,0.638634724257,-0.800517788205,32.0476000746,1.70615522393,3.12961937104,1.54439385519,-139.060971687,44.0317638214,-96.6805159572
0232,231,0232,0232,frame_id,True,,3.4070317566234443,126.65045951592352,85.24611854232387,48.53978137485399,99.73357324921068,11.607865390640633,1.1021488683721714,0.1,11.718080277477851,0.030649320004158653,48.867779864878585,-2.14370898844683,-0.2540337220658684,2.6358763308520876,2.0557033637353164,-0.00962775192361831,-0.5261792273517214,129.11634961936988,-26.102323357304602,-109.70253405184668,-0.08800562471151352,-0.2636614739894867,2.109697103500366,-145.63753183830627,22.4374580175494,150.56389269894265,1.7374306883,1.55444309581,0.123067009996,0.548507534799,-0.854622194946,32.7740903183,1.70391872291,3.12983891044,1.54429133008,0.751154748004,56.407754812,-88.8806060877
0233,232,0233,0233,frame_id,True,,3.390645626659858,126.30171252371653,85.6458595474848,48.884038277965715,99.08900080809372,11.49647776558762,1.0967140730290896,0.1,11.606149172890529,0.033191081005497836,48.935528548256535,-2.1451176166213903,-0.25167339175291437,2.6137346231650547,2.0582448601402197,-0.009938040084167543,-0.5065800153922274,129.979971816607,-26.479003355270738,-110.47429961223727,-0.08687275648117065,-0.2616114318370819,2.107154607772827,-144.3741686359082,22.40503492269498,150.43669957966898,1.73740116266,1.55667669847,0.124030827116,0.633789140068,-0.878270526613,33.4979633734,1.70390060882,3.1298092566,1.54432151862,0.733740176807,55.8998665775,-88.9056727614
0234,233,0234,0234,frame_id,True,,3.3888695181213007,148.35893570591026,98.51754851831294,13.841607820936076,96.77194153786013,11.484436610851697,1.4547499123959096,0.1,11.629911602091287,0.03280779100168729,49.23930078725645,-2.1447067179866415,-0.42190936860994177,2.5897224155020604,2.058461590964375,0.16004458723024206,-0.4727695193838961,115.3001038905234,9.23781692578515,-113.51426184515378,-0.08624512702226639,-0.2618647813796997,2.116952896118164,-146.18234759116368,23.079424746721212,149.7137966169861,1.73605320475,1.5588419422,0.123927549061,0.949380350686,-1.02011764837,34.0900871945,1.70456446542,3.12978943222,1.5443225127,-44.8760374602,54.6725659246,-96.9063322208
0235,234,0235,0235,frame_id,True,,3.397764158883833,126.33553328778913,86.10811734271914,50.211098913435904,99.89874877870778,11.544801279395562,1.0972407627405494,0.1,11.654525355669618,0.03455991499504307,48.85689817566241,-2.1332520600096587,-0.25176641194532867,2.632612884887614,2.048773577405632,-0.006346257045760195,-0.5318741210784096,129.62588093155765,-27.91493147805871,-110.98941136031655,-0.0844784826040268,-0.25811266899108887,2.100738763809204,-144.2660017257232,22.296167435377196,149.11183986097566,1.73455839434,1.56123768558,0.123409345358,0.698394388179,-0.791548933894,34.9145292933,1.7039166752,3.12988176672,1.54426132881,0.771183141799,56.7183815572,-88.8512446923
0236,235,0236,0236,frame_id,True,,3.36335836921818,124.49075321334453,81.31485373673297,50.30053333788186,99.66467126963641,11.312179519789975,1.0686281369948543,0.1,11.419042333489461,0.03253250099805882,48.75404146508014,-2.145664903177195,-0.252415201806496,2.577709876801608,2.0622192945613196,-0.005567827082206378,-0.47156830957138296,131.47278134634183,-27.76890591463338,-112.3101167103735,-0.08344560861587524,-0.2579830288887024,2.1061415672302246,-147.2123649169252,22.53162742324847,148.02521201999005,1.73281320885,1.56306267856,0.123090872763,0.594079599277,-0.834910340175,35.5446349181,1.70391503428,3.12970443269,1.54434194132,0.699981409394,55.0905905016,-88.9361668369
0237,236,0237,0237,frame_id,True,,3.3842223823061786,126.98023917244313,85.6253125586623,53.043991836354905,99.86952083538239,11.452961132902107,1.107295731792974,0.1,11.563690706081404,0.032366545994591434,48.65397553974582,-2.1277192679300465,-0.25047632872841863,2.619739196662154,2.046336754883782,-0.003784986140508373,-0.529507778052535,129.99454422941113,-29.15212847215437,-112.09095332099372,-0.08138251304626465,-0.254261314868927,2.090231418609619,-144.38014321192657,23.89186336420053,148.0395258436239,1.73141432256,1.56540068243,0.123178595769,0.552777134739,-0.773438796557,36.4731693301,1.70389333594,3.12989116952,1.5442693876,0.756819154671,56.7534897851,-88.8746939493
0238,237,0238,0238,frame_id,True,,3.3782693019976744,127.2322248720863,82.80270256330755,55.57018795821182,99.50812642310956,11.412703476819855,1.1112334520579512,0.1,11.52382682202565,0.035568104998674244,48.50639781966806,-2.129128198691382,-0.25058517370739475,2.610885608577113,2.0486063916168353,-0.0024661966749142117,-0.5133759860032601,130.55198549887666,-29.56108974275668,-112.78612374110163,-0.08052180707454681,-0.25305137038230896,2.0975096225738525,-146.6453119378158,26.009098215455143,147.7057498357888,1.73014628679,1.56779165008,0.1231397651,0.443393593975,-0.744163223125,37.1785690016,1.70391713184,3.12983906507,1.54429036854,0.748411582426,56.360171251,-88.8825180946
0239,238,0239,0239,frame_id,True,,3.3503874403985296,127.060103323443,83.60222798283837,55.74299569374014,98.74454644188239,11.225096000780212,1.1085432834244324,0.1,11.335950329122655,0.030231775002903305,48.59236524158695,-2.133346326374531,-0.25036803239655714,2.571234197983214,2.0545910743112565,-0.000454809724567129,-0.48076245344586016,131.88370594297913,-29.75577993965141,-113.78842320211012,-0.07875525206327438,-0.25082284212112427,2.0904717445373535,-144.5140660741825,25.987215754088734,147.46703035600748,1.72869286305,1.5700668566,0.123176095497,0.576439720101,-0.778006512054,37.8942677258,1.70410681276,3.12964938453,1.54429364547,0.765482761084,55.505922283,-88.8776056221
0240,239,0240,0240,frame_id,True,,3.37158237414432,128.23954651101474,81.50956971788548,59.10344523405735,99.42550166360036,11.36756770564065,1.1270173651892725,0.1,11.480269442159576,0.03273882599751232,48.81790175507495,-2.1181002543043856,-0.24759432596889908,2.6114969017987275,2.0404188395213847,-0.00038419740470474473,-0.5297355416302704,130.92651175606042,-30.747281355700707,-113.78223376977422,-0.07768141478300095,-0.24797852337360382,2.081761360168457,-147.56391852605407,28.356163878356625,146.79226456662545,1.7282967976,1.57214877065,0.124131749882,0.722554670486,-0.974042354146,38.6418470001,1.7039031664,3.1298945611,1.54425918622,0.773715657713,56.9035474037,-88.853899708
0241,240,0241,0241,frame_id,True,,3.0362122720078504,122.87403025867421,111.17600495323427,1.3413806048087054,24.141363601509994,9.218584960691071,1.0437509008361145,0.1,9.322960050774682,0.03630461400462082,48.65191518298038,-2.184329547797726,-0.24605178370519565,2.0944564705537196,2.107328296517418,-0.002629701947727936,0.002836667950308902,-34.24018922994432,24.90656729984525,121.21049809615229,-0.07700125128030777,-0.24868148565292358,2.0972931385040283,-145.4161941831786,26.24794790465396,145.3518616976623,1.72569267867,1.57391148361,0.123131988109,0.668947726781,-0.876073100654,39.3549027493,1.70706308975,3.12951616461,1.54460816666,-179.169118419,42.4944346042,-89.2155161611
0242,241,0242,0242,frame_id,True,,3.3610904144966387,127.43005753036633,79.62939466800742,60.12238925413254,99.95076341834618,11.296928774421186,1.1143279481846657,0.1,11.408361569239652,0.034550693999335635,48.582301427435574,-2.1177263895558074,-0.24905655383279468,2.598102104689699,2.042622838406439,0.0037130027930989407,-0.5111889958640153,131.86123273371285,-31.84837598544816,-114.99448332584159,-0.07510355114936829,-0.24534355103969574,2.0869131088256836,-148.50937259827973,28.27401326868438,145.05475325581224,1.72444906256,1.57632335668,0.12309936177,0.684840624001,-0.792252839171,40.1575705105,1.70392922447,3.12985448327,1.54428056444,0.777113989902,56.4984269263,-88.8506550938
0243,242,0243,0243,frame_id,True,,3.338163424209735,126.87926184009034,80.02931395420302,59.01305994770931,101.0674893649433,11.143335046731663,1.1057189936078633,0.1,11.25390694609245,0.03599270000268007,48.17968364674613,-2.1222043526034144,-0.2484102165617268,2.5647370424335008,2.048341375277498,0.004701978556088671,-0.4820680227344041,132.60013146104978,-32.21645524894295,-115.88765209391175,-0.07386297732591629,-0.24370823800563812,2.0826690196990967,-147.3705545847472,26.796604698766355,143.04485854114495,1.72309159647,1.578204484,0.122873028324,0.361541365523,-0.612544746043,40.9316720108,1.70399592851,3.12973515794,1.54431666073,0.743358341752,55.7337036631,-88.8903063697
0244,243,0244,0244,frame_id,True,,3.351128456187031,125.48919849986235,79.1756901380619,58.50594003691728,101.25184674333093,11.230061929866473,1.084084574774809,0.1,11.338470387343953,0.034614415002579335,48.5455614857574,-2.1116584239137572,-0.2482479650991618,2.5902381316019314,2.039590090287964,0.006144775869196595,-0.5104442015482206,132.42205640201615,-32.909918364873235,-116.17892275284507,-0.07206833362579346,-0.2421031892299652,2.079793930053711,-148.40225345992195,25.59602167204405,142.56923050382403,1.72151319372,1.58043557481,0.123181923464,0.652543369899,-0.880060192848,41.6068170075,1.70391162494,3.12985483386,1.54427619269,0.762273127993,56.5728773373,-88.8708427434
0245,244,0245,0245,frame_id,True,,3.3334029371066993,125.44095850734583,78.3565259456426,59.416084736919714,101.38212465989318,11.111575141111569,1.0833361872479181,0.1,11.219908759836361,0.04218020199914463,48.3320155873608,-2.110107368141861,-0.2465723794850283,2.5687008579630457,2.0404146819417193,0.0077179414185457595,-0.4999976833719811,132.83122283427267,-33.43796725265666,-116.8097814887484,-0.0696926862001419,-0.23885443806648254,2.0687031745910645,-148.81225122008473,25.97811748426305,141.8080938513584,1.72006381024,1.58270019993,0.12322172504,0.523140520694,-0.762647057698,42.3538402695,1.70394340358,3.12983775129,1.54429697074,0.764956970024,56.3326868772,-88.8700446298
0246,245,0246,0246,frame_id,True,,3.3467322492619034,127.20441951432637,78.05895601152804,62.818128948300256,101.22007045670154,11.20061674824964,1.1107987330865021,0.1,11.31169662155829,0.032848142996954266,47.979855356889246,-2.107016142529029,-0.24837030717372688,2.588322219872588,2.037786725979823,0.008414464678762279,-0.5003529167414844,132.8040812154191,-34.22019562848168,-117.30396111613739,-0.06922941654920578,-0.2399558424949646,2.0879693031311035,-149.13696277305286,28.597933319818566,141.47596842716106,1.71916764822,1.58545075254,0.123864245816,0.262587963738,-0.576483436293,43.2082710875,1.70392409195,3.12984506957,1.54429108751,0.754878713225,56.396909184,-88.8778118273
0247,246,0247,0247,frame_id,True,,3.3300435131895183,127.26268515230008,78.28340740818379,63.90425982521407,100.69856824532638,11.089189799735589,1.111709739103588,0.1,11.200360773645947,0.03240389399434207,48.123644338038346,-2.1007205110181277,-0.24530097996316025,2.572156792178976,2.0338091638077205,0.01003571008763382,-0.5112658791693322,132.9444121825853,-34.8087172264407,-117.7585183615563,-0.06691134721040726,-0.23526526987552643,2.0608909130096436,-148.7721804092309,29.095542598773353,141.54291339311732,1.71758604915,1.58700614255,0.123964430324,0.386413331116,-0.688174950166,43.8963305873,1.70391362516,3.12987079812,1.54426543676,0.763615509121,56.7381132595,-88.8665987487
0248,247,0248,0248,frame_id,True,,3.2968032452679017,124.24092023421422,76.27627322623857,60.72794602902019,100.30826475277513,10.868911638008967,1.0647716102004017,0.1,10.975388799029007,0.0333165949996328,48.43962545058834,-2.1072605757675196,-0.24454402266106934,2.5236011421787024,2.0422987996301676,0.011248716097691958,-0.46783527494542587,134.73408581221628,-34.3300047956509,-119.280540524623,-0.06496177613735199,-0.23329530656337738,2.0557658672332764,-148.98964096154512,26.397941233369302,140.4111947226019,1.71621972876,1.58919109071,0.124276339224,0.463326160523,-1.11310685437,44.4173861811,1.70392753345,3.12973994798,1.54432524168,0.725357940785,55.5676506496,-88.9042500746
0249,248,0249,0249,frame_id,True,,3.2730587980355725,124.5745341793432,75.90834837605934,62.582306937444,99.10746821497264,10.712913895398067,1.0699224073199574,0.1,10.819906136130063,0.033520316996145993,48.01509232624066,-2.1111333136718904,-0.24487925901541008,2.489189461613333,2.0480905761283075,0.014187438632338178,-0.43833477869096993,135.55241322993515,-34.71064788314848,-120.15422936995654,-0.06304273754358292,-0.2306918203830719,2.0508546829223633,-148.5392383940055,27.871659054295538,140.73830241507085,1.7129485869,1.59119884201,0.123024440732,0.234014015229,-0.824059154363,45.1871654029,1.7040027006,3.1296376054,1.54434066595,0.705199508062,54.8104277548,-88.937564778
0250,249,0250,0250,frame_id,True,,3.3011821478609984,124.93153629487522,75.08020183250096,63.78923000028669,100.72266072039395,10.897803573356153,1.0754430340291516,0.1,11.00534787675907,0.04026884899940342,48.04585906697591,-2.1016471490514537,-0.24626210982152053,2.5338188189975828,2.039128083015706,0.01529297882863112,-0.4693833369724365,135.20025244293936,-35.90386561172578,-120.3946530602427,-0.06251906603574753,-0.2309691309928894,2.0644354820251465,-149.71954572455965,27.885364388560916,138.88268621936336,1.71242572915,1.59314144158,0.123889909075,0.354058732904,-0.764167149815,46.1755003687,1.70405954913,3.1297022849,1.54428024732,0.743419569295,55.7091641387,-88.8907358857
0251,250,0251,0251,frame_id,True,,3.3198145806348016,126.92187747460154,73.74061867637317,67.43485439354734,101.51402736908119,11.021168849795425,1.1063843424733795,0.1,11.131807284042763,0.036112442998273764,48.01333376019451,-2.091853383775112,-0.2471000832502792,2.5659812585912904,2.0304448565796585,0.01673325719284513,-0.5002258913122379,134.62485032745374,-36.906766856063065,-120.4217259787228,-0.061408527195453644,-0.23036682605743408,2.0657553672790527,-151.63453099617308,30.52808753748427,138.064246652196,1.71095850713,1.59507914869,0.123848919186,0.384202645259,-0.732807776389,46.9069501297,1.703935165,3.12986080539,1.54427427758,0.76387380933,56.6197940707,-88.8642026664
0252,251,0252,0252,frame_id,True,,3.3349910907821982,124.66302269256222,73.51974120196724,64.74883851058564,102.7419418648044,11.122165575596638,1.0712899409119954,0.1,11.229294569687838,0.031178108001768123,47.9194677734843,-2.088840383311954,-0.24984392277411938,2.58775760899174,2.028158183416572,0.01819483689479351,-0.5027704454480387,134.82979604388538,-37.522936619067565,-120.94317195731455,-0.06068219989538193,-0.23164908587932587,2.084987163543701,-151.65046275414738,27.225901891518074,136.31488617788108,1.70932224119,1.59714869629,0.12397365113,0.346446847449,-0.684485649289,47.6339380732,1.70390341453,3.12988046454,1.54426895591,0.764616305534,56.7381343964,-88.8665087345
0253,252,0253,0253,frame_id,True,,3.3002005436710142,129.15922680654526,72.56359318970732,71.64162843756216,102.25697953930478,10.891323628446457,1.1414869502039733,0.1,11.005472323466854,0.032381539000198245,47.881552380591856,-2.0824802324107505,-0.2450628870971885,2.548439501230609,2.0253383807769634,0.020098760152646555,-0.5077505096839785,135.06689544820165,-38.19028126640646,-121.46471737494203,-0.057141851633787155,-0.22496412694454193,2.040688991546631,-152.36951136209103,33.45134717115571,136.2783030857532,1.70757810856,1.59924818369,0.123936315605,0.380410461175,-0.653099300131,48.4010219717,1.70390160111,3.12988638983,1.54426841131,0.776370253887,56.9291051001,-88.8525163807
0254,253,0254,0254,frame_id,True,,3.3262016719716803,127.00291467324853,69.91081372933661,69.85475559797618,102.71642277479685,11.0636175626272,1.1076498999570823,0.1,11.174382552622909,0.031880328999250196,48.06399823663693,-2.084251559114858,-0.251248919055052,2.5799974770584857,2.0268132153515066,0.02279902307707804,-0.49942964029701103,135.80056148620835,-38.33038880089627,-122.27603880973396,-0.05743834376335144,-0.22844989597797394,2.0805678367614746,-154.288624784455,31.524366797079924,135.00753841546918,1.70480819715,1.60068225389,0.123178238968,0.480399991828,-0.8611635766,48.9517219964,1.70389426726,3.12988369255,1.54425659561,0.766714334878,56.7396794845,-88.8611389628
0255,254,0255,0255,frame_id,True,,3.2561756578460113,124.72250734294917,67.69378264202385,67.9971667180503,101.22852031581414,10.602679914748904,1.0722095496003996,0.1,10.709900869708944,0.03185323000070639,47.884350305065404,-2.1007346494497883,-0.2495262353247818,2.4753445225331,2.0457342623176205,0.023584994537275694,-0.4037116604420358,138.9890951203535,-37.5923243362151,-124.73919801218916,-0.055000387132167816,-0.2259412407875061,2.0716328620910645,-153.31712223762267,30.40484238183519,134.03228167199669,1.7039461693,1.60277854613,0.123898698484,0.405455205087,-0.72982843101,49.8647944109,1.70414545773,3.12949401925,1.54435913552,0.709951212336,54.0949823089,-88.9346394288
0256,255,0256,0256,frame_id,True,,3.2906177637352187,128.60915973362842,68.4985819095997,73.88299029571141,102.46325794722566,10.828165267009771,1.1328258865356786,0.1,10.94144785566334,0.03628429899981711,47.74474882421371,-2.077849976579995,-0.24771454817816485,2.5395555210424465,2.0259612760053587,0.02584892398878802,-0.48832795146236857,136.78110914626777,-39.54093636441436,-123.68621166743308,-0.05188870057463646,-0.22186562418937683,2.051227569580078,-154.72030894413254,34.342053931297066,133.85053038534127,1.70169861279,1.6048755307,0.123677093766,0.410352366585,-0.588436595376,50.5813175651,1.70392455707,3.12985102666,1.54427423188,0.760442200435,56.5184085961,-88.8689406787
0257,256,0257,0257,frame_id,True,,3.263230658107928,125.27213423376826,69.90034874274932,69.72622418561747,101.29385120185441,10.648674328015499,1.0807183544255297,0.1,10.756746163458052,0.03454650200001197,48.00997635800631,-2.0813839164046257,-0.2477194905022475,2.501029862791116,2.0317142632273644,0.028063485000500377,-0.4606076616344997,138.074374721327,-39.15946612811642,-125.0335146725572,-0.04966965317726135,-0.21965600550174713,2.040422201156616,-152.02527653592372,30.56675805750103,133.6726341255884,1.69892617961,1.6063466491,0.123087267485,0.382544315497,-1.00222805938,51.0768023016,1.70392004269,3.12978693424,1.5443242581,0.722198624792,55.7821704428,-88.9140000259
0258,257,0258,0258,frame_id,True,,3.276550578846818,129.1972790957086,67.5221359023783,75.9479155627595,102.00746505404487,10.735783695741416,1.1420868351820277,0.1,10.84999237925962,0.03501643699564738,48.053599609792585,-2.072138751865181,-0.24857076221245933,2.525913154669642,2.023789062172922,0.030327848727885964,-0.489341413565516,137.77094086442244,-40.17150852029256,-125.2127571288208,-0.048349689692258835,-0.21824291348457336,2.036571741104126,-154.70692323319923,35.77640704246695,132.77977781713435,1.69706831983,1.60796717298,0.123057035386,0.476942084793,-1.01438870274,51.8664413595,1.70390116911,3.12986967543,1.54427589637,0.756605578208,56.6298168373,-88.8721832261
0259,258,0259,0259,frame_id,True,,3.2465331511247224,125.72256029310469,64.426831136788,72.51000289258903,101.16441426628342,10.53997750135182,1.087707201752832,0.1,10.648748221527104,0.03351161900354782,47.95961157253017,-2.087691780596525,-0.2516701325685389,2.4734960430440283,2.039858274578602,0.03199556021994421,-0.40866359408467784,140.58978625361974,-39.44675162993097,-127.42640255183169,-0.047833506017923355,-0.21967457234859467,2.0648324489593506,-154.98338260959224,33.06325126265805,131.40918318188488,1.69550474325,1.60985639763,0.123183402524,0.486548985829,-0.936502701242,52.6652406907,1.70416129507,3.12949752077,1.54433341232,0.720088301864,54.4067616324,-88.9263711319
0260,259,0260,0260,frame_id,True,,3.263495014019841,127.29517908402482,63.57199741181182,75.91758015024556,101.45215745480903,10.650399706532362,1.11221789418856,0.1,10.761621495951218,0.03773035899939714,47.64242546994915,-2.078545584642645,-0.25099628387209894,2.503407442782202,2.0324239053962194,0.032249845249624265,-0.43484922668723125,140.1198496748806,-40.71860739414936,-127.60110617677498,-0.04612167924642563,-0.21874643862247467,2.0685582160949707,-156.3081529133076,35.19897275609621,130.94673636841597,1.69461267638,1.61207712489,0.123867284284,0.371841392698,-0.655006341176,53.5845074948,1.70392163983,3.12966810039,1.5443291134,0.708954129827,55.1798362881,-88.9307121311
0261,260,0261,0261,frame_id,True,,3.2833073394930308,129.10945622273255,65.93703929244339,78.54397616578137,101.56457260554663,10.780107085568805,1.14070247209041,0.1,10.894177332777845,0.03343291799683357,47.790990219576976,-2.0664844901941044,-0.25113843563741733,2.5390310008941612,2.0214629264257176,0.034457402264538306,-0.47904154853210074,139.43116336960583,-41.85464324260064,-127.53297007923489,-0.04502156376838684,-0.21668103337287903,2.0599894523620605,-154.63179733795076,36.68933292318073,130.9024573152185,1.6929437482,1.61338046896,0.123991898931,0.46743265311,-0.789317162195,54.2943841416,1.70392957872,3.12984502406,1.54427181689,0.75474328261,56.4522815054,-88.8747348385
0262,261,0262,0262,frame_id,True,,3.251312544455372,127.63941599353807,64.6198066815582,77.21386910673186,100.98071088762413,10.571033261732865,1.1176056055456995,0.1,10.682793822287435,0.03330394200020237,48.02726019917774,-2.0700035533537045,-0.25212716567424587,2.4945040475342934,2.0276118396450653,0.03824568796066097,-0.4488375913117594,140.94104913563407,-41.52754225375334,-128.85778084051,-0.042391713708639145,-0.2138814777135849,2.045666456222534,-154.4391441828077,35.68632685297856,130.1615082718659,1.68993091665,1.61496301293,0.123147538428,0.605623784058,-1.04096047605,54.8464547483,1.70411293789,3.12965628563,1.5442847057,0.766997150455,55.652717738,-88.862429472
0263,262,0263,0263,frame_id,True,,3.2268292101718408,127.23910093577196,64.28363132178674,77.75612492950745,100.42492392318741,10.412426751618225,1.111340962983858,0.1,10.523560847916611,0.03052874300192343,47.552658947299584,-2.070024365924814,-0.2501110398866211,2.4626957473107858,2.030194482200363,0.0387455338336502,-0.4269012507745308,141.73520076569307,-42.033006565226124,-129.97262663250754,-0.039829883724451065,-0.2113655060529709,2.035794496536255,-153.98116791252022,35.723118364281326,129.60244944430502,1.68874641256,1.61716343096,0.123799660027,0.317255034245,-0.697164805267,55.7931065759,1.70414244394,3.12957098887,1.54430023055,0.740763896561,55.0763293764,-88.9062949402
0264,263,0264,0264,frame_id,True,,3.2178316413200827,127.72920908811558,64.31751737774971,78.86119938306524,100.58077445580489,10.354440471880697,1.1190122842101238,0.1,10.46634170030171,0.033993696997640654,47.65490739162216,-2.0629640367581277,-0.24960048951313096,2.4568922342174706,2.026569366152468,0.041014556662293256,-0.43779585970575174,142.02645834779125,-42.612064443835884,-130.58513340922346,-0.036394670605659485,-0.2085859328508377,2.0190963745117188,-153.65602427445904,36.24913493922937,128.83409213497166,1.68658311841,1.61874757671,0.123950897142,0.378958310218,-0.807740650959,56.5153500246,1.70405647846,3.12959751672,1.54428816164,0.74797231302,55.4177807909,-88.8904567587
0265,264,0265,0265,frame_id,True,,3.2365821650631346,127.82038559582807,64.39056290753877,79.72647738509534,101.63319977368815,10.475464111204767,1.1204411886197958,0.1,10.587508230066746,0.03887026300071739,47.480901328706295,-2.049369565455131,-0.24931276572569727,2.4926675751566267,2.015335100946836,0.042880065568531744,-0.4837843373178815,140.90458594164585,-43.94398799417418,-130.409557293461,-0.03403446450829506,-0.20643270015716553,2.008883237838745,-154.70485115081541,35.782489390921135,127.95724293285083,1.68453999682,1.62021256094,0.123702842529,0.109135861739,-0.799868653992,57.2513305099,1.70391518439,3.12987405047,1.54426904771,0.76869858438,56.7532556646,-88.8615231779
0266,265,0266,0266,frame_id,True,,3.224720174146809,128.0015875437836,63.195370934536186,80.81243882081867,101.67466182853974,10.398820201549427,1.123282610171017,0.1,10.511148462566528,0.03755140800058143,47.497502855215764,-2.0467555073634873,-0.25032371331700687,2.4793043647720716,2.0146005672947656,0.0463615809822977,-0.48370581016086556,141.5672324534942,-44.466577359077256,-131.17263059440174,-0.03215494006872177,-0.20396213233470917,1.995598554611206,-155.23739661196964,36.34586146174138,127.15270757705852,1.68109394162,1.62214567439,0.12266199629,0.261465394997,-0.787836656071,58.0069637869,1.70390692722,3.12988470289,1.54425924669,0.77063708036,56.8131349758,-88.8578135932
0267,266,0267,0267,frame_id,True,,3.224170284189883,126.86013326595064,61.45882482477441,79.75504373749516,101.7428342078548,10.395274021453073,1.1054203834480285,0.1,10.505816059797876,0.03330636999453418,47.613893952983936,-2.047947901184045,-0.25199214544140736,2.477434837513345,2.0177402392721997,0.04754700686776081,-0.46376582353629436,142.7044351225413,-44.363070011968375,-132.27599611841694,-0.030207661911845207,-0.20444513857364655,2.013669013977051,-155.8367400526843,35.391973725526746,125.98116967372825,1.67949778473,1.62380111588,0.123048021164,0.342258500114,-0.902271537651,58.555322996,1.70392357641,3.12981801489,1.54429100205,0.744612219674,56.2820688424,-88.8909816206
0268,267,0268,0268,frame_id,True,,3.2432095364095663,127.59302714086205,59.19931382168437,81.4070095152324,103.0212957231069,10.518408097057954,1.116879100290751,0.1,10.63009600708703,0.034226146002765745,47.4153000538284,-2.0421731459381607,-0.25381071850558223,2.506694448519538,2.012778742838147,0.048657625763615986,-0.47757781796533855,142.83771314242196,-45.349959661225896,-132.88038239872154,-0.029394403100013733,-0.20515309274196625,2.029116630554199,-157.96297303589367,36.057049854006515,124.09832187817157,1.67859948752,1.62525674774,0.123994404755,0.245282359294,-0.733999170046,59.5000883361,1.70391066136,3.12987513637,1.54427932457,0.763347991733,56.6928207212,-88.868585941
0269,268,0269,0269,frame_id,True,,3.2445933811624856,127.6429412754172,56.76712837028168,82.52207106612548,102.55117059846447,10.527386209083412,1.117660821615718,0.1,10.639152291244983,0.03567905100499047,47.4564554343289,-2.043312779446314,-0.2560599301544426,2.5073277421597866,2.015239854161809,0.05072031957781298,-0.4618231721524625,144.0036987794019,-45.50541712787243,-134.08246910713655,-0.02807292528450489,-0.20533961057662964,2.045504570007324,-159.22917285031642,37.01665393825303,123.36636029439897,1.67670399602,1.6268524809,0.123952539008,0.333890121727,-0.766393704809,60.2709294621,1.70392710074,3.12982693397,1.54429459603,0.761752647803,56.2846716941,-88.8700856279
0270,269,0270,0270,frame_id,True,,3.2492595491120495,127.05668034540749,57.26543509555893,82.72761334710572,102.0795366154037,10.557687617495839,1.1084898044673004,0.1,10.66853659794257,0.031537557995761745,47.258174302778166,-2.0384304228187067,-0.2571973499323046,2.51720848401772,2.0122662058979732,0.05280375447522756,-0.4694012673734325,144.16369665262562,-46.22071371176915,-134.68191688957566,-0.026164216920733452,-0.20439359545707703,2.047807216644287,-158.57086825181543,36.506899635336566,123.23854649502063,1.67443777362,1.62859972512,0.123844206714,0.186891078612,-0.656826112415,61.0301553724,1.70388570889,3.12986554652,1.54429301688,0.758119656145,56.5427611591,-88.8714764809
0271,270,0271,0271,frame_id,True,,3.034646810495234,166.48701904556208,131.41217709902276,2.61772440537257,93.66726700309789,9.209081264448898,1.7647002166112304,0.1,9.38555128611002,0.0363355320005212,47.47095356952988,-2.0775140241830363,-0.38391008215136646,2.1784466467173886,2.053757814422132,0.18140486614890217,-0.14157998183091403,69.10717862959216,35.57887526734228,-144.06686711091177,-0.023756209760904312,-0.2025052160024643,2.0368666648864746,-159.4806442713851,38.196599672714854,122.26586588599031,1.6717941354,1.62950352753,0.123475619819,0.289938806249,-0.875368640989,61.5495163086,1.70571068905,3.12966413287,1.54447583185,-114.536161567,46.6686163438,-99.113640833
0272,271,0272,0272,frame_id,True,,3.2301802960991806,128.2203337357314,54.49574661670124,85.49750847410638,102.02920115637124,10.43406474530739,1.126715681650289,0.1,10.546736313472419,0.03586712300602812,47.48355603596456,-2.03108449459501,-0.25749044323182635,2.498491383368652,2.0100545901102613,0.05697767639375262,-0.47072658615795854,145.58740655526844,-46.925327409401056,-136.4766448136918,-0.02102990448474884,-0.20051276683807373,2.0277647972106934,-159.9168468280303,38.572181064705326,121.49415402993695,1.67022947129,1.63092772855,0.124017210708,0.328405625618,-0.878368593675,62.4403108099,1.70387687026,3.12986274255,1.54430278273,0.767174897531,56.6335932025,-88.8671689978
0273,272,0273,0273,frame_id,True,,3.2193225215266716,128.53540833457976,53.73011334247781,86.51049806895622,101.61036691456832,10.364037497608848,1.1316661509877928,0.1,10.477204112707627,0.034382628997263964,47.302568041861896,-2.0315773518301374,-0.25853530446790085,2.48392641949865,2.012964519999159,0.059090593259557345,-0.4536894600412525,146.52735646819815,-47.11594014282725,-137.69863993035648,-0.018612831830978394,-0.1994447112083435,2.0302369594573975,-159.74253018932404,39.39455792612898,120.69099315507523,1.66785779594,1.63243196999,0.12378137377,0.165355334711,-0.790097389884,63.2355342883,1.70390252266,3.12982749113,1.54429515902,0.739834238272,56.1889528115,-88.8938914286
0274,273,0274,0274,frame_id,True,,3.212863427419017,128.72480659340275,52.30649149143164,87.46746621230056,101.78485042888315,10.322491403246673,1.1346451483025024,0.1,10.435955918076923,0.03329315299924929,47.3781985104303,-2.0257711427638516,-0.2591858999022447,2.4802349384047826,2.009484531206845,0.0617340699919664,-0.4627457435347875,147.05348803350225,-47.68447690510528,-138.36353686154612,-0.016286611557006836,-0.19745182991027832,2.017489194869995,-160.6400204750661,39.78298930719531,119.85161270957072,1.66554784031,1.63410843277,0.123947158036,0.319069171037,-0.830385029283,63.9291757664,1.70395004401,3.12982403767,1.54427560587,0.759378879738,56.483907905,-88.8711543015
0275,274,0275,0275,frame_id,True,,3.1654742109514706,133.35715368490264,61.6285370753036,80.85626835721143,105.84493124407254,10.020226980198835,1.2082222274704868,0.1,10.141049202945883,0.03893821999372449,47.372916758199274,-2.033543774378683,-0.2883964423142109,2.4086830820896803,2.0193648454595463,0.09370001592260935,-0.40630294941450945,139.15961593706305,-40.67206024093857,-134.5434362426446,-0.014178928919136524,-0.19469642639160156,2.002380132675171,-159.21184698763332,40.184208116272856,119.61163251328288,1.66351343053,1.63532492531,0.124032952652,0.285736407797,-0.866164395746,64.7109018696,1.7042559394,3.12959656941,1.54431055241,-10.4243088857,55.1926712709,-90.8474087146
0276,275,0276,0276,frame_id,True,,3.1980013523219766,128.14659905836314,52.8773297663588,88.03856100078508,100.95322354894165,10.227212649453191,1.1255581102837482,0.1,10.339768460481567,0.03494737700384576,47.28713220013383,-2.0189608180961756,-0.26033166407689357,2.4664219608827214,2.0072923976994304,0.06578918158158564,-0.46348535924392736,148.3826791295634,-48.603613543546444,-140.22342585458858,-0.011668420396745205,-0.19454248249530792,2.002936601638794,-158.73999110407777,39.434947457238614,118.82335059646975,1.66140137529,1.63675546003,0.123986610314,0.275670661066,-0.799692006067,65.4673935485,1.70391159144,3.12985326035,1.54427584308,0.763941601122,56.5669525445,-88.8693972987
0277,276,0277,0277,frame_id,True,,3.18533153164406,128.03388968346846,49.746379023993654,88.82054849742417,100.04068112270534,10.146336966485894,1.123789369353508,0.1,10.258715903421244,0.0336294029984856,47.19146990881263,-2.02400115772021,-0.26270462804792527,2.4455556747772773,2.0142467458440083,0.06816642218587998,-0.42581938479925,150.10258317563083,-48.270903887789515,-141.87966047971858,-0.00975441187620163,-0.1945382058620453,2.0197362899780273,-160.1510378003755,40.54964460963466,118.07965839757605,1.65911006756,1.63841777069,0.12397591199,0.315762101967,-0.716857379712,66.2336697632,1.70402136564,3.129669002,1.54429682754,0.746329539791,55.538085064,-88.8932351626
0278,277,0278,0278,frame_id,True,,3.211345245466794,128.34045620827496,47.51344181283815,89.59700458905951,101.54204542241428,10.312738285582185,1.1286022758391951,0.1,10.425598513166104,0.03401638599461876,47.05992454238471,-2.014763942500198,-0.26512714509459223,2.4865985077042962,2.006415260536218,0.06989663128348078,-0.459468380751171,149.5709621626457,-49.387210041214736,-141.87767434324687,-0.008348681963980198,-0.19523051381111145,2.027130126953125,-162.91559602451613,40.209794547844766,116.58028023433889,1.65734104965,1.63928096926,0.123814967095,0.177060923567,-0.646293969938,66.8037751863,1.70391586318,3.12985346786,1.54428085646,0.763727613755,56.5155973686,-88.8679417451
0279,278,0279,0279,frame_id,True,,3.209668382119415,127.74961996385628,47.822261749884944,89.47927358458298,100.75952859798929,10.301971123177061,1.1193321119404351,0.1,10.413904334371106,0.03481033899879549,47.30881793126247,-2.011970054943172,-0.2664304455750677,2.486556341380525,2.0062242938466945,0.07226736154491631,-0.45547394964163335,150.84621410163837,-49.56183708925404,-143.22829875755863,-0.0057457610964775085,-0.19416308403015137,2.0310823917388916,-161.3315241484767,39.91743649532894,116.01217264445211,1.65480549391,1.64053796335,0.124026893002,0.385816751884,-0.852710603586,67.6512843063,1.70389512137,3.1298514997,1.54429109606,0.75100582201,56.4287542372,-88.8784564787
0280,279,0280,0280,frame_id,True,,3.2174790972194596,128.41138521555575,43.897040050027044,90.83943520478465,101.47677545848961,10.352171741044147,1.1297167074420287,0.1,10.46514341178835,0.04314341000281274,47.26628278618382,-2.0087481252556283,-0.26924228917182247,2.4989220276046353,2.005238620302229,0.07485825072348873,-0.45586697007900046,151.6401254506385,-50.003320437636106,-144.24331005491374,-0.0035095049533993006,-0.19438403844833374,2.0430550575256348,-164.46283449933446,40.83611476714858,114.27991448659665,1.65237469795,1.64175667735,0.123953292895,0.406256075611,-0.826208973832,68.441805187,1.70391444581,3.12984203365,1.54428635356,0.75734851688,56.4705021987,-88.8699569032
0281,280,0281,0281,frame_id,True,,3.225845556845507,127.75870007073894,44.340209327905086,89.93185765364126,101.77907903324967,10.4060795566199,1.1194744014387419,0.1,10.518026996763775,0.03116341600252781,47.040677891192885,-2.007149976346624,-0.27345015726570243,2.510508621885814,2.005703972670232,0.0787945898580944,-0.45439943189863136,151.60777545655898,-50.24498307352714,-144.93255280291268,-0.001446003676392138,-0.19465556740760803,2.0561091899871826,-164.05201521553593,39.686874580114136,113.28836816383766,1.64838614917,1.64295691709,0.122457578334,-0.15797253185,-0.834235906042,68.9446493654,1.70389729721,3.12984924837,1.54428934219,0.756628228207,56.4809955803,-88.871353152
0282,281,0282,0282,frame_id,True,,3.2156785544289197,128.52121861300833,42.12358356521986,91.39252507346595,101.7229574636678,10.340588565414066,1.1314430598610117,0.1,10.453732871400167,0.034352898997894954,47.47609412743408,-2.003123929402547,-0.2729869636961402,2.5007121398755454,2.0041057480543274,0.08037993342365635,-0.45718763616765984,153.00232326314128,-50.401311809605694,-145.9565048441861,0.000981818651780486,-0.19260703027248383,2.0435245037078857,-164.87409317163886,40.99121326386027,112.32053769214609,1.64672754648,1.64365031916,0.123089597942,0.46703871029,-1.08256259858,69.5920728368,1.70388689841,3.12985605881,1.54430268037,0.761850029563,56.5672713874,-88.8702251924
0283,282,0283,0283,frame_id,True,,3.1947374181776818,127.90393073091627,41.977141364453416,91.66775529475262,100.65801752045854,10.2063471711046,1.1217509842111222,0.1,10.318522269525712,0.0361433180005406,47.29097688190314,-2.000689387901431,-0.2726457675863889,2.4757329075771537,2.0043217883191313,0.0824455132652906,-0.4496139138179983,154.0197702976477,-50.796723569742696,-147.34427782666117,0.00363240041770041,-0.19020025432109833,2.0261189937591553,-164.00308833789887,40.8710317250099,111.99770465288032,1.64478601931,1.64517162437,0.123553407581,0.325837307551,-0.954362211295,70.556909914,1.70391660926,3.12983779164,1.54430169999,0.765492063232,56.3801755663,-88.8681893173
0284,283,0284,0284,frame_id,True,,3.1678547563398762,127.99703942154929,40.14308637089573,92.54080577936196,99.58485803156458,10.035303757265176,1.1232112643707537,0.1,10.147624883702251,0.029815793997840956,46.945928197080136,-2.0050437403540116,-0.27360542245482944,2.437261461012274,2.011012752044479,0.08437843747710727,-0.4115358579086365,155.41360885669354,-50.48253055695934,-148.8865851618934,0.005969011690467596,-0.18922698497772217,2.0257256031036377,-164.44330477241073,42.05827522240261,111.528556806542,1.64317056991,1.6465012014,0.123967846199,0.15606371121,-0.666548030215,71.3001297791,1.70410747519,3.12959814454,1.54430721507,0.757656967711,55.3239902615,-88.8839305869
0285,284,0285,0285,frame_id,True,,3.1674221816498696,127.38964727378823,39.663808096933224,92.70293640697753,98.52813547863263,10.032563276807618,1.1136956365891526,0.1,10.143932840466533,0.034637402997759636,47.2441426383256,-2.0011751638593323,-0.27485681536151274,2.4397366602585455,2.009456532621587,0.08675665619326933,-0.4136374552414557,156.75435675275867,-50.68809137087541,-150.07787700836394,0.008281368762254715,-0.1881001591682434,2.02609920501709,-163.5818351503081,42.01484503610209,111.39398751300342,1.64081015282,1.64762386975,0.124359609716,0.592003285722,-0.865507610391,72.0769129034,1.70408087853,3.12961895134,1.54429820405,0.758661829588,55.4034983427,-88.880017212
0286,285,0286,0286,frame_id,True,,3.209749593766286,128.96522627252983,35.524608512079794,94.03612938150167,101.46041877532952,10.302492454682838,1.138430052551868,0.1,10.416335459938026,0.03766705800080672,47.213694605713684,-1.9919250265585222,-0.27894450956100125,2.5013830382087505,2.0014641678782144,0.08883160584682126,-0.44820854251172915,156.65640526192158,-51.83102279372286,-150.58514890756993,0.009539141319692135,-0.19011290371418,2.0531744956970215,-167.81898622599866,42.20510658777882,107.95443231710054,1.63824620681,1.64872279533,0.124220370746,0.411882547929,-0.905237434184,72.8311381228,1.70390979457,3.12984390965,1.54429406779,0.755944432358,56.4145722409,-88.8747508606
0287,286,0287,0287,frame_id,True,,3.1944058594217473,128.17873360028932,35.626955188954184,94.17583199200658,100.19938047056667,10.20422879470799,1.126062550623754,0.1,10.316835049770367,0.03542890200333204,47.08784659577,-1.9880819767752866,-0.2788105456698273,2.4847582433614246,2.0005437582770567,0.091008111702237,-0.4496782873067369,157.35712583334774,-52.26022705013418,-151.5471391750199,0.01246178150177002,-0.18780243396759033,2.0350799560546875,-167.01591897769808,41.915604941872374,108.2534803544134,1.63592666793,1.64961396574,0.124107849538,0.364603275088,-0.807820679521,73.5412148612,1.70391205291,3.12984978295,1.5443008928,0.753840381668,56.4798351483,-88.8795838785
0288,287,0288,0288,frame_id,True,,3.1478205890003608,151.65932685519863,76.84557016840972,65.56719700847646,122.17545106082673,9.908774460534577,1.5103891051268614,0.1,10.059813371047262,0.0349476629999117,47.08440661756055,-1.9980778175293215,-0.3976326583354035,2.399655759615733,2.0136746794803746,0.20825545475168616,-0.339692771715953,115.89300943234326,-25.004055398429944,-130.18932267607212,0.015596861951053143,-0.18937720358371735,2.0599629878997803,-167.26142039924704,40.56314161004652,107.63522626310116,1.63208136925,1.65056093312,0.122968301128,-0.058544627219,-0.945626280371,74.0444252762,1.70466384909,3.1297622431,1.54435582624,-47.6552004645,54.6658141991,-97.099380371
0289,288,0289,0289,frame_id,True,,3.22443389374402,126.91165639783526,32.000085484962824,92.00770775336412,101.58485483224433,10.39697393512522,1.1062247516992352,0.1,10.507596410295145,0.033470725000370294,47.20492655951241,-1.9823599503978309,-0.28775535236753047,2.5267409482113057,1.999263745699745,0.09739803980744899,-0.4531249203792745,158.687939061186,-52.6750737718889,-153.50089486004467,0.016903795301914215,-0.19035731256008148,2.0736160278320312,-169.31197545385118,39.33263398147521,104.91425030771097,1.62988259626,1.65109036678,0.123152542368,0.160820879587,-1.01951422984,74.8072219106,1.70391140533,3.12986354698,1.54428368109,0.77009898708,56.6288335675,-88.8582775216
0290,289,0290,0290,frame_id,True,,3.2215897003081087,127.96343465058152,28.349190404989486,93.35086302026878,102.27913359310651,10.378640197131288,1.1226841535235517,0.1,10.490908612483643,0.03817640299530467,47.32507382963063,-1.9774117483727494,-0.2891827513925813,2.5268273211333083,1.9967195256583252,0.09981523356363997,-0.46092890270679476,159.71325340806698,-53.079718210583124,-154.56474847098585,0.019307777285575867,-0.18936751782894135,2.0658984184265137,-171.93755618694357,40.27114480968564,103.15611793590767,1.62747331187,1.6520692888,0.123156083176,0.387016464536,-1.11107098059,75.5515830261,1.70390013635,3.12988393248,1.54425784511,0.779185145604,56.8752314942,-88.8498811247
0291,290,0291,0291,frame_id,True,,3.145187510386343,127.29354015377285,26.860604927554164,93.47987125708062,99.74963444393302,9.892204475490242,1.1121922621318896,0.1,10.003423701703431,0.03373373099748278,47.019167685131585,-1.9917167416747872,-0.2880464674535217,2.417084634225736,2.013583238327152,0.1018398286405029,-0.3742782472781039,162.1182331013571,-51.36691619983401,-156.94138479955004,0.02186649665236473,-0.1862066388130188,2.042806386947632,-171.02116197108873,42.1129550572466,103.30898075651696,1.62509736905,1.65333133213,0.123237784117,0.29767191437,-0.848549005938,76.3372828263,1.70410124773,3.12953225013,1.54435081678,0.713354241618,54.4383785151,-88.9325205425
0292,291,0292,0292,frame_id,True,,3.185811682357191,127.33458597143628,28.11602006107637,94.71975612070253,99.40495377095584,10.149396075443555,1.1128342530382498,0.1,10.26067950074738,0.031010814993351232,47.269661066315074,-1.9747931580328872,-0.2893009405081324,2.4831216289684965,1.999518021502488,0.10412835287499944,-0.44053840181090365,162.06350869349032,-53.120943856570946,-157.1283993259724,0.024724863469600677,-0.18517258763313293,2.0425832271575928,-169.82047124543334,41.598812264131574,103.46664690307175,1.62277066989,1.65423900679,0.123356762563,0.537018706605,-1.06856218216,77.007939391,1.70392160675,3.12982181863,1.544292724,0.751777617759,56.3419696475,-88.883044262
0293,292,0293,0293,frame_id,True,,3.1842964125540525,126.19190536334123,25.61812645489465,92.8458992947476,99.89150117495876,10.139743643004607,1.0950045922079445,0.1,10.249244102225402,0.03546402099891566,47.06616655679635,-1.9743178013855274,-0.29238912995823596,2.481193555291302,2.0019001133883054,0.1066234463072655,-0.4280800947505303,162.9042693284253,-53.172479309771475,-158.40168090163286,0.027582312002778053,-0.18576568365097046,2.0531134605407715,-171.47760421668002,39.67341998497614,101.70681792340838,1.62040181829,1.65483454621,0.123140676022,0.2688666279,-0.92542684688,77.7537603456,1.70392846124,3.12979964918,1.54431147355,0.746001934315,56.0040125836,-88.8859538143
0294,293,0294,0294,frame_id,True,,2.9120934343935723,151.28967992754744,137.101373273617,6.5533724299018274,109.27892104455839,8.48028817063815,1.504136413888781,0.1,8.630701812027029,0.03706715899897972,47.02297351976422,-2.0182677826778206,-0.25459262448800013,2.083762444137819,2.0478776826457294,0.07010081130516932,-0.034678734421022206,51.30734690555833,33.951114653158534,-150.22097168234913,0.02960989996790886,-0.1844918131828308,2.049083709716797,-171.59127982082467,40.50448708306036,100.50010727309248,1.61794813798,1.6558545637,0.123173196625,0.407532515948,-0.886433130398,78.601950658,1.70624226963,3.12958968526,1.54452068378,-136.266559317,44.6034094706,-96.3259364846
0295,294,0295,0295,frame_id,True,,3.17118496350463,126.91458923433754,22.5763372310239,95.6468740562434,98.37505998592525,10.056414072757862,1.1062705439600493,0.1,10.167041127153867,0.03760062799847219,46.75486891029714,-1.9649193182085185,-0.29322753995643414,2.4717450830334284,1.9975983879957824,0.11068082004771984,-0.4375272485607722,164.9102838436586,-54.22777967805631,-160.89124008113433,0.03267906978726387,-0.1825467199087143,2.0342178344726562,-172.51337892531754,41.41909437818707,100.73369993294044,1.61624075044,1.65702032508,0.124015597979,0.307417892699,-0.62996124976,79.4626774997,1.70393216792,3.12984320257,1.54429115002,0.753797198258,56.3115285277,-88.8813954311
0296,295,0296,0296,frame_id,True,,2.9104474303741212,122.30475971580476,162.61324663895965,1.615604375531234,66.34029069521665,8.470704244971326,1.0350363382375396,0.1,8.57420787879508,0.03505682399554644,46.88202671255713,-2.0086518285654757,-0.07377479970560086,2.1048941435379342,2.0435349142037604,-0.10781015455617893,-0.07612512727206518,-8.124010971894972,40.354296039529565,166.77242055113967,0.03488308563828468,-0.18158495426177979,2.028769016265869,-170.7372576108546,41.96990041506081,100.43212985592302,1.61388207312,1.65744434214,0.12400223768,0.310160242726,-0.772866167438,80.1989472546,1.7068857209,3.12954834197,1.54446453749,-179.528489682,41.8378051354,-89.4480637143
0297,296,0297,0297,frame_id,True,,3.174270670844456,126.19599117330579,22.574480236379202,96.36563537705808,96.4072399069974,10.075994291783312,1.0950681853317918,0.1,10.18550111031649,0.03078036200167844,46.75682829838456,-1.9581446359249286,-0.2983217456552396,2.48045721846819,1.9958761828335456,0.11623955454558232,-0.4439329226613055,166.6109416080934,-54.745844839968385,-163.23208325093123,0.03773154690861702,-0.1820821911096573,2.0365242958068848,-170.81457815552739,41.619790537089735,100.36067684207138,1.61077815029,1.65794703967,0.123408887926,0.125399312052,-0.679798729686,80.9148912881,1.70392293611,3.12986769277,1.54428307339,0.75662173766,56.5271161525,-88.8724445621
0298,297,0298,0298,frame_id,True,,3.1640797346297265,125.40449964259862,22.881302707675786,96.11495537887663,94.76741956760281,10.01140056709452,1.08277067802974,0.1,10.119677634897494,0.03648817999783205,47.00878946767961,-1.958849322779109,-0.3010422170797611,2.466512412553006,2.00001998318546,0.1190125972667957,-0.42066761923330387,167.56083505873016,-53.976671109198676,-164.57192205369861,0.04117066040635109,-0.1820296198129654,2.045844793319702,-169.55786223359405,42.13828426967799,100.66065837869859,1.60827712049,1.65873581581,0.123639908716,-0.131912945935,-0.964652757877,81.5020515455,1.70404633126,3.1297262896,1.54428077171,0.753162329694,55.8784982433,-88.8788939469
0299,298,0299,0299,frame_id,True,,3.1727944902701086,126.03294801018134,21.279414483069786,97.70814760419012,94.41860556769791,10.066624877488358,1.0925314124697763,0.1,10.175878018735336,0.029907912001363002,46.822714871436716,-1.951887426351564,-0.30289395986261347,2.4829449453054275,1.9951825751116443,0.12158084748449305,-0.4424404897390214,168.7646018651363,-54.971670363742554,-165.74875031083712,0.04329514876008034,-0.18131311237812042,2.0405044555664062,-169.95598365179393,42.73647724044756,99.83264412146498,1.60565594811,1.6593253698,0.123306334532,0.196589859067,-0.765399216251,82.3819745537,1.70393502002,3.12985986186,1.54427731564,0.765196806805,56.5194234856,-88.8614765485
0300,299,0300,0300,frame_id,True,,3.16112573045511,128.30196549990575,15.885815310608962,99.80169390609177,96.0519668090663,9.992715883745351,1.1279976522372712,0.1,10.105515648969078,0.03352487800293602,46.83660921361116,-1.948966824529192,-0.3033668240014884,2.470265728767899,1.9946087422645302,0.123778148502526,-0.44313369446614087,169.89038637372195,-55.12589150654024,-167.02479881613672,0.04564191773533821,-0.1795886754989624,2.027132034301758,-174.2237983156691,44.67580239955153,96.92323437479699,1.60326381345,1.65972464706,0.123473653235,0.273077285317,-0.778252545518,83.1263008984,1.70389492561,3.12987613505,1.54427642546,0.760071368386,56.5460769076,-88.8683890726
0301,300,0301,0301,frame_id,True,,3.1513317325464234,127.48294162673177,16.412645306248578,99.41694586048152,95.03853760805407,9.930891688554041,1.1151556081257323,0.1,10.042407249366615,0.03420255899982294,46.99175191768502,-1.9445782006064534,-0.3039743129482855,2.4611190396540814,1.9928966239372372,0.12647126357465877,-0.4492457944148236,170.8154226840466,-55.250097688775945,-167.95318306725392,0.048318423330783844,-0.1775030493736267,2.011873245239258,-172.77193200970478,44.166848171705574,97.008279324692,1.60047794653,1.66044008347,0.12319061425,0.453900049098,-0.943103689722,83.6691402245,1.70389876718,3.12989916313,1.54426340094,0.760614987558,56.7428579961,-88.8682831052
0302,301,0302,0302,frame_id,True,,3.145815121207933,126.84028681768693,15.848554912339978,98.89463485037066,94.50209218471821,9.896152776820482,1.1051105931292613,0.1,10.00666383613341,0.036440331998164766,46.8631577799842,-1.9426566696628256,-0.30644646372687,2.455265445018994,1.9936682320102377,0.1294166603315987,-0.44297735145209927,171.7423380024848,-55.31354583508089,-169.24627351424425,0.05101156234741211,-0.1770298033952713,2.0122880935668945,-172.40910708517524,43.58108901528977,96.25163430103757,1.59748430714,1.66133327748,0.123104186112,0.288264712317,-0.841395562253,84.4033279471,1.70390175374,3.12987952705,1.54427900475,0.758515868065,56.5863669936,-88.8734513588
0303,302,0303,0303,frame_id,True,,3.122338173161762,127.11837038275405,10.143673437586926,97.65166367858671,95.93172821964049,9.748995667583129,1.1094537418165036,0.1,9.85994104176478,0.03511435400287155,46.936159995209444,-1.9483076550066913,-0.3083483113031724,2.420333503454005,2.001698910445019,0.13163432311824352,-0.40359628078249626,173.245533251435,-54.23114007129457,-170.78614945480822,0.05339125543832779,-0.1767139881849289,2.016737222671509,-176.6107933109781,43.42052360729215,93.28212232555128,1.59516783013,1.66156632823,0.123156436487,0.413921750108,-0.919943565925,85.1251706291,1.70398906937,3.12972311597,1.54431429734,0.730645962524,55.466197759,-88.9084363285
0304,303,0304,0304,frame_id,True,,3.1326422121615134,128.42277856111957,8.728346799077713,99.82070749000292,96.02554083334417,9.81344722941618,1.1298957499829694,0.1,9.926436804414477,0.03309037000144599,46.98989394946416,-1.9368610138037425,-0.30949896216193595,2.4425861366682655,1.992277720753215,0.13449149966041007,-0.4466707237654333,174.02323343185776,-55.488111129411465,-171.83095347646562,0.05541670694947243,-0.17500746250152588,1.995915412902832,-177.24841976906453,44.33259636059147,92.1435056901902,1.59251458846,1.66183753312,0.123282171384,0.430526837069,-0.974708494014,85.8884724544,1.70388754868,3.12988475231,1.54427008179,0.757832001379,56.7024191576,-88.8666788284
0305,304,0305,0305,frame_id,True,,3.1103205216817367,128.48261883079047,5.892157136562901,99.53018664007573,96.0804093370142,9.67409374759455,1.1308362606029057,0.1,9.787177373654842,0.04118486399966059,46.91081741582932,-1.9406777543523366,-0.31267508777980013,2.4104144645347647,1.9988932458260114,0.13819971594218416,-0.4132316184654286,175.06547679320158,-54.692576568314806,-173.24537132044745,0.058215491473674774,-0.17447537183761597,1.997182846069336,-179.04236607023552,44.8376100717609,90.67421934253835,1.5896514935,1.66248118266,0.123096330229,0.209243871748,-0.915053333319,86.6117142308,1.70410362446,3.12965877574,1.54426639756,0.779008536153,55.7654591712,-88.8527410667
0306,305,0306,0306,frame_id,True,,3.116398499498092,128.79681260187346,6.979983713441015,101.6949658050637,94.34962456614551,9.71193960767396,1.1357783332531217,0.1,9.825517440999272,0.03728063999733422,46.824866640991424,-1.9318069577492918,-0.3121040084575477,2.4254180203771303,1.992589252469703,0.13928014721620707,-0.43982386697289455,176.1227237177295,-55.617735697393776,-174.74715867139568,0.0607822947204113,-0.17282386124134064,1.9855941534042358,-176.8972925688295,46.07723010766991,90.9032167624588,1.58794121991,1.66276644886,0.123924579737,0.0779349025287,-0.811813725425,87.541166622,1.70391135903,3.12986017817,1.54429172899,0.77075130355,56.5185505469,-88.8581110658
0307,306,0307,0307,frame_id,True,,3.095828238323085,127.28524079928518,3.5755324394373247,98.58884024136557,94.6278802251914,9.584152481198615,1.1120624671303632,0.1,9.695358727911652,0.035970921999251004,46.8536908088639,-1.937985045775744,-0.3161968629537455,2.3934046852562174,2.0017138849347558,0.1422929357467524,-0.3960039246055824,177.56936344101558,-54.357141096788496,-175.92418450859353,0.06372883915901184,-0.1739039272069931,1.9974007606506348,-178.85510411954706,44.23169914457704,89.44793526621505,1.5848644021,1.66301935543,0.12347207745,0.495130781092,-0.873282729908,88.1235930209,1.70407187521,3.1296411471,1.54429400984,0.744781209406,55.2800272674,-88.8965762259
0308,307,0308,0308,frame_id,True,,3.1001077932543017,128.3298030401312,1.7720743135238877,100.96393849920025,93.73494373811707,9.610668329796056,1.1284349228331167,0.1,9.723511822079367,0.03253548999782652,46.5695535603477,-1.936233713397482,-0.3195947968397084,2.39990135270849,2.0024545407981664,0.14545648926829724,-0.38946624833837284,179.11468880730646,-54.49312009865304,-177.80939304717043,0.06622082740068436,-0.17413830757141113,2.010435104370117,-179.11323687916965,46.47081840054723,88.45566321471247,1.5827203594,1.66339941732,0.123751911468,0.454505043953,-0.597240431906,89.2311511691,1.70409923217,3.12962422511,1.54435661338,0.79846625932,55.0975720709,-88.8465441424
0309,308,0309,0309,frame_id,True,,3.116450027447252,126.86139159967554,3.3652173687983122,100.48926742662104,91.66831634214208,9.712260773575977,1.105440026134507,0.1,9.822804776189427,0.0321705589958583,46.44184517621165,-1.9275648053239582,-0.3211625672173073,2.42767569915563,1.9966091420005558,0.14725574918504258,-0.41673037902623533,179.89361604752767,-55.422205733501215,-178.95148846672134,0.0690443366765976,-0.1739068180322647,2.0109453201293945,-176.741166583674,45.06706169311979,89.38019519113658,1.58001406999,1.66407536331,0.123626753502,0.334421308187,-0.474179619274,89.9036630489,1.70401337148,3.12974414397,1.54427298991,0.762264983698,55.8941138095,-88.8736347479
0310,309,0310,0310,frame_id,True,,3.1082876839927867,130.4498987794661,5.9705917256738985,101.79056120054213,95.8017303606998,9.661452326461243,1.1618864962028395,0.1,9.777640976081527,0.03717323799355654,46.646843856456954,-1.9224963205457006,-0.32178822133852014,2.4211386917228177,1.9926380457878385,0.1493514177591897,-0.4340147255057769,-178.8595188726697,-55.6856488023164,179.92799082341648,0.07014172524213791,-0.17243680357933044,1.987123966217041,175.1698894016564,46.1049123982257,84.12626046271667,1.5776794028,1.66421654736,0.124009951693,0.658970940924,-0.702071339716,90.5417023573,1.70390468058,3.12986896514,1.54429554937,0.761405026125,56.3857266043,-88.8699640954
0311,310,0311,0311,frame_id,True,,2.8602245937244137,120.85721353495423,179.60163834229607,2.274078688109256,93.71762399284796,8.180884726545987,1.012984636749815,0.1,8.282183190220968,0.035957961998065,46.751266322049496,-1.964897853684675,-0.026674273489204925,2.0783045095137447,2.038142037940275,-0.1464090318696818,-0.07616446434772889,1.480720537945213,41.16894241671685,-178.7415239453136,0.07324418425559998,-0.17308330535888672,2.0021400451660156,-178.12091780435085,43.44302110482611,87.54085206183842,1.5754882045,1.66436906756,0.124163836542,0.283805959142,-0.779280111248,91.1947888198,1.7068880925,3.12957386638,1.54443443189,-179.522006292,41.9600800511,-89.4378679872
0312,311,0312,0312,frame_id,True,,3.0624554733194196,127.73429201280747,5.2583323885121445,99.89175521420333,93.02484821908207,9.378633526064071,1.1190919283641143,0.1,9.490542718900482,0.033388477997505106,46.705976255932946,-1.9310050668497203,-0.32734046103534253,2.354294200059531,2.0079888763208507,0.15447001876410993,-0.3522552443710543,-177.41067798670213,-53.291532137172446,177.61449979625985,0.07698380947113037,-0.1728704422712326,2.0020389556884766,177.3309896247857,46.60022307703088,84.58965157717778,1.57249613411,1.66467670443,0.124182965922,0.240970297599,-0.738449407548,91.9199394376,1.70414366718,3.12950534949,1.54436254575,0.710498651296,54.0623163913,-88.9359763654
0313,312,0313,0313,frame_id,True,,3.105372891118765,126.31813555265637,4.594709412619181,98.47531969220222,91.6484228230631,9.643340792895318,1.0969698185256396,0.1,9.753037774747881,0.03302294999593869,46.69906046041544,-1.915568909551739,-0.32935638974622905,2.421871366152094,1.9938755696078532,0.15740140031294048,-0.4281191250174502,-176.39625129674678,-55.46067611676728,176.12923733559265,0.0783066600561142,-0.17195498943328857,1.9937522411346436,179.00903929063406,43.0146435754349,84.48081451252955,1.56952596095,1.66441478877,0.12367901172,-0.0315690011247,-0.691417793349,92.6934968757,1.70390779792,3.12983790311,1.54426958995,0.752752515354,56.2274495089,-88.8795175321
0314,313,0314,0314,frame_id,True,,3.104062213342017,128.96666158313212,12.328452313059643,98.53620649452284,94.86301277072353,9.635202224297739,1.1384526599156188,0.1,9.749047490289302,0.035872685999493115,46.85152939221748,-1.9141089619974134,-0.3328823293967469,2.420863164384621,1.9948327915648458,0.1605204935593827,-0.4241330751969986,-175.39162079562502,-55.136347121064844,175.02731172411814,0.0807238295674324,-0.1723618358373642,1.996730089187622,172.27992689131534,43.399859373457986,80.1642989533946,1.56664459549,1.66443094526,0.123470445321,0.0615717703355,-0.860894402804,93.3491561148,1.70391133811,3.12982833804,1.54430888907,0.753436210966,56.1181426166,-88.8721659959
0315,314,0315,0315,frame_id,True,,3.129262559340588,126.33414878787974,9.54880665397502,97.88389250315674,91.0799472973903,9.792284165290807,1.0972192004223356,0.1,9.90200608533304,0.033053904997359496,46.53437338713544,-1.9064947787701367,-0.3365718336642598,2.4585119939908555,1.9909622047125577,0.16256672757276047,-0.44019381772132404,-173.5546533657612,-55.76718886764981,173.372037038276,0.08446742594242096,-0.17400510609149933,2.0183181762695312,176.89653998026375,42.11670363550697,82.2920897408857,1.5642982505,1.66459992476,0.123833286864,0.500868389752,-0.604504232374,94.2218741316,1.70390230219,3.1298704127,1.54426355428,0.756655569805,56.5762905508,-88.8742230619
0316,315,0316,0316,frame_id,True,,3.1336102757997293,127.35783025298116,14.387870794922492,96.27484623740133,93.14405705233702,9.819513360597655,1.1131978635224724,0.1,9.930833146949903,0.033944262002478354,46.67094191184528,-1.903857749908523,-0.3409605654970844,2.4654786394302466,1.99166258892353,0.16584304301898078,-0.4370562837783909,-173.203839339252,-55.56034733324121,172.3363828998711,0.08780483901500702,-0.17511752247810364,2.0284223556518555,172.40828986582548,40.7144989041601,79.19232584753408,1.56106541247,1.66501498343,0.123342030449,-0.00533843219961,-0.673884866275,94.8267210494,1.70389489266,3.12985842803,1.54428376065,0.755446934753,56.5047911473,-88.8738699789
0317,316,0317,0317,frame_id,True,,3.1074785412516936,127.12208632658354,11.690745603923233,99.01101802141773,91.34173336778382,9.656422884339753,1.1095118135212974,0.1,9.767374065691882,0.037470429997483734,46.81184931875416,-1.909264089513907,-0.3424573049069708,2.4277266145816827,1.9982722792517038,0.16858835072529965,-0.40393840085182436,-172.29347912862028,-54.360702919980525,171.35951288780385,0.08900818973779678,-0.17386895418167114,2.0237882137298584,176.01577526745646,44.65031510143719,80.01777952002003,1.5590912887,1.66489395708,0.123595553769,0.154643909107,-0.843511576515,95.5306753944,1.70406286815,3.12958930523,1.54427537131,0.770469954636,55.5525007537,-88.8630908996
0318,317,0318,0318,frame_id,True,,3.132540363730736,126.57874352175234,14.833353344695979,97.10758346911439,90.9349580954043,9.81280913040229,1.101030581436713,0.1,9.922912188545961,0.034573804994579405,46.72737699748521,-1.8973884947734438,-0.344702375170689,2.4685838658743884,1.9905424632268511,0.16974483155916253,-0.4393883187705067,-170.84057031917771,-55.32093760482408,169.87149954903012,0.09315396845340729,-0.1749575436115265,2.029195547103882,174.32607633612625,41.786645864290314,78.93654145362582,1.55723854661,1.6650515843,0.124079055597,0.302170981138,-0.77699836725,96.2451790126,1.70390425035,3.12984658198,1.54429012672,0.761637241746,56.5616613236,-88.8681902229
0319,318,0319,0319,frame_id,True,,3.1276134557903394,126.12501666156004,16.490403144691754,96.57121344200829,90.37305884752004,9.78196592884079,1.0939636742797219,0.1,9.891362296268763,0.033496577001642436,46.69292658948682,-1.8984627855592393,-0.34838635775758253,2.460981902902955,1.9955807013087892,0.17279883775426375,-0.41505151731335543,-170.03889918618728,-54.561485640144106,168.70959838967747,0.09711791574954987,-0.1755875200033188,2.0459303855895996,173.470697669121,42.00972780186418,78.33653954215742,1.55449377153,1.66514962515,0.124023023534,0.20793731131,-0.728262461884,97.0197024756,1.7040252477,3.12971099798,1.54429407465,0.763470095251,55.8683261224,-88.8727838802
0320,319,0320,0320,frame_id,True,,3.11554310341727,128.5095290900658,12.367078515745561,96.20377118379128,96.00518878985444,9.706608829250914,1.1312592869189222,0.1,9.819734757942806,0.037217094002699014,46.69165676264423,-1.8983315821104911,-0.3641400738305416,2.4434295652306988,1.9971010084563163,0.18875969486897848,-0.4043563363946394,-175.79168517615946,-55.17591640338948,172.55352856328156,0.0987694263458252,-0.1753803789615631,2.0390732288360596,171.84123630809495,41.02785478040181,76.54833977342712,1.55122237453,1.66490289195,0.123481403163,0.210158326491,-0.733354432901,97.7496450341,1.70416762954,3.12965048775,1.54428009993,-3.88184640028,55.9164651718,-89.6867114878
0321,320,0321,0321,frame_id,True,,3.0982249699513127,126.44343900068434,20.922695566017637,95.06516505445381,91.13216673394136,9.598997964429811,1.0989217005344996,0.1,9.708890134483262,0.03549256400583545,46.718286440943665,-1.899174361651468,-0.35519111013696025,2.4219772880345563,1.9988299824052331,0.18130686736390422,-0.40143395116627,-168.07920710223166,-53.85666906908507,166.4303571454101,0.0996556207537651,-0.17388424277305603,2.020543336868286,170.99809733175067,41.20849598536872,75.29819041146875,1.54876279843,1.664674767,0.123470538855,0.262171988352,-0.771720913475,98.4793663176,1.70406173935,3.12968039384,1.54437991251,0.911007424819,55.4738963759,-88.7325279058
0322,321,0322,0322,frame_id,True,,2.9130112162529054,164.13976691431085,64.93626402119878,74.00287289368185,148.88957670610466,8.485634346015232,1.7240696573597099,0.1,8.658041311751203,0.0330980479993741,46.81852997661082,-1.9274847552139809,-0.3968887812513816,2.147770043498541,2.0312818855006745,0.22261993950791237,-0.12479221451904876,106.16811203176925,-32.262915125162564,-136.47068774424244,0.10379713028669357,-0.17426884174346924,2.022977828979492,171.10437605296804,41.73995776851929,74.63973554965287,1.54590775147,1.66445673598,0.12335360089,0.128602732349,-0.840751378431,99.1760354838,1.7051546547,3.12951413423,1.54443983201,-68.9484335843,51.0560762392,-97.622603591
0323,322,0323,0323,frame_id,True,,3.111613328125316,128.16689955212814,26.029464763143324,96.59289754783686,90.90682020920686,9.682137503767105,1.125876774574564,0.1,9.794725181224562,0.03420366600039415,46.827283443316574,-1.8862110519916901,-0.3569381798334821,2.4488651467340268,1.9904261374981294,0.18413656602580386,-0.44267198572328453,-165.7760095101105,-54.60454385180424,163.65630599548786,0.10421508550643921,-0.17280161380767822,2.006193161010742,168.1945257267462,41.988353696032625,72.749485786281,1.5429161396,1.66450468113,0.123561808977,0.213669553394,-0.861424447039,99.889040714,1.70388752786,3.12986535975,1.54428953252,0.760611458566,56.652498101,-88.8637941871
0324,323,0324,0324,frame_id,True,,3.088107606648147,127.57409785539623,28.813510500420193,92.76354858605737,91.90937372367105,9.536408590238148,1.1165826864720243,0.1,9.64806685888535,0.03438599500077544,46.28179490654367,-1.892283001555106,-0.3593913654988985,2.413816786475018,1.998345890654227,0.18568803772389697,-0.40437183446390995,-164.40240181796565,-53.71020123501835,162.48534757685582,0.1060628890991211,-0.17370332777500153,2.0094449520111084,166.78408768161412,39.053347351039015,70.57597385318476,1.54131107696,1.66426052131,0.123903977468,0.81670679663,-0.466963222493,100.758653226,1.70400997033,3.1296504034,1.54430690978,0.738865012623,55.5461159997,-88.8966126167
0325,324,0325,0325,frame_id,True,,3.121867283417897,127.7882750770763,28.42666195961681,94.08969285411627,91.4536301685919,9.74605533527504,1.1199378938696662,0.1,9.858049124662006,0.036442840995732695,46.913430661326714,-1.8817362233794603,-0.3645660296156188,2.4641866266472086,1.9924923822081957,0.18950124234698018,-0.4359244882805092,-163.9586000323254,-53.937052488096995,161.63161657847533,0.11075615882873535,-0.1750647872686386,2.028262138366699,167.61473800805777,40.152640366019256,70.17798640988343,1.5377634993,1.66386462832,0.12321600276,0.393729606402,-1.00305493813,101.198367434,1.70396777632,3.12979394301,1.544269892,0.770568424075,56.4497173599,-88.859609447
0326,325,0326,0326,frame_id,True,,3.113316874097177,127.8038131418878,31.797941640520094,92.90440371631689,91.00148472847718,9.692741958538218,1.1201814261994647,0.1,9.804760101158164,0.033979683998040855,46.91097176946336,-1.8810443858324055,-0.36638252683142025,2.453605066244205,1.9935497100173,0.19186532743433315,-0.4316004619046052,-163.17266643678025,-53.65838472328719,160.4449739636003,0.11250532418489456,-0.1745171993970871,2.0220046043395996,165.02939192269963,39.24601899302969,69.44348923512311,1.53499527609,1.66387829805,0.123104659586,0.243209710619,-0.958310090206,101.9434751,1.70393440268,3.12983090515,1.54429227357,0.748853155643,56.327617077,-88.8827908718
0327,326,0327,0327,frame_id,True,,3.1137409609142965,125.78378329701306,32.74901259929146,87.7941031613351,89.84131419873478,9.695382771675487,1.088658233399731,0.1,9.80424859501546,0.03590037200046936,46.72649240592291,-1.8777670813995522,-0.36924013965793745,2.456223784379811,1.9927114201980751,0.19463620060154097,-0.43680554478630496,-161.79706549330388,-53.69337051209444,158.92546451376282,0.11494433879852295,-0.17460393905639648,2.019418239593506,165.45392190740466,34.10073264924065,69.08415031502804,1.53223601606,1.66356846627,0.122978632483,0.354004809369,-0.800167039134,102.797998828,1.70390654795,3.12985150951,1.54428943745,0.747644246987,56.4719400154,-88.87918018
0328,327,0328,0328,frame_id,True,,3.091133004228641,130.5870989154245,37.24267630825125,94.7163915315491,93.1665361945028,9.555103249831586,1.1640612921763762,0.1,9.671509379049223,0.03334789899963653,46.886802652167304,-1.8791886400541082,-0.37008678703621545,2.4262706104192886,1.9943560417851225,0.1972011604817263,-0.4297740522298964,-161.08751731873593,-53.10944494970853,158.12863094607164,0.11516740173101425,-0.17288562655448914,1.996496558189392,161.66980637301285,41.606946581840546,64.96209475156884,1.53006468888,1.66300502184,0.12322353419,0.447941443603,-0.99050882755,103.427421856,1.70399760523,3.12977671385,1.54427180895,0.768714605754,56.2531385343,-88.8651385895
0329,328,0329,0329,frame_id,True,,3.131114033438524,125.30287615382396,34.072179696490025,89.93876241057887,87.36702445444725,9.803875090395664,1.0811948981629473,0.1,9.911994580211958,0.03145183900051052,46.52287111557009,-1.8690959089821164,-0.3765731416276683,2.4836562246870333,1.9909266480630223,0.19943359118020432,-0.44454818673842506,-159.070636640065,-53.431286913323184,155.9147020928339,0.12183073908090591,-0.177139550447464,2.0391080379486084,166.85718366344497,36.50747549725569,68.54767763838665,1.527937137,1.66268186991,0.123840376065,0.571651314079,-0.638906786324,104.573200081,1.70391900928,3.12985575597,1.54426880942,0.791662803599,56.6580210746,-88.8435700991
0330,329,0330,0330,frame_id,True,,3.1295956131413947,127.65346844295242,35.543326924874236,94.90621319195623,88.4441104580773,9.79436870179386,1.117825712356338,0.1,9.906151273029495,0.03244424700096715,46.86372001976502,-1.8675944983704456,-0.37914746460528725,2.482479947861349,1.9921136602504619,0.2020676678142106,-0.44226922398439616,-158.83448896474127,-52.946067371420924,155.14383802215087,0.12451916188001633,-0.17707979679107666,2.040210723876953,165.62218411038452,41.96014582053531,66.69972756407357,1.5249187036,1.66208213734,0.12351835521,0.215268350465,-0.862120191509,105.174439745,1.70392054365,3.12985729329,1.54427332249,0.763493518556,56.584342954,-88.8688233696
0331,330,0331,0331,frame_id,True,,3.111670805243976,126.73792609929363,37.455836375190245,91.72775173808765,88.13298100064182,9.682495200207693,1.1035132344705243,0.1,9.792846523654745,0.033358877000864595,46.554426172951196,-1.8698493525055033,-0.38014248526357397,2.457976869305339,1.9953151330021006,0.2036999813344358,-0.42837958689567124,-157.68110674323603,-52.45356182466507,154.1206332423513,0.1254657804965973,-0.17644250392913818,2.029597282409668,164.86305688157373,39.274189913422575,65.98765224170947,1.52312152599,1.66153278891,0.123864701017,0.66027854335,-0.696264248839,105.928020455,1.70391629846,3.1298339751,1.54431889237,0.740625352052,56.1686679049,-88.8893935344
0332,331,0332,0332,frame_id,True,,3.116907799209548,127.53851216196631,41.30241918064394,89.74291355391142,88.37358382598407,9.71511422877331,1.1160255151025387,0.1,9.826716780283563,0.030719582995516248,46.527547649095105,-1.8640361218724704,-0.3827693428657677,2.4685970094954865,1.9914336293015933,0.20638686081391833,-0.44760234625696105,-156.4013392382268,-52.71391708009841,152.56145366798512,0.12739750742912292,-0.17638248205184937,2.0209946632385254,162.2962415811293,37.028996473813,64.18786984200105,1.52060136533,1.66104098727,0.123817652645,0.539021475527,-0.612225072815,106.711184814,1.70389846972,3.12987810767,1.54426511097,0.763793273978,56.7079847495,-88.8658192414
0333,332,0333,0333,frame_id,True,,3.094291945874342,126.55985617043044,39.461662036392056,89.20257327758281,89.01714684303812,9.574642646302824,1.100736124407023,0.1,9.684716258743526,0.03288539600180229,46.82348011928605,-1.8679501341411178,-0.3867177800122199,2.4363608725489385,1.998805068595082,0.210536195415586,-0.4150410063685184,-156.87925999009832,-51.47481261184027,152.7389655150477,0.13085493445396423,-0.1761815845966339,2.02131986618042,163.65907797350962,37.72776066574251,63.7218186720096,1.51699222034,1.66094009213,0.123107797469,0.444601554459,-0.909667426066,107.085710625,1.7040455809,3.12965193335,1.54427027817,0.766992241633,55.787179312,-88.8664104467
0334,333,0334,0334,frame_id,True,,3.0950598072127393,127.41600644196754,42.09778453561307,89.76757880976999,89.44941821823267,9.579395210223758,1.1141080740293847,0.1,9.690806017626697,0.033413700002711266,46.98329632939578,-1.8659064672330405,-0.3895447376040473,2.4384509761663584,1.9990693382361915,0.2127960744170203,-0.41471330717526955,-156.1066308496429,-50.98840046778217,151.92582191462606,0.13316287100315094,-0.17674866318702698,2.023737668991089,161.79558461474406,38.77917834198782,62.4764036963934,1.51458318611,1.66059738569,0.123235425481,0.578999508589,-1.13988988516,107.740375514,1.70403816928,3.12969002433,1.5442988104,0.763381071094,55.7671862887,-88.8734245539
0335,334,0335,0335,frame_id,True,,3.0727246898958978,127.22154195191023,43.682042559629735,88.8792675010672,88.7615793913015,9.441637019895841,1.1110664252470752,0.1,9.552743662420548,0.03604458000336308,46.03699261479496,-1.8685425558990638,-0.39120471569876947,2.4077260240951586,2.0029739925569694,0.21525158080439843,-0.39328691810760985,-154.7754592589633,-50.88214569520075,150.49272291151902,0.13443143665790558,-0.17595313489437103,2.014439105987549,161.54249818140693,37.99712180586646,61.73114352021752,1.51338439764,1.65988819458,0.124307643846,1.23233548108,-0.384986139586,108.915072038,1.70411261231,3.12961130703,1.54432503061,0.267557742773,55.1669648362,-88.9712209955
0336,335,0336,0336,frame_id,True,,3.092911375520951,129.56494214626213,47.138377408597876,89.78834883716763,90.72251431926423,9.566100776826902,1.147887815699092,0.1,9.680889558396812,0.036348118002933916,46.97094427771742,-1.8594172634251958,-0.3924705062148992,2.440212105341394,1.995732996619547,0.2173643235204641,-0.4360946164803101,-154.0970285900452,-50.98211814304956,149.4115939549012,0.1363157331943512,-0.17510618269443512,2.004117488861084,158.7645940013569,38.80623069411806,58.689079635636965,1.50980301417,1.65912077052,0.123113643731,0.432093076712,-1.04184785264,109.190645386,1.70392551096,3.1298240211,1.54428371182,0.769696984284,56.3443059954,-88.8655259476
0337,336,0337,0337,frame_id,True,,3.097113254526119,129.08454188825021,48.92075561216268,88.78627530876821,89.09669156178953,9.59211051136137,1.1403098361409192,0.1,9.70614149497546,0.0320128189996467,46.87072341073408,-1.8546628670048986,-0.3952640412003152,2.4486940394521595,1.993735881264237,0.22011023439470456,-0.4480886946798204,-152.9085712740891,-51.05253046795183,147.9113599258278,0.13907301425933838,-0.17515380680561066,2.000605344772339,158.17067311374825,37.733744840816385,58.81466836403829,1.50685431489,1.65821152743,0.123147302723,0.344682775955,-0.870917266089,110.013486906,1.70390363821,3.12986828096,1.54427809255,0.758110312857,56.6664960203,-88.8705376431
0338,337,0338,0338,frame_id,True,,3.1014844003470703,127.88539760348947,48.039508563578465,87.6098421574344,88.29439134504801,9.619205485596227,1.1214603870762616,0.1,9.731351524303854,0.03085581000050297,47.2154437591342,-1.852113137525273,-0.3985414855289737,2.455615420971874,1.9931063154160507,0.2226380162048618,-0.45316495481586827,-152.5006366274139,-50.64067776080208,147.3024080275294,0.1409931778907776,-0.17590346932411194,2.002450466156006,159.45985480900765,36.96916439663231,59.00801668248138,1.5045028861,1.65763793815,0.122938263814,0.220965526505,-1.18855728431,110.547166367,1.70390730864,3.12988101759,1.54425354847,0.769109284412,56.8012789377,-88.8582455231
0339,338,0339,0339,frame_id,True,,3.104496902177519,128.21367467851238,51.88432571121291,87.03718100760977,87.10997006591029,9.637901015629813,1.1266111252881041,0.1,9.750562128158624,0.034439440998539794,46.393240786759385,-1.8494517180712167,-0.40157306641277835,2.46092836760542,1.9936269793302956,0.22392788976368472,-0.4495195617582518,-150.08150811549342,-50.354402545350844,145.23653450255995,0.14417526125907898,-0.17764517664909363,2.011408805847168,158.03416617329364,36.68277846225892,58.12656443664965,1.50296217899,1.65686584429,0.124198648487,1.07761683052,-0.690253814864,111.83327764,1.70388596156,3.12987391092,1.54428207497,0.761617850296,56.6584728764,-88.8719714485
0340,339,0340,0340,frame_id,True,,3.111273031444648,126.16335117514555,48.94267597670296,85.91706423307983,86.15933475114043,9.68001987619477,1.094560195919113,0.1,9.789475895786682,0.03755000100500183,46.93407466563036,-1.846610109813386,-0.4066807582985523,2.4707613683558107,1.9960069912745295,0.22751101404539376,-0.44270760782724616,-150.66521855636393,-49.820877130595555,144.7725290646914,0.1493968814611435,-0.17916974425315857,2.0280537605285645,160.3921054669331,36.09618710248427,58.61319431355098,1.49975797004,1.65626057677,0.123486218745,0.197588841501,-0.826374800921,112.356396747,1.70392179353,3.1298425008,1.54428481218,0.769926815,56.4607539695,-88.860065616
0341,340,0341,0341,frame_id,True,,3.1191524262757757,124.8632741809037,48.60753424092036,83.5828721160737,85.71597021658897,9.729111858342058,1.0743867434980394,0.1,9.836550532691863,0.03428003600129159,46.93653724162766,-1.8468118161322715,-0.41260447656775545,2.4795474425895803,1.9999834448458793,0.2299336597886188,-0.42747754016953615,-150.25416403017226,-49.03449139992872,144.31683603256684,0.1531716287136078,-0.18267081677913666,2.052069902420044,161.13830172890735,34.54838071614497,58.60086581597787,1.49699273141,1.65573768829,0.12310395935,0.4258101358,-0.961791890775,112.986406949,1.70392406341,3.12980240898,1.54431926252,0.748215217251,56.0193669152,-88.8881191048
0342,341,0342,0342,frame_id,True,,3.0997230237389615,127.81281151683383,53.44735766813699,85.99293566412575,87.77531963951407,9.608282823897412,1.1203224675823698,0.1,9.720315070655648,0.032410852996690664,47.00788323053436,-1.8466536191275598,-0.41245855178284097,2.4552049156682823,1.999880099015522,0.23253902580189156,-0.4298047539251182,-149.60864722944427,-48.69874903379053,143.50859539062745,0.15322647988796234,-0.1799195259809494,2.025400161743164,156.94399510241874,37.29418663033525,55.73327575111339,1.49471399451,1.65493028562,0.123209454003,0.42709818717,-1.03090848964,113.61789158,1.70400802637,3.12974210716,1.54428405962,0.761678712177,56.0659244118,-88.87412877
0343,342,0343,0343,frame_id,True,,2.823757272160256,164.3936356067359,49.15730854752039,79.2111702902605,162.9619785022478,7.973605132077931,1.7284588036590753,0.1,8.146451012443839,0.03360431500186678,46.967667559020754,-1.891721685397465,-0.4087640520619925,2.056187283983822,2.046471242773373,0.22907182839389406,-0.04100431202947585,107.76206515545186,-44.06435860003818,-141.42095279600994,0.1547495573759079,-0.17969222366809845,2.0151829719543457,156.91937370297225,35.1468116902223,55.61706870174224,1.49199488605,1.65411149414,0.123221449936,0.485955716769,-1.01603855504,114.384834969,1.70523415021,3.12949068227,1.54448323832,-71.7500088922,50.0640126385,-96.9635205078
0344,343,0344,0344,frame_id,True,,3.0930535507396635,128.01299269839703,56.890934618056804,82.96676169630507,86.98553837694591,9.56698026774324,1.1234615274175874,0.1,9.679326420485,0.03653706300246995,46.57764919099518,-1.8415337687469517,-0.41725684781176753,2.4498225179106496,1.9987430757022893,0.2378140099774093,-0.43978318838184105,-147.39204795848735,-48.42032864263758,141.0583668435833,0.15720930695533752,-0.17944283783435822,2.0100393295288086,155.71701742345587,34.54643305366749,54.072828466637375,1.48915920167,1.6534030213,0.123384159238,0.693697697744,-0.664803389221,115.157484099,1.70390625863,3.12983942535,1.54428453756,0.748392056129,56.3118633525,-88.8810565351
0345,344,0345,0345,frame_id,True,,3.0766304514691982,125.82925106846689,54.27940817620271,81.71859638988076,87.01423961746607,9.465654934907562,1.089364693288222,0.1,9.574591404236385,0.03137816999515053,47.274146005323914,-1.8472647975130907,-0.4211026674374436,2.424033878940959,2.007627249781691,0.2400569563969468,-0.40279245247306317,-148.61403315082407,-46.860824613697964,141.34239897716262,0.16036245226860046,-0.18104571104049683,2.0212414264678955,157.10655867297322,34.85777177618281,54.32815935969654,1.48688153517,1.6521824267,0.122959908761,0.126723203373,-1.11865814564,115.791821975,1.70400294225,3.12968593304,1.54432473156,0.726404330948,55.2360452916,-88.9117265982
0346,345,0346,0346,frame_id,True,,3.1184547560845752,125.970340229781,56.52325772246206,80.6958264352948,85.24318009851046,9.724760065746507,1.0915577919276631,0.1,9.833915844939273,0.0348500000036438,47.30483303157392,-1.8341053735345398,-0.42595742739914155,2.4858354359373305,1.997250751766542,0.24304163552997804,-0.45460140998213017,-146.41699428773947,-47.466394783358986,139.35570571379827,0.16314537823200226,-0.1829157918691635,2.0312340259552,157.0597479897985,33.22943165193583,54.11252561528781,1.4846132709,1.65105961566,0.123021572479,0.202969089495,-1.1823807524,116.643355628,1.70396076594,3.12982449952,1.54424757093,0.790560717368,56.6856487333,-88.8379967249
0347,346,0347,0347,frame_id,True,,3.121223259104868,125.14366534079119,57.098837900899525,78.14744216194816,84.38016896029765,9.742034633177214,1.0787276191537887,0.1,9.849907395092593,0.03601290900405729,47.14782860742465,-1.831614715075728,-0.43014186449893144,2.490421680178009,1.9988148035767046,0.24529471822627213,-0.45117965098794566,-145.65171074487736,-47.06571759740453,138.3931854454134,0.16720008850097656,-0.1848471462726593,2.0392420291900635,157.2494513542231,31.081724564543638,54.01301648511574,1.48185509918,1.65002521271,0.123069605866,0.314448544366,-1.04942057523,117.401994233,1.7039358414,3.12985077587,1.54426264054,0.761539604433,56.5625402037,-88.8681136921
0348,347,0348,0348,frame_id,True,,3.083298017203562,126.22274989188384,58.83887929559614,80.04427442887277,86.22172671019717,9.506726662891417,1.095484696795408,0.1,9.616275132570959,0.033441325002058875,46.805724400017326,-1.840514610769072,-0.43112642651547106,2.4358494688295065,2.0077997103946594,0.24744256919373186,-0.4098232198976217,-145.77715370425582,-45.95646617914206,138.35209353116878,0.16728509962558746,-0.1836838573217392,2.0260262489318848,155.38396700014806,34.08780824973068,52.130366820971595,1.47972343217,1.64964272329,0.123227394324,0.694794493232,-0.899275279703,118.026011887,1.70397747151,3.12971148873,1.54433581703,0.733646848681,55.3733100271,-88.8983109186
0349,348,0349,0349,frame_id,True,,3.1464782785523036,123.50528116520462,58.174960842583346,75.61279043473263,82.09660167221664,9.900325557401468,1.0534418616128922,0.1,10.005669743562757,0.03166781099571381,47.10959347431487,-1.8252084892601663,-0.43814271411739925,2.5252664196476236,1.9981537055582697,0.24970704040371516,-0.4587128269657388,-144.05591017464357,-46.348563680394406,136.47333317772836,0.17294521629810333,-0.18843567371368408,2.0665535926818848,157.7691289827731,29.26422675433822,54.37673150551173,1.47740520854,1.64848155249,0.123173724852,0.402048764389,-1.04331940965,118.893921483,1.70388530616,3.12988369522,1.54428024851,0.767878462057,56.7395203055,-88.8629611564
0350,349,0350,0350,frame_id,True,,3.120691345066348,123.777628889418,57.53857661356227,77.84714173270635,84.33561960598595,9.738714471172011,1.0576318294885094,0.1,9.844477654120862,0.039445906004402786,47.15290761533255,-1.8312693941165499,-0.44064586679850715,2.4881716374513654,2.007806058483272,0.2514074377289881,-0.41797357836933424,-144.60005122299893,-45.01202083006861,136.44944046235543,0.1765366643667221,-0.18923842906951904,2.0701980590820312,157.8613721634388,32.83512090263775,52.11382085636948,1.47509891261,1.64747220765,0.123182337931,0.412653968688,-1.09489674663,119.652269132,1.70391417054,3.12976421976,1.54432509959,0.712787755336,55.5546545982,-88.9248797425
0351,350,0351,0351,frame_id,True,,3.1337846026488316,127.08160110906718,63.86151527127106,78.08228833435714,84.78380256435568,9.820605935798895,1.1088791726370346,0.1,9.931493853062598,0.0356591390009271,46.97090481131071,-1.8212099627520724,-0.44212952959851237,2.511637252158139,1.9983977035548373,0.25508879828766795,-0.46343902904412565,-142.55659907669096,-45.687455729496506,134.49490946654436,0.1771877408027649,-0.18704073131084442,2.0481982231140137,153.58188565203795,32.3948326048606,49.71110690218868,1.47228793329,1.64667673358,0.123030437975,0.403821708011,-0.844308752207,120.399350632,1.70391984147,3.12987976519,1.54426048141,0.775859205237,56.8344743303,-88.8504752353
0352,351,0352,0352,frame_id,True,,3.096299230912752,126.19018825289157,63.59594964998416,77.86130554445879,84.9741828372967,9.5870689273509,1.0949778667812775,0.1,9.696566714029029,0.039553085996885784,46.603194510181154,-1.8284040701839572,-0.4429478638287192,2.4592284711704226,2.0055768502208835,0.25649307597833926,-0.432841018091199,-142.16173514101308,-44.58118463879457,133.92090373305294,0.17717278003692627,-0.18645478785037994,2.0263874530792236,154.24231520900273,33.28012090566424,48.94672089575624,1.47070883878,1.64549999976,0.123713218231,0.842671245302,-0.699776640549,121.369992428,1.70398535864,3.12975223713,1.54429616486,0.750814524737,55.9234918278,-88.8839070669
0353,352,0353,0353,frame_id,True,,3.0540598313083165,123.90456761553075,61.68974217691414,72.03895011833225,85.07727844102622,9.327281453210983,1.0595865544650682,0.1,9.43324010865749,0.03385943099419819,47.14014987087519,-1.8408285776566715,-0.44688003077350946,2.3956063614436673,2.019991467375681,0.25947259678684564,-0.36730226140704614,-144.3976715855313,-42.88790593567891,134.75712360633264,0.1791628897190094,-0.18740743398666382,2.028304100036621,153.9125862375546,29.15104418265335,49.67984516530642,1.46772002727,1.6443772418,0.122683723048,0.147033906347,-0.826880862082,121.854715644,1.70412712529,3.12948215057,1.54436498196,0.708879863527,54.0566810502,-88.9339336594
0354,353,0354,0354,frame_id,True,,3.094015953539333,125.06374942025353,63.92436710052283,75.26072669795573,84.59893605034638,9.572934720755908,1.0774898377062556,0.1,9.680683704526533,0.030125325996777974,47.18886414770385,-1.8266306751342318,-0.4503549750509197,2.4563256082737595,2.00925669902282,0.26221084255599325,-0.425863343259111,-142.10645443131259,-43.3829080283011,133.0556763091577,0.18262602388858795,-0.18814413249492645,2.0304622650146484,153.96917846816459,31.87781866965463,48.45674025881131,1.46535338154,1.64292743094,0.123103711439,0.403990842843,-1.06313594942,122.593644723,1.70404351255,3.12969258692,1.54429440518,0.75396820885,55.6755224526,-88.8766549277
0355,354,0355,0355,frame_id,True,,3.115833862211332,124.88890313923626,64.46639228491881,73.80015795559001,84.21578824188045,9.708420656902785,1.0747832884779707,0.1,9.815898985750582,0.03754586900322465,47.158946712284425,-1.8217252999117086,-0.45470377208244694,2.486560288474497,2.0073391854335974,0.2642376810456504,-0.4404544268106788,-141.0540297576308,-43.19784971194991,131.75130853209737,0.18561388552188873,-0.19046609103679657,2.0461058616638184,154.4795779574504,30.602308243640095,47.53552029021692,1.46310114276,1.6414427404,0.12298514037,0.343917066127,-0.946533604004,123.457671426,1.70397450738,3.12976515666,1.54429040914,0.756980580754,56.0567949108,-88.8755620517
0356,355,0356,0356,frame_id,True,,2.819657144888776,127.58282687953485,128.10775363263747,3.4214715639382973,173.9013209542935,7.9504664147223245,1.1167193713298862,0.1,8.062138351855314,0.034417619004670996,47.269665098757365,-1.8659052364320097,0.07381387652427418,2.1126797142516396,2.0557164959401426,-0.26705419124633534,-0.041925186205985426,27.388340372523498,32.892173055392476,-138.47999978675185,0.18981125950813293,-0.19324031472206116,2.0707545280456543,155.49609400516093,29.47070149145418,47.61867925895462,1.46096652025,1.64039592407,0.122984711893,0.28876843842,-1.03004785347,124.071485819,1.70704877972,3.12951472388,1.5446086761,-179.176747135,42.4639588923,-89.2164058148
0357,356,0357,0357,frame_id,True,,2.7387834340652906,163.4929400033123,87.45065034178413,45.43811628710415,169.51954214998682,7.500934698710466,1.712892811533063,0.1,7.672223979863773,0.035424211993813515,47.25538282311863,-1.880040894363142,-0.24533233448470626,1.9764091124787366,2.071701194260336,0.05202263995612655,0.0868278393492663,66.88168084139177,-15.820653977213487,-123.264468618666,0.1916602998971939,-0.1933096945285797,2.063236951828003,154.3323311831759,29.61746230989065,46.25507353132079,1.45864486758,1.63933265556,0.123199031486,0.4658042682,-1.14852258395,124.766218227,1.70599384469,3.12961625552,1.54448877755,-124.04748656,45.8002883826,-97.7995797341
0358,357,0358,0358,frame_id,True,,3.1265499758061535,125.26861443037797,67.74807825320511,70.35982767560145,84.04128918675613,9.775314751213457,1.0806637966584773,0.1,9.883381130879306,0.03596136700070929,47.120045603681284,-1.8144918936203593,-0.46396582841924694,2.503531431649841,2.0074617671679134,0.2711362940078166,-0.45096991011968945,-139.1573725384958,-42.02636639564363,129.18704918100565,0.19296987354755402,-0.19282953441143036,2.0525615215301514,153.09454920829907,28.333461279957817,45.145759994249524,1.45603659111,1.63807301712,0.123023924538,0.35122421783,-0.831980696936,125.660781527,1.70393197648,3.1298309336,1.54429015327,0.753112639288,56.2756877731,-88.8786974283
0359,358,0359,0359,frame_id,True,,3.1153347236167392,126.86118499644462,71.51950292811108,70.10774935072732,84.134226192634,9.705310440172184,1.105436801034739,0.1,9.815854120275658,0.03540447999694152,46.28961960321814,-1.8134653032192753,-0.46415613896639885,2.4902235066057443,2.0063355028996037,0.27213490314276756,-0.45601115576040724,-137.31097796736128,-41.77960975369209,127.54218065357207,0.19287019968032837,-0.1920212358236313,2.034212350845337,151.16951910452764,28.328139597035232,43.40795446093807,1.45498426755,1.63724603899,0.123895547832,1.02229552274,-0.301030630708,126.744832744,1.70387781039,3.12985950038,1.54429788136,0.759795906903,56.385222287,-88.8747359383
0360,359,0360,0360,frame_id,True,,3.1222326141236385,126.17730902885818,70.5425719229496,68.88219545507545,84.69224974663749,9.748336496697329,1.0947774186197068,0.1,9.8578142385593,0.031599088993971236,47.44334337494171,-1.8128446906283346,-0.46842925801067015,2.4985004812081906,2.007535350270554,0.27547266139773985,-0.45857776697479213,-138.3937152331353,-41.0885750445819,127.93616253737768,0.19469065964221954,-0.1929565966129303,2.0399227142333984,151.06371284391506,27.793620410493553,43.24391279074019,1.45179332385,1.63580224735,0.122783669526,0.165915077996,-1.06237413074,126.989435822,1.70391663645,3.12984904606,1.54427406226,0.755087726841,56.4428417825,-88.8717794037
0361,360,0361,0361,frame_id,True,,3.0893928722145816,125.50037717059276,70.49692976058185,66.1831296524972,85.26833729429265,9.544348318890261,1.0842580220541478,0.1,9.652774121095677,0.036496830005489755,47.247736960529025,-1.821402343922152,-0.47204278630161434,2.4503096596850282,2.0189565001063485,0.2776458434476867,-0.4104064957751159,-139.04372573125505,-39.77391731870366,127.89696432175582,0.19755415618419647,-0.1943969428539276,2.039903163909912,150.4593445081631,26.40921233379355,42.62862702746317,1.44943660622,1.63419608077,0.122913683551,0.321729449332,-0.911755642626,127.840576582,1.70403458151,3.12966473047,1.54434234663,0.724467335669,55.0370259881,-88.9172000712
0362,361,0362,0362,frame_id,True,,2.7859748269603544,129.80070526482322,118.44862620773858,5.462866019517605,175.20048796656408,7.7616557364567775,1.1516123013466486,0.1,7.876816966591442,0.039866860999609344,46.95908132361367,-1.8652325333320228,0.08232888084687429,2.0677972067964214,2.061400225874099,-0.2747589151266976,-0.05844023124100137,29.70158981679171,30.715410505325195,-133.73751616931344,0.1961676925420761,-0.1924300342798233,2.00935697555542,148.15021602453027,25.252544485807576,41.46297179725066,1.44701653385,1.63277246258,0.123039125186,0.578149814416,-0.726004324545,128.641348441,1.7069207178,3.12953917604,1.54445315141,-179.521238017,41.8823123776,-89.4499583568
0363,362,0363,0363,frame_id,True,,3.10113705657425,126.5928965259397,73.72556261076465,65.8795828985003,84.56777122468539,9.617051043658005,1.1012512451939787,0.1,9.727176168177403,0.03496130700659705,47.3437055949887,-1.8123675917678246,-0.47569189369976494,2.4710507842284493,2.0103100573115715,0.2824176639348266,-0.46276263916314153,-136.69755522461477,-39.681620487861856,125.33840529242472,0.19794246554374695,-0.19327422976493835,2.0082881450653076,149.57688216462057,26.197962410638457,40.77063406773934,1.44477867521,1.63115985191,0.122330615665,0.126342303543,-0.779848831205,129.392863238,1.70386945608,3.12986921085,1.54430028775,0.764655841324,56.45829677,-88.8710782904
0364,363,0364,0364,frame_id,True,,3.1340963004627564,126.12444131590088,74.45324528300029,62.71579377551427,83.46125095291418,9.822559620574337,1.0939547221239887,0.1,9.931955092786735,0.03737509400525596,47.39380068502122,-1.8049771012789386,-0.48267091726567646,2.516276230873496,2.008826312614121,0.28455084478166004,-0.4717973375934666,-136.0022242076736,-39.12295430122166,124.93681319730402,0.2038492113351822,-0.19812007248401642,2.0444788932800293,149.5445305093261,23.59283947429262,41.47556224438984,1.44302130023,1.62958730723,0.122988859718,0.419891344283,-1.13223824072,130.013864103,1.70390539504,3.12986998144,1.54426872372,0.778217673087,56.6681689024,-88.8503664126
0365,364,0365,0365,frame_id,True,,3.120712300768852,125.52641868288205,74.81124012571104,60.937363183784555,82.89085910976489,9.738845264170024,1.0846621136803416,0.1,9.847311475538058,0.043051724998804275,47.27089708648101,-1.8074318656814974,-0.48561277216340626,2.4972415883532166,2.013814915169565,0.2865931910839232,-0.45549950194269423,-135.8661535343283,-38.40887598913457,124.06693717843845,0.20638304948806763,-0.19901958107948303,2.0417420864105225,149.32260633996063,22.528487194649973,41.17607806867356,1.44062533749,1.62816996848,0.122759777269,0.318732780348,-0.809224370244,130.983361109,1.70392082899,3.12982405047,1.54429995194,0.750350104916,56.1760254192,-88.8824309514
0366,365,0366,0366,frame_id,True,,2.903578185357321,158.3055173411151,19.929305766146996,89.64214980485235,158.80301274552437,8.430766278482913,1.623617673832169,0.1,8.59312804586613,0.03467708599782782,47.38993861048376,-1.8447205716860742,-0.5414022843344447,2.1759264365778916,2.05404040162687,0.3409960309965846,-0.12308739582166606,129.75285488669155,-65.36871707288901,-161.61354199363234,0.2093198299407959,-0.2004062533378601,2.0528390407562256,149.68216065283855,24.273432731963307,39.58344526084327,1.43870383445,1.62691188326,0.122725654012,0.207437524781,-0.829548904422,131.525544997,1.70495030243,3.12975179141,1.54437814335,-65.2596424682,52.9475825522,-98.885594325
0367,366,0367,0367,frame_id,True,,3.148572566827339,126.28922668853258,76.60534524383411,61.2208058858576,83.48531605497821,9.913509208577697,1.0965196513881625,0.1,10.023161173716513,0.03366210400417913,47.61065029633028,-1.7967784268610263,-0.49124628701964745,2.538458898393654,2.007773877476909,0.2906246224955691,-0.488973214952492,-134.54487566745362,-37.87736897967098,122.61479099505634,0.21099545061588287,-0.20062166452407837,2.049485683441162,148.8497790887123,23.343436906186625,39.129474940078126,1.43672746069,1.62570890959,0.122743889333,0.132089712133,-1.05454440836,132.186416033,1.70386353945,3.12991872803,1.54425877028,0.78066840647,57.0682703731,-88.8504533166
0368,367,0368,0368,frame_id,True,,3.073285597473532,124.04624354961588,73.54080632130649,58.94010716551958,84.98372256890102,9.445084363638244,1.061769579807408,0.1,9.551261321618986,0.037951195998175535,46.9777367854605,-1.818924134950854,-0.4936827306369398,2.427524812726409,2.032179495673396,0.2922935520032499,-0.3802177982610767,-136.63162875150874,-35.877690071218,123.53284323223619,0.2132553607225418,-0.20138917863368988,2.047307014465332,149.8275649271848,23.062417094301587,38.549120663335174,1.43489927323,1.62404458718,0.12277595299,0.674794073491,-0.69876415015,132.982424743,1.7041433443,3.12947692496,1.5443721347,0.709399872848,53.9568499979,-88.9426352565
0369,368,0369,0369,frame_id,True,,3.1385533999565185,126.23313102388454,78.5059895655753,59.67813736267158,83.17249612068554,9.850517444378621,1.0956462970541618,0.1,9.960082074084037,0.03322561099776067,46.89883914679186,-1.797630733644041,-0.49704989687066403,2.524278627619754,2.012865236794027,0.2947087277517828,-0.47705625175000305,-133.1797948876837,-36.707554552898856,120.97254788147276,0.21523450314998627,-0.20234116911888123,2.047222375869751,148.31421554674097,22.97058280977274,37.80005176078723,1.4326807824,1.62223016458,0.123168833283,0.76755601704,-0.624530442871,133.930980996,1.70389781073,3.12986436883,1.54427501959,0.766031550781,56.6414832083,-88.863740759
0370,369,0370,0370,frame_id,True,,3.1192141975568983,125.63682377184799,77.67974125116655,59.45790328646106,84.42930812368482,9.729497210240526,1.0863758174751588,0.1,9.838134791988042,0.03636367300350685,47.31135974818275,-1.8030724452238234,-0.49870718505294565,2.495940326027783,2.019041471312538,0.29621849443824533,-0.45600831346979975,-133.97066789342668,-35.74165348281305,121.1722320620336,0.2159690260887146,-0.20248869061470032,2.0399320125579834,148.34959085540675,23.716249803648015,36.74292393834879,1.43065443351,1.62078633262,0.122896970928,0.528973772733,-0.97062846283,134.492771847,1.70389612507,3.12981044584,1.54430565424,0.729457062311,56.0157962025,-88.9061266797
0371,370,0371,0371,frame_id,True,,3.123330458833231,126.05286123871832,78.81329604973428,57.60178628811792,84.69218544448515,9.755193155075403,1.0928411420917956,0.1,9.864477269284583,0.033985141999437474,47.27398207304039,-1.8142847537228333,-0.49135015792705494,2.494421578199912,2.033385124725984,0.28667260594226796,-0.4442645080399998,-134.05420356010433,-35.09006024413836,120.73394483538962,0.21910037100315094,-0.204677551984787,2.050157070159912,147.13250039016143,22.511726043979582,36.04175939090447,1.44164442883,1.61377151753,0.113409206499,0.398134999117,-0.904802309631,135.215636041,1.70408219899,3.12965149546,1.54429757072,0.777765949819,55.6715818789,-88.8550006186
0372,371,0372,0372,frame_id,True,,3.130716295324504,127.48264438389835,82.13380919714405,55.2307434739061,83.27127472705601,9.801384521810386,1.1151509556146197,0.1,9.912899617371847,0.035286051002913155,47.77000105263135,-1.7968374578084183,-0.505232283041716,2.5134637479381756,2.0158009318436814,0.30138359324717556,-0.48296500488092464,-133.03137490598695,-35.101908193838476,119.47979802700912,0.21896347403526306,-0.2038486897945404,2.030498743057251,144.834815896869,20.128835280067644,36.20852329995312,1.42614961912,1.6169088401,0.122536919575,-0.0237586791391,-0.886907250796,135.929958222,1.70390543122,3.12987817186,1.54426691259,0.77163842936,56.6929712125,-88.8577785896
0373,372,0373,0373,frame_id,True,,3.1257909165815674,126.20261435031918,80.50909949825751,54.55825380924324,83.60757799797332,9.770568854183836,1.095171273460015,0.1,9.880085981529836,0.03780343099788297,47.612587772186124,-1.7976282455208534,-0.5066609949371921,2.506470861849128,2.017606592941546,0.30251976554609405,-0.4795803455679997,-132.5499536825688,-34.37579990395518,119.00785765435279,0.21997834742069244,-0.20414122939109802,2.026890516281128,146.9409468191737,20.18245390528804,35.40027965637946,1.42469238105,1.61537166418,0.122787130463,0.2787148197,-1.00934991102,136.719597734,1.70388521835,3.12985355041,1.54428206755,0.752985388543,56.5577870556,-88.8779527315
0374,373,0374,0374,frame_id,True,,3.107817518890571,126.02462225784963,80.47481756059983,53.02302281155923,84.75847775628836,9.658529730723142,1.0924019221486072,0.1,9.767769922938003,0.03154490800079657,47.656284480797105,-1.8050790561221826,-0.5121136229367258,2.4774904579180146,2.027643857695936,0.3050661604733469,-0.4393296569841766,-133.43942393342442,-33.21280354474389,119.11625328321378,0.22256480157375336,-0.2070474624633789,2.038160800933838,146.08575850597572,19.81021926681533,34.35777552692543,1.42282894847,1.61372854863,0.122886181158,0.277270579471,-1.05000403653,137.479781312,1.70411244774,3.12962161888,1.5442810299,0.764189904156,55.381232914,-88.8785433474
0375,374,0375,0375,frame_id,True,,3.110925030808367,126.75583671714043,82.0494594018615,52.44180222480787,84.95640636884313,9.677854547310037,1.103792681503957,0.1,9.788233815460433,0.034986209000635426,47.55930751832568,-1.8012213085519662,-0.5142561529051235,2.483746555936737,2.0254374568092217,0.30731462279667165,-0.4551227365855409,-132.47085167530682,-32.83490234073025,118.01044615539436,0.22421614825725555,-0.20694153010845184,2.0286238193511963,145.47968892283168,19.606899884077627,33.05403978655123,1.42069909029,1.61188435614,0.123029220378,0.331179840312,-0.902896035399,138.402911357,1.70404699596,3.12968297466,1.54428823694,0.775943844542,55.7815506347,-88.8614861905
0376,375,0376,0376,frame_id,True,,3.1337301268330657,126.59765133326907,82.60414978042422,54.46764508794334,85.35936198541734,9.820264507821182,1.1013253819060582,0.1,9.930397046011787,0.034843528002966195,47.638012311617864,-1.7958920319296938,-0.5178314405067834,2.5153303792335686,2.0238587875582796,0.30845637196144193,-0.46865207456132757,-131.9243476010852,-32.58386202234397,117.36970349020619,0.22796675562858582,-0.2093750685453415,2.046678304672241,145.47150261849058,21.883783065599367,32.01034150478886,1.41865114639,1.61025682196,0.12290884524,0.282105157527,-0.92370065777,138.952360545,1.70391044839,3.12981924426,1.5442960788,0.738142825187,56.1268653162,-88.8966004452
0377,376,0377,0377,frame_id,True,,3.165378018713308,125.30874111891069,81.37562148604559,52.41864177851721,84.27539117040334,10.019618001353386,1.0812858210240415,0.1,10.12774658345579,0.030475683000986464,47.53764651901068,-1.7997876357362692,-0.5119144431379785,2.553101265228422,2.03221101575355,0.2982727698114862,-0.48163005093398864,-131.1811755581248,-32.1300252072725,116.43999004929967,0.23242338001728058,-0.2136416733264923,2.0714712142944336,147.44320295582958,20.288616571244706,32.164598878896335,1.42936726695,1.6035252432,0.113966575332,0.246855540667,-0.862595714068,139.828597339,1.70390005004,3.12983916955,1.54428587988,0.760775231249,56.4739005666,-88.8676771595
0378,377,0378,0378,frame_id,True,,3.1423993355387387,126.70515276267857,83.8048827677543,51.03221816180243,85.46938482314648,9.874673583994307,1.103001951380661,0.1,9.984973779132373,0.03438219300005585,47.67998545799198,-1.7954867924266646,-0.5271693756369278,2.524478799991453,2.0291245723777602,0.31267830632006377,-0.45661771982177524,-131.6903411230786,-31.196510867475148,116.5243459286094,0.23363777995109558,-0.214491069316864,2.0678610801696777,144.50477610916707,19.835707294327285,31.05496110546292,1.41524940061,1.60653663091,0.122980721277,0.353766228521,-1.02812070692,140.460860104,1.70403930777,3.12971235781,1.54430056214,0.765471332068,55.7000949888,-88.8708147163
0379,378,0379,0379,frame_id,True,,3.1581497960866995,124.2805469357986,80.76000630790259,48.22164898967441,83.86559189406518,9.97391013452246,1.065383008450685,0.1,10.08044843536753,0.03488025499973446,47.813137719704045,-1.7921368556720338,-0.531935323880518,2.5454273582784768,2.0296396094066225,0.3146104411347752,-0.4614768387167092,-131.4117792889269,-30.736085855195398,115.80722658812188,0.23750275373458862,-0.2173248827457428,2.0839505195617676,147.8282144031705,17.485563134478998,31.941634694056702,1.41311530575,1.60451206199,0.122830481645,0.181815182975,-0.939090636963,141.211167407,1.70404958178,3.12969566238,1.54429092026,0.759914179082,55.7926552985,-88.8795265581
0380,379,0380,0380,frame_id,True,,3.1873776717910847,127.03731097395662,85.31162217284316,51.3138389081889,86.05344396550399,10.159376422632356,1.1081872017418184,0.1,10.270195142806537,0.04100018500321312,47.56952717890354,-1.7833079518901025,-0.534938402667998,2.587089112633907,2.022429523073307,0.315858937994002,-0.4974976094905962,-129.77473079715944,-30.460315171201643,114.97973504042426,0.23912157118320465,-0.21907946467399597,2.0895915031433105,144.91364702999743,20.853523736987253,28.926291074920265,1.41174079189,1.60263513504,0.12311676246,0.635818553446,-1.19307836587,141.91233515,1.70389333429,3.1298752035,1.54427001993,0.771661137318,56.7590737297,-88.8580951441
0381,380,0381,0381,frame_id,True,,3.1782434928591368,125.7408858958257,84.32170964820966,49.41928049340214,85.40228910316081,10.101231699901446,1.0879918424255703,0.1,10.210030884144002,0.03535595200082753,47.6495567480457,-1.7979446838258273,-0.5262500029050203,2.567428197291281,2.039684478437758,0.30556618980992756,-0.4755669492749238,-130.3216961465722,-29.60842350519528,114.5516498367428,0.24173979461193085,-0.22068381309509277,2.0918612480163574,145.3565942052181,19.810856988206876,29.149360733581986,1.42283167786,1.59559340466,0.113432928174,0.344392858961,-1.06364854711,142.791184233,1.70406516525,3.12970703748,1.54425453772,0.785481739239,56.1278246648,-88.8466058409
0382,381,0382,0382,frame_id,True,,3.1564437038908735,125.88152184221397,85.23033540465303,46.49580600262374,84.77636457073086,9.963136855832335,1.0901770326218518,0.1,10.072154559094521,0.03912767000292661,47.66538518950756,-1.7921986151398874,-0.5399599298301887,2.5415751521253083,2.0345672387541986,0.3191173597637367,-0.45853229209418017,-130.44543622330946,-28.842747217272912,114.12352187726366,0.24236862361431122,-0.22084257006645203,2.083042860031128,144.32422837203754,17.65305878535081,29.3471573065328,1.40805525775,1.59884044583,0.122962295267,0.452863078411,-0.968294374784,143.592669142,1.70389934086,3.12977259085,1.54432595283,0.725586002735,55.5761943046,-88.9105626124
0383,382,0383,0383,frame_id,True,,3.1435521750044275,125.5721427267296,85.1362997541442,47.64081073551125,85.78219816991256,9.881920276975066,1.0853717376464787,0.1,9.990457450739713,0.03263727000012295,47.648612062192086,-1.794673816275187,-0.5415576352178597,2.5234463532812743,2.0368236908431725,0.32093040183182,-0.45404175123049284,-130.3505357978967,-28.342311168971154,113.73415339388997,0.24214987456798553,-0.22062723338603973,2.0694046020507812,144.5131644479591,19.2984995665401,27.9519552239774,1.40619200223,1.59727804617,0.122825034298,0.482108405727,-0.947002780796,144.193611384,1.70391843462,3.1297462439,1.54433872634,0.712880162336,55.4175428838,-88.920132316
0384,383,0384,0384,frame_id,True,,2.8822127808178015,163.0754591823351,4.396752755668956,91.2520186603299,158.68360772731342,8.307150513909486,1.7056837866930032,0.1,8.477718892578785,0.03198988099757116,47.72895839558585,-1.8388168422177555,-0.5769160633703441,2.1431451165310933,2.0808971730664494,0.356477061452505,-0.08448961611910599,138.65797364392728,-73.99296914166916,-173.65971158273692,0.24208033084869385,-0.22043900191783905,2.0586555004119873,143.05472639959623,17.259049518660728,27.65668068994965,1.40495107115,1.5954913786,0.122935556708,0.457257879618,-1.01640910757,144.879504152,1.70496453294,3.12975524381,1.54433407581,-72.0744161226,52.2361593894,-99.9891738229
0385,384,0385,0385,frame_id,True,,3.160128772234619,127.01478084406062,87.89999653568793,44.09298689757014,85.13771322297714,9.986413857105081,1.107835251354019,0.1,10.097197382240482,0.04027419399790233,47.60296212746457,-1.7872179272246536,-0.5457848198030884,2.54840830091734,2.0308505865407165,0.3243024534796173,-0.4913556886126526,-128.71631125726574,-27.59109681642111,112.21467740760991,0.24363265931606293,-0.22148236632347107,2.0570526123046875,143.3836922070463,16.501890081149018,27.076964184632768,1.40314676163,1.59352844214,0.122935132805,0.593776072182,-0.952149368953,145.654069815,1.70389970825,3.12984248219,1.54428781049,0.750500060201,56.3757363245,-88.8805389897
0386,385,0386,0386,frame_id,True,,3.1764729531141818,126.48291952439573,87.36409962936125,42.03708678571479,84.46137628519631,10.08998042186593,1.0995369214937252,0.1,10.199934114015303,0.033767405002436135,47.87686856028953,-1.78304139720196,-0.5510064864088751,2.5704349144970307,2.0299211983560967,0.3268436247040487,-0.5023466214214692,-128.46070762891273,-27.154495141488113,111.51825575295797,0.24687980115413666,-0.22416286170482635,2.0680882930755615,144.175192741726,14.882591644226679,27.056879467761668,1.40100192751,1.59123822692,0.122763943503,0.299202146943,-0.884709941838,146.392775121,1.70390963902,3.12985841862,1.54426096376,0.773424413887,56.633642482,-88.8549356867
0387,386,0387,0387,frame_id,True,,3.169159002183609,127.28569490419555,89.3254570378025,44.633572727841795,86.58782571843597,10.043568781121408,1.1120695688330333,0.1,10.15477573800471,0.036709934000100475,47.85866617410498,-1.7860610241400066,-0.5537710291132838,2.558689595571173,2.033272823165542,0.3285006237015635,-0.4946146024376282,-128.45614963153577,-26.474075729292718,111.23718565619436,0.24721179902553558,-0.22527040541172028,2.064074993133545,142.21839333066174,18.15949699854908,24.649359937758387,1.39960167824,1.58919603074,0.122785115922,0.384273526536,-0.966757268745,147.079286013,1.7039717216,3.12980074618,1.54428102714,0.772268948795,56.3693790174,-88.8534084232
0388,387,0388,0388,frame_id,True,,3.151094295754872,127.75600106937281,90.03207488297608,39.70884738850992,85.44705160876254,9.929395260738893,1.1194321062544619,0.1,10.04133847136434,0.033629205005127005,47.943634647305515,-1.79257278112817,-0.5558283161883952,2.531231512134061,2.0406211760466118,0.32986661610657,-0.4714361324953892,-129.0105001365637,-25.615162493017305,111.11747395782297,0.24804839491844177,-0.22596170008182526,2.059795379638672,140.95742498046022,14.093684895492615,25.67042234906043,1.39801336743,1.58677578787,0.122697195775,0.357249449316,-1.04282832607,147.789829262,1.70402666673,3.12970325277,1.54429119347,0.752909380023,55.6642433362,-88.8830051669
0389,388,0389,0389,frame_id,True,,3.130478689317641,126.8293065311566,89.25775478401954,39.90661789227573,85.6291854223756,9.799896824271894,1.1049392094376056,0.1,9.910390745215654,0.03115128599893069,48.19682861481183,-1.7955671124142287,-0.5564093632681557,2.503246729660472,2.042582245914328,0.3322640253288933,-0.46914095191999333,-129.1326751077199,-25.142585397935527,110.44443549659053,0.24701513350009918,-0.2241453379392624,2.0341057777404785,141.60957010826053,14.764032494340201,24.815250074214934,1.39605923207,1.58491725259,0.122426899411,0.0142590286917,-0.806080322095,148.539967119,1.70411315419,3.12961328505,1.54427492047,0.772555030148,55.5619918664,-88.8661830829
0390,389,0390,0390,frame_id,True,,3.1744858962369804,126.79214723247689,89.70881858465316,40.24867768852249,86.08814802947894,10.077360705407504,1.104359276642195,0.1,10.187796633071724,0.03213246999803232,47.87750091669768,-1.7859089859733683,-0.5623556821430882,2.5635221641305272,2.0381398388156993,0.33330850292098124,-0.4939635436776462,-127.84868001484014,-24.72745546392562,109.65831903627995,0.25223085284233093,-0.22904717922210693,2.069558620452881,142.44250140050667,15.521222224596855,23.570171006801,1.39454490752,1.5829951202,0.122724196793,0.412332280901,-0.85721843134,149.320547644,1.70397725694,3.12977583503,1.54428305401,0.763912718499,56.207050743,-88.8704295522
0391,390,0391,0391,frame_id,True,,3.151186840615172,126.1491035497045,88.83901543981773,38.37186039255843,86.61377534246944,9.92997850446623,1.0943384774260367,0.1,10.039412352208835,0.038910342002054676,47.82682689042214,-1.7947540295765458,-0.5648341496884777,2.5278051469863487,2.04907310134626,0.33379438719152943,-0.4530425642074182,-128.78541476919455,-23.731053126597082,109.71120283216156,0.25431907176971436,-0.23103976249694824,2.0747625827789307,142.37556979098773,14.640807265961344,23.097427489692116,1.39339881758,1.58107333352,0.122834089573,0.51768156763,-0.92746814255,150.036735559,1.70396756041,3.12969016619,1.54434729532,0.705186013506,55.0181711346,-88.933284658
0392,391,0392,0392,frame_id,True,,3.1915293259948667,126.32543982214632,90.02759840368697,37.74051268606422,85.83695741577367,10.185859438685249,1.0970835692782364,0.1,10.295567795613072,0.03209396499732975,47.885382664940636,-1.7822431242604813,-0.5692885212697902,2.5856100758354774,2.039169601215895,0.3360360108413616,-0.5022505959313027,-127.18454318656894,-23.446036026723768,108.55559125246727,0.2569264769554138,-0.23325251042842865,2.083359479904175,142.7878584097441,14.294476659340438,22.71863383669359,1.39188392339,1.57871145637,0.122983473031,0.491849797296,-0.921209146874,150.960181967,1.7039264664,3.1298187152,1.54428015113,0.758210626635,56.3363567543,-88.8669710268
0393,392,0393,0393,frame_id,True,,3.157849473276478,126.91755100729078,91.33908198459733,35.42458718446878,85.49666524390223,9.97201329587253,1.10631678861839,0.1,10.08264497473437,0.03948744000081206,47.947772301159304,-1.7928221570947724,-0.5718984061735388,2.535889236918431,2.050750468919571,0.3375762009876486,-0.4604419159803209,-128.31455683889394,-22.673207036953304,108.57353685583708,0.2579283118247986,-0.2343222051858902,2.0754473209381104,140.34636117650874,12.751380147515466,23.076871611934852,1.38994997244,1.57670497945,0.122643239712,0.419442901772,-0.8315909522,151.523859607,1.70402485719,3.12967281998,1.54432878451,0.71533975173,55.1283967197,-88.9196938801
0394,393,0394,0394,frame_id,True,,3.1739355949581736,126.44120084188286,90.84924779589744,36.96674396627506,86.80613138276193,10.073867160942495,1.0988868267380143,0.1,10.183755843616296,0.03462750800099457,47.80263898791955,-1.7911080154910084,-0.5688869044434288,2.5577660033199145,2.0482789608969685,0.33489498349540026,-0.4919665286037281,-127.12318748609695,-22.35607611061994,107.83461499288398,0.2571709454059601,-0.23399192094802856,2.0657994747161865,142.0275647180056,14.610667855655114,21.028483610122052,1.39306764849,1.57317301918,0.119535757956,0.56958084119,-0.885138981293,152.21713075,1.7039696337,3.12977554247,1.54430274135,0.7538088385,55.9735088744,-88.8774233498
0395,394,0395,0395,frame_id,True,,3.172305333945981,127.49458385542961,92.09627220815673,31.359179676040668,85.20478571079181,10.063521131782121,1.1153378395684714,0.1,10.175054915738968,0.03991795500041917,48.278771310383505,-1.7907574375984865,-0.577214533283601,2.5541206537738224,2.04998140538909,0.33999199588526263,-0.47975050797609303,-127.71995972626605,-21.513026626382207,107.3583284305788,0.25922396779060364,-0.23722253739833832,2.0743701457977295,140.1837680655772,9.846153049658463,22.153542719786984,1.38744878387,1.57205556886,0.122455629141,0.150278711891,-0.872813205361,153.1420421,1.70389435238,3.12973167632,1.54431575448,0.72177001372,55.5628656618,-88.9104241722
0396,395,0396,0396,frame_id,True,,3.182710076789408,126.3301377833867,91.97866262231935,36.53695577919524,87.5787487436032,10.12964343289684,1.0971567334444297,0.1,10.239359106241283,0.03473870400193846,48.07027562932082,-1.7851058360716916,-0.5794941660701196,2.5704527030097877,2.0449526127955533,0.34232619672407316,-0.5065179000007544,-126.59794777940937,-21.131725157336952,106.84396467843109,0.2598467767238617,-0.23716796934604645,2.063934803009033,141.42338959827129,15.405230621858294,19.2652159348279,1.38617355033,1.569713072,0.122720593058,0.449894701873,-1.01190813617,153.758774489,1.70403772632,3.12975351775,1.54427430988,0.785700973556,56.2503546403,-88.8452181373
0397,396,0397,0397,frame_id,True,,3.1804920038098206,128.7251004127424,93.9742168859583,28.603352960950247,84.86209275021191,10.115529386298206,1.1346497715511838,0.1,10.228994363453324,0.03836845500336494,48.289525227095815,-1.7869458835995404,-0.5813893627633444,2.565996922104642,2.047174010840675,0.3433457862843863,-0.5057230363777135,-126.68676326397492,-20.72807582445181,106.14995032993872,0.26022812724113464,-0.23804357647895813,2.0602738857269287,139.33901985006676,7.875277136498445,21.287857579726804,1.38426197205,1.56772860887,0.122249234068,0.166396039733,-0.726304606742,154.458844603,1.70389686945,3.12982954159,1.54430329686,0.749726094489,56.1886714204,-88.8863964347
0398,397,0398,0398,frame_id,True,,3.1846072885609047,127.00170880045279,93.68004360073564,35.99139969139287,88.93611576046015,10.141723582355239,1.1076310645757645,0.1,10.252486688812814,0.034467123994545545,47.894712423358826,-1.7944179957493689,-0.5708436074050693,2.5682533392893356,2.055115211544886,0.3330114933046131,-0.5181222567545455,-125.86710047922233,-20.02476167607005,105.73827177731506,0.26069721579551697,-0.23783211410045624,2.05013108253479,140.45285592004205,15.966638015322838,16.802156016854905,1.39535501606,1.56089108211,0.113922893452,0.541901534502,-0.961335988164,155.272282234,1.70389902664,3.12986617317,1.54429473934,0.778163490911,56.5032505986,-88.8483002551
0399,398,0399,0399,frame_id,True,,3.172330143648355,128.7569938429806,94.91437313021981,26.824416470213862,85.52102838387897,10.063678540299994,1.1351516486437714,0.1,10.177193705164372,0.033827139995992184,48.056258441980745,-1.7902001730339987,-0.5861880825905761,2.5524978770995714,2.052172779216097,0.3461713837532958,-0.4966766967559434,-126.36606596867628,-19.201556208132818,105.36281483111242,0.2619726061820984,-0.24001669883728027,2.055821180343628,138.7195609011039,7.622860262081028,19.841786447233446,1.38192182519,1.56327790479,0.122812474409,0.519751160815,-0.89128806012,156.122542776,1.70405835585,3.12968675092,1.54426485355,0.752608761171,55.8269548082,-88.8810019866
0400,399,0400,0400,frame_id,True,,3.1932041172745955,126.71979652141671,93.35029418692642,30.805707575815376,87.10143618823133,10.196552534579428,1.1032303934586265,0.1,10.306875573925291,0.035146242000337224,48.14766162181289,-1.7840949047894057,-0.5897013672596993,2.581823038617471,2.0483165432304915,0.34764104867048884,-0.5201095815099273,-125.67291407509752,-18.95327697481298,104.68109688335288,0.2642216384410858,-0.2420603185892105,2.061713457107544,140.97679173797607,11.852430601002402,17.579660695121547,1.38016710965,1.56108390512,0.122628100889,0.432014019798,-0.770502605002,156.714925126,1.70391891627,3.12984979079,1.54429166884,0.758009595294,56.4304791348,-88.8749528882
0401,400,0401,0401,frame_id,True,,3.201095744555773,128.82672010964728,95.10401505136747,25.75419677437617,86.12012477967276,10.24701396581308,1.136249098992041,0.1,10.360638875712285,0.03898313000536291,48.288683234814044,-1.7843860515854866,-0.594090694870439,2.590373840006225,2.050213409354499,0.34895446368643324,-0.5183854958137201,-125.75231280997535,-18.440858341971825,104.32572105539758,0.26582735776901245,-0.24513623118400574,2.071988344192505,139.14367213865717,7.313338432404335,18.205596275724815,1.37917790959,1.55913270116,0.122587805789,0.312971545009,-0.758910502308,157.333087998,1.70389413499,3.12984679062,1.54430661977,0.765375095037,56.3383328961,-88.8619827569
0402,401,0402,0402,frame_id,True,,3.2029836455370564,126.35964618362922,93.49937055696114,28.892129682799663,87.54487003990376,10.259104233577851,1.0976163201427938,0.1,10.36886586559213,0.03320926099695498,48.19145841925874,-1.7839610563151624,-0.5958149962044008,2.592603261863776,2.051676361405113,0.3496851704931505,-0.5204389647598943,-125.43632055048364,-17.62401789203772,103.83280101446351,0.26771530508995056,-0.2461298257112503,2.072164297103882,141.0643088925552,11.268111790761933,16.28793097455976,1.37814407373,1.55642670972,0.122777564022,0.473757366668,-0.863923690123,158.264986113,1.70388745703,3.12984648872,1.54430975632,0.750672995749,56.3302554621,-88.8786214332
0403,402,0403,0403,frame_id,True,,3.189519718616798,128.132756321748,95.02466830109745,23.690230188622394,85.92627732230906,10.173036035445378,1.1253408315101032,0.1,10.285570118596388,0.032822993998706806,48.59011666935937,-1.7911507943087885,-0.5992577463578976,2.5701566140845244,2.0588710465842555,0.35115008952138793,-0.5007100503638214,-126.29768671235597,-17.144868798885195,103.5023089993096,0.2677202522754669,-0.2481076568365097,2.069446563720703,138.67764498654657,6.545361389737195,17.57603167700054,1.37644874211,1.55378073923,0.122338460707,0.0668509305608,-0.670640700474,158.819700162,1.70392116554,3.12976800783,1.54430641656,0.730966870402,55.7275137514,-88.9057576297
0404,403,0404,0404,frame_id,True,,3.208683778284407,126.51149480550092,94.15284889814552,25.871078181800726,87.02648255684818,10.295651589025496,1.0999822738566045,0.1,10.405649816411156,0.035719202998734545,48.26328060225009,-1.7862115305065625,-0.6030929084625798,2.5964165499921323,2.0567525427937023,0.3523881133404332,-0.5160635283704282,-125.39766894641996,-16.499964191636117,102.94843857099103,0.2705410122871399,-0.2507047951221466,2.080353021621704,140.44948215543454,9.371113990164611,15.92195601414285,1.37539071427,1.55157937009,0.122355969578,0.445409996517,-0.758859242206,159.666309013,1.70392070059,3.129816067,1.54431481098,0.73781545979,56.1038693188,-88.8913717234
0405,404,0405,0405,frame_id,True,,2.6987821826091514,167.24504086325905,81.59008955144873,55.77520180201839,120.39760221593508,7.283425269168614,1.7778433650406331,0.1,7.4612096056726775,0.033282346004853025,48.18448310879604,-1.871843783038726,-0.34136923196342583,1.9139208887873567,2.142920045035949,0.08898939731147881,0.16844510089770193,57.345245462156605,-50.88205996257305,-103.47809025566826,0.2710762619972229,-0.252379834651947,2.0823659896850586,138.93533501360537,4.893141839445347,16.919511960266814,1.37468662352,1.54937753918,0.122536713481,0.5740836205,-0.856196547724,160.409796872,1.70588038219,3.12958504921,1.54438554642,-120.80780724,45.7643481499,-98.3182389014
0406,405,0406,0406,frame_id,True,,3.2074638218765803,125.81845290805566,93.11891562434579,23.506546043682647,87.77645444492435,10.28782416864712,1.089196902843213,0.1,10.39674385893144,0.03436991900525754,48.20196421035299,-1.7904499939871013,-0.6098528477438447,2.590403924444493,2.0645186177683055,0.35483774273476576,-0.4964097838194933,-125.67108153581898,-15.14255023448003,102.30416001937878,0.2740686237812042,-0.255015105009079,2.093994140625,141.21000283983523,8.363995809202603,14.527705574454433,1.37341046157,1.54726646242,0.122578962659,0.57888669894,-0.818404595277,161.111939558,1.70405447529,3.12965839404,1.54429620993,0.754513059462,55.4560583543,-88.8860763356
0407,406,0407,0407,frame_id,True,,3.2313141135329753,127.90197049752855,95.37415734313919,17.430926924092432,84.81859851102381,10.441390900317398,1.1217202469086796,0.1,10.553562925008265,0.03867747500044061,48.4629102768514,-1.7845995339134708,-0.6136476950342404,2.6229814925485817,2.0611371310928837,0.35564386412451143,-0.518982354670164,-125.19306578013817,-14.71886253874622,101.64369844689848,0.27653759717941284,-0.258003830909729,2.103999137878418,139.43277687672264,2.7120643853462085,16.825099935874675,1.37195552254,1.54467299296,0.122603544969,0.348342711645,-0.751363006893,161.837999437,1.70391238773,3.12980970066,1.54431299956,0.732748957716,56.0215408531,-88.9027026201
0408,407,0408,0408,frame_id,True,,3.2236430721175675,126.7681189439577,94.04229423604477,18.178111702164614,86.1976955329532,10.391874656411588,1.1039843252841772,0.1,10.502273088940006,0.03443475699896226,48.33810737179641,-1.7877164156110972,-0.6165820290399238,2.6107032146973754,2.066021350112745,0.35740255611664495,-0.5048220005555295,-125.36742440000765,-14.084069608632776,101.33218260056279,0.27830493450164795,-0.2591794729232788,2.1058812141418457,140.59028136394755,4.094042093531836,15.134487067609586,1.37104505872,1.54251515871,0.122610134269,0.499105526138,-0.718422373498,162.527937389,1.704032532,3.12964203892,1.54429000936,0.761855856378,55.5809802961,-88.8750406283
0409,408,0409,0409,frame_id,True,,3.2367260254010355,127.39246634577525,94.5185472439058,17.063630794750395,87.03296488929536,10.476395363508384,1.113739743891915,0.1,10.587769337897576,0.03775298099935753,48.3613314807711,-1.786533760786237,-0.6202067210600783,2.6267919803881075,2.0664987442495244,0.3581734969542434,-0.5100965763353733,-125.15615045050295,-13.476373905165428,100.92222066588968,0.27996498346328735,-0.26203322410583496,2.1166954040527344,140.32530230559124,3.587256889584973,13.889255776594322,1.37022041451,1.54019969476,0.122631675188,0.515257250453,-0.780710628642,163.255207595,1.70402382193,3.12965185023,1.54429301382,0.759895465015,55.6739576684,-88.8764059295
0410,409,0410,0410,frame_id,True,,3.2562501359976137,127.93487630666792,96.04959049639041,17.20996135590596,87.6999404396483,10.603164948184478,1.1222362581928422,0.1,10.715388574003763,0.04305940899939742,48.46924433607024,-1.7813498233902991,-0.6217325986060709,2.6539416592537166,2.062269792472178,0.35805234915347994,-0.5385146420418027,-124.36416658565052,-12.836743382014921,100.19378278711874,0.28091996908187866,-0.26368024945259094,2.115427017211914,139.58624291795905,4.373217973891039,12.493842347470439,1.36971988953,1.53690141907,0.122298566013,0.449407438809,-0.789189811874,164.194284829,1.70390538113,3.12984777082,1.54426838954,0.74973558377,56.3874552018,-88.8868608595
0411,410,0411,0411,frame_id,True,,3.2496335598326502,127.89121611110409,95.1531643248743,14.232223071077016,86.95644677017525,10.560118273190621,1.1215516180781202,0.1,10.672273434998433,0.032296343000780325,48.64975729949448,-1.7851011060319535,-0.6253128908369561,2.6424450993326705,2.066058506830751,0.3598152063581963,-0.5292542099741502,-124.73233030119302,-12.37133545728993,99.87801843685185,0.2809574007987976,-0.26549768447875977,2.1131908893585205,140.11450537393267,1.8608876137870936,12.921571666676595,1.3679569186,1.53482943595,0.122556680463,0.300603903456,-0.720656741676,164.748430986,1.70388945574,3.12981194365,1.54430028807,0.739350111535,56.0806766598,-88.8955125115
0412,411,0412,0412,frame_id,True,,3.261106922873736,128.1859230738826,96.33545596811621,16.38271956954668,89.36992528931054,10.634818362415007,1.1261754186671522,0.1,10.747435904281723,0.03466280399879906,48.533272343648584,-1.7826621866453713,-0.6271682401355589,2.657742254110623,2.063117775939805,0.36092850763166795,-0.5475196760619172,-124.0375685008542,-11.741236804479517,99.44845320491476,0.2804555892944336,-0.266239732503891,2.110222578048706,139.6269755310296,4.641482765067168,10.078527915604218,1.3675260089,1.53225714584,0.122607121184,0.461376467983,-0.838391075919,165.523166042,1.7039449411,3.1298177211,1.54426975737,0.775391199044,56.5263209442,-88.8539347956
0413,412,0413,0413,frame_id,True,,3.263263404172487,128.3093264027189,96.49130019480992,13.503536000537508,88.03170619497938,10.648888045011407,1.128113271902148,0.1,10.761699372201623,0.0355403070061584,48.7203820009831,-1.7835064082689986,-0.6301141719026067,2.659125620771293,2.0659761875220046,0.3616252581281163,-0.5441821164377969,-124.26163115872343,-11.13785829757356,99.13715849574506,0.282469779253006,-0.26848891377449036,2.114943504333496,139.24706864646666,2.36567770296394,11.10545230076568,1.36663023266,1.52983581282,0.12253013807,0.309242319689,-0.899108034904,166.190114577,1.70390228438,3.12983651919,1.54429309768,0.75916324834,56.3796887475,-88.868428966
0414,413,0414,0414,frame_id,True,,3.2814025070640698,128.07542769309856,95.87578420619724,10.94882621929105,87.08553201347807,10.767602413366363,1.12444112410934,0.1,10.880046525777297,0.03690846599783981,48.871714109742165,-1.7840316748961658,-0.6301058292806316,2.6810072809002428,2.069995776449129,0.35799021129013786,-0.5523735433361557,-124.12641992629396,-10.591352735319916,98.44638261326189,0.28596410155296326,-0.2721156179904938,2.128633737564087,139.9977958675088,0.3574734839711287,11.36085059978382,1.37009697615,1.52516666855,0.11890398392,0.135344719227,-0.691468303487,167.021652436,1.70388743883,3.12986232425,1.54427825648,0.759536367888,56.5524581922,-88.8732497422
0415,414,0415,0415,frame_id,True,,3.2824856640997733,128.15651893242747,96.31507163156215,10.31631806880813,87.31090627763317,10.77471213502053,1.1257138227545516,0.1,10.887283517295986,0.0368265840006643,48.73588473479923,-1.7817563963467165,-0.637490276397183,2.682100375936206,2.0684426677757783,0.3635027447351957,-0.5494905317284422,-123.97160759711143,-10.01489533991292,98.09957552274123,0.2866862714290619,-0.2739875316619873,2.1326098442077637,139.71332077132644,0.3014227288952018,10.78866924510807,1.36456712596,1.52486315463,0.122527072925,0.357410817469,-0.699479306377,167.684957964,1.70389680971,3.12984453102,1.54429333604,0.761698429323,56.4107128925,-88.8750204392
0416,415,0416,0416,frame_id,True,,3.2915523305330865,128.06237616298324,95.9270342502544,8.600127144001249,87.17735535808048,10.834316744637794,1.1242363258550336,0.1,10.946740377223298,0.032376672003010754,48.721162814029576,-1.7923059783769402,-0.6287051704357169,2.688249585358374,2.0801102839303764,0.35221656827430947,-0.5497310135047364,-123.99038996417964,-9.425976476518187,97.62395874667936,0.2878043055534363,-0.27648860216140747,2.1385185718536377,140.08257578556595,-0.8258493325169315,10.446603388598882,1.37580331813,1.51786762209,0.113532756185,0.267675752742,-0.648646838289,168.436645479,1.70389452559,3.12983344193,1.54428145765,0.74608707126,56.3940512234,-88.8868457775
0417,416,0417,0417,frame_id,True,,3.294783917244365,126.6026771876692,95.02664234349129,8.849916407729722,87.02192554173867,10.855601061332123,1.101403746452239,0.1,10.965741435977348,0.037430863005283754,48.9043133679969,-1.793250652294303,-0.6306031391245119,2.691132259905576,2.0830679855157386,0.3524863466840975,-0.5495121007564061,-124.10358856725637,-8.839965034750701,97.0180877023846,0.28981733322143555,-0.27811679244041443,2.14162015914917,140.86976908925234,0.00995137297903212,9.996162160645943,1.37582822461,1.51481403231,0.112690335835,0.111034065924,-0.465762832491,169.260540195,1.70391257577,3.12983250211,1.54428329701,0.754606032535,56.3308988307,-88.8763198118
0418,417,0418,0418,frame_id,True,,3.2897417246290677,128.07712082371816,96.30588126473953,6.891074413644333,87.5917063441105,10.822400614765433,1.1244676927227932,0.1,10.934847384037713,0.03435504399385536,49.019423108001426,-1.7968290300743024,-0.6335616124895831,2.681866091852327,2.0865617545024793,0.35384151470935543,-0.5436979953099684,-124.34550381460583,-8.220377897860262,96.74246319235533,0.2897327244281769,-0.27972009778022766,2.1381680965423584,139.34861492065465,-1.3293034842159164,9.15075684824483,1.37469371676,1.51209467948,0.11275564016,0.0389066539072,-0.540844076441,169.920872542,1.7039801441,3.12975693934,1.54428997254,0.762898838582,56.1089895068,-88.8726635912
0419,418,0419,0419,frame_id,True,,3.2694347595709257,127.53088368106796,95.61204015049782,8.629631749627066,88.61822255213092,10.689203647090597,1.1159060857492278,0.1,10.80079425566552,0.03291337900009239,48.99676644794717,-1.805050267149229,-0.639272233287461,2.649967583179605,2.0943841470968914,0.3589011335769965,-0.5168751797677394,-124.96361839148233,-8.437516306796814,96.33719772556066,0.28933387994766235,-0.2803710997104645,2.1330924034118652,139.42434145801982,0.19211544283024987,7.718975173429741,1.37423085953,1.50972290665,0.1126907839,0.0934591804673,-0.536761211618,170.629553655,1.70412609274,3.12962959999,1.54429351187,-0.265040956412,55.4738874826,-89.0571486808
0420,419,0420,0420,frame_id,True,,3.3023265771124057,127.54375935469103,96.80416577267516,7.204709000869286,88.85900267497105,10.905360821902937,1.116107665951444,0.1,11.01697158849808,0.034357370001089294,49.162547651535206,-1.7970258688163585,-0.6372087093781171,2.696298186291795,2.087154993934614,0.3547376188229261,-0.5575893564120343,-124.03151929207316,-7.020856443906903,95.90828108186321,0.2901291251182556,-0.28247109055519104,2.1387088298797607,139.16431493525167,0.18385255696237193,7.049278406892162,1.3737219607,1.50681523161,0.112606742639,-0.0294110709954,-0.580119440912,171.384548828,1.70390027831,3.12984373835,1.5442915481,0.760265250189,56.3710082518,-88.8705976015
0421,420,0421,0421,frame_id,True,,3.309712841081467,128.41352161717603,97.11561893991171,4.758759176594822,88.87602226465765,10.954199090419555,1.1297502796097778,0.1,11.067174118380533,0.03482139699917752,49.18318756821122,-1.7838785603124316,-0.6530244704860604,2.7102648234856317,2.0750115766603168,0.3685548361915505,-0.5708202338707636,-123.53532289027845,-6.426787786408926,95.46547968948671,0.29113301634788513,-0.2844696342945099,2.139444589614868,139.34905816980984,-1.6680286098141177,6.589457424829064,1.35992673446,1.50910169744,0.122252934635,0.139557903445,-0.58248844906,172.127058201,1.70392311874,3.12985899405,1.54427745026,0.773532153745,56.6413001602,-88.858100261
0422,421,0422,0422,frame_id,True,,3.3087521145313197,128.13194137838153,96.99927325741191,4.852735400934023,89.69839023692472,10.947840555415478,1.1253280403696255,0.1,11.060373359452441,0.03299865699955262,49.28997627949302,-1.7873219147266113,-0.6549613386640165,2.706353002364791,2.078972239786502,0.36876954736801126,-0.5626180704189904,-123.84355836770342,-5.90197317289025,95.14470336318134,0.29165032505989075,-0.28619179129600525,2.143734931945801,139.15716837488466,-1.0492377719562271,5.446313126256612,1.35944737865,1.50675731661,0.122460018062,0.0711491700945,-0.577710771709,172.7331635,1.70391000123,3.12983766136,1.54429381361,0.753349033095,56.3592733111,-88.8795484051
0423,422,0423,0423,frame_id,True,,3.2930072965545167,127.64886776690396,96.72420110320257,4.096090021982917,89.76121212938531,10.843897055161287,1.1177536494276419,0.1,10.955672420104051,0.039178696999442764,49.511435564256104,-1.7946953763190971,-0.6577197448497238,2.68148658370967,2.086965679091619,0.3701549009566727,-0.539300180435134,-124.64202634188374,-5.240692969550332,94.58477787295301,0.292270302772522,-0.28756484389305115,2.142186403274536,138.6337725549137,-1.1446029475674149,4.823565743567695,1.35868075743,1.50438712175,0.122172446209,-0.108321405559,-0.385953931717,173.5862542,1.70402838999,3.12967645865,1.54430277254,0.766915445091,55.6710317073,-88.8697358554
0424,423,0424,0424,frame_id,True,,3.317992313603715,127.65735249197772,98.24691316422957,5.492758633347989,90.92758467802899,11.009072993133334,1.1178865514673546,0.1,11.12086164828007,0.036183735996019095,49.273874413250375,-1.7850410315042575,-0.6584885293155258,2.718288867236046,2.0773286494260867,0.37030418454700165,-0.5821060822018663,-123.22454508090787,-4.59727446712838,94.16341107285386,0.2922876179218292,-0.28818434476852417,2.1361827850341797,138.52854175486254,0.8954841662196142,3.235826394824865,1.35810900439,1.50190363573,0.122502495936,0.163486150948,-0.53358426318,174.369733832,1.70389406453,3.12987472332,1.54426542551,0.770741351213,56.7827459637,-88.8601731913
0425,424,0425,0425,frame_id,True,,3.2917249269521323,129.96987679685245,98.63153165986029,2.116966810141008,88.20674048987478,10.83545299471802,1.1542870152465263,0.1,10.950881696242673,0.03859753900178475,49.32292650731757,-1.795135502276707,-0.6586912577852753,2.6793781648175434,2.085235748944569,0.3707868462309387,-0.5618938336865621,-123.82187601898218,-3.8521028278356737,93.79530048666312,0.29010024666786194,-0.28790441155433655,2.1174843311309814,137.54659232115753,-5.9690696379766734,5.588559996788353,1.35751407416,1.49884849402,0.122549012954,0.153210768203,-0.583527221314,175.180911267,1.70392045946,3.12980688777,1.54430603454,0.750156055389,56.1580095249,-88.8838133636
0426,425,0426,0426,frame_id,True,,3.2940966506764022,127.416965960302,98.7542055109954,3.798399936753299,91.20838984138932,10.85107274399749,1.1141230883346054,0.1,10.96248505283095,0.03551676499773748,49.31572269067905,-1.7970806558036605,-0.6610629649605553,2.6804047487070557,2.0870368678474227,0.37152285294197007,-0.5607922933390137,-123.8413186756917,-3.200080738096721,93.44993813404867,0.2899562120437622,-0.2895401120185852,2.119612455368042,137.4044758133129,0.5983191986565753,2.241548292659342,1.35724747621,1.49672069599,0.122545474113,0.181345785219,-0.645522285158,175.91664362,1.7040138672,3.12972352025,1.54426800693,0.766817800482,56.0800597383,-88.8667786302
0427,426,0427,0427,frame_id,True,,3.3106099284502624,128.65571716857573,96.24227498794028,3.863990483697137,89.31602147297333,10.96013809835345,1.1335581838980318,0.1,11.073493916743253,0.03480520199809689,49.460686477012416,-1.7975978859296533,-0.6659794004612514,2.699120482123013,2.0907530494561883,0.37148095685773574,-0.555936773932095,-124.1154896452887,-2.6001794650552754,93.03985726690341,0.29315516352653503,-0.2944984436035156,2.143183708190918,139.64223536677105,-6.4641699487524225,3.7238357939300717,1.35688385229,1.49396136788,0.122366587081,0.072190708326,-0.63628328491,176.634571005,1.70391417787,3.12979083536,1.54431736618,0.749099339824,55.8863306091,-88.8877818266
0428,427,0428,0428,frame_id,True,,3.3277419554507484,127.08954465703788,97.83470599294321,2.6061515573054237,92.73041529288214,11.07386652206717,1.1090032934524807,0.1,11.18476685141242,0.03491539399692556,49.60691037192907,-1.7927534111000156,-0.6688529449001392,2.7225975587946962,2.0866760440326786,0.3724421160713276,-0.5788580968958923,-123.62316574228323,-2.1280511205010066,92.61202804653986,0.29392263293266296,-0.29641082882881165,2.1437394618988037,138.54212826477354,0.4781004368044203,-0.11838724634228,1.35626954324,1.49128615818,0.122224166362,-0.0279453902934,-0.57578904327,177.283268184,1.70390342112,3.12985041429,1.54428766862,0.767577080547,56.4551912967,-88.860061419
0429,428,0429,0429,frame_id,True,,3.3003914020753196,129.3158023385758,98.25172598062875,3.4334349942712947,91.168888216151,10.892583406892694,1.1439559308783547,0.1,11.006978999980529,0.033359788001689594,49.34803600179271,-1.8012507298727756,-0.6667951607737939,2.6839268672216345,2.092255864455295,0.3724808955226342,-0.5647035109746863,-123.78281626008513,-1.4417704784873966,92.39240554857608,0.29100513458251953,-0.29431426525115967,2.1192233562469482,137.96545775928612,-4.875205472758687,1.223517332425075,1.35626957717,1.48889382001,0.12238557523,0.240450964471,-0.750899661461,177.963100959,1.70399002531,3.12975344342,1.54429867433,0.762534154367,56.0116647472,-88.8717166696
0430,429,0430,0430,frame_id,True,,2.8081142420796756,123.45958206058309,95.90340997035003,0.13195980651462946,90.25354610355248,7.88550559657071,1.0527393211919127,0.1,7.9907795286899015,0.041609478001191746,49.55928487665763,-1.8781710377678245,0.06929256627011626,2.086427015191412,2.1702728382095664,-0.36676030466008513,0.042335468405389515,42.0389307501982,0.18466923721522377,-91.76185648129352,0.29210180044174194,-0.29746773838996887,2.1287624835968018,137.94234072054826,0.05270943070059009,-1.5083103777410096,1.35581759422,1.48611069893,0.122400017147,0.0778891579952,-0.685285354114,178.807131964,1.70686066204,3.12954758763,1.54446666911,-179.521782142,41.9670138828,-89.4395759494
0431,430,0431,0431,frame_id,True,,3.320127395676661,129.44322423402193,97.7046055111519,7.1441251741862,90.35685331356706,11.023245923522687,1.1459663785916836,0.1,11.137842561381856,0.030873600000631995,49.61738054942732,-1.8116560267178503,-0.6587946544786252,2.7031718346435114,2.104004500981995,0.36013977037866485,-0.5772586914855525,-123.78119269572048,-0.2828443446818451,91.16426890333744,0.2923484742641449,-0.2986548840999603,2.125913143157959,138.51420179312763,-7.426969518868055,0.8074155897703809,1.36820007322,1.478581306,0.112365803398,-0.0539233523007,-0.410113013804,179.618438765,1.70392245369,3.12982940683,1.54429924599,0.722586906199,56.2735690207,-88.8989270285
0432,431,0432,0432,frame_id,True,,3.3358603764715187,126.81001399579765,96.9405403679711,2.5710546730004182,92.77731989803614,11.127964451312703,1.1046381055137433,0.1,11.238428261864078,0.03242994000174804,50.05980036399506,-1.7990722355016069,-0.6761852154861872,2.7265504024532268,2.092869192040761,0.37379309035648745,-0.5868361614253949,-123.85492474279268,0.27885987392325223,90.73759282697849,0.29379695653915405,-0.3023921251296997,2.139714241027832,139.20453488923624,-2.292194799077175,-2.03972707105765,1.35453834352,1.48073974687,0.122104938641,-0.293869562372,-0.35334838403,-179.683203795,1.70387557388,3.12984825921,1.54428777631,0.751419354571,56.4347847754,-88.8816667444
0433,432,0433,0433,frame_id,True,,3.318427771382587,127.9395481696716,97.64618053577357,5.689364339801415,92.10607604920447,11.011962873883203,1.12230952571619,0.1,11.124193826454821,0.035976420003862586,49.806893369174304,-1.8062174381258593,-0.677497897506524,2.700099635007475,2.0998579622748004,0.3744751254327783,-0.5663146256233195,-124.20450791377887,0.993422676623071,90.45569743789373,0.29364052414894104,-0.3030227720737457,2.1337850093841553,138.14931155044755,-4.695941663178353,-1.6503786113107404,1.35457210125,1.47853791642,0.122309383929,-0.0354470695307,-0.505819436646,-178.935377167,1.70404954996,3.12966612181,1.54427580361,0.76403727113,55.8242424545,-88.8692295173
0434,433,0434,0434,frame_id,True,,3.3371289913640374,127.21114987102118,97.61271618753324,5.8853095030352165,91.8870808886612,11.136429905002359,1.1109039531040232,0.1,11.247520300312761,0.03296159200544935,49.807098199866154,-1.8129667925746076,-0.6653239595401386,2.721566707410629,2.1063140618712537,0.36132942314029726,-0.591724187650497,-123.60614209406558,1.5841511126590209,89.72097014905515,0.2933472692966461,-0.3039945363998413,2.129842519760132,138.7811417184012,-4.301158390376182,-2.1661107396060495,1.36745593811,1.470680018,0.112085340917,-0.0910482173322,-0.219408167489,-178.029490716,1.70389060537,3.12985063345,1.54429341833,0.765494352129,56.4890254034,-88.8660825945
0435,434,0435,0435,frame_id,True,,3.3391334763421696,127.89375259883802,98.05611694880395,6.598698122156634,93.05222638728425,11.149812372828944,1.1215913895207448,0.1,11.261971511781018,0.03379712800233392,49.96633362165084,-1.815435373346336,-0.6672107235886309,2.721917821749975,2.1077356870575024,0.3616774336792681,-0.5938932436554929,-123.76334700708608,2.1303937209776618,89.51672337685457,0.2923003137111664,-0.3055332899093628,2.1280245780944824,138.18053604410994,-4.468304401178959,-3.535503010429675,1.367025705,1.46792040149,0.112280460755,-0.237868062777,-0.353225520811,-177.463968913,1.70391318713,3.12983940323,1.54427261626,0.761466872441,56.4823762706,-88.8720221871
0436,435,0436,0436,frame_id,True,,3.3486617927768845,127.91496242314187,98.0113713178448,7.636805791560619,93.6725127910546,11.213535802403698,1.121923970681611,0.1,11.32572819947186,0.035181687999283895,49.89774728011248,-1.8022373819831352,-0.6826042866248336,2.738526539814371,2.0964049304011803,0.37422412986938625,-0.6023764181255287,-123.43630690103893,2.9113497187749817,89.37802077091186,0.29416754841804504,-0.3083801567554474,2.1361501216888428,138.5523217811163,-4.72545607278563,-4.294492020142739,1.35426112336,1.47044121448,0.122350736819,-0.0495618044161,-0.666534551777,-176.733463906,1.7038869573,3.12986705774,1.54427982354,0.756640651661,56.620707664,-88.8747546259
0437,436,0437,0437,frame_id,True,,3.335347579321177,128.6156452224726,99.15669811043097,9.018720553610791,93.46747092184579,11.124543474883634,1.1329278875798363,0.1,11.237836263641617,0.02959864899457898,49.926450869049134,-1.8075128132237,-0.6818764273797597,2.718912547821205,2.0986205870045227,0.3746609155809011,-0.6016456544343638,-123.5355394006229,3.5274142517465057,89.04214709224921,0.29110777378082275,-0.30721551179885864,2.117266893386841,137.30776248894617,-5.491306301864273,-4.425323829596576,1.35434289837,1.46780848091,0.122318582263,-0.0592525754224,-0.721240813848,-176.027824782,1.70391761211,3.12984738958,1.54428231209,0.771661042583,56.5418559257,-88.8545585172
0438,437,0438,0438,frame_id,True,,3.322942787114546,126.07046606659668,94.6277971112089,9.755037704877282,93.84312903081752,11.041948766436587,1.09311498975042,0.1,11.15126026541163,0.03474242300580954,50.00332913647459,-1.8192299142770119,-0.6864289031678517,2.6946551998970154,2.1138364211015053,0.37430238587201425,-0.5538194378730897,-124.93463615303287,4.030063556914275,88.44180400002176,0.2946065068244934,-0.3121265172958374,2.140835762023926,140.4375667357582,-5.724974147962992,-5.401325030795757,1.35408995059,1.46518943552,0.122287661506,-0.0766560079713,-0.614298662996,-175.31125465,1.70397395972,3.12967903431,1.54432078935,0.717410444071,55.1872377424,-88.9195697164
0439,438,0439,0439,frame_id,True,,3.332905160418726,127.69143142888417,98.28597217940927,10.017308718613776,93.93343592720413,11.108256808345775,1.1184204018286237,0.1,11.220098848528638,0.03287244099919917,50.10247480546784,-1.817562393763739,-0.6880539111291146,2.7076383747652732,2.1099878474266114,0.3756656698380685,-0.5752936520174703,-124.47579024744745,4.60149900478642,88.0003070263907,0.2924254536628723,-0.31238824129104614,2.1323447227478027,137.2382375731433,-5.415809713827347,-5.933128900813434,1.35385358682,1.46251694848,0.122227663575,-0.110746310402,-0.508438866309,-174.570618595,1.70409168539,3.12963408261,1.54426491106,0.774196229541,55.7097622195,-88.857657532
0440,439,0440,0440,frame_id,True,,3.3378408592377977,128.92150968361167,99.01164003224841,13.785650907593322,91.8635488471126,11.141181601597319,1.137741543836318,0.1,11.254955755980951,0.03651011399779236,49.92540696605833,-1.8143138591919712,-0.6861711167939768,2.7163608045359076,2.105379879919129,0.37445065614067174,-0.5995445222635688,-123.65626743183067,5.083371818029625,87.63035843943432,0.2910660207271576,-0.31172046065330505,2.116816282272339,137.33209253592094,-8.702279089563698,-4.233190407678279,1.35401399521,1.46023404374,0.122244729371,0.131856830716,-0.437915031941,-173.96770513,1.70386655053,3.12984466375,1.54431889548,0.750362941402,56.3137590486,-88.8851877836
0441,440,0441,0441,frame_id,True,,3.3527813079867927,127.54617328263076,98.13657691752064,11.533240834209153,94.52046236284653,11.24114249918563,1.116145459397547,0.1,11.352757045125385,0.0352399149996927,49.95367932462589,-1.8213581062759956,-0.6809451825862287,2.731320341190494,2.113122544428309,0.36598211004785286,-0.6051170426217681,-123.66479603851127,5.7192084678164115,87.16331704786975,0.29176443815231323,-0.31496307253837585,2.1262032985687256,138.1986270439681,-5.814032366392726,-7.357145314976776,1.36299081282,1.45437112662,0.115298203697,0.0403366316801,-0.386764474789,-173.170592569,1.70390381611,3.12984316686,1.54427272918,0.762013653874,56.4361658415,-88.8662650752
0442,441,0442,0442,frame_id,True,,3.3540326697129035,129.37184239491648,98.70796086206451,15.513362950575754,93.74704079578568,11.249535149501467,1.1448399940670577,0.1,11.364019148908174,0.036319719001767226,50.134500020935214,-1.823133841573544,-0.6815490666933612,2.7315213736853985,2.11312954169447,0.3662708942003803,-0.6131312903724102,-123.68564010041784,6.34539034709399,86.70215486151709,0.2899957001209259,-0.31527817249298096,2.1183900833129883,137.60639903751766,-9.167972603481756,-7.044885934268595,1.36250028975,1.45134828466,0.115468716897,-0.0826872448676,-0.338523153045,-172.397171025,1.70388358986,3.12984546092,1.54428132842,0.758356484759,56.5825063875,-88.8722139489
0443,442,0443,0443,frame_id,True,,3.3402940859285057,127.42354761078523,97.96263272533463,13.566420755059653,94.5841923901619,11.157564580488952,1.114226078045227,0.1,11.268987188293474,0.0324010430049384,50.07864186856865,-1.8347724665743086,-0.679586480335695,2.707274790658444,2.124355791960356,0.3628636998696153,-0.5922068318266569,-124.2826992077338,6.871748316651386,86.20347220724854,0.28958332538604736,-0.3167227804660797,2.115067958831787,137.7546680669316,-6.69467243840827,-8.38072018291336,1.36702663008,1.44720718192,0.112127465734,-0.0239940239122,-0.282699568981,-171.677254546,1.7040888462,3.12966173954,1.54425953059,0.777419646608,55.9772722206,-88.8464314719
0444,443,0444,0444,frame_id,True,,3.3345639533934834,127.80611598145637,97.76495075329632,16.450209862852915,93.65367932826457,11.119316759271177,1.1202175206089067,0.1,11.231338511332067,0.03063688299880596,50.10029238008802,-1.8292340152948277,-0.6926964735887189,2.7006279403200457,2.1173777394979374,0.37454818843819093,-0.5872677737703629,-124.43433517103024,7.6600818946638665,85.80204334090102,0.28814372420310974,-0.31814828515052795,2.1133601665496826,137.80071407567345,-8.79012796818905,-7.851635987363549,1.35452494305,1.44928467306,0.122141250484,0.10474206871,-0.442949153591,-170.819030203,1.70400415747,3.12969697168,1.54430054558,0.756203469245,55.7384558427,-88.8797358582
0445,444,0445,0445,frame_id,True,,3.371960386593344,128.46100911203908,97.74298012928443,19.171307407914327,92.66020255774328,11.370116848754733,1.1304965929003499,0.1,11.483166508044768,0.03656246600439772,50.09972733415488,-1.8189255517650103,-0.6959865952907516,2.7526767600041007,2.1086048704314684,0.3744578923164321,-0.6251554835301019,-123.45051269107753,8.20948256802149,85.564989933383,0.28967931866645813,-0.32152870297431946,2.127521276473999,138.806507179638,-10.961824839892838,-7.095212624360268,1.35451917576,1.44692613672,0.121981586735,0.155609347477,-0.40775983502,-170.214882381,1.70387857786,3.12987653432,1.54426093999,0.769332862456,56.7111174787,-88.8584681668
0446,445,0446,0446,frame_id,True,,3.374647822210017,127.34598721464243,97.4837446277927,17.339716447119713,94.3883980940675,11.388247923946809,1.1130125982176133,0.1,11.49954918376857,0.033374093000020366,50.08755837048012,-1.8228532122219998,-0.699686895963042,2.75243389353066,2.1146785067166287,0.3743615559304645,-0.6118711207798057,-123.84825960596102,8.722410059326029,85.01022594498218,0.2918252944946289,-0.3253253400325775,2.1405627727508545,138.66799576624626,-8.617306387793684,-9.378172149085318,1.35449156092,1.44429617492,0.121887892267,0.24437210935,-0.313062559182,-169.48988253,1.70390049183,3.12982803405,1.54431320863,0.750805079872,56.2949528669,-88.8779917277
0447,446,0447,0447,frame_id,True,,3.3739324830062247,128.54721472903879,97.58024421542524,20.393953226662518,94.27686977651321,11.38342039988455,1.131851781539324,0.1,11.496605578038482,0.03507143699971493,50.03116817635326,-1.8247047499086082,-0.7001492438135519,2.750211630390073,2.1150238946344078,0.3740587887583151,-0.6164161305884376,-123.78605896752397,9.470107186161744,84.69259329446504,0.29031914472579956,-0.3260904550552368,2.1337954998016357,138.6336968170508,-10.92384604050078,-9.584276482048168,1.3547453602,1.44197316244,0.122184616674,0.288398012372,-0.457960118909,-168.698190545,1.70389078243,3.1298494635,1.54429078881,0.756991171741,56.3595137324,-88.8766151184
