frame_id,valid_prediction,error_msg,translation_error_m,geodesic_rotation_error_deg,roll_error_deg,pitch_error_deg,yaw_error_deg,translation_loss,rotation_loss,beta,weighted_pose_loss,inference_runtime_seconds,viewing_angle_deg,dx_m,dy_m,dz_m,gt_x,gt_y,gt_z,gt_roll_deg,gt_pitch_deg,gt_yaw_deg,est_x,est_y,est_z,est_roll_deg,est_pitch_deg,est_yaw_deg,world_marker_x,world_marker_y,world_marker_z,world_marker_roll_deg,world_marker_pitch_deg,world_marker_yaw_deg,world_camera_x,world_camera_y,world_camera_z,world_camera_roll_deg,world_camera_pitch_deg,world_camera_yaw_deg
1789254424037,False,missing_prediction,nan,nan,nan,nan,nan,nan,nan,0.1,nan,nan,52.21190118297501,nan,nan,nan,-0.03469999999999973,0.32027952691785194,2.0529824730467805,-151.382641841809,53.620323479262645,88.31250659083572,nan,nan,nan,nan,nan,nan,0.002,-0.0347,0.0601,30.0,1.3676,1.0011,1.5,0.0,1.5,-125.0,180.0,-90.0
1789254430497,False,missing_prediction,nan,nan,nan,nan,nan,nan,nan,0.1,nan,nan,51.145194645871605,nan,nan,nan,0.00030000000000026793,0.31954229007799184,2.052466254254065,-152.7632760829366,53.58381865961217,86.62698331632605,nan,nan,nan,nan,nan,nan,0.002,0.0003,0.061,30.0,1.3679,2.0022,1.5,0.0,1.5,-125.0,180.0,-90.0
1789254436058,False,missing_prediction,nan,nan,nan,nan,nan,nan,nan,0.1,nan,nan,49.61572306449621,nan,nan,nan,0.03530000000000027,0.31854282258075,2.0524988843315572,-155.510742242553,53.43936300083042,83.26943863736025,nan,nan,nan,nan,nan,nan,0.0014,0.0353,0.0618,30.0,1.3679,4.0044,1.5,0.0,1.5,-125.0,180.0,-90.0
1789254441844,False,missing_prediction,nan,nan,nan,nan,nan,nan,nan,0.1,nan,nan,48.092549262975815,nan,nan,nan,0.07030000000000027,0.31685506335988695,2.0535144968621966,-158.22721461005926,53.19986859820488,79.9421806754001,nan,nan,nan,nan,nan,nan,-0.0004,0.0703,0.0626,30.0,1.3679,6.0067,1.5,0.0,1.5,-125.0,180.0,-90.0
1789254447375,False,missing_prediction,nan,nan,nan,nan,nan,nan,nan,0.1,nan,nan,46.58606192566676,nan,nan,nan,0.10510000000000026,0.3143397395673386,2.0555376494067765,-160.89804759283336,52.86722661970157,76.65957596227393,nan,nan,nan,nan,nan,nan,-0.0035,0.1051,0.0635,30.0,1.3679,8.0089,1.5,0.0,1.5,-125.0,180.0,-90.0
1789254452937,False,missing_prediction,nan,nan,nan,nan,nan,nan,nan,0.1,nan,nan,45.09219795148432,nan,nan,nan,0.13990000000000027,0.31121803925559793,2.0586011420481385,-163.51033176543294,52.44394253462363,73.43416123846939,nan,nan,nan,nan,nan,nan,-0.0078,0.1399,0.0643,30.0,1.3679,10.0111,1.5,0.0,1.5,-125.0,180.0,-90.0
1789254458439,False,missing_prediction,nan,nan,nan,nan,nan,nan,nan,0.1,nan,nan,43.62147827389419,nan,nan,nan,0.17450000000000027,0.30732613201580705,2.0625902594990118,-166.05263785369348,51.93309060537169,70.27702070313946,nan,nan,nan,nan,nan,nan,-0.0133,0.1745,0.0652,30.0,1.3679,12.0133,1.5,0.0,1.5,-125.0,180.0,-90.0
1789254464066,False,missing_prediction,nan,nan,nan,nan,nan,nan,nan,0.1,nan,nan,42.17679420996741,nan,nan,nan,0.2088000000000003,0.30282784825682385,2.0676197170466675,-168.5154581859009,51.33817144982041,67.19728246958222,nan,nan,nan,nan,nan,nan,-0.02,0.2088,0.066,30.0,1.3679,14.0156,1.5,0.0,1.5,-125.0,180.0,-90.0
1789254469671,False,missing_prediction,nan,nan,nan,nan,nan,nan,nan,0.1,nan,nan,40.76239906137524,nan,nan,nan,0.24290000000000028,0.2976412727742194,2.0736321570474696,-170.89079790998647,50.66312872357293,64.20264993269664,nan,nan,nan,nan,nan,nan,-0.0279,0.2429,0.0668,30.0,1.3679,16.0178,1.5,0.0,1.5,-125.0,180.0,-90.0
1789254475233,False,missing_prediction,nan,nan,nan,nan,nan,nan,nan,0.1,nan,nan,39.38265129111886,nan,nan,nan,0.27680000000000027,0.2917418480071999,2.0804883066533546,-173.17289812023222,49.912065306698835,61.298493030684504,nan,nan,nan,nan,nan,nan,-0.0369,0.2768,0.0677,30.0,1.3679,18.02,1.5,0.0,1.5,-125.0,180.0,-90.0
1789254480636,False,missing_prediction,nan,nan,nan,nan,nan,nan,nan,0.1,nan,nan,38.04726488626076,nan,nan,nan,0.31020000000000025,0.28517868907735294,2.08846671156045,-175.3576460197268,49.08925937097497,58.48856040424077,nan,nan,nan,nan,nan,nan,-0.0472,0.3102,0.0685,30.0,1.3679,20.0222,1.5,0.0,1.5,-125.0,180.0,-90.0
1789254486030,False,missing_prediction,nan,nan,nan,nan,nan,nan,nan,0.1,nan,nan,36.75594459399792,nan,nan,nan,0.34330000000000027,0.2779845960675198,2.097346183716264,-177.44265049093752,48.19900213850945,55.77484075353372,nan,nan,nan,nan,nan,nan,-0.0586,0.3433,0.0693,30.0,1.3679,22.0245,1.5,0.0,1.5,-125.0,180.0,-90.0
1789254491392,False,missing_prediction,nan,nan,nan,nan,nan,nan,nan,0.1,nan,nan,35.5183556730706,nan,nan,nan,0.3760000000000003,0.2700202961296365,2.107151280681589,-179.4266422178022,47.24570320013783,53.15828763383817,nan,nan,nan,nan,nan,nan,-0.0712,0.376,0.0702,30.0,1.3679,24.0267,1.5,0.0,1.5,-125.0,180.0,-90.0
1789254496946,False,missing_prediction,nan,nan,nan,nan,nan,nan,nan,0.1,nan,nan,34.336125666782024,nan,nan,nan,0.4082000000000003,0.261506977316196,2.117914802539268,178.6901085331833,46.23356105421819,50.63821241939696,nan,nan,nan,nan,nan,nan,-0.0849,0.4082,0.071,30.0,1.3679,26.0289,1.5,0.0,1.5,-125.0,180.0,-90.0
1789254502706,False,missing_prediction,nan,nan,nan,nan,nan,nan,nan,0.1,nan,nan,33.21438515581344,nan,nan,nan,0.4400000000000003,0.2523627244227693,2.129579391645664,176.9064239701572,45.16668892049855,48.21304083973388,nan,nan,nan,nan,nan,nan,-0.0997,0.44,0.0718,30.0,1.3679,28.0311,1.5,0.0,1.5,-125.0,180.0,-90.0
1789254508599,False,missing_prediction,nan,nan,nan,nan,nan,nan,nan,0.1,nan,nan,32.16224154761207,nan,nan,nan,0.4712000000000003,0.24250562224492755,2.142087690357143,175.220232586634,44.048978522946555,45.8802620907388,nan,nan,nan,nan,nan,nan,-0.1156,0.4712,0.0727,30.0,1.3679,30.0334,1.5,0.0,1.5,-125.0,180.0,-90.0
1789254514316,False,missing_prediction,nan,nan,nan,nan,nan,nan,nan,0.1,nan,nan,31.181526263619325,nan,nan,nan,0.5018000000000002,0.23209950119152858,2.155554413960975,173.62908735501398,42.88430071086798,43.63707543494361,nan,nan,nan,nan,nan,nan,-0.1326,0.5018,0.0735,30.0,1.3679,32.0356,1.5,0.0,1.5,-125.0,180.0,-90.0
1789254520167,False,missing_prediction,nan,nan,nan,nan,nan,nan,nan,0.1,nan,nan,30.2784784843821,nan,nan,nan,0.5318000000000003,0.22106244605814343,2.169922204813525,172.12982629887662,41.676154541830996,41.47985598867588,nan,nan,nan,nan,nan,nan,-0.1507,0.5318,0.0743,30.0,1.3679,34.0378,1.5,0.0,1.5,-125.0,180.0,-90.0
1789254525910,False,missing_prediction,nan,nan,nan,nan,nan,nan,nan,0.1,nan,nan,29.458553891936038,nan,nan,nan,0.5611000000000003,0.20936989928397837,2.1850517900667286,170.71905711812693,40.42788038114909,39.40476711892454,nan,nan,nan,nan,nan,nan,-0.1698,0.5611,0.0752,30.0,1.3679,36.04,1.5,0.0,1.5,-125.0,180.0,-90.0
1789254531428,False,missing_prediction,nan,nan,nan,nan,nan,nan,nan,0.1,nan,nan,28.721759363881684,nan,nan,nan,0.5898000000000002,0.19718569127789115,2.2010578850078564,169.39312672968538,39.142538596473116,37.4076629404839,nan,nan,nan,nan,nan,nan,-0.1899,0.5898,0.076,30.0,1.3679,38.0423,1.5,0.0,1.5,-125.0,180.0,-90.0
1789254536954,False,missing_prediction,nan,nan,nan,nan,nan,nan,nan,0.1,nan,nan,28.075218116391433,nan,nan,nan,0.6177000000000002,0.18442790683545288,2.2178831319932732,168.14848070709945,37.82317131568301,35.484580920079715,nan,nan,nan,nan,nan,nan,-0.211,0.6177,0.0768,30.0,1.3679,40.0445,1.5,0.0,1.5,-125.0,180.0,-90.0
1789254542628,False,missing_prediction,nan,nan,nan,nan,nan,nan,nan,0.1,nan,nan,27.522898107660332,nan,nan,nan,0.6449000000000003,0.17101463075223466,2.235470173379344,166.98134554719894,36.47242368538211,33.63122172957412,nan,nan,nan,nan,nan,nan,-0.2331,0.6449,0.0777,30.0,1.3679,42.0467,1.5,0.0,1.5,-125.0,180.0,-90.0
1789254548294,False,missing_prediction,nan,nan,nan,nan,nan,nan,nan,0.1,nan,nan,27.06277843728175,nan,nan,nan,0.6713000000000002,0.15716705108072943,2.25385180924891,165.88805973548068,35.092808077709286,31.843412612666803,nan,nan,nan,nan,nan,nan,-0.2561,0.6713,0.0785,30.0,1.3679,44.0489,1.5,0.0,1.5,-125.0,180.0,-90.0
1789254553915,False,missing_prediction,nan,nan,nan,nan,nan,nan,nan,0.1,nan,nan,26.69803712678146,nan,nan,nan,0.6969000000000002,0.1428032526165082,2.2729706819583364,164.86500351630363,33.68658066438482,30.11696694768751,nan,nan,nan,nan,nan,nan,-0.28,0.6969,0.0793,30.0,1.3679,46.0512,1.5,0.0,1.5,-125.0,180.0,-90.0
1789254559536,False,missing_prediction,nan,nan,nan,nan,nan,nan,nan,0.1,nan,nan,26.431448645444362,nan,nan,nan,0.7216000000000002,0.12784132015514219,2.2927694338639872,163.9088349301299,32.25603535406409,28.4480596341196,nan,nan,nan,nan,nan,nan,-0.3048,0.7216,0.0802,30.0,1.3679,48.0534,1.5,0.0,1.5,-125.0,180.0,-90.0
1789254565444,False,missing_prediction,nan,nan,nan,nan,nan,nan,nan,0.1,nan,nan,26.25711291464474,nan,nan,nan,0.7455000000000003,0.11250244174912422,2.3132808650487044,163.0162086278201,30.803094364089016,26.832733461788767,nan,nan,nan,nan,nan,nan,-0.3304,0.7455,0.081,30.0,1.3679,50.0556,1.5,0.0,1.5,-125.0,180.0,-90.0
1789254571322,False,missing_prediction,nan,nan,nan,nan,nan,nan,nan,0.1,nan,nan,26.17723757560528,nan,nan,nan,0.7684000000000002,0.09664734455039031,2.3345295330732823,162.18400055738587,29.329600122491108,25.267262009691862,nan,nan,nan,nan,nan,nan,-0.3569,0.7684,0.0818,30.0,1.3679,52.0578,1.5,0.0,1.5,-125.0,180.0,-90.0
1789254577335,False,missing_prediction,nan,nan,nan,nan,nan,nan,nan,0.1,nan,nan,26.18814253580141,nan,nan,nan,0.7904000000000002,0.08030882864178174,2.356294249885227,161.40922842657062,27.837182659596376,23.747995769782065,nan,nan,nan,nan,nan,nan,-0.3841,0.7904,0.0827,30.0,1.3679,54.0601,1.5,0.0,1.5,-125.0,180.0,-90.0
1789254583237,False,missing_prediction,nan,nan,nan,nan,nan,nan,nan,0.1,nan,nan,26.284355224840105,nan,nan,nan,0.8114000000000002,0.06359336678852123,2.378771645976238,160.68920919775513,26.327570249757724,22.271666816776825,nan,nan,nan,nan,nan,nan,-0.4121,0.8114,0.0835,30.0,1.3679,56.0623,1.5,0.0,1.5,-125.0,180.0,-90.0
1789254588964,False,missing_prediction,nan,nan,nan,nan,nan,nan,nan,0.1,nan,nan,26.462524610384122,nan,nan,nan,0.8315000000000002,0.04647640142981502,2.4018224484982507,160.02132894709897,24.802153103186672,20.83493336323441,nan,nan,nan,nan,nan,nan,-0.4408,0.8315,0.0843,30.0,1.3679,58.0645,1.5,0.0,1.5,-125.0,180.0,-90.0
1789254594568,False,missing_prediction,nan,nan,nan,nan,nan,nan,nan,0.1,nan,nan,26.719619755547402,nan,nan,nan,0.8505000000000003,0.028876017361234185,2.425389299807631,159.40319935030507,23.262291079579313,19.434681944149027,nan,nan,nan,nan,nan,nan,-0.4702,0.8505,0.0852,30.0,1.3679,60.0667,1.5,0.0,1.5,-125.0,180.0,-90.0
1789254600296,False,missing_prediction,nan,nan,nan,nan,nan,nan,nan,0.1,nan,nan,27.046034837344294,nan,nan,nan,0.8685000000000003,0.011013402635271619,2.4495049999872203,158.83258721751278,21.709171515542852,18.06787730814761,nan,nan,nan,nan,nan,nan,-0.5002,0.8685,0.086,30.0,1.3679,62.069,1.5,0.0,1.5,-125.0,180.0,-90.0
1789254606451,False,missing_prediction,nan,nan,nan,nan,nan,nan,nan,0.1,nan,nan,27.43929405902256,nan,nan,nan,0.8854000000000002,-0.007250715596136714,2.4741941065978112,158.30752169601948,20.144129295251147,16.731826545256006,nan,nan,nan,nan,nan,nan,-0.5309,0.8854,0.0868,30.0,1.3679,64.0712,1.5,0.0,1.5,-125.0,180.0,-90.0
1789254612171,False,missing_prediction,nan,nan,nan,nan,nan,nan,nan,0.1,nan,nan,27.894288910829285,nan,nan,nan,0.9013000000000002,-0.02588353725014947,2.499235431586912,157.82611814331582,18.568189869900912,15.423761390200836,nan,nan,nan,nan,nan,nan,-0.5621,0.9013,0.0877,30.0,1.3679,66.0734,1.5,0.0,1.5,-125.0,180.0,-90.0
1789254617745,False,missing_prediction,nan,nan,nan,nan,nan,nan,nan,0.1,nan,nan,28.402276138108892,nan,nan,nan,0.9160000000000003,-0.0447785895615439,2.524825605446221,157.3866885797395,16.982386843515783,14.141103694450269,nan,nan,nan,nan,nan,nan,-0.5939,0.916,0.0885,30.0,1.3679,68.0756,1.5,0.0,1.5,-125.0,180.0,-90.0
1789254623491,False,missing_prediction,nan,nan,nan,nan,nan,nan,nan,0.1,nan,nan,28.959350388438125,nan,nan,nan,0.9297000000000002,-0.06390307244747878,2.5507434401232456,156.98768709665558,15.387612210688737,12.881324427882301,nan,nan,nan,nan,nan,nan,-0.6261,0.9297,0.0893,30.0,1.3679,70.0779,1.5,0.0,1.5,-125.0,180.0,-90.0
1789254629158,False,missing_prediction,nan,nan,nan,nan,nan,nan,nan,0.1,nan,nan,29.562346906282958,nan,nan,nan,0.9422000000000003,-0.08339625875601814,2.57701349317878,156.62778159305597,13.784942210511517,11.642184389558379,nan,nan,nan,nan,nan,nan,-0.6588,0.9422,0.0902,30.0,1.3679,72.0801,1.5,0.0,1.5,-125.0,180.0,-90.0
1789254634846,False,missing_prediction,nan,nan,nan,nan,nan,nan,nan,0.1,nan,nan,30.20231886797891,nan,nan,nan,0.9535000000000002,-0.10303696043466892,2.6036685646956648,156.3057285846765,12.175165712267194,10.421346988167224,nan,nan,nan,nan,nan,nan,-0.6919,0.9535,0.091,30.0,1.3679,74.0823,1.5,0.0,1.5,-125.0,180.0,-90.0
1789254640389,False,missing_prediction,nan,nan,nan,nan,nan,nan,nan,0.1,nan,nan,30.87770727962061,nan,nan,nan,0.9637000000000002,-0.12290709268786021,2.630651297030265,156.02044946532496,10.55910832076144,9.216621016678394,nan,nan,nan,nan,nan,nan,-0.7254,0.9637,0.0918,30.0,1.3679,76.0845,1.5,0.0,1.5,-125.0,180.0,-90.0
1789254645847,False,missing_prediction,nan,nan,nan,nan,nan,nan,nan,0.1,nan,nan,31.58571782525768,nan,nan,nan,0.9727000000000002,-0.14308857072002074,2.657904332538946,155.7709930690706,8.937477352380606,8.025828197420875,nan,nan,nan,nan,nan,nan,-0.7593,0.9727,0.0927,30.0,1.3679,78.0868,1.5,0.0,1.5,-125.0,180.0,-90.0
1789254651282,False,missing_prediction,nan,nan,nan,nan,nan,nan,nan,0.1,nan,nan,32.318008304597825,nan,nan,nan,0.9805000000000003,-0.1633028488350226,2.6853785561001198,155.55657929778047,7.3111912533818915,6.847030629396874,nan,nan,nan,nan,nan,nan,-0.7934,0.9805,0.0935,30.0,1.3679,80.089,1.5,0.0,1.5,-125.0,180.0,-90.0
1789254656702,False,missing_prediction,nan,nan,nan,nan,nan,nan,nan,0.1,nan,nan,33.07398723993693,nan,nan,nan,0.9871000000000002,-0.18368919988092974,2.7130985252745803,155.37652059061423,5.680898507086884,5.678164512533047,nan,nan,nan,nan,nan,nan,-0.8278,0.9871,0.0943,30.0,1.3679,82.0912,1.5,0.0,1.5,-125.0,180.0,-90.0
1789254662165,False,missing_prediction,nan,nan,nan,nan,nan,nan,nan,0.1,nan,nan,33.85187240603374,nan,nan,nan,0.9925000000000003,-0.20427218141853604,2.7409249672142635,155.23027027103143,4.0473060065242645,4.517269127868678,nan,nan,nan,nan,nan,nan,-0.8624,0.9925,0.0952,30.0,1.3679,84.0934,1.5,0.0,1.5,-125.0,180.0,-90.0
1789254667610,False,missing_prediction,nan,nan,nan,nan,nan,nan,nan,0.1,nan,nan,34.645925655785206,nan,nan,nan,0.9967000000000003,-0.22488796303898367,2.7689725972064396,155.11740181039465,2.4110208686358443,3.362360097637029,nan,nan,nan,nan,nan,nan,-0.8972,0.9967,0.096,30.0,1.3679,86.0957,1.5,0.0,1.5,-125.0,180.0,-90.0
1789254673059,False,missing_prediction,nan,nan,nan,nan,nan,nan,nan,0.1,nan,nan,35.45603919522397,nan,nan,nan,0.9997000000000003,-0.24558565986386022,2.7969628695549806,155.03762779428612,0.7728817376443805,2.211650487765543,nan,nan,nan,nan,nan,nan,-0.932,0.9997,0.0969,30.0,1.3679,88.0979,1.5,0.0,1.5,-125.0,180.0,-90.0
1789254678601,False,missing_prediction,nan,nan,nan,nan,nan,nan,nan,0.1,nan,nan,36.27820286518603,nan,nan,nan,1.0015000000000003,-0.2663161567715779,2.825174329956014,154.99076489145946,-0.8665274181063306,1.063195624851786,nan,nan,nan,nan,nan,nan,-0.967,1.0015,0.0977,30.0,1.3679,90.1001,1.5,0.0,1.5,-125.0,180.0,-90.0
1789254684298,False,missing_prediction,nan,nan,nan,nan,nan,nan,nan,0.1,nan,nan,37.11027548677867,nan,nan,nan,1.0020000000000002,-0.28704665367929577,2.853385790357048,154.97675751453724,-2.5065464232052848,-0.08488524039754738,nan,nan,nan,nan,nan,nan,-1.002,1.002,0.0985,30.0,1.3679,92.1023,1.5,0.0,1.5,-125.0,180.0,-90.0
1789254689761,False,missing_prediction,nan,nan,nan,nan,nan,nan,nan,0.1,nan,nan,37.954189923621364,nan,nan,nan,1.0014000000000003,-0.30785906579144245,2.881539893114447,154.99567330067467,-4.146598395163086,-1.2345335128690844,nan,nan,nan,nan,nan,nan,-1.037,1.0014,0.0994,30.0,1.3679,94.1046,1.5,0.0,1.5,-125.0,180.0,-90.0
1789254695368,False,missing_prediction,nan,nan,nan,nan,nan,nan,nan,0.1,nan,nan,38.80255581156518,nan,nan,nan,0.9994000000000002,-0.32858956269916023,2.909751353515481,155.04769859774254,-5.785858045122394,-2.3875308919373137,nan,nan,nan,nan,nan,nan,-1.072,0.9994,0.1002,30.0,1.3679,96.1068,1.5,0.0,1.5,-125.0,180.0,-90.0
1789254700910,False,missing_prediction,nan,nan,nan,nan,nan,nan,nan,0.1,nan,nan,39.65814725894333,nan,nan,nan,0.9963000000000002,-0.349262701963243,2.937880898712086,155.13314575927626,-7.423739068291743,-3.545853223594387,nan,nan,nan,nan,nan,nan,-1.1069,0.9963,0.101,30.0,1.3679,98.109,1.5,0.0,1.5,-125.0,180.0,-90.0
1789254706363,False,missing_prediction,nan,nan,nan,nan,nan,nan,nan,0.1,nan,nan,40.51999408394654,nan,nan,nan,0.9920000000000003,-0.3699030411444843,2.9657892558561976,155.25245340709145,-9.05956227079456,-4.711450697233169,nan,nan,nan,nan,nan,nan,-1.1416,0.992,0.1019,30.0,1.3679,100.1112,1.5,0.0,1.5,-125.0,180.0,-90.0
1789254711722,False,missing_prediction,nan,nan,nan,nan,nan,nan,nan,0.1,nan,nan,41.38364468933667,nan,nan,nan,0.9864000000000004,-0.3904041074776617,2.993673055439516,155.406198253673,-10.692714636463815,-5.8863740594475455,nan,nan,nan,nan,nan,nan,-1.1762,0.9864,0.1027,30.0,1.3679,102.1135,1.5,0.0,1.5,-125.0,180.0,-90.0
1789254717107,False,missing_prediction,nan,nan,nan,nan,nan,nan,nan,0.1,nan,nan,42.25079075711221,nan,nan,nan,0.9797000000000003,-0.4107331008799337,3.0213111094095475,155.59506660265677,-12.32231869244493,-7.072549638920366,nan,nan,nan,nan,nan,nan,-1.2105,0.9797,0.1035,30.0,1.3679,104.1157,1.5,0.0,1.5,-125.0,180.0,-90.0
1789254722763,False,missing_prediction,nan,nan,nan,nan,nan,nan,nan,0.1,nan,nan,43.12056806842446,nan,nan,nan,0.9717000000000003,-0.4310292941993646,3.048727975327086,155.8199050696158,-13.947717209862505,-8.272141768491338,nan,nan,nan,nan,nan,nan,-1.2446,0.9717,0.1044,30.0,1.3679,106.1179,1.5,0.0,1.5,-125.0,180.0,-90.0
1789254728469,False,missing_prediction,nan,nan,nan,nan,nan,nan,nan,0.1,nan,nan,43.99097068778586,nan,nan,nan,0.9626000000000003,-0.4510714993834611,3.0759564532749737,156.0816971093775,-15.568141758941943,-9.487329508552381,nan,nan,nan,nan,nan,nan,-1.2784,0.9626,0.1052,30.0,1.3679,108.1201,1.5,0.0,1.5,-125.0,180.0,-90.0
1789254733968,False,missing_prediction,nan,nan,nan,nan,nan,nan,nan,0.1,nan,nan,44.86186267267453,nan,nan,nan,0.9523000000000004,-0.4709416316366524,3.102939185609574,156.38159204155792,-17.182869493346395,-10.720438387507915,nan,nan,nan,nan,nan,nan,-1.3119,0.9523,0.106,30.0,1.3679,110.1224,1.5,0.0,1.5,-125.0,180.0,-90.0
1789254739390,False,missing_prediction,nan,nan,nan,nan,nan,nan,nan,0.1,nan,nan,45.733595560659694,nan,nan,nan,0.9408000000000003,-0.49066424851973206,3.1295368994828237,156.7208502787635,-18.79089513191377,-11.97370483125721,nan,nan,nan,nan,nan,nan,-1.345,0.9408,0.1069,30.0,1.3679,112.1246,1.5,0.0,1.5,-125.0,180.0,-90.0
1789254745065,False,missing_prediction,nan,nan,nan,nan,nan,nan,nan,0.1,nan,nan,46.60353270294439,nan,nan,nan,0.9282000000000004,-0.5100181619802073,3.155782394977564,157.10094084911847,-20.391408716730883,-13.249657523438806,nan,nan,nan,nan,nan,nan,-1.3776,0.9282,0.1077,30.0,1.3679,114.1268,1.5,0.0,1.5,-125.0,180.0,-90.0
1789254750788,False,missing_prediction,nan,nan,nan,nan,nan,nan,nan,0.1,nan,nan,47.47194346522768,nan,nan,nan,0.9144000000000003,-0.5291426448661423,3.1817002296545884,157.52349188607624,-21.983466030333414,-14.550884484704662,nan,nan,nan,nan,nan,nan,-1.4098,0.9144,0.1085,30.0,1.3679,116.129,1.5,0.0,1.5,-125.0,180.0,-90.0
1789254756502,False,missing_prediction,nan,nan,nan,nan,nan,nan,nan,0.1,nan,nan,48.34038789053305,nan,nan,nan,0.8995000000000003,-0.5480622547383307,3.2071511306658333,157.99033811318384,-23.56614093769616,-15.880174018408153,nan,nan,nan,nan,nan,nan,-1.4415,0.8995,0.1094,30.0,1.3679,118.1313,1.5,0.0,1.5,-125.0,180.0,-90.0
1789254761929,False,missing_prediction,nan,nan,nan,nan,nan,nan,nan,0.1,nan,nan,49.20563562767304,nan,nan,nan,0.8835000000000003,-0.5666131611879144,3.2322498132985693,158.50343486690042,-25.138201797493846,-17.24026067439346,nan,nan,nan,nan,nan,nan,-1.4727,0.8835,0.1102,30.0,1.3679,120.1335,1.5,0.0,1.5,-125.0,180.0,-90.0
1789254767751,False,missing_prediction,nan,nan,nan,nan,nan,nan,nan,0.1,nan,nan,50.069313471438164,nan,nan,nan,0.8665000000000004,-0.5848199217756878,3.256857004704732,159.0650075845879,-26.69857721645269,-18.634236277743902,nan,nan,nan,nan,nan,nan,-1.5033,0.8665,0.111,30.0,1.3679,122.1357,1.5,0.0,1.5,-125.0,180.0,-90.0
1789254773351,False,missing_prediction,nan,nan,nan,nan,nan,nan,nan,0.1,nan,nan,50.93103010190796,nan,nan,nan,0.8484000000000004,-0.6027070940624439,3.2808334320362564,159.67747062038893,-28.246029991665594,-20.065298639057964,nan,nan,nan,nan,nan,nan,-1.5332,0.8484,0.1119,30.0,1.3679,124.1379,1.5,0.0,1.5,-125.0,180.0,-90.0
1789254778814,False,missing_prediction,nan,nan,nan,nan,nan,nan,nan,0.1,nan,nan,51.78847771628105,nan,nan,nan,0.8292000000000004,-0.620225562926596,3.304457640989272,160.34349349813758,-29.77930240772907,-21.536903937889512,nan,nan,nan,nan,nan,nan,-1.5626,0.8292,0.1127,30.0,1.3679,126.1402,1.5,0.0,1.5,-125.0,180.0,-90.0
1789254784533,False,missing_prediction,nan,nan,nan,nan,nan,nan,nan,0.1,nan,nan,52.643463643322924,nan,nan,nan,0.8091000000000004,-0.6372851706416671,3.327426528306856,161.06587380734157,-31.29679955709398,-23.052481895082312,nan,nan,nan,nan,nan,nan,-1.5912,0.8091,0.1135,30.0,1.3679,128.1424,1.5,0.0,1.5,-125.0,180.0,-90.0
1789254790221,False,missing_prediction,nan,nan,nan,nan,nan,nan,nan,0.1,nan,nan,53.49534736322249,nan,nan,nan,0.7879000000000004,-0.6540251900557215,3.3497646515498034,161.8477436965905,-32.79703690079206,-24.615885986814117,nan,nan,nan,nan,nan,nan,-1.6191,0.7879,0.1144,30.0,1.3679,130.1446,1.5,0.0,1.5,-125.0,180.0,-90.0
1789254795666,False,missing_prediction,nan,nan,nan,nan,nan,nan,nan,0.1,nan,nan,54.342794068847944,nan,nan,nan,0.7658000000000004,-0.6702244331162659,3.371504810800954,162.69244449488767,-34.2783202301414,-26.23110874194254,nan,nan,nan,nan,nan,nan,-1.6462,0.7658,0.1152,30.0,1.3679,132.1468,1.5,0.0,1.5,-125.0,180.0,-90.0
1789254801058,False,missing_prediction,nan,nan,nan,nan,nan,nan,nan,0.1,nan,nan,55.18710896184603,nan,nan,nan,0.7428000000000003,-0.6860221726713647,3.3926715636211027,163.6036073202775,-35.73888113150619,-27.90244268903181,nan,nan,nan,nan,nan,nan,-1.6726,0.7428,0.116,30.0,1.3679,134.1491,1.5,0.0,1.5,-125.0,180.0,-90.0
1789254806422,False,missing_prediction,nan,nan,nan,nan,nan,nan,nan,0.1,nan,nan,56.02749053696857,nan,nan,nan,0.7188000000000003,-0.7013856086381764,3.413043721957756,164.58496453033257,-37.176571493326435,-29.63414240539731,nan,nan,nan,nan,nan,nan,-1.6981,0.7188,0.1169,30.0,1.3679,136.1513,1.5,0.0,1.5,-125.0,180.0,-90.0
1789254811788,False,missing_prediction,nan,nan,nan,nan,nan,nan,nan,0.1,nan,nan,56.863335167485424,nan,nan,nan,0.6940000000000003,-0.7162082682514785,3.4328179163026133,165.6406127816794,-38.589285858063455,-31.4309171325248,nan,nan,nan,nan,nan,nan,-1.7228,0.694,0.1177,30.0,1.3679,138.1535,1.5,0.0,1.5,-125.0,180.0,-90.0
1789254817181,False,missing_prediction,nan,nan,nan,nan,nan,nan,nan,0.1,nan,nan,57.694273129120724,nan,nan,nan,0.6683000000000003,-0.7305147090720645,3.4518548738076102,166.77481629595806,-39.97465252693912,-33.297583396857206,nan,nan,nan,nan,nan,nan,-1.7466,0.6683,0.1185,30.0,1.3679,140.1557,1.5,0.0,1.5,-125.0,180.0,-90.0
1789254822581,False,missing_prediction,nan,nan,nan,nan,nan,nan,nan,0.1,nan,nan,58.52217577977313,nan,nan,nan,0.6418000000000004,-0.7443868463043637,3.4700972368291123,167.99208425879294,-41.33015781258431,-35.23921820361391,nan,nan,nan,nan,nan,nan,-1.7695,0.6418,0.1194,30.0,1.3679,142.158,1.5,0.0,1.5,-125.0,180.0,-90.0
1789254828093,False,missing_prediction,nan,nan,nan,nan,nan,nan,nan,0.1,nan,nan,59.34409650709788,nan,nan,nan,0.6145000000000004,-0.7576608495395178,3.4876597206543893,169.29688002811335,-42.65286092053788,-37.260725445731914,nan,nan,nan,nan,nan,nan,-1.7915,0.6145,0.1202,30.0,1.3679,144.1602,1.5,0.0,1.5,-125.0,180.0,-90.0
1789254833786,False,missing_prediction,nan,nan,nan,nan,nan,nan,nan,0.1,nan,nan,60.161545690414165,nan,nan,nan,0.5865000000000004,-0.7703612763383212,3.5044030524353773,170.69392438058557,-43.939785587800976,-39.367357582587914,nan,nan,nan,nan,nan,nan,-1.8125,0.5865,0.121,30.0,1.3679,146.1624,1.5,0.0,1.5,-125.0,180.0,-90.0
1789254839386,False,missing_prediction,nan,nan,nan,nan,nan,nan,nan,0.1,nan,nan,60.97445000954213,nan,nan,nan,0.5577000000000003,-0.782570041905202,3.5202698745284415,172.1878740350497,-45.18763486423349,-41.564250410959005,nan,nan,nan,nan,nan,nan,-1.8325,0.5577,0.1219,30.0,1.3679,148.1646,1.5,0.0,1.5,-125.0,180.0,-90.0
1789254845065,False,missing_prediction,nan,nan,nan,nan,nan,nan,nan,0.1,nan,nan,61.78150161097956,nan,nan,nan,0.5283000000000003,-0.7940659581876679,3.5352929870164225,173.7833542691977,-46.39290907184988,-43.85652796714501,nan,nan,nan,nan,nan,nan,-1.8514,0.5283,0.1227,30.0,1.3679,150.1669,1.5,0.0,1.5,-125.0,180.0,-90.0
1789254850808,False,missing_prediction,nan,nan,nan,nan,nan,nan,nan,0.1,nan,nan,62.58414753275616,nan,nan,nan,0.4983000000000004,-0.8050456556774181,3.5495788626645433,175.48449714560533,-47.55166229260553,-46.24870305573174,nan,nan,nan,nan,nan,nan,-1.8694,0.4983,0.1235,30.0,1.3679,152.1691,1.5,0.0,1.5,-125.0,180.0,-90.0
1789254856548,False,missing_prediction,nan,nan,nan,nan,nan,nan,nan,0.1,nan,nan,63.38163959443154,nan,nan,nan,0.4676000000000004,-0.8154763342916109,3.5629063134203114,177.29524822545278,-48.65986564233063,-48.74519385795038,nan,nan,nan,nan,nan,nan,-1.8863,0.4676,0.1244,30.0,1.3679,154.1713,1.5,0.0,1.5,-125.0,180.0,-90.0
1789254862290,False,missing_prediction,nan,nan,nan,nan,nan,nan,nan,0.1,nan,nan,64.17204885224017,nan,nan,nan,0.4363000000000004,-0.8251941636213884,3.5753900545709967,179.21884698364792,-49.71317483165383,-51.349665939352406,nan,nan,nan,nan,nan,nan,-1.9021,0.4363,0.1252,30.0,1.3679,156.1735,1.5,0.0,1.5,-125.0,180.0,-90.0
1789254868001,False,missing_prediction,nan,nan,nan,nan,nan,nan,nan,0.1,nan,nan,64.95790206430273,nan,nan,nan,0.4045000000000004,-0.8343056164319739,3.5868334556249,-178.74233717069885,-50.707013478807575,-54.06490424445977,nan,nan,nan,nan,nan,nan,-1.9167,0.4045,0.1261,30.0,1.3679,158.1757,1.5,0.0,1.5,-125.0,180.0,-90.0
1789254873705,False,missing_prediction,nan,nan,nan,nan,nan,nan,nan,0.1,nan,nan,65.73804151770328,nan,nan,nan,0.3723000000000004,-0.8427615776017793,3.5975150622781493,-176.58696662644937,-51.63665381182615,-56.892685830647444,nan,nan,nan,nan,nan,nan,-1.9303,0.3723,0.1269,30.0,1.3679,160.178,1.5,0.0,1.5,-125.0,180.0,-90.0
1789254879471,False,missing_prediction,nan,nan,nan,nan,nan,nan,nan,0.1,nan,nan,66.51102352214879,nan,nan,nan,0.3395000000000004,-0.8505866046915985,3.607295601682681,-174.31546699395204,-52.497086484417295,-59.832915259690616,nan,nan,nan,nan,nan,nan,-1.9428,0.3395,0.1277,30.0,1.3679,162.1802,1.5,0.0,1.5,-125.0,180.0,-90.0
1789254885315,False,missing_prediction,nan,nan,nan,nan,nan,nan,nan,0.1,nan,nan,67.27949623535085,nan,nan,nan,0.3064000000000004,-0.8577478976185903,3.6159538857860016,-171.9296843774901,-53.283370281665256,-62.88416968843129,nan,nan,nan,nan,nan,nan,-1.954,0.3064,0.1286,30.0,1.3679,164.1824,1.5,0.0,1.5,-125.0,180.0,-90.0
1789254891059,False,missing_prediction,nan,nan,nan,nan,nan,nan,nan,0.1,nan,nan,68.04092147193644,nan,nan,nan,0.27290000000000036,-0.8642536989048021,3.6238503754886686,-169.43360016749568,-53.99053312051135,-66.04285043905114,nan,nan,nan,nan,nan,nan,-1.9642,0.2729,0.1294,30.0,1.3679,166.1846,1.5,0.0,1.5,-125.0,180.0,-90.0
1789254896777,False,missing_prediction,nan,nan,nan,nan,nan,nan,nan,0.1,nan,nan,68.79489628789392,nan,nan,nan,0.23900000000000038,-0.8700138508237577,3.63068196753376,-166.83334318139364,-54.61375829111598,-69.3032382904738,nan,nan,nan,nan,nan,nan,-1.9731,0.239,0.1302,30.0,1.3679,168.1869,1.5,0.0,1.5,-125.0,180.0,-90.0
1789254902510,False,missing_prediction,nan,nan,nan,nan,nan,nan,nan,0.1,nan,nan,69.54458429176219,nan,nan,nan,0.2049000000000004,-0.8752249838671559,3.636555134686498,-164.13789009068287,-55.14838991763063,-72.65666211974542,nan,nan,nan,nan,nan,nan,-1.9809,0.2049,0.1311,30.0,1.3679,170.1891,1.5,0.0,1.5,-125.0,180.0,-90.0
1789254908239,False,missing_prediction,nan,nan,nan,nan,nan,nan,nan,0.1,nan,nan,70.285457444834,nan,nan,nan,0.1705000000000004,-0.8796085523388689,3.6414207618252954,-161.35835339744298,-55.59025761164684,-76.09240950328837,nan,nan,nan,nan,nan,nan,-1.9874,0.1705,0.1319,30.0,1.3679,172.1913,1.5,0.0,1.5,-125.0,180.0,-90.0
1789254914158,False,missing_prediction,nan,nan,nan,nan,nan,nan,nan,0.1,nan,nan,71.01998282050685,nan,nan,nan,0.13590000000000038,-0.8833611867305956,3.6453853217153753,-158.50828168600765,-55.93570428489816,-79.59732793925892,nan,nan,nan,nan,nan,nan,-1.9928,0.1359,0.1327,30.0,1.3679,174.1936,1.5,0.0,1.5,-125.0,180.0,-90.0
1789254920066,False,missing_prediction,nan,nan,nan,nan,nan,nan,nan,0.1,nan,nan,71.74790643150793,nan,nan,nan,0.10110000000000038,-0.8864500869594952,3.6482276263042444,-155.60387574861113,-56.18169219392129,-83.15551176438062,nan,nan,nan,nan,nan,nan,-1.9969,0.1011,0.1336,30.0,1.3679,176.1958,1.5,0.0,1.5,-125.0,180.0,-90.0
1789254925638,False,missing_prediction,nan,nan,nan,nan,nan,nan,nan,0.1,nan,nan,72.46761619660185,nan,nan,nan,0.06620000000000038,-0.8887687802603442,3.650144306083601,-152.66274014789346,-56.326027883961146,-86.7497475418741,nan,nan,nan,nan,nan,nan,-1.9998,0.0662,0.1344,30.0,1.3679,178.198,1.5,0.0,1.5,-125.0,180.0,-90.0
1789254931003,False,missing_prediction,nan,nan,nan,nan,nan,nan,nan,0.1,nan,nan,73.1802715648132,nan,nan,nan,0.03120000000000038,-0.8904565394812073,3.6511599186142405,-149.70390898271384,-56.36738285259483,-90.36135816847911,nan,nan,nan,nan,nan,nan,-2.0016,0.0312,0.1352,30.0,1.3679,-179.7998,1.5,0.0,1.5,-125.0,180.0,-90.0
1789254936389,False,missing_prediction,nan,nan,nan,nan,nan,nan,nan,0.1,nan,nan,73.88597222120568,nan,nan,nan,-0.003799999999999619,-0.891423206895608,3.6509713606392404,-146.7470533638733,-56.30537229323424,-93.97102887007507,nan,nan,nan,nan,nan,nan,-2.002,-0.0038,0.1361,30.0,1.3679,-177.7976,1.5,0.0,1.5,-125.0,180.0,-90.0
1789254941737,False,missing_prediction,nan,nan,nan,nan,nan,nan,nan,0.1,nan,nan,74.58320090017332,nan,nan,nan,-0.03879999999999962,-0.8916770250255935,3.6499390930591575,-143.8116270178297,-56.14056173657908,-97.55969497025153,nan,nan,nan,nan,nan,nan,-2.0013,-0.0388,0.1369,30.0,1.3679,-175.7953,1.5,0.0,1.5,-125.0,180.0,-90.0
1789254947096,False,missing_prediction,nan,nan,nan,nan,nan,nan,nan,0.1,nan,nan,75.27235466510082,nan,nan,nan,-0.07369999999999961,-0.8911851937883225,3.6478419278214984,-140.91674954294896,-55.8744791173671,-101.10852885199606,nan,nan,nan,nan,nan,nan,-1.9993,-0.0737,0.1377,30.0,1.3679,-173.7931,1.5,0.0,1.5,-125.0,180.0,-90.0
1789254952418,False,missing_prediction,nan,nan,nan,nan,nan,nan,nan,0.1,nan,nan,75.95385451343442,nan,nan,nan,-0.10859999999999961,-0.8900869860318593,3.6447044224870577,-138.07969185111426,-55.50949849110519,-104.60065097181071,nan,nan,nan,nan,nan,nan,-1.9961,-0.1086,0.1386,30.0,1.3679,-171.7909,1.5,0.0,1.5,-125.0,180.0,-90.0
1789254957760,False,missing_prediction,nan,nan,nan,nan,nan,nan,nan,0.1,nan,nan,76.62623136654179,nan,nan,nan,-0.14329999999999962,-0.8882185713473459,3.6406412923431057,-135.31595110246482,-55.048767085502384,-108.02092520934353,nan,nan,nan,nan,nan,nan,-1.9917,-0.1433,0.1394,30.0,1.3679,-169.7887,1.5,0.0,1.5,-125.0,180.0,-90.0
1789254963150,False,missing_prediction,nan,nan,nan,nan,nan,nan,nan,0.1,nan,nan,77.2894190736994,nan,nan,nan,-0.17789999999999961,-0.8856618649392113,3.635595179746006,-132.638610985382,-54.49604456025433,-111.35666488432113,nan,nan,nan,nan,nan,nan,-1.9861,-0.1779,0.1402,30.0,1.3679,-167.7864,1.5,0.0,1.5,-125.0,180.0,-90.0
1789254968529,False,missing_prediction,nan,nan,nan,nan,nan,nan,nan,0.1,nan,nan,77.94473393337435,nan,nan,nan,-0.2122999999999996,-0.882498782011884,3.629508727052125,-130.05867539175244,-53.85567925155732,-114.59716822779546,nan,nan,nan,nan,nan,nan,-1.9793,-0.2123,0.1411,30.0,1.3679,-165.7842,1.5,0.0,1.5,-125.0,180.0,-90.0
1789254973858,False,missing_prediction,nan,nan,nan,nan,nan,nan,nan,0.1,nan,nan,78.59060814590518,nan,nan,nan,-0.2462999999999996,-0.878565492156507,3.622496649548732,-127.58422448514177,-53.132300415622176,-117.73476035845019,nan,nan,nan,nan,nan,nan,-1.9713,-0.2463,0.1419,30.0,1.3679,-163.782,1.5,0.0,1.5,-125.0,180.0,-90.0
1789254979204,False,missing_prediction,nan,nan,nan,nan,nan,nan,nan,0.1,nan,nan,79.22619704406914,nan,nan,nan,-0.2800999999999996,-0.8739439105775085,3.6145015895921926,-125.22104660552424,-52.33078858095954,-120.76403075987977,nan,nan,nan,nan,nan,nan,-1.9621,-0.2801,0.1427,30.0,1.3679,-161.7798,1.5,0.0,1.5,-125.0,180.0,-90.0
1789254984524,False,missing_prediction,nan,nan,nan,nan,nan,nan,nan,0.1,nan,nan,79.85290858891844,nan,nan,nan,-0.3135999999999996,-0.8687159524793177,3.6054661895388715,-122.97258599097312,-51.456081992029695,-123.68195273658493,nan,nan,nan,nan,nan,nan,-1.9517,-0.3136,0.1436,30.0,1.3679,-159.7775,1.5,0.0,1.5,-125.0,180.0,-90.0
1789254989877,False,missing_prediction,nan,nan,nan,nan,nan,nan,nan,0.1,nan,nan,80.46946835447503,nan,nan,nan,-0.34659999999999963,-0.8627751450967119,3.595587079880467,-120.84064604128388,-50.51324950333807,-126.48704709443224,nan,nan,nan,nan,nan,nan,-1.9402,-0.3466,0.1444,30.0,1.3679,-157.7753,1.5,0.0,1.5,-125.0,180.0,-90.0
1789254995232,False,missing_prediction,nan,nan,nan,nan,nan,nan,nan,0.1,nan,nan,81.07457586723514,nan,nan,nan,-0.37929999999999964,-0.8561460459904849,3.584724987768916,-118.82501015802264,-49.507141795688064,-129.1799627540382,nan,nan,nan,nan,nan,nan,-1.9275,-0.3793,0.1452,30.0,1.3679,-155.7731,1.5,0.0,1.5,-125.0,180.0,-90.0
1789255000594,False,missing_prediction,nan,nan,nan,nan,nan,nan,nan,0.1,nan,nan,81.67149777553631,nan,nan,nan,-0.4113999999999996,-0.8489679280087005,3.572904470765012,-116.92410769260442,-48.442441232989225,-131.76271233486662,nan,nan,nan,nan,nan,nan,-1.9137,-0.4114,0.1461,30.0,1.3679,-153.7708,1.5,0.0,1.5,-125.0,180.0,-90.0
1789255005946,False,missing_prediction,nan,nan,nan,nan,nan,nan,nan,0.1,nan,nan,82.25500081156657,nan,nan,nan,-0.4430999999999996,-0.8410196030988659,3.560158328951596,-115.13556411148629,-47.32378670716845,-134.23801984830362,nan,nan,nan,nan,nan,nan,-1.8987,-0.4431,0.1469,30.0,1.3679,-151.7686,1.5,0.0,1.5,-125.0,180.0,-90.0
1789255011289,False,missing_prediction,nan,nan,nan,nan,nan,nan,nan,0.1,nan,nan,82.8282140500337,nan,nan,nan,-0.4741999999999996,-0.8324977017526802,3.546593035093892,-113.45589814015214,-46.15542128810881,-136.60982882877084,nan,nan,nan,nan,nan,nan,-1.8827,-0.4742,0.1477,30.0,1.3679,-149.7664,1.5,0.0,1.5,-125.0,180.0,-90.0
1789255016616,False,missing_prediction,nan,nan,nan,nan,nan,nan,nan,0.1,nan,nan,83.3905082368003,nan,nan,nan,-0.5047999999999997,-0.8234267815309375,3.5320693163438337,-111.88114140079017,-44.941382719143135,-138.88254776709894,nan,nan,nan,nan,nan,nan,-1.8656,-0.5048,0.1486,30.0,1.3679,-147.7642,1.5,0.0,1.5,-125.0,180.0,-90.0
1789255021955,False,missing_prediction,nan,nan,nan,nan,nan,nan,nan,0.1,nan,nan,83.93983836283098,nan,nan,nan,-0.5346999999999996,-0.8136430120247797,3.5167018879886935,-110.40693970963196,-43.685442948258014,-141.06098383431964,nan,nan,nan,nan,nan,nan,-1.8474,-0.5347,0.1494,30.0,1.3679,-145.762,1.5,0.0,1.5,-125.0,180.0,-90.0
1789255027371,False,missing_prediction,nan,nan,nan,nan,nan,nan,nan,0.1,nan,nan,84.47680529968304,nan,nan,nan,-0.5639999999999996,-0.8032856660822707,3.5005153075892643,-109.02865078189447,-42.39104225455057,-143.15028200357742,nan,nan,nan,nan,nan,nan,-1.8282,-0.564,0.1502,30.0,1.3679,-143.7597,1.5,0.0,1.5,-125.0,180.0,-90.0
1789255032735,False,missing_prediction,nan,nan,nan,nan,nan,nan,nan,0.1,nan,nan,85.00253193036951,nan,nan,nan,-0.5925999999999997,-0.7924366589078398,3.4834522175019105,-107.74174651216556,-41.06155568073287,-145.1553816021856,nan,nan,nan,nan,nan,nan,-1.808,-0.5926,0.1511,30.0,1.3679,-141.7575,1.5,0.0,1.5,-125.0,180.0,-90.0
1789255038081,False,missing_prediction,nan,nan,nan,nan,nan,nan,nan,0.1,nan,nan,85.51367475163013,nan,nan,nan,-0.6204999999999997,-0.7809321600926287,3.4656273330139027,-106.54150321319297,-39.699915245168064,-147.08154036555268,nan,nan,nan,nan,nan,nan,-1.7868,-0.6205,0.1519,30.0,1.3679,-139.7553,1.5,0.0,1.5,-125.0,180.0,-90.0
1789255043453,False,missing_prediction,nan,nan,nan,nan,nan,nan,nan,0.1,nan,nan,86.01200861311442,nan,nan,nan,-0.6475999999999996,-0.7689114424847019,3.447065211686035,-105.4233595579128,-38.30888006687526,-148.9338361663974,nan,nan,nan,nan,nan,nan,-1.7647,-0.6476,0.1527,30.0,1.3679,-137.7531,1.5,0.0,1.5,-125.0,180.0,-90.0
1789255048791,False,missing_prediction,nan,nan,nan,nan,nan,nan,nan,0.1,nan,nan,86.49747572381352,nan,nan,nan,-0.6738999999999997,-0.7563990636448528,3.4276265806702435,-104.38285262646957,-36.8909162324975,-150.71730506590427,nan,nan,nan,nan,nan,nan,-1.7416,-0.6739,0.1536,30.0,1.3679,-135.7508,1.5,0.0,1.5,-125.0,180.0,-90.0
1789255054148,False,missing_prediction,nan,nan,nan,nan,nan,nan,nan,0.1,nan,nan,86.96717316056434,nan,nan,nan,-0.6993999999999997,-0.7432885508078588,3.4075080704582272,-103.41586227770317,-35.44849732670283,-152.43654960395335,nan,nan,nan,nan,nan,nan,-1.7176,-0.6994,0.1544,30.0,1.3679,-133.7486,1.5,0.0,1.5,-125.0,180.0,-90.0
1789255059495,False,missing_prediction,nan,nan,nan,nan,nan,nan,nan,0.1,nan,nan,87.42356797003121,nan,nan,nan,-0.7239999999999996,-0.7297437343825779,3.3865949657627157,-102.51832658164895,-33.98369549073603,-154.09624757101003,nan,nan,nan,nan,nan,nan,-1.6927,-0.724,0.1553,30.0,1.3679,-131.7464,1.5,0.0,1.5,-125.0,180.0,-90.0
1789255065082,False,missing_prediction,nan,nan,nan,nan,nan,nan,nan,0.1,nan,nan,87.86329207766869,nan,nan,nan,-0.7477999999999997,-0.7156581416037873,3.365083897075407,-101.68646965072497,-32.49847938138133,-155.70077794464078,nan,nan,nan,nan,nan,nan,-1.667,-0.7478,0.1561,30.0,1.3679,-129.7442,1.5,0.0,1.5,-125.0,180.0,-90.0
1789255070690,False,missing_prediction,nan,nan,nan,nan,nan,nan,nan,0.1,nan,nan,88.28743394860996,nan,nan,nan,-0.7706999999999997,-0.7011136876759156,3.342917506752668,-100.91671906785584,-30.994583790970744,-157.25438161503595,nan,nan,nan,nan,nan,nan,-1.6405,-0.7707,0.1569,30.0,1.3679,-127.7419,1.5,0.0,1.5,-125.0,180.0,-90.0
1789255076302,False,missing_prediction,nan,nan,nan,nan,nan,nan,nan,0.1,nan,nan,88.69622037066262,nan,nan,nan,-0.7925999999999996,-0.686134930159757,3.319956521946434,-100.20585871506401,-29.473825587860322,-158.76085337710998,nan,nan,nan,nan,nan,nan,-1.6131,-0.7926,0.1578,30.0,1.3679,-125.7397,1.5,0.0,1.5,-125.0,180.0,-90.0
1789255081808,False,missing_prediction,nan,nan,nan,nan,nan,nan,nan,0.1,nan,nan,89.08813950888285,nan,nan,nan,-0.8134999999999997,-0.670730111577359,3.296561403557261,-99.55079611042756,-27.937666630296068,-160.22401152863134,nan,nan,nan,nan,nan,nan,-1.5851,-0.8135,0.1586,30.0,1.3679,-123.7375,1.5,0.0,1.5,-125.0,180.0,-90.0
1789255087432,False,missing_prediction,nan,nan,nan,nan,nan,nan,nan,0.1,nan,nan,89.46225170170531,nan,nan,nan,-0.8333999999999997,-0.6548664318458801,3.2725109635326577,-98.94871370933552,-26.38752612766026,-161.64739281998328,nan,nan,nan,nan,nan,nan,-1.5563,-0.8334,0.1594,30.0,1.3679,-121.7353,1.5,0.0,1.5,-125.0,180.0,-90.0
1789255093000,False,missing_prediction,nan,nan,nan,nan,nan,nan,nan,0.1,nan,nan,89.81947755486618,nan,nan,nan,-0.8523999999999997,-0.6386831638133843,3.247829759433416,-98.39699511973913,-24.824639444584513,-163.03440959193003,nan,nan,nan,nan,nan,nan,-1.5268,-0.8524,0.1603,30.0,1.3679,-119.733,1.5,0.0,1.5,-125.0,180.0,-90.0
1789255098658,False,missing_prediction,nan,nan,nan,nan,nan,nan,nan,0.1,nan,nan,90.15750892242528,nan,nan,nan,-0.8702999999999996,-0.622073834714649,3.2227144217512365,-97.8933239905224,-23.250381851658997,-164.38808591768134,nan,nan,nan,nan,nan,nan,-1.4967,-0.8703,0.1611,30.0,1.3679,-117.7308,1.5,0.0,1.5,-125.0,180.0,-90.0
1789255104305,False,missing_prediction,nan,nan,nan,nan,nan,nan,nan,0.1,nan,nan,90.4768588035819,nan,nan,nan,-0.8870999999999997,-0.605120359754103,3.197107592842484,-97.43550934800894,-21.665810122420417,-165.71148528869108,nan,nan,nan,nan,nan,nan,-1.466,-0.8871,0.1619,30.0,1.3679,-115.7286,1.5,0.0,1.5,-125.0,180.0,-90.0
1789255109891,False,missing_prediction,nan,nan,nan,nan,nan,nan,nan,0.1,nan,nan,90.77804767913828,nan,nan,nan,-0.9027999999999997,-0.5879046541361757,3.170951915063523,-97.02158840505105,-20.071983387254747,-167.00744466892502,nan,nan,nan,nan,nan,nan,-1.4347,-0.9028,0.1628,30.0,1.3679,-113.7264,1.5,0.0,1.5,-125.0,180.0,-90.0
1789255115465,False,missing_prediction,nan,nan,nan,nan,nan,nan,nan,0.1,nan,nan,91.0576430642553,nan,nan,nan,-0.9174999999999996,-0.5703202450956435,3.144444018906052,-96.64977051578019,-18.46981361415697,-168.2787204898288,nan,nan,nan,nan,nan,nan,-1.4029,-0.9175,0.1636,30.0,1.3679,-111.7241,1.5,0.0,1.5,-125.0,180.0,-90.0
1789255121070,False,missing_prediction,nan,nan,nan,nan,nan,nan,nan,0.1,nan,nan,91.31670668045646,nan,nan,nan,-0.9309999999999997,-0.5524490478369359,3.1175265467264364,-96.31849994864992,-16.860393839008747,-169.52774879836628,nan,nan,nan,nan,nan,nan,-1.3706,-0.931,0.1644,30.0,1.3679,-109.7219,1.5,0.0,1.5,-125.0,180.0,-90.0
1789255126647,False,missing_prediction,nan,nan,nan,nan,nan,nan,nan,0.1,nan,nan,91.55630039084463,nan,nan,nan,-0.9433999999999997,-0.5344303352081168,3.0902240560854706,-96.02633568191351,-15.24452511965572,-170.75703864897488,nan,nan,nan,nan,nan,nan,-1.3379,-0.9434,0.1653,30.0,1.3679,-107.7197,1.5,0.0,1.5,-125.0,180.0,-90.0
1789255132173,False,missing_prediction,nan,nan,nan,nan,nan,nan,nan,0.1,nan,nan,91.77180291193055,nan,nan,nan,-0.9545999999999997,-0.5160429191566931,3.062569347065995,-95.77201938803374,-13.623042811121245,-171.96892938089513,nan,nan,nan,nan,nan,nan,-1.3047,-0.9546,0.1661,30.0,1.3679,-105.7175,1.5,0.0,1.5,-125.0,180.0,-90.0
1789255137771,False,missing_prediction,nan,nan,nan,nan,nan,nan,nan,0.1,nan,nan,91.96530338327685,nan,nan,nan,-0.9645999999999997,-0.4974834301743643,3.034668892433233,-95.5544382493774,-11.996661487637803,-173.16572608593262,nan,nan,nan,nan,nan,nan,-1.2712,-0.9646,0.1669,30.0,1.3679,-103.7152,1.5,0.0,1.5,-125.0,180.0,-90.0
1789255143382,False,missing_prediction,nan,nan,nan,nan,nan,nan,nan,0.1,nan,nan,92.13627744752912,nan,nan,nan,-0.9734999999999998,-0.478776425821924,3.0063834193391203,-95.37265971201654,-10.366305733510318,-174.34947285369125,nan,nan,nan,nan,nan,nan,-1.2373,-0.9735,0.1678,30.0,1.3679,-101.713,1.5,0.0,1.5,-125.0,180.0,-90.0
1789255149028,False,missing_prediction,nan,nan,nan,nan,nan,nan,nan,0.1,nan,nan,92.28239157647249,nan,nan,nan,-0.9811999999999997,-0.4598727909777845,2.977991473479785,-95.22586024959537,-8.73262800182953,-175.5223223989343,nan,nan,nan,nan,nan,nan,-1.2032,-0.9812,0.1686,30.0,1.3679,-99.7108,1.5,0.0,1.5,-125.0,180.0,-90.0
1789255154651,False,missing_prediction,nan,nan,nan,nan,nan,nan,nan,0.1,nan,nan,92.40244588523295,nan,nan,nan,-0.9876999999999998,-0.4407397255591046,2.949271866802734,-95.11336527570204,-7.0963382739147525,-176.6863071334915,nan,nan,nan,nan,nan,nan,-1.1687,-0.9877,0.1694,30.0,1.3679,-97.7086,1.5,0.0,1.5,-125.0,180.0,-90.0
1789255160211,False,missing_prediction,nan,nan,nan,nan,nan,nan,nan,0.1,nan,nan,92.49950153914315,nan,nan,nan,-0.9929999999999998,-0.42163121770121853,2.920412987277619,-95.03462972532333,-5.458045776835192,-177.84346738528816,nan,nan,nan,nan,nan,nan,-1.1341,-0.993,0.1703,30.0,1.3679,-95.7063,1.5,0.0,1.5,-125.0,180.0,-90.0
1789255165838,False,missing_prediction,nan,nan,nan,nan,nan,nan,nan,0.1,nan,nan,92.56918495701645,nan,nan,nan,-0.9970999999999998,-0.4023834369952683,2.8915295501917098,-94.98924833014266,-3.8185908372252233,-178.99563071558273,nan,nan,nan,nan,nan,nan,-1.0994,-0.9971,0.1711,30.0,1.3679,-93.7041,1.5,0.0,1.5,-125.0,180.0,-90.0
1789255171431,False,missing_prediction,nan,nan,nan,nan,nan,nan,nan,0.1,nan,nan,92.6111462864864,nan,nan,nan,-0.9999999999999998,-0.38302094100204803,2.862482282696943,-94.97692905742055,-2.1785582090272793,179.8552316197731,nan,nan,nan,nan,nan,nan,-1.0645,-1.0,0.1719,30.0,1.3679,-91.7019,1.5,0.0,1.5,-125.0,180.0,-90.0
1789255177003,False,missing_prediction,nan,nan,nan,nan,nan,nan,nan,0.1,nan,nan,92.62676470183013,nan,nan,nan,-1.0015999999999998,-0.36368300256962155,2.833295742354113,-94.99750825756747,-0.5386084769149977,178.7072264291323,nan,nan,nan,nan,nan,nan,-1.0295,-1.0016,0.1728,30.0,1.3679,-89.6997,1.5,0.0,1.5,-125.0,180.0,-90.0
1789255182646,False,missing_prediction,nan,nan,nan,nan,nan,nan,nan,0.1,nan,nan,92.61238554800602,nan,nan,nan,-1.0019999999999998,-0.34426314893276616,2.804166559654917,-95.05094789064304,1.1006814661560984,177.55841374810433,nan,nan,nan,nan,nan,nan,-0.9945,-1.002,0.1736,30.0,1.3679,-87.6974,1.5,0.0,1.5,-125.0,180.0,-90.0
1789255188255,False,missing_prediction,nan,nan,nan,nan,nan,nan,nan,0.1,nan,nan,92.56848124674774,nan,nan,nan,-1.0011999999999999,-0.32484329529591066,2.7750373769557215,-95.13732245670664,2.738486910899478,176.407027016912,nan,nan,nan,nan,nan,nan,-0.9595,-1.0012,0.1744,30.0,1.3679,-85.6952,1.5,0.0,1.5,-125.0,180.0,-90.0
1789255193622,False,missing_prediction,nan,nan,nan,nan,nan,nan,nan,0.1,nan,nan,92.49561015990037,nan,nan,nan,-0.9991999999999998,-0.3055053568634842,2.745850836612891,-95.25683496783374,4.374222542348352,175.25111970405837,nan,nan,nan,nan,nan,nan,-0.9245,-0.9992,0.1753,30.0,1.3679,-83.693,1.5,0.0,1.5,-125.0,180.0,-90.0
1789255198970,False,missing_prediction,nan,nan,nan,nan,nan,nan,nan,0.1,nan,nan,92.38987190797002,nan,nan,nan,-0.9958999999999998,-0.2861428608702637,2.7168035691181243,-95.4098085880531,6.007210778541908,174.08878541652743,nan,nan,nan,nan,nan,nan,-0.8896,-0.9959,0.1761,30.0,1.3679,-81.6908,1.5,0.0,1.5,-125.0,180.0,-90.0
1789255204327,False,missing_prediction,nan,nan,nan,nan,nan,nan,nan,0.1,nan,nan,92.25295546424984,nan,nan,nan,-0.9914999999999998,-0.2668950801643137,2.6879201320322155,-95.59670004091986,7.636840765986935,172.91803259098444,nan,nan,nan,nan,nan,nan,-0.8549,-0.9915,0.1769,30.0,1.3679,-79.6885,1.5,0.0,1.5,-125.0,180.0,-90.0
1789255209658,False,missing_prediction,nan,nan,nan,nan,nan,nan,nan,0.1,nan,nan,92.08505608105911,nan,nan,nan,-0.9857999999999998,-0.2478439299500627,2.6591431677115294,-95.81806263989891,9.262238678067392,171.73700946471408,nan,nan,nan,nan,nan,nan,-0.8204,-0.9858,0.1778,30.0,1.3679,-77.6863,1.5,0.0,1.5,-125.0,180.0,-90.0
1789255214988,False,missing_prediction,nan,nan,nan,nan,nan,nan,nan,0.1,nan,nan,91.88063171676367,nan,nan,nan,-0.9788999999999998,-0.22876822217501797,2.6305054762389073,-96.07460496099512,10.882751612501243,170.54364400436683,nan,nan,nan,nan,nan,nan,-0.786,-0.9789,0.1786,30.0,1.3679,-75.6841,1.5,0.0,1.5,-125.0,180.0,-90.0
1789255220347,False,missing_prediction,nan,nan,nan,nan,nan,nan,nan,0.1,nan,nan,91.64324703449695,nan,nan,nan,-0.9708999999999998,-0.2099219449745135,2.6021954455840004,-96.367158580925,12.497617133303232,169.33586775155885,nan,nan,nan,nan,nan,nan,-0.752,-0.9709,0.1794,30.0,1.3679,-73.6819,1.5,0.0,1.5,-125.0,180.0,-90.0
1789255225698,False,missing_prediction,nan,nan,nan,nan,nan,nan,nan,0.1,nan,nan,91.3710223239053,nan,nan,nan,-0.9615999999999998,-0.19127229826570818,2.5739918876943166,-96.69669051816919,14.106039801735976,168.11154795079372,nan,nan,nan,nan,nan,nan,-0.7182,-0.9616,0.1803,30.0,1.3679,-71.6797,1.5,0.0,1.5,-125.0,180.0,-90.0
1789255231044,False,missing_prediction,nan,nan,nan,nan,nan,nan,nan,0.1,nan,nan,91.06154225400908,nan,nan,nan,-0.9511999999999998,-0.17277016692701447,2.5461733482659836,-97.064327088364,15.707265700883495,166.86841521160048,nan,nan,nan,nan,nan,nan,-0.6848,-0.9512,0.1811,30.0,1.3679,-69.6774,1.5,0.0,1.5,-125.0,180.0,-90.0
1789255236408,False,missing_prediction,nan,nan,nan,nan,nan,nan,nan,0.1,nan,nan,90.71404884560125,nan,nan,nan,-0.9395999999999998,-0.15444010851922602,2.518600554450937,-97.47128360576643,17.300257318025842,165.60430291734102,nan,nan,nan,nan,nan,nan,-0.6517,-0.9396,0.1819,30.0,1.3679,-67.6752,1.5,0.0,1.5,-125.0,180.0,-90.0
1789255241760,False,missing_prediction,nan,nan,nan,nan,nan,nan,nan,0.1,nan,nan,90.3309652607614,nan,nan,nan,-0.9267999999999997,-0.1364787535340421,2.4913799790144,-97.91897991485844,18.88416743798009,164.31676498207818,nan,nan,nan,nan,nan,nan,-0.6191,-0.9268,0.1828,30.0,1.3679,-65.673,1.5,0.0,1.5,-125.0,180.0,-90.0
1789255247162,False,missing_prediction,nan,nan,nan,nan,nan,nan,nan,0.1,nan,nan,89.90826857849218,nan,nan,nan,-0.9129999999999998,-0.11872227156260462,2.4646263372436423,-98.40900026025744,20.45809076111264,163.0032469484151,nan,nan,nan,nan,nan,nan,-0.587,-0.913,0.1836,30.0,1.3679,-63.6707,1.5,0.0,1.5,-125.0,180.0,-90.0
1789255252518,False,missing_prediction,nan,nan,nan,nan,nan,nan,nan,0.1,nan,nan,89.44462287834246,nan,nan,nan,-0.8979999999999998,-0.1011952201657077,2.4382003562906007,-98.94301667119755,22.02082321360236,161.6612783032638,nan,nan,nan,nan,nan,nan,-0.5553,-0.898,0.1844,30.0,1.3679,-61.6685,1.5,0.0,1.5,-125.0,180.0,-90.0
1789255257847,False,missing_prediction,nan,nan,nan,nan,nan,nan,nan,0.1,nan,nan,88.94309169520687,nan,nan,nan,-0.8818999999999998,-0.08409422983505027,2.412208508920497,-99.52294163554473,23.571326210926212,160.2880696027892,nan,nan,nan,nan,nan,nan,-0.5242,-0.8819,0.1853,30.0,1.3679,-59.6663,1.5,0.0,1.5,-125.0,180.0,-90.0
1789255263191,False,missing_prediction,nan,nan,nan,nan,nan,nan,nan,0.1,nan,nan,88.39862378779034,nan,nan,nan,-0.8646999999999998,-0.06725547016177458,2.3867655104206023,-100.15083813225719,25.10840364992079,158.88076447615956,nan,nan,nan,nan,nan,nan,-0.4937,-0.8647,0.1861,30.0,1.3679,-57.6641,1.5,0.0,1.5,-125.0,180.0,-90.0
1789255268528,False,missing_prediction,nan,nan,nan,nan,nan,nan,nan,0.1,nan,nan,87.81450443438008,nan,nan,nan,-0.8464999999999998,-0.050842771554738375,2.3617566455036454,-100.82894818269037,26.63077214200059,157.43636654494148,nan,nan,nan,nan,nan,nan,-0.4638,-0.8465,0.187,30.0,1.3679,-55.6619,1.5,0.0,1.5,-125.0,180.0,-90.0
1789255273873,False,missing_prediction,nan,nan,nan,nan,nan,nan,nan,0.1,nan,nan,87.18574670889696,nan,nan,nan,-0.8272999999999998,-0.03469230360508391,2.337296629456897,-101.55973487428521,28.13712655205554,155.95165726380955,nan,nan,nan,nan,nan,nan,-0.4345,-0.8273,0.1878,30.0,1.3679,-53.6596,1.5,0.0,1.5,-125.0,180.0,-90.0
1789255279233,False,missing_prediction,nan,nan,nan,nan,nan,nan,nan,0.1,nan,nan,86.514357260393,nan,nan,nan,-0.8069999999999998,-0.019000696804510275,2.31349193504558,-102.34573643571342,29.625829950925606,154.42348925212028,nan,nan,nan,nan,nan,nan,-0.406,-0.807,0.1886,30.0,1.3679,-51.6574,1.5,0.0,1.5,-125.0,180.0,-90.0
1789255284550,False,missing_prediction,nan,nan,nan,nan,nan,nan,nan,0.1,nan,nan,85.80091405896204,nan,nan,nan,-0.7856999999999997,-0.00379250871381126,2.2902032894216298,-103.18978552619708,31.095354571004773,152.84833874169317,nan,nan,nan,nan,nan,nan,-0.3782,-0.7857,0.1895,30.0,1.3679,-49.6552,1.5,0.0,1.5,-125.0,180.0,-90.0
1789255289915,False,missing_prediction,nan,nan,nan,nan,nan,nan,nan,0.1,nan,nan,85.04130810016923,nan,nan,nan,-0.7634999999999997,0.01109609107587084,2.2675454078723174,-104.09491031126544,32.54404065942384,151.22251771880022,nan,nan,nan,nan,nan,nan,-0.3511,-0.7635,0.1903,30.0,1.3679,-47.6529,1.5,0.0,1.5,-125.0,180.0,-90.0
1789255295279,False,missing_prediction,nan,nan,nan,nan,nan,nan,nan,0.1,nan,nan,84.23762107827743,nan,nan,nan,-0.7403999999999997,0.025525829716472215,2.2455428479584363,-105.06417929226154,33.969872098845094,149.5424325102338,nan,nan,nan,nan,nan,nan,-0.3248,-0.7404,0.1911,30.0,1.3679,-45.6507,1.5,0.0,1.5,-125.0,180.0,-90.0
1789255300641,False,missing_prediction,nan,nan,nan,nan,nan,nan,nan,0.1,nan,nan,83.39094178274831,nan,nan,nan,-0.7163999999999998,0.03941479200356374,2.224138252036351,-106.10096054613615,35.37089863569694,147.80410669230946,nan,nan,nan,nan,nan,nan,-0.2993,-0.7164,0.192,30.0,1.3679,-43.6485,1.5,0.0,1.5,-125.0,180.0,-90.0
1789255306005,False,missing_prediction,nan,nan,nan,nan,nan,nan,nan,0.1,nan,nan,82.49645320715109,nan,nan,nan,-0.6913999999999998,0.052869450702368315,2.2035282505977607,-107.20872565036231,36.744933139595695,146.00351981855312,nan,nan,nan,nan,nan,nan,-0.2747,-0.6914,0.1928,30.0,1.3679,-41.6463,1.5,0.0,1.5,-125.0,180.0,-90.0
1789255311362,False,missing_prediction,nan,nan,nan,nan,nan,nan,nan,0.1,nan,nan,81.55853965917163,nan,nan,nan,-0.6656999999999997,0.06580789060845693,2.1836554859990307,-108.39112734361596,38.08967881419689,144.13645782299625,nan,nan,nan,nan,nan,nan,-0.251,-0.6657,0.1936,30.0,1.3679,-39.644,1.5,0.0,1.5,-125.0,180.0,-90.0
1789255316699,False,missing_prediction,nan,nan,nan,nan,nan,nan,nan,0.1,nan,nan,80.57648538901844,nan,nan,nan,-0.6390999999999998,0.07814819651740068,2.1644626005965257,-109.6517221572215,39.40245046319144,142.19892516860423,nan,nan,nan,nan,nan,nan,-0.2282,-0.6391,0.1945,30.0,1.3679,-37.6418,1.5,0.0,1.5,-125.0,180.0,-90.0
1789255322056,False,missing_prediction,nan,nan,nan,nan,nan,nan,nan,0.1,nan,nan,79.54917975500794,nan,nan,nan,-0.6117999999999998,0.0899968411944223,2.146146224881945,-110.99427423402865,40.68056718117445,140.1866344203743,nan,nan,nan,nan,nan,nan,-0.2064,-0.6118,0.1953,30.0,1.3679,-35.6396,1.5,0.0,1.5,-125.0,180.0,-90.0
1789255327414,False,missing_prediction,nan,nan,nan,nan,nan,nan,nan,0.1,nan,nan,78.47475448755786,nan,nan,nan,-0.5835999999999998,0.10132926707872797,2.1285670860072243,-112.42245766687245,41.92107341976584,138.09543966657301,nan,nan,nan,nan,nan,nan,-0.1855,-0.5836,0.1961,30.0,1.3679,-33.6374,1.5,0.0,1.5,-125.0,180.0,-90.0
1789255332759,False,missing_prediction,nan,nan,nan,nan,nan,nan,nan,0.1,nan,nan,77.35979082024078,nan,nan,nan,-0.5547999999999997,0.1120062013222537,2.111749741533157,-113.93983062605353,43.12080087795957,135.92132668482282,nan,nan,nan,nan,nan,nan,-0.1656,-0.5548,0.197,30.0,1.3679,-31.6352,1.5,0.0,1.5,-125.0,180.0,-90.0
1789255338144,False,missing_prediction,nan,nan,nan,nan,nan,nan,nan,0.1,nan,nan,76.19906966041866,nan,nan,nan,-0.5252999999999998,0.12219147433385727,2.0958089067470147,-115.54981513782043,44.27642278285633,133.6603995544602,nan,nan,nan,nan,nan,nan,-0.1467,-0.5253,0.1978,30.0,1.3679,-29.6329,1.5,0.0,1.5,-125.0,180.0,-90.0
1789255343484,False,missing_prediction,nan,nan,nan,nan,nan,nan,nan,0.1,nan,nan,74.9972930418918,nan,nan,nan,-0.4951999999999997,0.13174581326547471,2.0807691392095897,-117.2552460371795,45.38422797433223,131.30946027845468,nan,nan,nan,nan,nan,nan,-0.1289,-0.4952,0.1986,30.0,1.3679,-27.6307,1.5,0.0,1.5,-125.0,180.0,-90.0
1789255348836,False,missing_prediction,nan,nan,nan,nan,nan,nan,nan,0.1,nan,nan,73.75567542210325,nan,nan,nan,-0.46449999999999975,0.14064466055631217,2.0664911660728187,-119.0587055625522,46.44047677199039,128.8654780540749,nan,nan,nan,nan,nan,nan,-0.1121,-0.4645,0.1995,30.0,1.3679,-25.6285,1.5,0.0,1.5,-125.0,180.0,-90.0
1789255354224,False,missing_prediction,nan,nan,nan,nan,nan,nan,nan,0.1,nan,nan,72.47198323698056,nan,nan,nan,-0.4331999999999997,0.1489944889715924,2.0531716178284007,-120.962134113023,47.44123370811904,126.32607611376089,nan,nan,nan,nan,nan,nan,-0.0964,-0.4332,0.2003,30.0,1.3679,-23.6262,1.5,0.0,1.5,-125.0,180.0,-90.0
1789255359580,False,missing_prediction,nan,nan,nan,nan,nan,nan,nan,0.1,nan,nan,71.14900981593543,nan,nan,nan,-0.4012999999999997,0.15671338330688642,2.0407531368327008,-122.96633313723625,48.3822565169198,123.6901219996426,nan,nan,nan,nan,nan,nan,-0.0818,-0.4013,0.2011,30.0,1.3679,-21.624,1.5,0.0,1.5,-125.0,180.0,-90.0
1789255364945,False,missing_prediction,nan,nan,nan,nan,nan,nan,nan,0.1,nan,nan,69.79398953229982,nan,nan,nan,-0.3689999999999997,0.16366207071413036,2.029260280646512,-125.07133078170368,49.25933511420123,120.95717041583713,nan,nan,nan,nan,nan,nan,-0.0684,-0.369,0.202,30.0,1.3679,-19.6218,1.5,0.0,1.5,-125.0,180.0,-90.0
1789255370309,False,missing_prediction,nan,nan,nan,nan,nan,nan,nan,0.1,nan,nan,68.40166893625758,nan,nan,nan,-0.3361999999999997,0.17006173924581702,2.018725849352677,-127.27579590447127,50.068140222891145,118.1281755537423,nan,nan,nan,nan,nan,nan,-0.0561,-0.3362,0.2028,30.0,1.3679,-17.6196,1.5,0.0,1.5,-125.0,180.0,-90.0
1789255375671,False,missing_prediction,nan,nan,nan,nan,nan,nan,nan,0.1,nan,nan,66.97878637188487,nan,nan,nan,-0.3030999999999997,0.17583047369751756,2.0090924853075594,-129.57692595444317,50.80433987278053,115.20557046099769,nan,nan,nan,nan,nan,nan,-0.0449,-0.3031,0.2036,30.0,1.3679,-15.6174,1.5,0.0,1.5,-125.0,180.0,-90.0
1789255381042,False,missing_prediction,nan,nan,nan,nan,nan,nan,nan,0.1,nan,nan,65.52694898141823,nan,nan,nan,-0.26949999999999974,0.18082900122116793,2.0003847460719535,-131.97038621818433,51.46370890789778,112.19329610474247,nan,nan,nan,nan,nan,nan,-0.0349,-0.2695,0.2045,30.0,1.3679,-13.6151,1.5,0.0,1.5,-125.0,180.0,-90.0
1789255386389,False,missing_prediction,nan,nan,nan,nan,nan,nan,nan,0.1,nan,nan,64.04792740713816,nan,nan,nan,-0.23559999999999975,0.18522115222562593,1.9927173469331294,-134.44968573940056,52.04209188827541,109.09754811809552,nan,nan,nan,nan,nan,nan,-0.0261,-0.2356,0.2053,30.0,1.3679,-11.6129,1.5,0.0,1.5,-125.0,180.0,-90.0
1789255391737,False,missing_prediction,nan,nan,nan,nan,nan,nan,nan,0.1,nan,nan,62.544641412400296,nan,nan,nan,-0.20139999999999975,0.1889823691500978,1.9859510150430233,-137.00681567691277,52.535701427028265,105.9259522453398,nan,nan,nan,nan,nan,nan,-0.0184,-0.2014,0.2061,30.0,1.3679,-9.6107,1.5,0.0,1.5,-125.0,180.0,-90.0
1789255397094,False,missing_prediction,nan,nan,nan,nan,nan,nan,nan,0.1,nan,nan,61.02592546932656,nan,nan,nan,-0.16699999999999976,0.19191602150288442,1.9801922231668578,-139.63177777490904,52.941088329989554,102.68815883453105,nan,nan,nan,nan,nan,nan,-0.012,-0.167,0.207,30.0,1.3679,-7.6085,1.5,0.0,1.5,-125.0,180.0,-90.0
1789255402467,False,missing_prediction,nan,nan,nan,nan,nan,nan,nan,0.1,nan,nan,59.488320789182076,nan,nan,nan,-0.13239999999999974,0.19430065498011376,1.9753918561830452,-142.31293638754312,53.25529574125776,99.39542857328176,nan,nan,nan,nan,nan,nan,-0.0067,-0.1324,0.2078,30.0,1.3679,-5.6062,1.5,0.0,1.5,-125.0,180.0,-90.0
1789255407784,False,missing_prediction,nan,nan,nan,nan,nan,nan,nan,0.1,nan,nan,57.93960079991131,nan,nan,nan,-0.09759999999999976,0.19593963909008674,1.9716563868568084,-145.03668525792278,53.4759001142121,96.06108707778762,nan,nan,nan,nan,nan,nan,-0.0027,-0.0976,0.2086,30.0,1.3679,-3.604,1.5,0.0,1.5,-125.0,180.0,-90.0
1789255413108,False,missing_prediction,nan,nan,nan,nan,nan,nan,nan,0.1,nan,nan,56.385269955458455,nan,nan,nan,-0.06269999999999976,0.1968084162720096,1.9688465423400834,-147.78856107562916,53.60119090940626,92.69922737304435,nan,nan,nan,nan,nan,nan,0.0001,-0.0627,0.2095,30.0,1.3679,-1.6018,1.5,0.0,1.5,-125.0,180.0,-90.0
1789255418494,False,missing_prediction,nan,nan,nan,nan,nan,nan,nan,0.1,nan,nan,54.82533164621048,nan,nan,nan,-0.02769999999999975,0.19707081693474007,1.96707703792014,-150.55324717785126,53.630166917964246,89.32479724026105,nan,nan,nan,nan,nan,nan,0.0017,-0.0277,0.2103,30.0,1.3679,0.4005,1.5,0.0,1.5,-125.0,180.0,-90.0
1789255423919,False,missing_prediction,nan,nan,nan,nan,nan,nan,nan,0.1,nan,nan,53.26871611294516,nan,nan,nan,0.00730000000000025,0.19658756823021417,1.9663724311577726,-153.31461695583488,53.562591976658545,85.95364631672574,nan,nan,nan,nan,nan,nan,0.002,0.0073,0.2111,30.0,1.3679,2.4027,1.5,0.0,1.5,-125.0,180.0,-90.0
1789255429256,False,missing_prediction,nan,nan,nan,nan,nan,nan,nan,0.1,nan,nan,51.71960609718241,nan,nan,nan,0.04230000000000025,0.19533411259763817,1.9665934492049169,-156.05705804357024,53.39901281491285,82.60101850841993,nan,nan,nan,nan,nan,nan,0.0011,0.0423,0.212,30.0,1.3679,4.4049,1.5,0.0,1.5,-125.0,180.0,-90.0
1789255434608,False,missing_prediction,nan,nan,nan,nan,nan,nan,nan,0.1,nan,nan,50.178938246434164,nan,nan,nan,0.07720000000000025,0.19353163808950488,1.967772892144414,-158.76540648291459,53.14072720398209,79.28173891593461,nan,nan,nan,nan,nan,nan,-0.0009,0.0772,0.2128,30.0,1.3679,6.4071,1.5,0.0,1.5,-125.0,180.0,-90.0
1789255439934,False,missing_prediction,nan,nan,nan,nan,nan,nan,nan,0.1,nan,nan,48.65556942608838,nan,nan,nan,0.11210000000000025,0.1909261565704801,1.9700991479459158,-161.42552625831817,52.789738155134614,76.00960312855211,nan,nan,nan,nan,nan,nan,-0.0043,0.1121,0.2136,30.0,1.3679,8.4093,1.5,0.0,1.5,-125.0,180.0,-90.0
1789255445323,False,missing_prediction,nan,nan,nan,nan,nan,nan,nan,0.1,nan,nan,47.154428048898026,nan,nan,nan,0.14680000000000026,0.18760782576704033,1.9732691133525002,-164.02480293749625,52.348655933167535,72.79685218203294,nan,nan,nan,nan,nan,nan,-0.0088,0.1468,0.2145,30.0,1.3679,10.4116,1.5,0.0,1.5,-125.0,180.0,-90.0
1789255450653,False,missing_prediction,nan,nan,nan,nan,nan,nan,nan,0.1,nan,nan,45.676598950871586,nan,nan,nan,0.18140000000000026,0.18368311844440816,1.9774794188558666,-166.55189601716032,51.82069897000854,69.6545421037835,nan,nan,nan,nan,nan,nan,-0.0145,0.1814,0.2153,30.0,1.3679,12.4138,1.5,0.0,1.5,-125.0,180.0,-90.0
1789255456008,False,missing_prediction,nan,nan,nan,nan,nan,nan,nan,0.1,nan,nan,44.23341354310408,nan,nan,nan,0.21570000000000025,0.17898820419372585,1.9826153491687448,-168.99768132579186,51.20945874009956,66.59141696098568,nan,nan,nan,nan,nan,nan,-0.0214,0.2157,0.2162,30.0,1.3679,14.416,1.5,0.0,1.5,-125.0,180.0,-90.0
1789255461332,False,missing_prediction,nan,nan,nan,nan,nan,nan,nan,0.1,nan,nan,42.827780552332776,nan,nan,nan,0.24970000000000026,0.17362955578021608,1.9888735347828337,-171.354902659601,50.51884048235592,63.614347902544566,nan,nan,nan,nan,nan,nan,-0.0296,0.2497,0.217,30.0,1.3679,16.4183,1.5,0.0,1.5,-125.0,180.0,-90.0
1789255466671,False,missing_prediction,nan,nan,nan,nan,nan,nan,nan,0.1,nan,nan,41.46134623468485,nan,nan,nan,0.28350000000000025,0.16763997328672017,1.9960327876456405,-173.6178042303352,49.75308102741644,60.72879327961616,nan,nan,nan,nan,nan,nan,-0.0389,0.2835,0.2178,30.0,1.3679,18.4205,1.5,0.0,1.5,-125.0,180.0,-90.0
1789255471998,False,missing_prediction,nan,nan,nan,nan,nan,nan,nan,0.1,nan,nan,40.145373094587015,nan,nan,nan,0.3169000000000003,0.16088018386517408,2.004117665317959,-175.78273086735442,48.916444533492104,57.93801192760718,nan,nan,nan,nan,nan,nan,-0.0494,0.3169,0.2187,30.0,1.3679,20.4227,1.5,0.0,1.5,-125.0,180.0,-90.0
1789255477321,False,missing_prediction,nan,nan,nan,nan,nan,nan,nan,0.1,nan,nan,38.87956131032151,nan,nan,nan,0.34990000000000027,0.15357137556807074,2.0131609678826305,-177.8474921396775,48.013270580937444,55.24382189838126,nan,nan,nan,nan,nan,nan,-0.061,0.3499,0.2195,30.0,1.3679,22.4249,1.5,0.0,1.5,-125.0,180.0,-90.0
1789255482708,False,missing_prediction,nan,nan,nan,nan,nan,nan,nan,0.1,nan,nan,37.672071729690096,nan,nan,nan,0.3825000000000003,0.14557427554734617,2.0231872529004487,-179.81128883683007,47.04786837420473,52.6466422289089,nan,nan,nan,nan,nan,nan,-0.0738,0.3825,0.2203,30.0,1.3679,24.4271,1.5,0.0,1.5,-125.0,180.0,-90.0
1789255488104,False,missing_prediction,nan,nan,nan,nan,nan,nan,nan,0.1,nan,nan,36.53070100860422,nan,nan,nan,0.4146000000000003,0.13680696859857142,2.0341391627277785,178.32540532070303,46.02440461079538,50.14557837186604,nan,nan,nan,nan,nan,nan,-0.0878,0.4146,0.2212,30.0,1.3679,26.4294,1.5,0.0,1.5,-125.0,180.0,-90.0
1789255493435,False,missing_prediction,nan,nan,nan,nan,nan,nan,nan,0.1,nan,nan,35.45326582932377,nan,nan,nan,0.44620000000000026,0.12754800041787448,2.0459675822430325,176.56142045885906,44.947064545356724,47.7391256604225,nan,nan,nan,nan,nan,nan,-0.1028,0.4462,0.222,30.0,1.3679,28.4316,1.5,0.0,1.5,-125.0,180.0,-90.0
1789255498765,False,missing_prediction,nan,nan,nan,nan,nan,nan,nan,0.1,nan,nan,34.44937901204657,nan,nan,nan,0.4773000000000003,0.11760074051355635,2.0587789842114335,174.8945318886118,43.819710972139006,45.42461859531046,nan,nan,nan,nan,nan,nan,-0.119,0.4773,0.2228,30.0,1.3679,30.4338,1.5,0.0,1.5,-125.0,180.0,-90.0
1789255504115,False,missing_prediction,nan,nan,nan,nan,nan,nan,nan,0.1,nan,nan,33.52281073749272,nan,nan,nan,0.5078000000000003,0.10699798896845825,2.0723521805804883,173.3220197211485,42.64606284181997,43.19891660397372,nan,nan,nan,nan,nan,nan,-0.1362,0.5078,0.2237,30.0,1.3679,32.436,1.5,0.0,1.5,-125.0,180.0,-90.0
1789255509461,False,missing_prediction,nan,nan,nan,nan,nan,nan,nan,0.1,nan,nan,32.67391706758228,nan,nan,nan,0.5377000000000002,0.09590357619143802,2.086801886637467,171.84066275773512,41.42956978713535,41.05833203602938,nan,nan,nan,nan,nan,nan,-0.1544,0.5377,0.2245,30.0,1.3679,34.4383,1.5,0.0,1.5,-125.0,180.0,-90.0
1789255514814,False,missing_prediction,nan,nan,nan,nan,nan,nan,nan,0.1,nan,nan,31.910739931410625,nan,nan,nan,0.5669000000000002,0.08417822933443164,2.1021526599431635,170.44716828078285,40.17365079294315,38.9991908118975,nan,nan,nan,nan,nan,nan,-0.1737,0.5669,0.2253,30.0,1.3679,36.4405,1.5,0.0,1.5,-125.0,180.0,-90.0
1789255520158,False,missing_prediction,nan,nan,nan,nan,nan,nan,nan,0.1,nan,nan,31.236358158751997,nan,nan,nan,0.5954000000000003,0.07179739083664527,2.1182652276495144,169.13784432347958,38.88132883280382,37.017305988460606,nan,nan,nan,nan,nan,nan,-0.194,0.5954,0.2262,30.0,1.3679,38.4427,1.5,0.0,1.5,-125.0,180.0,-90.0
1789255525500,False,missing_prediction,nan,nan,nan,nan,nan,nan,nan,0.1,nan,nan,30.64955591048506,nan,nan,nan,0.6232000000000002,0.05892489110693683,2.135254305043789,167.9089947152398,37.555475867231834,35.10850290628188,nan,nan,nan,nan,nan,nan,-0.2153,0.6232,0.227,30.0,1.3679,40.4449,1.5,0.0,1.5,-125.0,180.0,-90.0
1789255530850,False,missing_prediction,nan,nan,nan,nan,nan,nan,nan,0.1,nan,nan,30.15456320169778,nan,nan,nan,0.6502000000000002,0.0454788149408773,2.1530625344823524,166.75686284677417,36.198691846114386,33.26849428074395,nan,nan,nan,nan,nan,nan,-0.2376,0.6502,0.2278,30.0,1.3679,42.4472,1.5,0.0,1.5,-125.0,180.0,-90.0
1789255536238,False,missing_prediction,nan,nan,nan,nan,nan,nan,nan,0.1,nan,nan,29.75229978248191,nan,nan,nan,0.6765000000000002,0.03143460477767296,2.171550643117141,165.67791699282427,34.81358680049314,31.493301902089758,nan,nan,nan,nan,nan,nan,-0.2608,0.6765,0.2287,30.0,1.3679,44.4494,1.5,0.0,1.5,-125.0,180.0,-90.0
1789255541583,False,missing_prediction,nan,nan,nan,nan,nan,nan,nan,0.1,nan,nan,29.440133579846503,nan,nan,nan,0.7019000000000002,0.016956091026181508,2.1908333462354252,164.66855017852592,33.40238505367077,29.778748892314912,nan,nan,nan,nan,nan,nan,-0.2849,0.7019,0.2295,30.0,1.3679,46.4516,1.5,0.0,1.5,-125.0,180.0,-90.0
1789255546954,False,missing_prediction,nan,nan,nan,nan,nan,nan,nan,0.1,nan,nan,29.217506302394124,nan,nan,nan,0.7265000000000003,0.0020187161256092767,2.21077137098914,163.72534697105436,31.96720667666431,28.120861866971715,nan,nan,nan,nan,nan,nan,-0.3098,0.7265,0.2303,30.0,1.3679,48.4538,1.5,0.0,1.5,-125.0,180.0,-90.0
1789255552327,False,missing_prediction,nan,nan,nan,nan,nan,nan,nan,0.1,nan,nan,29.08694343994239,nan,nan,nan,0.7501000000000002,-0.013516792772107766,2.2313892749390805,162.8450049530975,30.50993933214977,26.515720060314496,nan,nan,nan,nan,nan,nan,-0.3356,0.7501,0.2312,30.0,1.3679,50.4561,1.5,0.0,1.5,-125.0,180.0,-90.0
1789255557641,False,missing_prediction,nan,nan,nan,nan,nan,nan,nan,0.1,nan,nan,29.04057845501282,nan,nan,nan,0.7729000000000003,-0.029429247614476794,2.2527198581680867,162.02452302263373,29.032542652810097,24.959787059089926,nan,nan,nan,nan,nan,nan,-0.3622,0.7729,0.232,30.0,1.3679,52.4583,1.5,0.0,1.5,-125.0,180.0,-90.0
1789255562982,False,missing_prediction,nan,nan,nan,nan,nan,nan,nan,0.1,nan,nan,29.077722962164955,nan,nan,nan,0.7947000000000002,-0.04580056360592666,2.2747057630325243,161.26094731027112,27.53662331645749,23.449437585127757,nan,nan,nan,nan,nan,nan,-0.3896,0.7947,0.2328,30.0,1.3679,54.4605,1.5,0.0,1.5,-125.0,180.0,-90.0
1789255568324,False,missing_prediction,nan,nan,nan,nan,nan,nan,nan,0.1,nan,nan,29.19673765107904,nan,nan,nan,0.8155000000000002,-0.06271265595088626,2.297289631888758,160.5515547610041,26.023736628175072,21.98128319702169,nan,nan,nan,nan,nan,nan,-0.4178,0.8155,0.2337,30.0,1.3679,56.4627,1.5,0.0,1.5,-125.0,180.0,-90.0
1789255573656,False,missing_prediction,nan,nan,nan,nan,nan,nan,nan,0.1,nan,nan,29.38742792785319,nan,nan,nan,0.8354000000000003,-0.07988697895322755,2.3204223496151997,159.89377720488116,24.495248477738116,20.55201926560621,nan,nan,nan,nan,nan,nan,-0.4466,0.8354,0.2345,30.0,1.3679,58.465,1.5,0.0,1.5,-125.0,180.0,-90.0
1789255579003,False,missing_prediction,nan,nan,nan,nan,nan,nan,nan,0.1,nan,nan,29.648460115135933,nan,nan,nan,0.8542000000000002,-0.09746280546101466,2.344128473772644,159.28532871249473,22.952651762114893,19.158704607245614,nan,nan,nan,nan,nan,nan,-0.4761,0.8542,0.2353,30.0,1.3679,60.4672,1.5,0.0,1.5,-125.0,180.0,-90.0
1789255584349,False,missing_prediction,nan,nan,nan,nan,nan,nan,nan,0.1,nan,nan,29.977474321279995,nan,nan,nan,0.8720000000000002,-0.11552205067867627,2.368350646717456,158.72400532629004,21.397117918305806,17.79832743128433,nan,nan,nan,nan,nan,nan,-0.5063,0.872,0.2362,30.0,1.3679,62.4694,1.5,0.0,1.5,-125.0,180.0,-90.0
1789255589698,False,missing_prediction,nan,nan,nan,nan,nan,nan,nan,0.1,nan,nan,30.364472624542838,nan,nan,nan,0.8887000000000003,-0.13384352655371973,2.393121668532476,158.20781428441273,19.829810586357457,16.46808514257413,nan,nan,nan,nan,nan,nan,-0.5371,0.8887,0.237,30.0,1.3679,64.4716,1.5,0.0,1.5,-125.0,180.0,-90.0
1789255595066,False,missing_prediction,nan,nan,nan,nan,nan,nan,nan,0.1,nan,nan,30.805850306440263,nan,nan,nan,0.9043000000000002,-0.15245179064693865,2.4183022663696407,157.73491191621318,18.251738971430576,15.16523907626013,nan,nan,nan,nan,nan,nan,-0.5684,0.9043,0.2378,30.0,1.3679,66.4739,1.5,0.0,1.5,-125.0,180.0,-90.0
1789255600434,False,missing_prediction,nan,nan,nan,nan,nan,nan,nan,0.1,nan,nan,31.300599126754143,nan,nan,nan,0.9189000000000003,-0.1714861158063971,2.4439169977897435,157.3036900925823,16.664081424756134,13.887364187227353,nan,nan,nan,nan,nan,nan,-0.6003,0.9189,0.2387,30.0,1.3679,68.4761,1.5,0.0,1.5,-125.0,180.0,-90.0
1789255605840,False,missing_prediction,nan,nan,nan,nan,nan,nan,nan,0.1,nan,nan,31.83767101832493,nan,nan,nan,0.9323000000000002,-0.19066795633596717,2.469916747671197,156.9126286492735,15.067719720729293,12.631949230809955,nan,nan,nan,nan,nan,nan,-0.6326,0.9323,0.2395,30.0,1.3679,70.4783,1.5,0.0,1.5,-125.0,180.0,-90.0
1789255611190,False,missing_prediction,nan,nan,nan,nan,nan,nan,nan,0.1,nan,nan,32.41572188869177,nan,nan,nan,0.9445000000000002,-0.21013658508371263,2.496326073574795,156.56038600490896,13.463560552594535,11.396648427087781,nan,nan,nan,nan,nan,nan,-0.6654,0.9445,0.2403,30.0,1.3679,72.4805,1.5,0.0,1.5,-125.0,180.0,-90.0
1789255616546,False,missing_prediction,nan,nan,nan,nan,nan,nan,nan,0.1,nan,nan,33.032582610323026,nan,nan,nan,0.9556000000000002,-0.2299165596104275,2.523005702652474,156.2457540135881,11.852382598635609,10.179145429966832,nan,nan,nan,nan,nan,nan,-0.6986,0.9556,0.2412,30.0,1.3679,74.4828,1.5,0.0,1.5,-125.0,180.0,-90.0
1789255621881,False,missing_prediction,nan,nan,nan,nan,nan,nan,nan,0.1,nan,nan,33.68101825632318,nan,nan,nan,0.9656000000000002,-0.24984404950725375,2.550070350191503,155.9677136357608,10.235164564840593,8.9773857531051,nan,nan,nan,nan,nan,nan,-0.7322,0.9656,0.242,30.0,1.3679,76.485,1.5,0.0,1.5,-125.0,180.0,-90.0
1789255627245,False,missing_prediction,nan,nan,nan,nan,nan,nan,nan,0.1,nan,nan,34.358212245928854,nan,nan,nan,0.9744000000000003,-0.2699436123349855,2.577380743343819,155.72533589946335,8.61260777642865,7.789202290852701,nan,nan,nan,nan,nan,nan,-0.7661,0.9744,0.2428,30.0,1.3679,78.4872,1.5,0.0,1.5,-125.0,180.0,-90.0
1789255632591,False,missing_prediction,nan,nan,nan,nan,nan,nan,nan,0.1,nan,nan,35.06214406197358,nan,nan,nan,0.9819000000000002,-0.2902971632980513,2.6048795244657867,155.517842264502,6.985462868897043,6.61254960181609,nan,nan,nan,nan,nan,nan,-0.8003,0.9819,0.2437,30.0,1.3679,80.4894,1.5,0.0,1.5,-125.0,180.0,-90.0
1789255637935,False,missing_prediction,nan,nan,nan,nan,nan,nan,nan,0.1,nan,nan,35.78748874030158,nan,nan,nan,0.9883000000000002,-0.3106835143439585,2.6325994936402473,155.3445764514262,5.354372783829287,5.445375012541845,nan,nan,nan,nan,nan,nan,-0.8347,0.9883,0.2445,30.0,1.3679,82.4917,1.5,0.0,1.5,-125.0,180.0,-90.0
1789255643269,False,missing_prediction,nan,nan,nan,nan,nan,nan,nan,0.1,nan,nan,36.53452339978098,nan,nan,nan,0.9935000000000003,-0.3312664958815648,2.66042593557993,155.20503424609913,3.7202034147324077,4.285841833684491,nan,nan,nan,nan,nan,nan,-0.8693,0.9935,0.2454,30.0,1.3679,84.4939,1.5,0.0,1.5,-125.0,180.0,-90.0
1789255648605,False,missing_prediction,nan,nan,nan,nan,nan,nan,nan,0.1,nan,nan,37.29669439385762,nan,nan,nan,0.9974000000000002,-0.35188227750201245,2.6884735655721066,155.09880916863577,2.0835592003913925,3.1319703974049853,nan,nan,nan,nan,nan,nan,-0.9041,0.9974,0.2462,30.0,1.3679,86.4961,1.5,0.0,1.5,-125.0,180.0,-90.0
1789255653939,False,missing_prediction,nan,nan,nan,nan,nan,nan,nan,0.1,nan,nan,38.07493010981756,nan,nan,nan,1.0002000000000002,-0.372555416766095,2.716603110768711,155.0256269820233,0.4451130765655632,1.9818623006196787,nan,nan,nan,nan,nan,nan,-0.939,1.0002,0.247,30.0,1.3679,88.4983,1.5,0.0,1.5,-125.0,180.0,-90.0
1789255659303,False,missing_prediction,nan,nan,nan,nan,nan,nan,nan,0.1,nan,nan,38.8673902362472,nan,nan,nan,1.0017000000000003,-0.3933678288782418,2.74475721352611,154.98533390355723,-1.1945526504622597,0.8335753130666768,nan,nan,nan,nan,nan,nan,-0.974,1.0017,0.2479,30.0,1.3679,90.5006,1.5,0.0,1.5,-125.0,180.0,-90.0
1789255664663,False,missing_prediction,nan,nan,nan,nan,nan,nan,nan,0.1,nan,nan,39.669468594709,nan,nan,nan,1.0020000000000002,-0.41409832578595956,2.772968673927144,154.97790262353723,-2.8346146030792148,-0.3146565856937499,nan,nan,nan,nan,nan,nan,-1.009,1.002,0.2487,30.0,1.3679,92.5028,1.5,0.0,1.5,-125.0,180.0,-90.0
1789255670008,False,missing_prediction,nan,nan,nan,nan,nan,nan,nan,0.1,nan,nan,40.481455009064135,nan,nan,nan,1.0011000000000003,-0.43482882269367745,2.801180134328178,155.00342055642662,-4.474495661523103,-1.4647764489932473,nan,nan,nan,nan,nan,nan,-1.044,1.0011,0.2495,30.0,1.3679,94.505,1.5,0.0,1.5,-125.0,180.0,-90.0
1789255675333,False,missing_prediction,nan,nan,nan,nan,nan,nan,nan,0.1,nan,nan,41.302712274343634,nan,nan,nan,0.9989000000000002,-0.45564123480582414,2.8293342370855763,155.06210057709833,-6.113533357221732,-2.6186843711943486,nan,nan,nan,nan,nan,nan,-1.079,0.9989,0.2504,30.0,1.3679,96.5072,1.5,0.0,1.5,-125.0,180.0,-90.0
1789255680701,False,missing_prediction,nan,nan,nan,nan,nan,nan,nan,0.1,nan,nan,42.12990545379145,nan,nan,nan,0.9956000000000003,-0.47625701642627166,2.8573818670777524,155.15427997760207,-7.75105761517909,-3.7783043952052364,nan,nan,nan,nan,nan,nan,-1.1138,0.9956,0.2512,30.0,1.3679,98.5094,1.5,0.0,1.5,-125.0,180.0,-90.0
1789255686054,False,missing_prediction,nan,nan,nan,nan,nan,nan,nan,0.1,nan,nan,42.96220556115741,nan,nan,nan,0.9910000000000002,-0.4968154404030843,2.8853475818654997,155.28043016654595,-9.386468142481348,-4.945652756574967,nan,nan,nan,nan,nan,nan,-1.1485,0.991,0.252,30.0,1.3679,100.5117,1.5,0.0,1.5,-125.0,180.0,-90.0
1789255691372,False,missing_prediction,nan,nan,nan,nan,nan,nan,nan,0.1,nan,nan,43.80103773158853,nan,nan,nan,0.9852000000000002,-0.5173984219406906,2.913174023805183,155.44113308623008,-11.018903461529602,-6.122614275908625,nan,nan,nan,nan,nan,nan,-1.1831,0.9852,0.2529,30.0,1.3679,102.5139,1.5,0.0,1.5,-125.0,180.0,-90.0
1789255696711,False,missing_prediction,nan,nan,nan,nan,nan,nan,nan,0.1,nan,nan,44.641765475344506,nan,nan,nan,0.9782000000000002,-0.5377274153429625,2.9408120777752145,155.6371230485221,-12.64772647060752,-7.311302255657348,nan,nan,nan,nan,nan,nan,-1.2174,0.9782,0.2537,30.0,1.3679,104.5161,1.5,0.0,1.5,-125.0,180.0,-90.0
1789255702029,False,missing_prediction,nan,nan,nan,nan,nan,nan,nan,0.1,nan,nan,45.48523121479628,nan,nan,nan,0.9700000000000002,-0.5578843358143295,2.9682043861319594,155.8692806331821,-14.272273813623459,-8.513896790453055,nan,nan,nan,nan,nan,nan,-1.2514,0.97,0.2545,30.0,1.3679,106.5184,1.5,0.0,1.5,-125.0,180.0,-90.0
1789255707373,False,missing_prediction,nan,nan,nan,nan,nan,nan,nan,0.1,nan,nan,46.33246591717057,nan,nan,nan,0.9606000000000002,-0.5780084562028547,2.9953755064362113,156.13859560623322,-15.891608218450273,-9.732472879082708,nan,nan,nan,nan,nan,nan,-1.2852,0.9606,0.2554,30.0,1.3679,108.5206,1.5,0.0,1.5,-125.0,180.0,-90.0
1789255712722,False,missing_prediction,nan,nan,nan,nan,nan,nan,nan,0.1,nan,nan,47.180166572708146,nan,nan,nan,0.9501000000000002,-0.5978212308124109,3.0222763235663828,156.44624282837626,-17.50499994730729,-10.9693719435937,nan,nan,nan,nan,nan,nan,-1.3186,0.9501,0.2562,30.0,1.3679,110.5228,1.5,0.0,1.5,-125.0,180.0,-90.0
1789255718128,False,missing_prediction,nan,nan,nan,nan,nan,nan,nan,0.1,nan,nan,48.027372210216086,nan,nan,nan,0.9383000000000002,-0.6174045748474266,3.0488494798788386,156.79356327066154,-19.111676248364045,-12.227037488795304,nan,nan,nan,nan,nan,nan,-1.3516,0.9383,0.257,30.0,1.3679,112.5251,1.5,0.0,1.5,-125.0,180.0,-90.0
1789255723508,False,missing_prediction,nan,nan,nan,nan,nan,nan,nan,0.1,nan,nan,48.87739587931648,nan,nan,nan,0.9255000000000002,-0.6367830458686958,3.074955702525515,157.18199079002824,-20.71049605688592,-13.507770058696552,nan,nan,nan,nan,nan,nan,-1.3841,0.9255,0.2579,30.0,1.3679,114.5272,1.5,0.0,1.5,-125.0,180.0,-90.0
1789255728827,False,missing_prediction,nan,nan,nan,nan,nan,nan,nan,0.1,nan,nan,49.72536774100571,nan,nan,nan,0.9115000000000002,-0.6558501711109954,3.100791621998111,157.61324428693592,-22.30074378517169,-14.814373384716175,nan,nan,nan,nan,nan,nan,-1.4162,0.9115,0.2587,30.0,1.3679,116.5294,1.5,0.0,1.5,-125.0,180.0,-90.0
1789255734179,False,missing_prediction,nan,nan,nan,nan,nan,nan,nan,0.1,nan,nan,50.572895038203555,nan,nan,nan,0.8964000000000003,-0.6746305081351198,3.1262179654485625,158.08917813708052,-23.881400071024334,-16.149600881632736,nan,nan,nan,nan,nan,nan,-1.4478,0.8964,0.2595,30.0,1.3679,118.5317,1.5,0.0,1.5,-125.0,180.0,-90.0
1789255739519,False,missing_prediction,nan,nan,nan,nan,nan,nan,nan,0.1,nan,nan,51.420816412173984,nan,nan,nan,0.8802000000000003,-0.6932059721454975,3.1511773752332344,158.61178625345605,-25.451218752356024,-17.516217263677873,nan,nan,nan,nan,nan,nan,-1.4789,0.8802,0.2604,30.0,1.3679,120.5339,1.5,0.0,1.5,-125.0,180.0,-90.0
1789255744889,False,missing_prediction,nan,nan,nan,nan,nan,nan,nan,0.1,nan,nan,52.265349814032476,nan,nan,nan,0.8629000000000003,-0.7112980174460006,3.175620736230538,159.18333596003282,-27.00911181179014,-18.917347960959397,nan,nan,nan,nan,nan,nan,-1.5093,0.8629,0.2612,30.0,1.3679,122.5361,1.5,0.0,1.5,-125.0,180.0,-90.0
1789255750256,False,missing_prediction,nan,nan,nan,nan,nan,nan,nan,0.1,nan,nan,53.109066688516656,nan,nan,nan,0.8446000000000004,-0.7291032745283279,3.1996545212056984,159.80631741738065,-28.55390034861377,-20.356299457616565,nan,nan,nan,nan,nan,nan,-1.5392,0.8446,0.262,30.0,1.3679,124.5384,1.5,0.0,1.5,-125.0,180.0,-90.0
1789255755613,False,missing_prediction,nan,nan,nan,nan,nan,nan,nan,0.1,nan,nan,53.95193903558833,nan,nan,nan,0.8253000000000004,-0.7465315856660035,3.222975626901792,160.48334856102107,-30.08407545170946,-21.836347921419907,nan,nan,nan,nan,nan,nan,-1.5683,0.8253,0.2629,30.0,1.3679,126.5406,1.5,0.0,1.5,-125.0,180.0,-90.0
1789255760968,False,missing_prediction,nan,nan,nan,nan,nan,nan,nan,0.1,nan,nan,54.79052755200762,nan,nan,nan,0.8049000000000003,-0.7635338357374395,3.2458625990149477,161.21736993466524,-31.59824994847725,-23.361181006328334,nan,nan,nan,nan,nan,nan,-1.5968,0.8049,0.2637,30.0,1.3679,128.5428,1.5,0.0,1.5,-125.0,180.0,-90.0
1789255766299,False,missing_prediction,nan,nan,nan,nan,nan,nan,nan,0.1,nan,nan,55.62745946550552,nan,nan,nan,0.7836000000000003,-0.7801345823034298,3.268176164697101,162.01157092039404,-33.09491115955725,-24.934701426439045,nan,nan,nan,nan,nan,nan,-1.6246,0.7836,0.2645,30.0,1.3679,130.5451,1.5,0.0,1.5,-125.0,180.0,-90.0
1789255771638,False,missing_prediction,nan,nan,nan,nan,nan,nan,nan,0.1,nan,nan,56.462342820154696,nan,nan,nan,0.7613000000000003,-0.796358382924768,3.289777051100187,162.86926218436392,-34.57218712868584,-26.560787569984903,nan,nan,nan,nan,nan,nan,-1.6516,0.7613,0.2654,30.0,1.3679,132.5473,1.5,0.0,1.5,-125.0,180.0,-90.0
1789255776966,False,missing_prediction,nan,nan,nan,nan,nan,nan,nan,0.1,nan,nan,57.292187565920024,nan,nan,nan,0.7380000000000003,-0.8120414071925968,3.3107799735114782,163.79411406179392,-36.028281183764946,-28.243767405429153,nan,nan,nan,nan,nan,nan,-1.6778,0.738,0.2662,30.0,1.3679,134.5495,1.5,0.0,1.5,-125.0,180.0,-90.0
1789255782314,False,missing_prediction,nan,nan,nan,nan,nan,nan,nan,0.1,nan,nan,58.11987342326498,nan,nan,nan,0.7139000000000003,-0.8272655703113445,3.331127574287338,164.7900482851475,-37.4612280318029,-29.98819304652132,nan,nan,nan,nan,nan,nan,-1.7032,0.7139,0.267,30.0,1.3679,136.5518,1.5,0.0,1.5,-125.0,180.0,-90.0
1789255787681,False,missing_prediction,nan,nan,nan,nan,nan,nan,nan,0.1,nan,nan,58.944942188161335,nan,nan,nan,0.6889000000000003,-0.8420554298418053,3.350680580579702,165.86100699993912,-38.86859862840644,-31.798465011584305,nan,nan,nan,nan,nan,nan,-1.7277,0.6889,0.2679,30.0,1.3679,138.5539,1.5,0.0,1.5,-125.0,180.0,-90.0
1789255793026,False,missing_prediction,nan,nan,nan,nan,nan,nan,nan,0.1,nan,nan,59.76552599362823,nan,nan,nan,0.6631000000000004,-0.8562471553751212,3.3695537076758413,167.01150784164764,-40.248261801389425,-33.679796767071196,nan,nan,nan,nan,nan,nan,-1.7513,0.6631,0.2687,30.0,1.3679,140.5562,1.5,0.0,1.5,-125.0,180.0,-90.0
1789255798341,False,missing_prediction,nan,nan,nan,nan,nan,nan,nan,0.1,nan,nan,60.58148057828602,nan,nan,nan,0.6364000000000003,-0.8699226621157212,3.3876895979321207,168.24586243658806,-41.597384396327776,-35.63691773891488,nan,nan,nan,nan,nan,nan,-1.774,0.6364,0.2695,30.0,1.3679,142.5584,1.5,0.0,1.5,-125.0,180.0,-90.0
1789255803699,False,missing_prediction,nan,nan,nan,nan,nan,nan,nan,0.1,nan,nan,61.39559912781122,nan,nan,nan,0.6090000000000003,-0.8831638652680338,3.4050308937049047,169.56873197085713,-42.91318399365037,-37.67503506696426,nan,nan,nan,nan,nan,nan,-1.7958,0.609,0.2704,30.0,1.3679,144.5606,1.5,0.0,1.5,-125.0,180.0,-90.0
1789255809094,False,missing_prediction,nan,nan,nan,nan,nan,nan,nan,0.1,nan,nan,62.20338500592462,nan,nan,nan,0.5808000000000003,-0.8956922191359318,3.421528479872606,170.98478484057495,-44.19256636352213,-39.799309105082244,nan,nan,nan,nan,nan,nan,-1.8165,0.5808,0.2712,30.0,1.3679,146.5628,1.5,0.0,1.5,-125.0,180.0,-90.0
1789255814438,False,missing_prediction,nan,nan,nan,nan,nan,nan,nan,0.1,nan,nan,63.00731677015762,nan,nan,nan,0.5519000000000003,-0.9077043542111138,3.4372888292004475,172.49874271147078,-45.432243700949236,-42.01497239355863,nan,nan,nan,nan,nan,nan,-1.8363,0.5519,0.272,30.0,1.3679,148.5651,1.5,0.0,1.5,-125.0,180.0,-90.0
1789255819772,False,missing_prediction,nan,nan,nan,nan,nan,nan,nan,0.1,nan,nan,63.808755541296286,nan,nan,nan,0.5224000000000003,-0.9192248280543733,3.4521726688403644,174.11495924479243,-46.62848016276716,-44.32676977875631,nan,nan,nan,nan,nan,nan,-1.8551,0.5224,0.2729,30.0,1.3679,150.5673,1.5,0.0,1.5,-125.0,180.0,-90.0
1789255824855,False,missing_prediction,nan,nan,nan,nan,nan,nan,nan,0.1,nan,nan,64.60358108997781,nan,nan,nan,0.49220000000000036,-0.9300324526132182,3.4662127988751985,175.83772905021547,-47.77745995761325,-46.73947877880599,nan,nan,nan,nan,nan,nan,-1.8728,0.4922,0.2737,30.0,1.3679,152.5695,1.5,0.0,1.5,-125.0,180.0,-90.0
1789255829926,False,missing_prediction,nan,nan,nan,nan,nan,nan,nan,0.1,nan,nan,65.39393021114452,nan,nan,nan,0.4614000000000003,-0.9402665007357118,3.4794337768657444,177.67090678972414,-48.87509437600502,-49.257423401654115,nan,nan,nan,nan,nan,nan,-1.8895,0.4614,0.2745,30.0,1.3679,154.5718,1.5,0.0,1.5,-125.0,180.0,-90.0
1789255835008,False,missing_prediction,nan,nan,nan,nan,nan,nan,nan,0.1,nan,nan,66.18021432713422,nan,nan,nan,0.4300000000000003,-0.9499515299826482,3.4916963299639363,179.61739530668186,-49.916880718465976,-51.88386200943905,nan,nan,nan,nan,nan,nan,-1.9051,0.43,0.2754,30.0,1.3679,156.574,1.5,0.0,1.5,-125.0,180.0,-90.0
1789255840104,False,missing_prediction,nan,nan,nan,nan,nan,nan,nan,0.1,nan,nan,66.96043160712016,nan,nan,nan,0.3981000000000004,-0.9589237099451694,3.503115173457046,-178.3205530559878,-50.89825614011249,-54.62149481339761,nan,nan,nan,nan,nan,nan,-1.9196,0.3981,0.2762,30.0,1.3679,158.5762,1.5,0.0,1.5,-125.0,180.0,-90.0
1789255845191,False,missing_prediction,nan,nan,nan,nan,nan,nan,nan,0.1,nan,nan,67.7371770786291,nan,nan,nan,0.3658000000000004,-0.9672895133884986,3.5134936768533738,-176.1419746389053,-51.814414614008406,-57.47168962971526,nan,nan,nan,nan,nan,nan,-1.9329,0.3658,0.2771,30.0,1.3679,160.5784,1.5,0.0,1.5,-125.0,180.0,-90.0
1789255850291,False,missing_prediction,nan,nan,nan,nan,nan,nan,nan,0.1,nan,nan,68.50615644952904,nan,nan,nan,0.33290000000000036,-0.9749424675474124,3.5230284706446184,-173.8472862052306,-52.66045939708992,-60.43445867910916,nan,nan,nan,nan,nan,nan,-1.9451,0.3329,0.2779,30.0,1.3679,162.5807,1.5,0.0,1.5,-125.0,180.0,-90.0
1789255855386,False,missing_prediction,nan,nan,nan,nan,nan,nan,nan,0.1,nan,nan,69.27064275688501,nan,nan,nan,0.2997000000000004,-0.9819644876263404,3.5316621971871456,-171.4391747330144,-53.4312755443048,-63.5074032738076,nan,nan,nan,nan,nan,nan,-1.9562,0.2997,0.2787,30.0,1.3679,164.5828,1.5,0.0,1.5,-125.0,180.0,-90.0
1789255860466,False,missing_prediction,nan,nan,nan,nan,nan,nan,nan,0.1,nan,nan,70.03039142200252,nan,nan,nan,0.2661000000000004,-0.9883801311860755,3.5392555836328903,-168.9215786776111,-54.12206061209743,-66.6870992514913,nan,nan,nan,nan,nan,nan,-1.9661,0.2661,0.2796,30.0,1.3679,166.5851,1.5,0.0,1.5,-125.0,180.0,-90.0
1789255865558,False,missing_prediction,nan,nan,nan,nan,nan,nan,nan,0.1,nan,nan,70.78314497045783,nan,nan,nan,0.23220000000000035,-0.9940255678177611,3.5459233452691237,-166.30160840385946,-54.72789924218485,-69.96671242270605,nan,nan,nan,nan,nan,nan,-1.9748,0.2322,0.2804,30.0,1.3679,168.5873,1.5,0.0,1.5,-125.0,180.0,-90.0
1789255870665,False,missing_prediction,nan,nan,nan,nan,nan,nan,nan,0.1,nan,nan,71.52971828646663,nan,nan,nan,0.19800000000000037,-0.998982712725825,3.55160812445221,-163.58836069654828,-55.24430123035125,-73.33754965990272,nan,nan,nan,nan,nan,nan,-1.9823,0.198,0.2812,30.0,1.3679,170.5895,1.5,0.0,1.5,-125.0,180.0,-90.0
1789255875796,False,missing_prediction,nan,nan,nan,nan,nan,nan,nan,0.1,nan,nan,72.27175892794128,nan,nan,nan,0.16360000000000036,-1.0033334811146966,3.556252563538515,-160.79343498301137,-55.667176645731374,-76.7884105190961,nan,nan,nan,nan,nan,nan,-1.9886,0.1636,0.2821,30.0,1.3679,172.5918,1.5,0.0,1.5,-125.0,180.0,-90.0
1789255880895,False,missing_prediction,nan,nan,nan,nan,nan,nan,nan,0.1,nan,nan,73.00535390708464,nan,nan,nan,0.12890000000000035,-1.0069140425755183,3.5599713778153084,-157.93127171372169,-55.992934363021924,-80.30515181628462,nan,nan,nan,nan,nan,nan,-1.9937,0.1289,0.2829,30.0,1.3679,174.594,1.5,0.0,1.5,-125.0,180.0,-90.0
1789255885982,False,missing_prediction,nan,nan,nan,nan,nan,nan,nan,0.1,nan,nan,73.7329579726464,nan,nan,nan,0.09410000000000036,-1.0098063123127186,3.5627072096389547,-155.01805119613854,-56.21874375265026,-83.87198607915853,nan,nan,nan,nan,nan,nan,-1.9976,0.0941,0.2837,30.0,1.3679,176.5962,1.5,0.0,1.5,-125.0,180.0,-90.0
1789255891073,False,missing_prediction,nan,nan,nan,nan,nan,nan,nan,0.1,nan,nan,74.45535018837674,nan,nan,nan,0.05920000000000037,-1.0120922055307267,3.564402701365819,-152.07167625867694,-56.342565645674355,-87.47140113616615,nan,nan,nan,nan,nan,nan,-2.0003,0.0592,0.2846,30.0,1.3679,178.5985,1.5,0.0,1.5,-125.0,180.0,-90.0
1789255896156,False,missing_prediction,nan,nan,nan,nan,nan,nan,nan,0.1,nan,nan,75.16899223900265,nan,nan,nan,0.02420000000000036,-1.0135505341770492,3.5650906530787427,-149.11165833148118,-56.363244413991644,-91.08417714817782,nan,nan,nan,nan,nan,nan,-2.0017,0.0242,0.2854,30.0,1.3679,-179.3993,1.5,0.0,1.5,-125.0,180.0,-90.0
1789255901290,False,missing_prediction,nan,nan,nan,nan,nan,nan,nan,0.1,nan,nan,75.87630604064299,nan,nan,nan,-0.010799999999999638,-1.0143779287433854,3.5648775375429484,-146.15756514242233,-56.28059624662456,-94.69113530676199,nan,nan,nan,nan,nan,nan,-2.002,-0.0108,0.2862,30.0,1.3679,-177.3971,1.5,0.0,1.5,-125.0,180.0,-90.0
1789255906405,False,missing_prediction,nan,nan,nan,nan,nan,nan,nan,0.1,nan,nan,76.57714312941414,nan,nan,nan,-0.04579999999999963,-1.0145415891468947,3.5635421667059433,-143.22889621079716,-56.09538794889896,-98.27313260494252,nan,nan,nan,nan,nan,nan,-2.001,-0.0458,0.2871,30.0,1.3679,-175.3949,1.5,0.0,1.5,-125.0,180.0,-90.0
1789255911512,False,missing_prediction,nan,nan,nan,nan,nan,nan,nan,0.1,nan,nan,77.26970993192569,nan,nan,nan,-0.08069999999999963,-1.0139350426223537,3.5612811710594268,-140.34410047147477,-55.809294376877105,-101.81211027050495,nan,nan,nan,nan,nan,nan,-1.9988,-0.0807,0.2879,30.0,1.3679,-173.3926,1.5,0.0,1.5,-125.0,180.0,-90.0
1789255916607,False,missing_prediction,nan,nan,nan,nan,nan,nan,nan,0.1,nan,nan,77.9538316185462,nan,nan,nan,-0.11559999999999963,-1.012640204374191,3.5580371929597634,-137.52053732608488,-55.424886441266686,-105.29100272742726,nan,nan,nan,nan,nan,nan,-1.9954,-0.1156,0.2887,30.0,1.3679,-171.3904,1.5,0.0,1.5,-125.0,180.0,-90.0
1789255921724,False,missing_prediction,nan,nan,nan,nan,nan,nan,nan,0.1,nan,nan,78.6313315244387,nan,nan,nan,-0.15029999999999963,-1.0106816319632013,3.5536709595588896,-134.7731257861774,-54.945438668221456,-108.69528519848565,nan,nan,nan,nan,nan,nan,-1.9907,-0.1503,0.2896,30.0,1.3679,-169.3882,1.5,0.0,1.5,-125.0,180.0,-90.0
1789255926826,False,missing_prediction,nan,nan,nan,nan,nan,nan,nan,0.1,nan,nan,79.3000251684956,nan,nan,nan,-0.18479999999999963,-1.0080102102677966,3.5484610165529324,-132.1145955624799,-54.37485260138178,-112.01259274514467,nan,nan,nan,nan,nan,nan,-1.9849,-0.1848,0.2904,30.0,1.3679,-167.386,1.5,0.0,1.5,-125.0,180.0,-90.0
1789255931904,False,missing_prediction,nan,nan,nan,nan,nan,nan,nan,0.1,nan,nan,79.95963095839188,nan,nan,nan,-0.21909999999999963,-1.0045931392051353,3.5421861758893995,-129.5551773058721,-53.71750478765062,-115.23306344098809,nan,nan,nan,nan,nan,nan,-1.9778,-0.2191,0.2912,30.0,1.3679,-165.3838,1.5,0.0,1.5,-125.0,180.0,-90.0
1789255937053,False,missing_prediction,nan,nan,nan,nan,nan,nan,nan,0.1,nan,nan,80.61208486790274,nan,nan,nan,-0.2530999999999996,-1.0005696916232818,3.534870995129085,-127.10247082895154,-52.9780666341826,-118.3495041536904,nan,nan,nan,nan,nan,nan,-1.9695,-0.2531,0.2921,30.0,1.3679,-163.3815,1.5,0.0,1.5,-125.0,180.0,-90.0
1789255942186,False,missing_prediction,nan,nan,nan,nan,nan,nan,nan,0.1,nan,nan,81.25462331948562,nan,nan,nan,-0.2867999999999996,-0.9958333947570129,3.5267121047636873,-124.76204465496004,-52.161522679297185,-121.35665907476167,nan,nan,nan,nan,nan,nan,-1.9601,-0.2868,0.2929,30.0,1.3679,-161.3793,1.5,0.0,1.5,-125.0,180.0,-90.0
1789255947300,False,missing_prediction,nan,nan,nan,nan,nan,nan,nan,0.1,nan,nan,81.887455183415,nan,nan,nan,-0.3201999999999996,-0.9904088061671231,3.5175702319451436,-122.53690983177353,-51.272829039886425,-124.25193559354672,nan,nan,nan,nan,nan,nan,-1.9495,-0.3202,0.2937,30.0,1.3679,-159.3771,1.5,0.0,1.5,-125.0,180.0,-90.0
1789255952381,False,missing_prediction,nan,nan,nan,nan,nan,nan,nan,0.1,nan,nan,82.51195158586005,nan,nan,nan,-0.3531999999999997,-0.9843778410580409,3.5073880190298174,-120.42828488715868,-50.31695553042151,-127.03450775298057,nan,nan,nan,nan,nan,nan,-1.9377,-0.3532,0.2946,30.0,1.3679,-157.3749,1.5,0.0,1.5,-125.0,180.0,-90.0
1789255957482,False,missing_prediction,nan,nan,nan,nan,nan,nan,nan,0.1,nan,nan,83.1261280101539,nan,nan,nan,-0.38569999999999965,-0.9776340266645435,3.496362096509409,-118.43567225814525,-49.29871602632846,-129.70530776308803,nan,nan,nan,nan,nan,nan,-1.9248,-0.3857,0.2954,30.0,1.3679,-155.3726,1.5,0.0,1.5,-125.0,180.0,-90.0
1789255962577,False,missing_prediction,nan,nan,nan,nan,nan,nan,nan,0.1,nan,nan,83.72984680277436,nan,nan,nan,-0.41779999999999967,-0.9702592781910601,3.484435106740282,-116.55755254575989,-48.222911807945664,-132.26619697357359,nan,nan,nan,nan,nan,nan,-1.9108,-0.4178,0.2962,30.0,1.3679,-153.3704,1.5,0.0,1.5,-125.0,180.0,-90.0
1789255967703,False,missing_prediction,nan,nan,nan,nan,nan,nan,nan,0.1,nan,nan,84.32394496603423,nan,nan,nan,-0.4493999999999997,-0.9622781531983842,3.4714677768743734,-114.79107483873139,-47.09398055711962,-134.720479695474,nan,nan,nan,nan,nan,nan,-1.8956,-0.4494,0.2971,30.0,1.3679,-151.3682,1.5,0.0,1.5,-125.0,180.0,-90.0
1789255972810,False,missing_prediction,nan,nan,nan,nan,nan,nan,nan,0.1,nan,nan,84.90690821508936,nan,nan,nan,-0.48039999999999966,-0.9536415365649284,3.4577386526078104,-113.13264085807268,-45.916106885171196,-137.07221957388705,nan,nan,nan,nan,nan,nan,-1.8794,-0.4804,0.2979,30.0,1.3679,-149.3659,1.5,0.0,1.5,-125.0,180.0,-90.0
1789255977914,False,missing_prediction,nan,nan,nan,nan,nan,nan,nan,0.1,nan,nan,85.47870324156237,nan,nan,nan,-0.5107999999999997,-0.9443739858514866,3.4431084610925304,-111.5783557574461,-44.69339358821348,-139.32568482206364,nan,nan,nan,nan,nan,nan,-1.8621,-0.5108,0.2987,30.0,1.3679,-147.3637,1.5,0.0,1.5,-125.0,180.0,-90.0
1789255983008,False,missing_prediction,nan,nan,nan,nan,nan,nan,nan,0.1,nan,nan,86.04000171356853,nan,nan,nan,-0.5405999999999996,-0.9345574162624872,3.427519844684897,-110.12372347861881,-43.429501540055284,-141.48586168111376,nan,nan,nan,nan,nan,nan,-1.8437,-0.5406,0.2996,30.0,1.3679,-145.3615,1.5,0.0,1.5,-125.0,180.0,-90.0
1789255988101,False,missing_prediction,nan,nan,nan,nan,nan,nan,nan,0.1,nan,nan,86.58799031007892,nan,nan,nan,-0.5697999999999996,-0.9240853550327084,3.41116943387661,-108.7641407249553,-42.127883881731975,-143.55782339591056,nan,nan,nan,nan,nan,nan,-1.8243,-0.5698,0.3004,30.0,1.3679,-143.3593,1.5,0.0,1.5,-125.0,180.0,-90.0
1789255993174,False,missing_prediction,nan,nan,nan,nan,nan,nan,nan,0.1,nan,nan,87.12449750431816,nan,nan,nan,-0.5981999999999996,-0.9130397173665783,3.3939998710240333,-107.49493715359293,-40.79173531339142,-145.5467257243554,nan,nan,nan,nan,nan,nan,-1.8039,-0.5982,0.3012,30.0,1.3679,-141.3571,1.5,0.0,1.5,-125.0,180.0,-90.0
1789255998261,False,missing_prediction,nan,nan,nan,nan,nan,nan,nan,0.1,nan,nan,87.64895205913207,nan,nan,nan,-0.6259999999999997,-0.9015024184685259,3.375953798483533,-106.31147297789433,-39.42400311786622,-147.45771062033606,nan,nan,nan,nan,nan,nan,-1.7825,-0.626,0.3021,30.0,1.3679,-139.3549,1.5,0.0,1.5,-125.0,180.0,-90.0
1789256003392,False,missing_prediction,nan,nan,nan,nan,nan,nan,nan,0.1,nan,nan,88.1596383735119,nan,nan,nan,-0.6528999999999997,-0.8893096279296935,3.357145931542379,-105.20915947793502,-38.0273304281178,-149.29592405450848,nan,nan,nan,nan,nan,nan,-1.7601,-0.6529,0.3029,30.0,1.3679,-137.3526,1.5,0.0,1.5,-125.0,180.0,-90.0
1789256008516,False,missing_prediction,nan,nan,nan,nan,nan,nan,nan,0.1,nan,nan,88.65652944123795,nan,nan,nan,-0.6790999999999997,-0.8766006185981454,3.3376008277613645,-104.18372878357724,-36.604351965203385,-151.06610025313498,nan,nan,nan,nan,nan,nan,-1.7368,-0.6791,0.3037,30.0,1.3679,-135.3504,1.5,0.0,1.5,-125.0,180.0,-90.0
1789256013602,False,missing_prediction,nan,nan,nan,nan,nan,nan,nan,0.1,nan,nan,89.14204712795704,nan,nan,nan,-0.7043999999999997,-0.8635146633219453,3.3173430447012837,-103.230941347067,-35.15729133111874,-152.77307623647496,nan,nan,nan,nan,nan,nan,-1.7127,-0.7044,0.3046,30.0,1.3679,-133.3482,1.5,0.0,1.5,-125.0,180.0,-90.0
1789256018699,False,missing_prediction,nan,nan,nan,nan,nan,nan,nan,0.1,nan,nan,89.61079579202284,nan,nan,nan,-0.7288999999999997,-0.8497732164049652,3.2963234672405495,-102.34679201783726,-33.688180962685806,-154.42147924365133,nan,nan,nan,nan,nan,nan,-1.6876,-0.7289,0.3054,30.0,1.3679,-131.3459,1.5,0.0,1.5,-125.0,180.0,-90.0
1789256023822,False,missing_prediction,nan,nan,nan,nan,nan,nan,nan,0.1,nan,nan,90.06702531880411,nan,nan,nan,-0.7523999999999996,-0.8356548235433332,3.2745912105007484,-101.52764071240978,-32.19910347047732,-156.0154811745981,nan,nan,nan,nan,nan,nan,-1.6617,-0.7524,0.3063,30.0,1.3679,-129.3437,1.5,0.0,1.5,-125.0,180.0,-90.0
1789256028905,False,missing_prediction,nan,nan,nan,nan,nan,nan,nan,0.1,nan,nan,90.50674691076652,nan,nan,nan,-0.7750999999999997,-0.8210530119718267,3.2523429049735806,-100.7699546364334,-30.6917664590889,-157.5592871948041,nan,nan,nan,nan,nan,nan,-1.6351,-0.7751,0.3071,30.0,1.3679,-127.3415,1.5,0.0,1.5,-125.0,180.0,-90.0
1789256033968,False,missing_prediction,nan,nan,nan,nan,nan,nan,nan,0.1,nan,nan,90.93022963034667,nan,nan,nan,-0.7967999999999996,-0.805934981607604,3.229357362606552,-100.07045575780812,-29.16773292828396,-159.05687827827825,nan,nan,nan,nan,nan,nan,-1.6076,-0.7968,0.3079,30.0,1.3679,-125.3392,1.5,0.0,1.5,-125.0,180.0,-90.0
1789256039037,False,missing_prediction,nan,nan,nan,nan,nan,nan,nan,0.1,nan,nan,91.33887863503057,nan,nan,nan,-0.8175999999999997,-0.7904973629423646,3.2057410561648867,-99.42620881164585,-27.628667233690663,-160.51180321911534,nan,nan,nan,nan,nan,nan,-1.5794,-0.8176,0.3088,30.0,1.3679,-123.337,1.5,0.0,1.5,-125.0,180.0,-90.0
1789256044116,False,missing_prediction,nan,nan,nan,nan,nan,nan,nan,0.1,nan,nan,91.72981833282991,nan,nan,nan,-0.8372999999999997,-0.7745763255672504,3.181608700935854,-98.83440604604824,-26.07589085524307,-161.92763526576653,nan,nan,nan,nan,nan,nan,-1.5505,-0.8373,0.3096,30.0,1.3679,-121.3348,1.5,0.0,1.5,-125.0,180.0,-90.0
1789256049205,False,missing_prediction,nan,nan,nan,nan,nan,nan,nan,0.1,nan,nan,92.1031475703839,nan,nan,nan,-0.8559999999999998,-0.7582537846866908,3.1569029392758194,-98.29250188422697,-24.510697741888364,-163.30768110378548,nan,nan,nan,nan,nan,nan,-1.5209,-0.856,0.3104,30.0,1.3679,-119.3326,1.5,0.0,1.5,-125.0,180.0,-90.0
1789256054272,False,missing_prediction,nan,nan,nan,nan,nan,nan,nan,0.1,nan,nan,92.45947217829308,nan,nan,nan,-0.8736999999999998,-0.7416116555051142,3.1315664135411465,-97.79816757655222,-22.93428931248506,-164.6550683835355,nan,nan,nan,nan,nan,nan,-1.4906,-0.8737,0.3113,30.0,1.3679,-117.3304,1.5,0.0,1.5,-125.0,180.0,-90.0
1789256059353,False,missing_prediction,nan,nan,nan,nan,nan,nan,nan,0.1,nan,nan,92.79666267355832,nan,nan,nan,-0.8902999999999998,-0.7246008229009331,3.105877669427965,-97.34928160043542,-21.347784302149613,-165.9727581406377,nan,nan,nan,nan,nan,nan,-1.4598,-0.8903,0.3121,30.0,1.3679,-115.3282,1.5,0.0,1.5,-125.0,180.0,-90.0
1789256064462,False,missing_prediction,nan,nan,nan,nan,nan,nan,nan,0.1,nan,nan,93.11457080926428,nan,nan,nan,-0.9057999999999998,-0.7072458444349414,3.0796974340882097,-96.94390068321725,-19.752147900090193,-167.26362146018892,nan,nan,nan,nan,nan,nan,-1.4284,-0.9058,0.3129,30.0,1.3679,-113.3259,1.5,0.0,1.5,-125.0,180.0,-90.0
1789256069584,False,missing_prediction,nan,nan,nan,nan,nan,nan,nan,0.1,nan,nan,93.41445125250925,nan,nan,nan,-0.9201999999999998,-0.6896859929552033,3.053050265082675,-96.58032894055879,-18.148519261552693,-168.53019588844273,nan,nan,nan,nan,nan,nan,-1.3965,-0.9202,0.3138,30.0,1.3679,-111.3237,1.5,0.0,1.5,-125.0,180.0,-90.0
1789256074661,False,missing_prediction,nan,nan,nan,nan,nan,nan,nan,0.1,nan,nan,93.69224997766118,nan,nan,nan,-0.9334999999999998,-0.6717574380528606,3.026050877698631,-96.25698722324087,-16.537740909372516,-169.7750848719756,nan,nan,nan,nan,nan,nan,-1.3641,-0.9335,0.3146,30.0,1.3679,-109.3215,1.5,0.0,1.5,-125.0,180.0,-90.0
1789256079725,False,missing_prediction,nan,nan,nan,nan,nan,nan,nan,0.1,nan,nan,93.94930173549672,nan,nan,nan,-0.9456999999999998,-0.6535994525759774,2.998723829496871,-95.97247411340462,-14.920603200827598,-171.00077205227353,nan,nan,nan,nan,nan,nan,-1.3313,-0.9457,0.3154,30.0,1.3679,-107.3192,1.5,0.0,1.5,-125.0,180.0,-90.0
1789256084871,False,missing_prediction,nan,nan,nan,nan,nan,nan,nan,0.1,nan,nan,94.18565879991608,nan,nan,nan,-0.9566999999999998,-0.6352365940853477,2.970929847629332,-95.72559133279007,-13.298094692464996,-172.20945475779104,nan,nan,nan,nan,nan,nan,-1.298,-0.9567,0.3163,30.0,1.3679,-105.317,1.5,0.0,1.5,-125.0,180.0,-90.0
1789256089949,False,missing_prediction,nan,nan,nan,nan,nan,nan,nan,0.1,nan,nan,94.39858676964424,nan,nan,nan,-0.9664999999999998,-0.6166197474593837,2.9429474777921407,-95.51525111124913,-11.670923476621708,-173.40342298837334,nan,nan,nan,nan,nan,nan,-1.2644,-0.9665,0.3171,30.0,1.3679,-103.3148,1.5,0.0,1.5,-125.0,180.0,-90.0
1789256095040,False,missing_prediction,nan,nan,nan,nan,nan,nan,nan,0.1,nan,nan,94.58841658028055,nan,nan,nan,-0.9751999999999997,-0.5978308279025144,2.914719362341663,-95.34052816463283,-10.039845536630242,-174.58482521348333,nan,nan,nan,nan,nan,nan,-1.2305,-0.9752,0.3179,30.0,1.3679,-101.3126,1.5,0.0,1.5,-125.0,180.0,-90.0
1789256100130,False,missing_prediction,nan,nan,nan,nan,nan,nan,nan,0.1,nan,nan,94.7561414739255,nan,nan,nan,-0.9825999999999998,-0.5789517506191688,2.886188143634264,-95.2006324453393,-8.405507643691308,-175.7557993859633,nan,nan,nan,nan,nan,nan,-1.1963,-0.9826,0.3188,30.0,1.3679,-99.3103,1.5,0.0,1.5,-125.0,180.0,-90.0
1789256105196,False,missing_prediction,nan,nan,nan,nan,nan,nan,nan,0.1,nan,nan,94.89694735695494,nan,nan,nan,-0.9888999999999998,-0.5598186852004887,2.857468536957213,-95.09493017644937,-6.768778907753023,-176.91825026713502,nan,nan,nan,nan,nan,nan,-1.1618,-0.9889,0.3196,30.0,1.3679,-97.3081,1.5,0.0,1.5,-125.0,180.0,-90.0
1789256110262,False,missing_prediction,nan,nan,nan,nan,nan,nan,nan,0.1,nan,nan,95.01326010264142,nan,nan,nan,-0.9938999999999998,-0.5406282621381739,2.828667015075733,-95.02289758931367,-5.130265626097538,-178.07421053469523,nan,nan,nan,nan,nan,nan,-1.1272,-0.9939,0.3204,30.0,1.3679,-95.3059,1.5,0.0,1.5,-125.0,180.0,-90.0
1789256115329,False,missing_prediction,nan,nan,nan,nan,nan,nan,nan,0.1,nan,nan,95.10463923701126,nan,nan,nan,-0.9977999999999998,-0.5214050389930176,2.79964430514176,-94.98414695460394,-3.4906420915455345,-179.2256165202868,nan,nan,nan,nan,nan,nan,-1.0924,-0.9978,0.3213,30.0,1.3679,-93.3037,1.5,0.0,1.5,-125.0,180.0,-90.0
1789256120411,False,missing_prediction,nan,nan,nan,nan,nan,nan,nan,0.1,nan,nan,95.16749956686625,nan,nan,nan,-1.0003999999999997,-0.5020425429997972,2.7705970376469935,-94.97841588593619,-1.8505733159357125,179.62562325503126,nan,nan,nan,nan,nan,nan,-1.0575,-1.0004,0.3221,30.0,1.3679,-91.3015,1.5,0.0,1.5,-125.0,180.0,-90.0
1789256125508,False,missing_prediction,nan,nan,nan,nan,nan,nan,nan,0.1,nan,nan,95.20228933460295,nan,nan,nan,-1.0017999999999998,-0.4826226893629418,2.7414678549477975,-95.0055674271838,-0.21063730164316516,178.4775611326837,nan,nan,nan,nan,nan,nan,-1.0225,-1.0018,0.3229,30.0,1.3679,-89.2992,1.5,0.0,1.5,-125.0,180.0,-90.0
1789256130626,False,missing_prediction,nan,nan,nan,nan,nan,nan,nan,0.1,nan,nan,95.21039222261825,nan,nan,nan,-1.0019999999999998,-0.4632847509305154,2.712281314604967,-95.06558164566898,1.4283432675691856,177.32843017515495,nan,nan,nan,nan,nan,nan,-0.9875,-1.002,0.3238,30.0,1.3679,-87.297,1.5,0.0,1.5,-125.0,180.0,-90.0
1789256135740,False,missing_prediction,nan,nan,nan,nan,nan,nan,nan,0.1,nan,nan,95.18704635625838,nan,nan,nan,-1.0008999999999997,-0.4438648972936599,2.6831521319057714,-95.15856315731818,3.065788436130213,176.17629095928356,nan,nan,nan,nan,nan,nan,-0.9525,-1.0009,0.3246,30.0,1.3679,-85.2948,1.5,0.0,1.5,-125.0,180.0,-90.0
1789256140834,False,missing_prediction,nan,nan,nan,nan,nan,nan,nan,0.1,nan,nan,95.13277876659404,nan,nan,nan,-0.9985999999999998,-0.4244450436568045,2.654022949206576,-95.28473744719773,4.701029250851822,175.0192515929831,nan,nan,nan,nan,nan,nan,-0.9175,-0.9986,0.3254,30.0,1.3679,-83.2926,1.5,0.0,1.5,-125.0,180.0,-90.0
1789256145961,False,missing_prediction,nan,nan,nan,nan,nan,nan,nan,0.1,nan,nan,95.04987554877943,nan,nan,nan,-0.9950999999999998,-0.4052218205116482,2.625000239272603,-95.44446104120249,6.333467000836112,173.85534280291498,nan,nan,nan,nan,nan,nan,-0.8827,-0.9951,0.3263,30.0,1.3679,-81.2903,1.5,0.0,1.5,-125.0,180.0,-90.0
1789256151026,False,missing_prediction,nan,nan,nan,nan,nan,nan,nan,0.1,nan,nan,94.93258903900383,nan,nan,nan,-0.9903999999999997,-0.38597403980569805,2.5961168021866943,-95.63818943807927,7.962243031599815,172.68274150713742,nan,nan,nan,nan,nan,nan,-0.848,-0.9904,0.3271,30.0,1.3679,-79.2881,1.5,0.0,1.5,-125.0,180.0,-90.0
1789256156107,False,missing_prediction,nan,nan,nan,nan,nan,nan,nan,0.1,nan,nan,94.7823169370657,nan,nan,nan,-0.9844999999999998,-0.3668409743870182,2.5673971955096433,-95.86652712051627,9.586723620473597,171.49941286327444,nan,nan,nan,nan,nan,nan,-0.8135,-0.9845,0.3279,30.0,1.3679,-77.2859,1.5,0.0,1.5,-125.0,180.0,-90.0
1789256161166,False,missing_prediction,nan,nan,nan,nan,nan,nan,nan,0.1,nan,nan,94.59965848305667,nan,nan,nan,-0.9773999999999998,-0.34790453946003735,2.538784061597815,-96.13021425312425,11.206249903181844,170.3032728234128,nan,nan,nan,nan,nan,nan,-0.7792,-0.9774,0.3288,30.0,1.3679,-75.2836,1.5,0.0,1.5,-125.0,180.0,-90.0
1789256166250,False,missing_prediction,nan,nan,nan,nan,nan,nan,nan,0.1,nan,nan,94.38039624730405,nan,nan,nan,-0.9690999999999997,-0.329058262259533,2.510474030942908,-96.43008286353232,12.81989144925377,169.0923602335007,nan,nan,nan,nan,nan,nan,-0.7452,-0.9691,0.3296,30.0,1.3679,-73.2814,1.5,0.0,1.5,-125.0,180.0,-90.0
1789256171342,False,missing_prediction,nan,nan,nan,nan,nan,nan,nan,0.1,nan,nan,94.12507028147358,nan,nan,nan,-0.9595999999999998,-0.3103840579899339,2.4824097459012884,-96.76713986855046,14.426926614180648,167.86446890771128,nan,nan,nan,nan,nan,nan,-0.7115,-0.9596,0.3304,30.0,1.3679,-71.2792,1.5,0.0,1.5,-125.0,180.0,-90.0
1789256176392,False,missing_prediction,nan,nan,nan,nan,nan,nan,nan,0.1,nan,nan,93.83425897740226,nan,nan,nan,-0.9488999999999997,-0.2919638418556691,2.4545338488293202,-97.14254056405562,16.026593087705546,166.61731325294443,nan,nan,nan,nan,nan,nan,-0.6781,-0.9489,0.3313,30.0,1.3679,-69.2769,1.5,0.0,1.5,-125.0,180.0,-90.0
1789256181451,False,missing_prediction,nan,nan,nan,nan,nan,nan,nan,0.1,nan,nan,93.50488852437707,nan,nan,nan,-0.9370999999999998,-0.2737484987351508,2.4271248854231313,-97.55750739811624,17.6177647850198,165.34877302244374,nan,nan,nan,nan,nan,nan,-0.6452,-0.9371,0.3321,30.0,1.3679,-67.2748,1.5,0.0,1.5,-125.0,180.0,-90.0
1789256186557,False,missing_prediction,nan,nan,nan,nan,nan,nan,nan,0.1,nan,nan,93.13538177555576,nan,nan,nan,-0.9240999999999998,-0.25570522854553795,2.3999616676302296,-98.01355659551547,19.19982144710304,164.056190178715,nan,nan,nan,nan,nan,nan,-0.6126,-0.9241,0.3329,30.0,1.3679,-65.2725,1.5,0.0,1.5,-125.0,180.0,-90.0
1789256191659,False,missing_prediction,nan,nan,nan,nan,nan,nan,nan,0.1,nan,nan,92.72948026327335,nan,nan,nan,-0.9099999999999998,-0.23808801942216457,2.3732325834202657,-98.5122135939204,20.771529614169577,162.7372464499781,nan,nan,nan,nan,nan,nan,-0.5806,-0.91,0.3338,30.0,1.3679,-63.2703,1.5,0.0,1.5,-125.0,180.0,-90.0
1789256196757,False,missing_prediction,nan,nan,nan,nan,nan,nan,nan,0.1,nan,nan,92.28102074805643,nan,nan,nan,-0.8947999999999998,-0.22067568331253778,2.346970432876082,-99.05525419857565,22.331908206631063,161.3892524567549,nan,nan,nan,nan,nan,nan,-0.5491,-0.8948,0.3346,30.0,1.3679,-61.2681,1.5,0.0,1.5,-125.0,180.0,-90.0
1789256201858,False,missing_prediction,nan,nan,nan,nan,nan,nan,nan,0.1,nan,nan,91.79267981035488,nan,nan,nan,-0.8784999999999997,-0.20363205062551543,2.321060500710407,-99.6446018255156,23.879824706212226,160.0094580135762,nan,nan,nan,nan,nan,nan,-0.5181,-0.8785,0.3355,30.0,1.3679,-59.2659,1.5,0.0,1.5,-125.0,180.0,-90.0
1789256206944,False,missing_prediction,nan,nan,nan,nan,nan,nan,nan,0.1,nan,nan,91.2606282656761,nan,nan,nan,-0.8611999999999997,-0.1868506485958748,2.2956994174149408,-100.2823879701815,25.414142529937056,158.59490780847707,nan,nan,nan,nan,nan,nan,-0.4877,-0.8612,0.3363,30.0,1.3679,-57.2636,1.5,0.0,1.5,-125.0,180.0,-90.0
1789256212025,False,missing_prediction,nan,nan,nan,nan,nan,nan,nan,0.1,nan,nan,90.68429039387375,nan,nan,nan,-0.8426999999999998,-0.17041339242804482,2.270829825346048,-100.97082739287336,26.933406430518563,157.14271774691528,nan,nan,nan,nan,nan,nan,-0.4579,-0.8427,0.3371,30.0,1.3679,-55.2614,1.5,0.0,1.5,-125.0,180.0,-90.0
1789256217111,False,missing_prediction,nan,nan,nan,nan,nan,nan,nan,0.1,nan,nan,90.06740396788784,nan,nan,nan,-0.8232999999999998,-0.1544595549700895,2.2464762820645223,-101.7124129786428,28.436292965336875,155.64964464674622,nan,nan,nan,nan,nan,nan,-0.4288,-0.8233,0.338,30.0,1.3679,-53.2592,1.5,0.0,1.5,-125.0,180.0,-90.0
1789256222193,False,missing_prediction,nan,nan,nan,nan,nan,nan,nan,0.1,nan,nan,89.40317603052425,nan,nan,nan,-0.8027999999999997,-0.13882530581315095,2.222753502857634,-102.50983442637727,29.921366886362406,154.11228414548106,nan,nan,nan,nan,nan,nan,-0.4004,-0.8028,0.3388,30.0,1.3679,-51.2569,1.5,0.0,1.5,-125.0,180.0,-90.0
1789256227271,False,missing_prediction,nan,nan,nan,nan,nan,nan,nan,0.1,nan,nan,88.69405333677521,nan,nan,nan,-0.7813999999999998,-0.1235925601616582,2.1996041300817484,-103.36584679086947,31.386851656584103,152.5273079007892,nan,nan,nan,nan,nan,nan,-0.3727,-0.7814,0.3396,30.0,1.3679,-49.2547,1.5,0.0,1.5,-125.0,180.0,-90.0
1789256232354,False,missing_prediction,nan,nan,nan,nan,nan,nan,nan,0.1,nan,nan,87.94113748908298,nan,nan,nan,-0.7589999999999998,-0.10890059086367515,2.1770527212976587,-104.28350601830209,32.83106333813249,150.89100417917834,nan,nan,nan,nan,nan,nan,-0.3458,-0.759,0.3405,30.0,1.3679,-47.2525,1.5,0.0,1.5,-125.0,180.0,-90.0
1789256237441,False,missing_prediction,nan,nan,nan,nan,nan,nan,nan,0.1,nan,nan,87.13908426356896,nan,nan,nan,-0.7356999999999998,-0.0945282098667089,2.155132076588206,-105.2660051483421,34.2521012032654,149.19958796493592,nan,nan,nan,nan,nan,nan,-0.3196,-0.7357,0.3413,30.0,1.3679,-45.2503,1.5,0.0,1.5,-125.0,180.0,-90.0
1789256242527,False,missing_prediction,nan,nan,nan,nan,nan,nan,nan,0.1,nan,nan,86.29086078395576,nan,nan,nan,-0.7113999999999998,-0.08072940530609374,2.134030583923043,-106.31675399246605,35.647979338975055,147.4490474050246,nan,nan,nan,nan,nan,nan,-0.2944,-0.7114,0.3421,30.0,1.3679,-43.248,1.5,0.0,1.5,-125.0,180.0,-90.0
1789256247628,False,missing_prediction,nan,nan,nan,nan,nan,nan,nan,0.1,nan,nan,85.39788811771338,nan,nan,nan,-0.6863999999999998,-0.06741401945535319,2.1134451400452465,-107.43914582008163,37.016336838442136,145.63551467669296,nan,nan,nan,nan,nan,nan,-0.2699,-0.6864,0.343,30.0,1.3679,-41.2458,1.5,0.0,1.5,-125.0,180.0,-90.0
1789256252739,False,missing_prediction,nan,nan,nan,nan,nan,nan,nan,0.1,nan,nan,84.45489388548967,nan,nan,nan,-0.6603999999999998,-0.054590294836534825,2.0937362058553743,-108.63684305804037,38.354844256342666,143.75476896519234,nan,nan,nan,nan,nan,nan,-0.2464,-0.6604,0.3438,30.0,1.3679,-39.2436,1.5,0.0,1.5,-125.0,180.0,-90.0
1789256257818,False,missing_prediction,nan,nan,nan,nan,nan,nan,nan,0.1,nan,nan,83.46562703068535,nan,nan,nan,-0.6336999999999998,-0.042282789010432364,2.0747645085053623,-109.9135311568402,39.660912004169475,141.80262125855302,nan,nan,nan,nan,nan,nan,-0.2238,-0.6337,0.3446,30.0,1.3679,-37.2414,1.5,0.0,1.5,-125.0,180.0,-90.0
1789256262925,False,missing_prediction,nan,nan,nan,nan,nan,nan,nan,0.1,nan,nan,82.4306137175914,nan,nan,nan,-0.6061999999999997,-0.03057341718147477,2.0564726903515753,-111.27291628233068,40.93175054481038,139.77488001712175,nan,nan,nan,nan,nan,nan,-0.2021,-0.6062,0.3455,30.0,1.3679,-35.2392,1.5,0.0,1.5,-125.0,180.0,-90.0
1789256268042,False,missing_prediction,nan,nan,nan,nan,nan,nan,nan,0.1,nan,nan,81.34611664245575,nan,nan,nan,-0.5778999999999997,-0.019355706584439303,2.0390573818857125,-112.71873101801648,42.164422718026984,137.66731120243114,nan,nan,nan,nan,nan,nan,-0.1814,-0.5779,0.3463,30.0,1.3679,-33.2369,1.5,0.0,1.5,-125.0,180.0,-90.0
1789256273123,False,missing_prediction,nan,nan,nan,nan,nan,nan,nan,0.1,nan,nan,80.21670809044076,nan,nan,nan,-0.5489999999999998,-0.00871157242375492,2.0224612254641383,-114.2543543961505,43.35559399772045,135.47614881331776,nan,nan,nan,nan,nan,nan,-0.1617,-0.549,0.3471,30.0,1.3679,-31.2347,1.5,0.0,1.5,-125.0,180.0,-90.0
1789256278205,False,missing_prediction,nan,nan,nan,nan,nan,nan,nan,0.1,nan,nan,79.04431558871356,nan,nan,nan,-0.5193999999999998,0.0012197124525145098,2.006708778647647,-115.88313764898459,44.501900736406625,133.19756964666132,nan,nan,nan,nan,nan,nan,-0.1431,-0.5194,0.348,30.0,1.3679,-29.2325,1.5,0.0,1.5,-125.0,180.0,-90.0
1789256283299,False,missing_prediction,nan,nan,nan,nan,nan,nan,nan,0.1,nan,nan,77.82265111441178,nan,nan,nan,-0.48909999999999976,0.010716693740496774,1.9917509263146511,-117.60807916265367,45.599759337505766,130.82811762699944,nan,nan,nan,nan,nan,nan,-0.1254,-0.4891,0.3488,30.0,1.3679,-27.2302,1.5,0.0,1.5,-125.0,180.0,-90.0
1789256288372,False,missing_prediction,nan,nan,nan,nan,nan,nan,nan,0.1,nan,nan,76.56043851956174,nan,nan,nan,-0.45829999999999976,0.01952538330485787,1.977776056434802,-119.43139292445319,46.64522267146165,128.36522953647736,nan,nan,nan,nan,nan,nan,-0.1089,-0.4583,0.3496,30.0,1.3679,-25.228,1.5,0.0,1.5,-125.0,180.0,-90.0
1789256293470,False,missing_prediction,nan,nan,nan,nan,nan,nan,nan,0.1,nan,nan,75.25534924459618,nan,nan,nan,-0.4267999999999998,0.027678581228439025,1.9645629809556067,-121.35485096549606,47.63432865443729,125.80669843033004,nan,nan,nan,nan,nan,nan,-0.0934,-0.4268,0.3505,30.0,1.3679,-23.2258,1.5,0.0,1.5,-125.0,180.0,-90.0
1789256298567,False,missing_prediction,nan,nan,nan,nan,nan,nan,nan,0.1,nan,nan,73.91084987956991,nan,nan,nan,-0.39489999999999975,0.035225402632827696,1.9523902455731932,-123.37925034588135,48.56290778766112,123.15133465467024,nan,nan,nan,nan,nan,nan,-0.0791,-0.3949,0.3513,30.0,1.3679,-21.2236,1.5,0.0,1.5,-125.0,180.0,-90.0
1789256303664,False,missing_prediction,nan,nan,nan,nan,nan,nan,nan,0.1,nan,nan,72.52652506477506,nan,nan,nan,-0.36249999999999977,0.04219864760086539,1.9410366622350688,-125.50439883198442,49.426721928434404,120.39891566313632,nan,nan,nan,nan,nan,nan,-0.0658,-0.3625,0.3521,30.0,1.3679,-19.2213,1.5,0.0,1.5,-125.0,180.0,-90.0
1789256308759,False,missing_prediction,nan,nan,nan,nan,nan,nan,nan,0.1,nan,nan,71.10831909981093,nan,nan,nan,-0.3295999999999998,0.04840168564085301,1.930608703706456,-127.72847457197433,50.221349152352914,117.55095055501326,nan,nan,nan,nan,nan,nan,-0.0537,-0.3296,0.353,30.0,1.3679,-17.2191,1.5,0.0,1.5,-125.0,180.0,-90.0
1789256313843,False,missing_prediction,nan,nan,nan,nan,nan,nan,nan,0.1,nan,nan,69.65720114223042,nan,nan,nan,-0.2963999999999998,0.0539983471616482,1.9212210852746252,-130.04846138470396,50.942510757679706,114.6100559777574,nan,nan,nan,nan,nan,nan,-0.0428,-0.2964,0.3538,30.0,1.3679,-15.2169,1.5,0.0,1.5,-125.0,180.0,-90.0
1789256318968,False,missing_prediction,nan,nan,nan,nan,nan,nan,nan,0.1,nan,nan,68.17283525594276,nan,nan,nan,-0.26269999999999977,0.05896407460245723,1.9127345340915123,-132.45955335389542,51.58597636691231,111.58067616671343,nan,nan,nan,nan,nan,nan,-0.033,-0.2627,0.3546,30.0,1.3679,-13.2147,1.5,0.0,1.5,-125.0,180.0,-90.0
1789256324058,False,missing_prediction,nan,nan,nan,nan,nan,nan,nan,0.1,nan,nan,66.66607954118483,nan,nan,nan,-0.22879999999999978,0.06315959511521618,1.905173607717911,-134.9551279585275,52.14770171735527,108.46907758516997,nan,nan,nan,nan,nan,nan,-0.0244,-0.2288,0.3555,30.0,1.3679,-11.2125,1.5,0.0,1.5,-125.0,180.0,-90.0
1789256329172,False,missing_prediction,nan,nan,nan,nan,nan,nan,nan,0.1,nan,nan,65.13386139068398,nan,nan,nan,-0.19459999999999977,0.0667487391087827,1.8986530214410915,-137.52681174869014,52.623952176006995,105.28325183061146,nan,nan,nan,nan,nan,nan,-0.017,-0.1946,0.3563,30.0,1.3679,-9.2102,1.5,0.0,1.5,-125.0,180.0,-90.0
1789256334273,False,missing_prediction,nan,nan,nan,nan,nan,nan,nan,0.1,nan,nan,63.581371363826946,nan,nan,nan,-0.16009999999999977,0.069649591378728,1.893115417617419,-140.16398336768466,53.011318276963024,102.03353443423607,nan,nan,nan,nan,nan,nan,-0.0108,-0.1601,0.3571,30.0,1.3679,-7.208,1.5,0.0,1.5,-125.0,180.0,-90.0
1789256339350,False,missing_prediction,nan,nan,nan,nan,nan,nan,nan,0.1,nan,nan,62.01751757919499,nan,nan,nan,-0.12549999999999978,0.07178023672062317,1.8885034386032582,-142.85466537603955,53.30696379294775,98.73152828186909,nan,nan,nan,nan,nan,nan,-0.0058,-0.1255,0.358,30.0,1.3679,-5.2058,1.5,0.0,1.5,-125.0,180.0,-90.0
1789256344447,False,missing_prediction,nan,nan,nan,nan,nan,nan,nan,0.1,nan,nan,60.439678139294394,nan,nan,nan,-0.09059999999999976,0.07324714789969083,1.8850137148903081,-145.58524038736593,53.508623104877245,95.39050950452739,nan,nan,nan,nan,nan,nan,-0.0021,-0.0906,0.3588,30.0,1.3679,-3.2036,1.5,0.0,1.5,-125.0,180.0,-90.0
1789256349542,False,missing_prediction,nan,nan,nan,nan,nan,nan,nan,0.1,nan,nan,58.8564024078407,nan,nan,nan,-0.055699999999999764,0.07408312499877234,1.8824250584260758,-148.34104429750388,53.614711803812156,92.02477235367226,nan,nan,nan,nan,nan,nan,0.0005,-0.0557,0.3596,30.0,1.3679,-1.2013,1.5,0.0,1.5,-125.0,180.0,-90.0
1789256354650,False,missing_prediction,nan,nan,nan,nan,nan,nan,nan,0.1,nan,nan,57.27483098458522,nan,nan,nan,-0.02069999999999977,0.07409153752616865,1.880843941975784,-151.1062287774541,53.624370227750724,88.6498878076401,nan,nan,nan,nan,nan,nan,0.0018,-0.0207,0.3605,30.0,1.3679,0.8009,1.5,0.0,1.5,-125.0,180.0,-90.0
1789256359735,False,missing_prediction,nan,nan,nan,nan,nan,nan,nan,0.1,nan,nan,55.69574685323816,nan,nan,nan,0.014300000000000231,0.07349357353437252,1.8803031656222744,-153.86506118957382,53.537528284343985,85.28122019841005,nan,nan,nan,nan,nan,nan,0.0019,0.0143,0.3613,30.0,1.3679,2.8031,1.5,0.0,1.5,-125.0,180.0,-90.0
1789256364832,False,missing_prediction,nan,nan,nan,nan,nan,nan,nan,0.1,nan,nan,54.125545551696,nan,nan,nan,0.04930000000000023,0.07220731781895517,1.8807453717219116,-156.60200640672957,53.35487096799304,81.93393603612923,nan,nan,nan,nan,nan,nan,0.0008,0.0493,0.3621,30.0,1.3679,4.8054,1.5,0.0,1.5,-125.0,180.0,-90.0
1789256369903,False,missing_prediction,nan,nan,nan,nan,nan,nan,nan,0.1,nan,nan,52.572670845392146,nan,nan,nan,0.08420000000000023,0.07015085517548769,1.8821132026310603,-159.30179877482036,53.077860226252525,78.62302281063866,nan,nan,nan,nan,nan,nan,-0.0015,0.0842,0.363,30.0,1.3679,6.8076,1.5,0.0,1.5,-125.0,180.0,-90.0
1789256374974,False,missing_prediction,nan,nan,nan,nan,nan,nan,nan,0.1,nan,nan,51.039554253557476,nan,nan,nan,0.11900000000000023,0.06743065836919271,1.8846032888414197,-161.9506920144776,52.70862522002006,75.36185550764125,nan,nan,nan,nan,nan,nan,-0.0051,0.119,0.3638,30.0,1.3679,8.8098,1.5,0.0,1.5,-125.0,180.0,-90.0
1789256380052,False,missing_prediction,nan,nan,nan,nan,nan,nan,nan,0.1,nan,nan,49.529849977779364,nan,nan,nan,0.15370000000000023,0.06407952748291162,1.8879944423004973,-164.53625790542483,52.24991619996767,72.16251908520368,nan,nan,nan,nan,nan,nan,-0.0098,0.1537,0.3646,30.0,1.3679,10.812,1.5,0.0,1.5,-125.0,180.0,-90.0
1789256385183,False,missing_prediction,nan,nan,nan,nan,nan,nan,nan,0.1,nan,nan,48.05528069895169,nan,nan,nan,0.18820000000000023,0.05990083202494523,1.8923931357735153,-167.04777139279065,51.70500325784126,69.03539216656094,nan,nan,nan,nan,nan,nan,-0.0158,0.1882,0.3655,30.0,1.3679,12.8142,1.5,0.0,1.5,-125.0,180.0,-90.0
1789256390269,False,missing_prediction,nan,nan,nan,nan,nan,nan,nan,0.1,nan,nan,46.6154231405559,nan,nan,nan,0.22250000000000023,0.05511576004778651,1.8978321693433151,-169.47635204384977,51.077572279476655,65.98900483634371,nan,nan,nan,nan,nan,nan,-0.023,0.2225,0.3663,30.0,1.3679,14.8164,1.5,0.0,1.5,-125.0,180.0,-90.0
1789256395377,False,missing_prediction,nan,nan,nan,nan,nan,nan,nan,0.1,nan,nan,45.21893535584094,nan,nan,nan,0.25650000000000023,0.04961783878621273,1.9041149125181978,-171.81511821662085,50.37158113282065,63.02985265503499,nan,nan,nan,nan,nan,nan,-0.0313,0.2565,0.3672,30.0,1.3679,16.8187,1.5,0.0,1.5,-125.0,180.0,-90.0
1789256400441,False,missing_prediction,nan,nan,nan,nan,nan,nan,nan,0.1,nan,nan,43.87032577355809,nan,nan,nan,0.29020000000000024,0.04345618336181151,1.9115199109942913,-174.05867546631035,49.591301440873536,60.163031527645295,nan,nan,nan,nan,nan,nan,-0.0409,0.2902,0.368,30.0,1.3679,18.8209,1.5,0.0,1.5,-125.0,180.0,-90.0
1789256405526,False,missing_prediction,nan,nan,nan,nan,nan,nan,nan,0.1,nan,nan,42.57443154059397,nan,nan,nan,0.32350000000000023,0.036663593857424126,1.9198259767191026,-176.20369880519078,48.74101164696222,57.391468761723985,nan,nan,nan,nan,nan,nan,-0.0516,0.3235,0.3688,30.0,1.3679,20.8231,1.5,0.0,1.5,-125.0,180.0,-90.0
1789256410603,False,missing_prediction,nan,nan,nan,nan,nan,nan,nan,0.1,nan,nan,41.33803801655063,nan,nan,nan,0.3565000000000002,0.029100797424986613,1.9290576672534256,-178.2483918243431,47.82500336818034,54.71655532577913,nan,nan,nan,nan,nan,nan,-0.0635,0.3565,0.3697,30.0,1.3679,22.8254,1.5,0.0,1.5,-125.0,180.0,-90.0
1789256415685,False,missing_prediction,nan,nan,nan,nan,nan,nan,nan,0.1,nan,nan,40.1631622673632,nan,nan,nan,0.38900000000000023,0.020988982116991795,1.9392477826801018,179.80799554693886,46.84766381518975,52.13872238589442,nan,nan,nan,nan,nan,nan,-0.0765,0.389,0.3705,30.0,1.3679,24.8276,1.5,0.0,1.5,-125.0,180.0,-90.0
1789256420778,False,missing_prediction,nan,nan,nan,nan,nan,nan,nan,0.1,nan,nan,39.057602746478956,nan,nan,nan,0.4210000000000002,0.012188875085375694,1.9504208805599246,177.9647643572448,45.81314405973774,49.65684890150409,nan,nan,nan,nan,nan,nan,-0.0907,0.421,0.3713,30.0,1.3679,26.8298,1.5,0.0,1.5,-125.0,180.0,-90.0
1789256425900,False,missing_prediction,nan,nan,nan,nan,nan,nan,nan,0.1,nan,nan,38.02563507049177,nan,nan,nan,0.45250000000000024,0.0026759187693445874,1.9624376880448302,176.22030384504845,44.72543965375422,47.26889132819374,nan,nan,nan,nan,nan,nan,-0.106,0.4525,0.3722,30.0,1.3679,28.8321,1.5,0.0,1.5,-125.0,180.0,-90.0
1789256430987,False,missing_prediction,nan,nan,nan,nan,nan,nan,nan,0.1,nan,nan,37.06561504796812,nan,nan,nan,0.4835000000000002,-0.007328698778608644,1.97533100521766,174.57252692587267,43.58853472555412,44.97241553009827,nan,nan,nan,nan,nan,nan,-0.1223,0.4835,0.373,30.0,1.3679,30.8343,1.5,0.0,1.5,-125.0,180.0,-90.0
1789256436055,False,missing_prediction,nan,nan,nan,nan,nan,nan,nan,0.1,nan,nan,36.18671848197104,nan,nan,nan,0.5138000000000003,-0.017964250406548088,1.9891253896392076,173.01852603341845,42.40605453722276,42.764058793009454,nan,nan,nan,nan,nan,nan,-0.1397,0.5138,0.3738,30.0,1.3679,32.8365,1.5,0.0,1.5,-125.0,180.0,-90.0
1789256441158,False,missing_prediction,nan,nan,nan,nan,nan,nan,nan,0.1,nan,nan,35.391915162385054,nan,nan,nan,0.5436000000000002,-0.029312651318902483,2.003763483665838,171.55508315821965,41.181467980402,40.640167064953054,nan,nan,nan,nan,nan,nan,-0.1582,0.5436,0.3747,30.0,1.3679,34.8387,1.5,0.0,1.5,-125.0,180.0,-90.0
1789256446259,False,missing_prediction,nan,nan,nan,nan,nan,nan,nan,0.1,nan,nan,34.67999269352551,nan,nan,nan,0.5727000000000002,-0.041152713463179114,2.0192780873803926,170.17871415108547,39.91802934691236,38.59680610100168,nan,nan,nan,nan,nan,nan,-0.1777,0.5727,0.3755,30.0,1.3679,36.8409,1.5,0.0,1.5,-125.0,180.0,-90.0
1789256451324,False,missing_prediction,nan,nan,nan,nan,nan,nan,nan,0.1,nan,nan,34.05552897249329,nan,nan,nan,0.6010000000000002,-0.053566352043806775,2.035611843139236,168.8857802563535,38.61877874894952,36.62987178663645,nan,nan,nan,nan,nan,nan,-0.1982,0.601,0.3763,30.0,1.3679,38.8431,1.5,0.0,1.5,-125.0,180.0,-90.0
1789256456440,False,missing_prediction,nan,nan,nan,nan,nan,nan,nan,0.1,nan,nan,33.520464062524,nan,nan,nan,0.6287000000000003,-0.06663548226521432,2.0527073932987334,167.67252020335906,37.28647946667285,34.73508671509053,nan,nan,nan,nan,nan,nan,-0.2197,0.6287,0.3772,30.0,1.3679,40.8454,1.5,0.0,1.5,-125.0,180.0,-90.0
1789256461562,False,missing_prediction,nan,nan,nan,nan,nan,nan,nan,0.1,nan,nan,33.07278309386483,nan,nan,nan,0.6556000000000002,-0.08019627371854404,2.070679453146155,166.53536072162834,35.923893502510445,32.90844585973763,nan,nan,nan,nan,nan,nan,-0.2422,0.6556,0.378,30.0,1.3679,42.8476,1.5,0.0,1.5,-125.0,180.0,-90.0
1789256466634,False,missing_prediction,nan,nan,nan,nan,nan,nan,nan,0.1,nan,nan,32.71177907970406,nan,nan,nan,0.6816000000000002,-0.09421592632095466,2.0893068346290073,165.47060924886094,34.53339199828453,31.145703649828473,nan,nan,nan,nan,nan,nan,-0.2655,0.6816,0.3788,30.0,1.3679,44.8498,1.5,0.0,1.5,-125.0,180.0,-90.0
1789256471720,False,missing_prediction,nan,nan,nan,nan,nan,nan,nan,0.1,nan,nan,32.44105905361842,nan,nan,nan,0.7069000000000002,-0.1088910705641451,2.108696010512514,164.4746942803452,33.117159742756016,29.44271297563826,nan,nan,nan,nan,nan,nan,-0.2898,0.7069,0.3797,30.0,1.3679,46.8521,1.5,0.0,1.5,-125.0,180.0,-90.0
1789256476812,False,missing_prediction,nan,nan,nan,nan,nan,nan,nan,0.1,nan,nan,32.252951290820825,nan,nan,nan,0.7313000000000002,-0.12394316075198764,2.1287978656750868,163.54432921899877,31.67742555502609,27.795695246474523,nan,nan,nan,nan,nan,nan,-0.3149,0.7313,0.3805,30.0,1.3679,48.8543,1.5,0.0,1.5,-125.0,180.0,-90.0
1789256481890,False,missing_prediction,nan,nan,nan,nan,nan,nan,nan,0.1,nan,nan,32.14888713581666,nan,nan,nan,0.7548000000000002,-0.13951146973254597,2.1496369576775196,162.6762358519911,30.216049925640135,26.20075027170977,nan,nan,nan,nan,nan,nan,-0.3409,0.7548,0.3813,30.0,1.3679,50.8565,1.5,0.0,1.5,-125.0,180.0,-90.0
1789256487017,False,missing_prediction,nan,nan,nan,nan,nan,nan,nan,0.1,nan,nan,32.12705047048347,nan,nan,nan,0.7773000000000002,-0.15562055506661415,2.171074013671749,161.86736079313164,28.734818898248683,24.65421158929897,nan,nan,nan,nan,nan,nan,-0.3677,0.7773,0.3822,30.0,1.3679,52.8587,1.5,0.0,1.5,-125.0,180.0,-90.0
1789256492098,False,missing_prediction,nan,nan,nan,nan,nan,nan,nan,0.1,nan,nan,32.17880355082123,nan,nan,nan,0.7989000000000003,-0.1720492287016991,2.1931418337406154,161.1147962664097,27.23531045730881,23.152492436836106,nan,nan,nan,nan,nan,nan,-0.3952,0.7989,0.383,30.0,1.3679,54.861,1.5,0.0,1.5,-125.0,180.0,-90.0
1789256497190,False,missing_prediction,nan,nan,nan,nan,nan,nan,nan,0.1,nan,nan,32.3042789453561,nan,nan,nan,0.8196000000000002,-0.1889367634858648,2.215864975444913,160.41593157532438,25.719206353547968,21.692385278824958,nan,nan,nan,nan,nan,nan,-0.4235,0.8196,0.3838,30.0,1.3679,56.8632,1.5,0.0,1.5,-125.0,180.0,-90.0
1789256502274,False,missing_prediction,nan,nan,nan,nan,nan,nan,nan,0.1,nan,nan,32.50031149870802,nan,nan,nan,0.8392000000000002,-0.2063077169799053,2.2391041659365776,159.7682283803941,24.18785343984122,20.27061031799518,nan,nan,nan,nan,nan,nan,-0.4525,0.8392,0.3847,30.0,1.3679,58.8654,1.5,0.0,1.5,-125.0,180.0,-90.0
1789256507368,False,missing_prediction,nan,nan,nan,nan,nan,nan,nan,0.1,nan,nan,32.757788023211134,nan,nan,nan,0.8578000000000002,-0.22394090113132742,2.262892205298451,159.16937180303395,22.642572578417816,18.884113142669673,nan,nan,nan,nan,nan,nan,-0.4821,0.8578,0.3855,30.0,1.3679,60.8676,1.5,0.0,1.5,-125.0,180.0,-90.0
1789256512455,False,missing_prediction,nan,nan,nan,nan,nan,nan,nan,0.1,nan,nan,33.075926039014654,nan,nan,nan,0.8754000000000002,-0.2419755887881953,2.287253651091327,158.61722781882676,21.084593716516004,17.529982298170655,nan,nan,nan,nan,nan,nan,-0.5124,0.8754,0.3863,30.0,1.3679,62.8698,1.5,0.0,1.5,-125.0,180.0,-90.0
1789256517517,False,missing_prediction,nan,nan,nan,nan,nan,nan,nan,0.1,nan,nan,33.451310238398385,nan,nan,nan,0.8919000000000002,-0.26043633751130274,2.3120492304671405,158.10981419135516,19.51498610952249,16.205376105013734,nan,nan,nan,nan,nan,nan,-0.5433,0.8919,0.3872,30.0,1.3679,64.8721,1.5,0.0,1.5,-125.0,180.0,-90.0
1789256522615,False,missing_prediction,nan,nan,nan,nan,nan,nan,nan,0.1,nan,nan,33.87483535235349,nan,nan,nan,0.9073000000000002,-0.2791019592481569,2.3373117435087343,157.64539406146827,17.93498072865032,14.90777710642275,nan,nan,nan,nan,nan,nan,-0.5747,0.9073,0.388,30.0,1.3679,66.8743,1.5,0.0,1.5,-125.0,180.0,-90.0
1789256527707,False,missing_prediction,nan,nan,nan,nan,nan,nan,nan,0.1,nan,nan,34.3455512606817,nan,nan,nan,0.9216000000000002,-0.29811172684682147,2.363065747776901,157.22231813261715,16.345507513598815,13.634586048124486,nan,nan,nan,nan,nan,nan,-0.6067,0.9216,0.3888,30.0,1.3679,68.8765,1.5,0.0,1.5,-125.0,180.0,-90.0
1789256532814,False,missing_prediction,nan,nan,nan,nan,nan,nan,nan,0.1,nan,nan,34.86003480274406,nan,nan,nan,0.9348000000000002,-0.31743284022445545,2.3890900552191483,156.8391040043275,14.747435536533121,12.383316169948941,nan,nan,nan,nan,nan,nan,-0.6391,0.9348,0.3897,30.0,1.3679,70.8788,1.5,0.0,1.5,-125.0,180.0,-90.0
1789256537899,False,missing_prediction,nan,nan,nan,nan,nan,nan,nan,0.1,nan,nan,35.41093449620032,nan,nan,nan,0.9468000000000002,-0.33695882661583615,2.415581296327175,156.4944784075971,13.141821188041643,11.15176533761847,nan,nan,nan,nan,nan,nan,-0.672,0.9468,0.3905,30.0,1.3679,72.881,1.5,0.0,1.5,-125.0,180.0,-90.0
1789256542970,False,missing_prediction,nan,nan,nan,nan,nan,nan,nan,0.1,nan,nan,35.99675142196386,nan,nan,nan,0.9577000000000002,-0.35671424358175713,2.442400198252918,156.18725686562482,11.529435398066592,9.937631360135333,nan,nan,nan,nan,nan,nan,-0.7053,0.9577,0.3913,30.0,1.3679,74.8832,1.5,0.0,1.5,-125.0,180.0,-90.0
1789256548079,False,missing_prediction,nan,nan,nan,nan,nan,nan,nan,0.1,nan,nan,36.614988416448334,nan,nan,nan,0.9674000000000003,-0.3767236486830124,2.4694074881483123,155.91641694520303,9.91108825809863,8.73875303964667,nan,nan,nan,nan,nan,nan,-0.7389,0.9674,0.3922,30.0,1.3679,76.8854,1.5,0.0,1.5,-125.0,180.0,-90.0
1789256553148,False,missing_prediction,nan,nan,nan,nan,nan,nan,nan,0.1,nan,nan,37.26029554737895,nan,nan,nan,0.9760000000000002,-0.39688056915437914,2.496799796505057,155.68106251844335,8.28747359145165,7.552978434407819,nan,nan,nan,nan,nan,nan,-0.7729,0.976,0.393,30.0,1.3679,78.8877,1.5,0.0,1.5,-125.0,180.0,-90.0
1789256558236,False,missing_prediction,nan,nan,nan,nan,nan,nan,nan,0.1,nan,nan,37.92923107270062,nan,nan,nan,0.9833000000000002,-0.41715220491301613,2.52435593527066,155.48046481472252,6.659498630715997,6.378391392904169,nan,nan,nan,nan,nan,nan,-0.8071,0.9833,0.3938,30.0,1.3679,80.8899,1.5,0.0,1.5,-125.0,180.0,-90.0
1789256563312,False,missing_prediction,nan,nan,nan,nan,nan,nan,nan,0.1,nan,nan,38.62252678623269,nan,nan,nan,0.9894000000000002,-0.4376778288069873,2.5521004620059142,155.31398835359835,5.027802227686431,5.212946829237713,nan,nan,nan,nan,nan,nan,-0.8416,0.9894,0.3947,30.0,1.3679,82.8921,1.5,0.0,1.5,-125.0,180.0,-90.0
1789256568407,False,missing_prediction,nan,nan,nan,nan,nan,nan,nan,0.1,nan,nan,39.334533731998384,nan,nan,nan,0.9944000000000002,-0.4582362527837997,2.580066176793661,155.1811309130889,3.3930018406232527,4.054641004266427,nan,nan,nan,nan,nan,nan,-0.8763,0.9944,0.3955,30.0,1.3679,84.8944,1.5,0.0,1.5,-125.0,180.0,-90.0
1789256573484,False,missing_prediction,nan,nan,nan,nan,nan,nan,nan,0.1,nan,nan,40.06473480440591,nan,nan,nan,0.9981000000000002,-0.47893394960867625,2.608056449142202,155.08153758957405,1.7560254980455248,2.9017311574705924,nan,nan,nan,nan,nan,nan,-0.9111,0.9981,0.3964,30.0,1.3679,86.8965,1.5,0.0,1.5,-125.0,180.0,-90.0
1789256578561,False,missing_prediction,nan,nan,nan,nan,nan,nan,nan,0.1,nan,nan,40.808645637840556,nan,nan,nan,1.0006000000000002,-0.4996070888727589,2.636185994338807,155.014938626704,0.11721705464168584,1.7520918597312682,nan,nan,nan,nan,nan,nan,-0.946,1.0006,0.3972,30.0,1.3679,88.8988,1.5,0.0,1.5,-125.0,180.0,-90.0
1789256583636,False,missing_prediction,nan,nan,nan,nan,nan,nan,nan,0.1,nan,nan,41.56634958376528,nan,nan,nan,1.0019000000000002,-0.5203375857804768,2.664397454739841,154.98121814312557,-1.5225150996869568,0.6040122603885739,nan,nan,nan,nan,nan,nan,-0.981,1.0019,0.398,30.0,1.3679,90.901,1.5,0.0,1.5,-125.0,180.0,-90.0
1789256588770,False,missing_prediction,nan,nan,nan,nan,nan,nan,nan,0.1,nan,nan,42.33679082808527,nan,nan,nan,1.0019000000000002,-0.5411499978926235,2.69255155749724,154.98036492422546,-3.1625936446361447,-0.5444460254496466,nan,nan,nan,nan,nan,nan,-1.016,1.0019,0.3989,30.0,1.3679,92.9032,1.5,0.0,1.5,-125.0,180.0,-90.0
1789256593856,False,missing_prediction,nan,nan,nan,nan,nan,nan,nan,0.1,nan,nan,43.11603643516324,nan,nan,nan,1.0007000000000001,-0.5618804948003413,2.720763017898274,155.01249363295673,-4.802359224407114,-1.6951708006639576,nan,nan,nan,nan,nan,nan,-1.051,1.0007,0.3997,30.0,1.3679,94.9054,1.5,0.0,1.5,-125.0,180.0,-90.0
1789256598917,False,missing_prediction,nan,nan,nan,nan,nan,nan,nan,0.1,nan,nan,43.90461882684564,nan,nan,nan,0.9983000000000002,-0.5826109917080591,2.7489744782993073,155.07784595703916,-6.441229995567083,-2.8501239987420774,nan,nan,nan,nan,nan,nan,-1.086,0.9983,0.4005,30.0,1.3679,96.9077,1.5,0.0,1.5,-125.0,180.0,-90.0
1789256603989,False,missing_prediction,nan,nan,nan,nan,nan,nan,nan,0.1,nan,nan,44.70227775362077,nan,nan,nan,0.9947000000000003,-0.6033086885329355,2.7769647506478483,155.17677784068275,-8.078370132253482,-4.011120329488189,nan,nan,nan,nan,nan,nan,-1.1208,0.9947,0.4014,30.0,1.3679,98.9099,1.5,0.0,1.5,-125.0,180.0,-90.0
1789256609102,False,missing_prediction,nan,nan,nan,nan,nan,nan,nan,0.1,nan,nan,45.505108778787765,nan,nan,nan,0.9899000000000002,-0.6238671125097481,2.8049304654355955,155.30978173414246,-9.713176726302557,-5.180182985945597,nan,nan,nan,nan,nan,nan,-1.1555,0.9899,0.4022,30.0,1.3679,100.9121,1.5,0.0,1.5,-125.0,180.0,-90.0
1789256614192,False,missing_prediction,nan,nan,nan,nan,nan,nan,nan,0.1,nan,nan,46.31355070487507,nan,nan,nan,0.9839000000000002,-0.6443108211992905,2.832732349814485,155.4774879275566,-11.345029315780296,-6.359382429128404,nan,nan,nan,nan,nan,nan,-1.19,0.9839,0.403,30.0,1.3679,102.9144,1.5,0.0,1.5,-125.0,180.0,-90.0
1789256619277,False,missing_prediction,nan,nan,nan,nan,nan,nan,nan,0.1,nan,nan,47.12704344056349,nan,nan,nan,0.9766000000000002,-0.6646643721623562,2.8602311309364525,155.68063599253188,-12.973041319133463,-7.550668202593621,nan,nan,nan,nan,nan,nan,-1.2242,0.9766,0.4039,30.0,1.3679,104.9166,1.5,0.0,1.5,-125.0,180.0,-90.0
1789256624391,False,missing_prediction,nan,nan,nan,nan,nan,nan,nan,0.1,nan,nan,47.94382019758973,nan,nan,nan,0.9682000000000002,-0.6848212926337232,2.8876234392931974,155.92012999537351,-14.59654424294637,-8.756232772351714,nan,nan,nan,nan,nan,nan,-1.2582,0.9682,0.4047,30.0,1.3679,106.9188,1.5,0.0,1.5,-125.0,180.0,-90.0
1789256629461,False,missing_prediction,nan,nan,nan,nan,nan,nan,nan,0.1,nan,nan,48.76354122583124,nan,nan,nan,0.9586000000000002,-0.7048061401741845,2.9147700020366556,156.19701256384292,-16.214756357251797,-9.978287588132654,nan,nan,nan,nan,nan,nan,-1.2919,0.9586,0.4055,30.0,1.3679,108.921,1.5,0.0,1.5,-125.0,180.0,-90.0
1789256634543,False,missing_prediction,nan,nan,nan,nan,nan,nan,nan,0.1,nan,nan,49.58678492952853,nan,nan,nan,0.9478000000000002,-0.7246434723445345,2.941531546318763,156.5124789608428,-17.82685878979843,-11.21913310528154,nan,nan,nan,nan,nan,nan,-1.3252,0.9478,0.4064,30.0,1.3679,110.9232,1.5,0.0,1.5,-125.0,180.0,-90.0
1789256639619,False,missing_prediction,nan,nan,nan,nan,nan,nan,nan,0.1,nan,nan,50.410853229296805,nan,nan,nan,0.9359000000000002,-0.7441694587359151,2.9680227874267904,156.86790317838629,-19.43206961165694,-12.481234183273079,nan,nan,nan,nan,nan,nan,-1.3581,0.9359,0.4072,30.0,1.3679,112.9255,1.5,0.0,1.5,-125.0,180.0,-90.0
1789256644726,False,missing_prediction,nan,nan,nan,nan,nan,nan,nan,0.1,nan,nan,51.235699704357934,nan,nan,nan,0.9228000000000002,-0.7634660145527554,2.9941863677171012,157.26477298964812,-21.029317141429065,-13.766979101063136,nan,nan,nan,nan,nan,nan,-1.3906,0.9228,0.408,30.0,1.3679,114.9277,1.5,0.0,1.5,-125.0,180.0,-90.0
1789256649803,False,missing_prediction,nan,nan,nan,nan,nan,nan,nan,0.1,nan,nan,52.06296162184547,nan,nan,nan,0.9086000000000002,-0.7825576973558488,3.0198830143416333,157.70480501510298,-22.617714131396532,-15.079070086057458,nan,nan,nan,nan,nan,nan,-1.4226,0.9086,0.4089,30.0,1.3679,116.9299,1.5,0.0,1.5,-125.0,180.0,-90.0
1789256654921,False,missing_prediction,nan,nan,nan,nan,nan,nan,nan,0.1,nan,nan,52.88916712254659,nan,nan,nan,0.8933000000000002,-0.8012806767363381,3.0452274425876555,158.18988501350555,-24.196229206171644,-16.420285169978253,nan,nan,nan,nan,nan,nan,-1.4541,0.8933,0.4097,30.0,1.3679,118.9321,1.5,0.0,1.5,-125.0,180.0,-90.0
1789256660028,False,missing_prediction,nan,nan,nan,nan,nan,nan,nan,0.1,nan,nan,53.71417513485887,nan,nan,nan,0.8768000000000002,-0.8196595102550166,3.070080379607105,158.72212202619264,-25.763837057071246,-17.79362303163537,nan,nan,nan,nan,nan,nan,-1.485,0.8768,0.4105,30.0,1.3679,120.9344,1.5,0.0,1.5,-125.0,180.0,-90.0
1789256665141,False,missing_prediction,nan,nan,nan,nan,nan,nan,nan,0.1,nan,nan,54.54165985626041,nan,nan,nan,0.8594000000000003,-0.8377761131163133,3.0943844677563455,159.30374950959848,-27.319196933298432,-19.202039938796965,nan,nan,nan,nan,nan,nan,-1.5153,0.8594,0.4114,30.0,1.3679,122.9366,1.5,0.0,1.5,-125.0,180.0,-90.0
1789256670230,False,missing_prediction,nan,nan,nan,nan,nan,nan,nan,0.1,nan,nan,55.36554304292864,nan,nan,nan,0.8408000000000002,-0.8554666549113705,3.1182544223226474,159.93729431996542,-28.861112792761308,-20.648873574464286,nan,nan,nan,nan,nan,nan,-1.545,0.8408,0.4122,30.0,1.3679,124.9388,1.5,0.0,1.5,-125.0,180.0,-90.0
1789256675345,False,missing_prediction,nan,nan,nan,nan,nan,nan,nan,0.1,nan,nan,56.189669428003555,nan,nan,nan,0.8213000000000003,-0.8728130508446172,3.1416328856623763,160.62551780153652,-30.388284866696242,-22.13765773093789,nan,nan,nan,nan,nan,nan,-1.5741,0.8213,0.413,30.0,1.3679,126.9411,1.5,0.0,1.5,-125.0,180.0,-90.0
1789256680428,False,missing_prediction,nan,nan,nan,nan,nan,nan,nan,0.1,nan,nan,57.01255708411081,nan,nan,nan,0.8007000000000002,-0.8897825008332119,3.164298669723039,161.3713090814551,-31.89907243352234,-23.671901174728646,nan,nan,nan,nan,nan,nan,-1.6024,0.8007,0.4139,30.0,1.3679,128.9433,1.5,0.0,1.5,-125.0,180.0,-90.0
1789256685547,False,missing_prediction,nan,nan,nan,nan,nan,nan,nan,0.1,nan,nan,57.83313774073167,nan,nan,nan,0.7792000000000002,-0.9062685321119319,3.1864484049963337,162.17789740481757,-33.39193917804781,-25.255542132839853,nan,nan,nan,nan,nan,nan,-1.63,0.7792,0.4147,30.0,1.3679,130.9455,1.5,0.0,1.5,-125.0,180.0,-90.0
1789256690609,False,missing_prediction,nan,nan,nan,nan,nan,nan,nan,0.1,nan,nan,58.651479270860186,nan,nan,nan,0.7567000000000003,-0.9223530598852063,3.208024733838627,163.04872118113244,-34.86513396608316,-26.892658971822343,nan,nan,nan,nan,nan,nan,-1.6569,0.7567,0.4155,30.0,1.3679,132.9477,1.5,0.0,1.5,-125.0,180.0,-90.0
1789256695695,False,missing_prediction,nan,nan,nan,nan,nan,nan,nan,0.1,nan,nan,59.46900917324489,nan,nan,nan,0.7333000000000002,-0.9380032840701935,3.2288064681974253,163.98750938290064,-36.31682519950437,-28.587631428271656,nan,nan,nan,nan,nan,nan,-1.6829,0.7333,0.4164,30.0,1.3679,134.95,1.5,0.0,1.5,-125.0,180.0,-90.0
1789256700774,False,missing_prediction,nan,nan,nan,nan,nan,nan,nan,0.1,nan,nan,60.28273752262507,nan,nan,nan,0.7090000000000002,-0.9531127319016712,3.248990238564427,164.99808505398067,-37.74479682107711,-30.34479544923123,nan,nan,nan,nan,nan,nan,-1.7081,0.709,0.4172,30.0,1.3679,136.9522,1.5,0.0,1.5,-125.0,180.0,-90.0
1789256705857,False,missing_prediction,nan,nan,nan,nan,nan,nan,nan,0.1,nan,nan,61.09368561134815,nan,nan,nan,0.6838000000000002,-0.9677633185840677,3.2685186872959973,166.0846334963402,-39.146867778263264,-32.16893969423191,nan,nan,nan,nan,nan,nan,-1.7325,0.6838,0.418,30.0,1.3679,138.9544,1.5,0.0,1.5,-125.0,180.0,-90.0
1789256710942,False,missing_prediction,nan,nan,nan,nan,nan,nan,nan,0.1,nan,nan,61.90318913503243,nan,nan,nan,0.6578000000000004,-0.9819222440345423,3.287170626339644,167.2514959848196,-40.52058474296525,-34.06494937005609,nan,nan,nan,nan,nan,nan,-1.7559,0.6578,0.4189,30.0,1.3679,140.9566,1.5,0.0,1.5,-125.0,180.0,-90.0
1789256716044,False,missing_prediction,nan,nan,nan,nan,nan,nan,nan,0.1,nan,nan,62.708409530778916,nan,nan,nan,0.6310000000000003,-0.9954830354878721,3.3051426861870654,168.50318029478524,-41.86327910221235,-36.03785632664801,nan,nan,nan,nan,nan,nan,-1.7784,0.631,0.4197,30.0,1.3679,142.9588,1.5,0.0,1.5,-125.0,180.0,-90.0
1789256721143,False,missing_prediction,nan,nan,nan,nan,nan,nan,nan,0.1,nan,nan,63.510338720192344,nan,nan,nan,0.6034000000000004,-1.008527608148486,3.322377509194627,169.84437986518313,-43.17211595241298,-38.09289515588303,nan,nan,nan,nan,nan,nan,-1.8,0.6034,0.4205,30.0,1.3679,144.9611,1.5,0.0,1.5,-125.0,180.0,-90.0
1789256726213,False,missing_prediction,nan,nan,nan,nan,nan,nan,nan,0.1,nan,nan,64.31042536545404,nan,nan,nan,0.5751000000000003,-1.0210805195771775,3.338735822514264,171.27963213646828,-44.44382019970804,-40.235020677031876,nan,nan,nan,nan,nan,nan,-1.8206,0.5751,0.4214,30.0,1.3679,146.9633,1.5,0.0,1.5,-125.0,180.0,-90.0
1789256731317,False,missing_prediction,nan,nan,nan,nan,nan,nan,nan,0.1,nan,nan,65.10565648785952,nan,nan,nan,0.5461000000000004,-1.0329779393650893,3.3543323414332473,172.81362762174803,-45.67505733347348,-42.46943217717859,nan,nan,nan,nan,nan,nan,-1.8402,0.5461,0.4222,30.0,1.3679,148.9655,1.5,0.0,1.5,-125.0,180.0,-90.0
1789256736400,False,missing_prediction,nan,nan,nan,nan,nan,nan,nan,0.1,nan,nan,65.89670748370561,nan,nan,nan,0.5164000000000003,-1.044244425073015,3.3690277931035126,174.45091137840802,-46.86222033493465,-44.801167707300294,nan,nan,nan,nan,nan,nan,-1.8587,0.5164,0.423,30.0,1.3679,150.9678,1.5,0.0,1.5,-125.0,180.0,-90.0
1789256741475,False,missing_prediction,nan,nan,nan,nan,nan,nan,nan,0.1,nan,nan,66.68581429736815,nan,nan,nan,0.4861000000000003,-1.0550766071926534,3.3829286502902836,176.19546463490752,-48.00125850720155,-47.234584278321044,nan,nan,nan,nan,nan,nan,-1.8763,0.4861,0.4239,30.0,1.3679,152.97,1.5,0.0,1.5,-125.0,180.0,-90.0
1789256746568,False,missing_prediction,nan,nan,nan,nan,nan,nan,nan,0.1,nan,nan,67.46824893487654,nan,nan,nan,0.45510000000000034,-1.0651385823842416,3.395903882667542,178.05101013479828,-49.08803859191874,-49.77387237453023,nan,nan,nan,nan,nan,nan,-1.8927,0.4551,0.4247,30.0,1.3679,154.9722,1.5,0.0,1.5,-125.0,180.0,-90.0
1789256751662,False,missing_prediction,nan,nan,nan,nan,nan,nan,nan,0.1,nan,nan,68.24940370723115,nan,nan,nan,0.42370000000000035,-1.0747088963439078,3.4080026053568764,-179.97952987513685,-50.11812009538981,-52.422375990942236,nan,nan,nan,nan,nan,nan,-1.9081,0.4237,0.4256,30.0,1.3679,156.9744,1.5,0.0,1.5,-125.0,180.0,-90.0
1789256756742,False,missing_prediction,nan,nan,nan,nan,nan,nan,nan,0.1,nan,nan,69.02393488308266,nan,nan,nan,0.3917000000000003,-1.0835090033755237,3.419175703236699,-177.89410168092945,-51.08688976942705,-55.182594031510305,nan,nan,nan,nan,nan,nan,-1.9223,0.3917,0.4264,30.0,1.3679,158.9767,1.5,0.0,1.5,-125.0,180.0,-90.0
1789256761807,False,missing_prediction,nan,nan,nan,nan,nan,nan,nan,0.1,nan,nan,69.79376885871616,nan,nan,nan,0.35920000000000035,-1.0916781763271537,3.4294477338678044,-175.69222523311524,-51.989413343010064,-58.05534155334287,nan,nan,nan,nan,nan,nan,-1.9354,0.3592,0.4272,30.0,1.3679,160.9789,1.5,0.0,1.5,-125.0,180.0,-90.0
1789256766889,False,missing_prediction,nan,nan,nan,nan,nan,nan,nan,0.1,nan,nan,70.56065918667537,nan,nan,nan,0.3263000000000003,-1.0992983304032262,3.438761339606556,-173.374669651631,-52.82078571194335,-61.04027735875163,nan,nan,nan,nan,nan,nan,-1.9474,0.3263,0.4281,30.0,1.3679,162.9811,1.5,0.0,1.5,-125.0,180.0,-90.0
1789256771961,False,missing_prediction,nan,nan,nan,nan,nan,nan,nan,0.1,nan,nan,71.32124840227657,nan,nan,nan,0.2930000000000003,-1.1061482775512488,3.4471493205357966,-170.94416480816494,-53.57601255185493,-64.13505830736644,nan,nan,nan,nan,nan,nan,-1.9582,0.293,0.4289,30.0,1.3679,164.9833,1.5,0.0,1.5,-125.0,180.0,-90.0
1789256777035,False,missing_prediction,nan,nan,nan,nan,nan,nan,nan,0.1,nan,nan,72.07753115447467,nan,nan,nan,0.25940000000000035,-1.1123672906192854,3.4546362342163186,-168.4055774646379,-54.250158236473396,-67.33519783899088,nan,nan,nan,nan,nan,nan,-1.9679,0.2594,0.4297,30.0,1.3679,166.9855,1.5,0.0,1.5,-125.0,180.0,-90.0
1789256782121,False,missing_prediction,nan,nan,nan,nan,nan,nan,nan,0.1,nan,nan,72.8291350345091,nan,nan,nan,0.22540000000000032,-1.117979927168129,3.461082807800059,-165.7661351473595,-54.838462105893015,-70.63384292924118,nan,nan,nan,nan,nan,nan,-1.9764,0.2254,0.4306,30.0,1.3679,168.9877,1.5,0.0,1.5,-125.0,180.0,-90.0
1789256787214,False,missing_prediction,nan,nan,nan,nan,nan,nan,nan,0.1,nan,nan,73.57356394198594,nan,nan,nan,0.19110000000000033,-1.122764999145288,3.4665218413698593,-163.03542421729966,-55.33649223357916,-74.0218096072263,nan,nan,nan,nan,nan,nan,-1.9836,0.1911,0.4314,30.0,1.3679,170.99,1.5,0.0,1.5,-125.0,180.0,-90.0
1789256792312,False,missing_prediction,nan,nan,nan,nan,nan,nan,nan,0.1,nan,nan,74.31386286221876,nan,nan,nan,0.15670000000000034,-1.1269191370424605,3.471059807690941,-160.2259558325472,-55.74019076859177,-77.48688658088199,nan,nan,nan,nan,nan,nan,-1.9897,0.1567,0.4322,30.0,1.3679,172.9922,1.5,0.0,1.5,-125.0,180.0,-90.0
1789256797396,False,missing_prediction,nan,nan,nan,nan,nan,nan,nan,0.1,nan,nan,75.04884878231105,nan,nan,nan,0.12200000000000034,-1.130466898420441,3.474557433915241,-157.35221425506901,-56.04616469876032,-81.01498462242681,nan,nan,nan,nan,nan,nan,-1.9946,0.122,0.4331,30.0,1.3679,174.9944,1.5,0.0,1.5,-125.0,180.0,-90.0
1789256802503,False,missing_prediction,nan,nan,nan,nan,nan,nan,nan,0.1,nan,nan,75.77678859056586,nan,nan,nan,0.08720000000000035,-1.1331870952267358,3.4770475201256006,-154.43075606984976,-56.2517213113796,-84.58993934830734,nan,nan,nan,nan,nan,nan,-1.9982,0.0872,0.4339,30.0,1.3679,176.9967,1.5,0.0,1.5,-125.0,180.0,-90.0
1789256807637,False,missing_prediction,nan,nan,nan,nan,nan,nan,nan,0.1,nan,nan,76.49826402368633,nan,nan,nan,0.05220000000000035,-1.1352763579530447,3.4786365390872422,-151.4802067879935,-56.35497115242998,-88.19341773108322,nan,nan,nan,nan,nan,nan,-2.0007,0.0522,0.4347,30.0,1.3679,178.9989,1.5,0.0,1.5,-125.0,180.0,-90.0
1789256812726,False,missing_prediction,nan,nan,nan,nan,nan,nan,nan,0.1,nan,nan,77.21496807350405,nan,nan,nan,0.017200000000000343,-1.136701886516526,3.4791033027476734,-148.51979321200653,-56.35497115242998,-91.80658226891678,nan,nan,nan,nan,nan,nan,-2.0019,0.0172,0.4356,30.0,1.3679,-178.9989,1.5,0.0,1.5,-125.0,180.0,-90.0
1789256817813,False,missing_prediction,nan,nan,nan,nan,nan,nan,nan,0.1,nan,nan,77.92420641143448,nan,nan,nan,-0.017799999999999656,-1.1373572081519572,3.4786444415985924,-145.56909713691215,-56.251713588030526,-95.41024006589765,nan,nan,nan,nan,nan,nan,-2.0019,-0.0178,0.4364,30.0,1.3679,-176.9966,1.5,0.0,1.5,-125.0,180.0,-90.0
1789256822908,False,missing_prediction,nan,nan,nan,nan,nan,nan,nan,0.1,nan,nan,78.62621923152942,nan,nan,nan,-0.05279999999999965,-1.1372668804201318,3.477120682791936,-142.647785744931,-56.04616469876032,-98.98501537757318,nan,nan,nan,nan,nan,nan,-2.0006,-0.0528,0.4372,30.0,1.3679,-174.9944,1.5,0.0,1.5,-125.0,180.0,-90.0
1789256827994,False,missing_prediction,nan,nan,nan,nan,nan,nan,nan,0.1,nan,nan,79.32338787604876,nan,nan,nan,-0.08769999999999965,-1.1366275338127494,3.474638499092926,-139.77404416745281,-55.74019076859177,-102.51311341911801,nan,nan,nan,nan,nan,nan,-1.9982,-0.0877,0.4381,30.0,1.3679,-172.9922,1.5,0.0,1.5,-125.0,180.0,-90.0
1789256833060,False,missing_prediction,nan,nan,nan,nan,nan,nan,nan,0.1,nan,nan,80.01174461244968,nan,nan,nan,-0.12249999999999965,-1.135160622633682,3.4711487753799766,-136.96457578270036,-55.33649223357916,-105.97819039277368,nan,nan,nan,nan,nan,nan,-1.9945,-0.1225,0.4389,30.0,1.3679,-170.99,1.5,0.0,1.5,-125.0,180.0,-90.0
1789256838117,False,missing_prediction,nan,nan,nan,nan,nan,nan,nan,0.1,nan,nan,80.69241935082034,nan,nan,nan,-0.15719999999999967,-1.133005419730993,3.4666760692138796,-134.23399904711067,-54.8384892691849,-109.3659900048679,nan,nan,nan,nan,nan,nan,-1.9896,-0.1572,0.4397,30.0,1.3679,-168.9878,1.5,0.0,1.5,-125.0,180.0,-90.0
1789256843187,False,missing_prediction,nan,nan,nan,nan,nan,nan,nan,0.1,nan,nan,81.36690831193714,nan,nan,nan,-0.19169999999999968,-1.1302438403091113,3.461163022951,-131.5945519144094,-54.25018980150871,-112.66463980246733,nan,nan,nan,nan,nan,nan,-1.9835,-0.1917,0.4406,30.0,1.3679,-166.9856,1.5,0.0,1.5,-125.0,180.0,-90.0
1789256848312,False,missing_prediction,nan,nan,nan,nan,nan,nan,nan,0.1,nan,nan,82.03280368151118,nan,nan,nan,-0.22589999999999966,-1.1267120539591802,3.45472435187861,-129.0558351918351,-53.57601255185493,-115.86494169263355,nan,nan,nan,nan,nan,nan,-1.9762,-0.2259,0.4414,30.0,1.3679,-164.9833,1.5,0.0,1.5,-125.0,180.0,-90.0
1789256853407,False,missing_prediction,nan,nan,nan,nan,nan,nan,nan,0.1,nan,nan,82.68995762157525,nan,nan,nan,-0.2598999999999997,-1.1224919758856275,3.447302698353073,-126.62533034836905,-52.82078571194336,-118.95972264124838,nan,nan,nan,nan,nan,nan,-1.9677,-0.2599,0.4422,30.0,1.3679,-162.9811,1.5,0.0,1.5,-125.0,180.0,-90.0
1789256858487,False,missing_prediction,nan,nan,nan,nan,nan,nan,nan,0.1,nan,nan,83.34111206195634,nan,nan,nan,-0.29349999999999965,-1.1177228789365174,3.4389226199351826,-124.3076618908829,-51.98937000159533,-121.94480473893584,nan,nan,nan,nan,nan,nan,-1.9581,-0.2935,0.4431,30.0,1.3679,-160.9788,1.5,0.0,1.5,-125.0,180.0,-90.0
1789256863555,False,missing_prediction,nan,nan,nan,nan,nan,nan,nan,0.1,nan,nan,83.98124356466714,nan,nan,nan,-0.32679999999999965,-1.1121262174157223,3.4295350015033517,-122.10579125664974,-51.08684299879369,-124.81754663131554,nan,nan,nan,nan,nan,nan,-1.9472,-0.3268,0.4439,30.0,1.3679,-158.9766,1.5,0.0,1.5,-125.0,180.0,-90.0
1789256868660,False,missing_prediction,nan,nan,nan,nan,nan,nan,nan,0.1,nan,nan,84.61269313799544,nan,nan,nan,-0.3596999999999997,-1.1058986218149407,3.419246315822803,-120.02057137169452,-50.11817005012941,-127.57748895780986,nan,nan,nan,nan,nan,nan,-1.9352,-0.3597,0.4447,30.0,1.3679,-156.9745,1.5,0.0,1.5,-125.0,180.0,-90.0
1789256873749,False,missing_prediction,nan,nan,nan,nan,nan,nan,nan,0.1,nan,nan,85.23631082937304,nan,nan,nan,-0.39219999999999966,-1.099122007338602,3.407999205249901,-118.05101013479833,-49.088038591918746,-130.22612762546976,nan,nan,nan,nan,nan,nan,-1.9221,-0.3922,0.4456,30.0,1.3679,-154.9722,1.5,0.0,1.5,-125.0,180.0,-90.0
1789256878842,False,missing_prediction,nan,nan,nan,nan,nan,nan,nan,0.1,nan,nan,85.84883228337108,nan,nan,nan,-0.4241999999999997,-1.0915751859342135,3.3958264698674876,-116.19546463490754,-48.00125850720155,-132.76541572167898,nan,nan,nan,nan,nan,nan,-1.9078,-0.4242,0.4464,30.0,1.3679,-152.97,1.5,0.0,1.5,-125.0,180.0,-90.0
1789256883929,False,missing_prediction,nan,nan,nan,nan,nan,nan,nan,0.1,nan,nan,86.45268415494154,nan,nan,nan,-0.45559999999999967,-1.0834547880934735,3.3828345824407853,-114.45082696024413,-46.862162211419175,-135.1989512512259,nan,nan,nan,nan,nan,nan,-1.8925,-0.4556,0.4472,30.0,1.3679,-150.9677,1.5,0.0,1.5,-125.0,180.0,-90.0
1789256889007,False,missing_prediction,nan,nan,nan,nan,nan,nan,nan,0.1,nan,nan,87.04672187593928,nan,nan,nan,-0.48649999999999965,-1.0747280137335413,3.368802354917301,-112.81370677854086,-45.675117757158645,-137.53045383727954,nan,nan,nan,nan,nan,nan,-1.876,-0.4865,0.4481,30.0,1.3679,-148.9656,1.5,0.0,1.5,-125.0,180.0,-90.0
1789256894112,False,missing_prediction,nan,nan,nan,nan,nan,nan,nan,0.1,nan,nan,87.62940178962762,nan,nan,nan,-0.5167999999999997,-1.0653457477328294,3.354008332993163,-111.27963213646827,-44.44382019970805,-139.76497932296812,nan,nan,nan,nan,nan,nan,-1.8585,-0.5168,0.4489,30.0,1.3679,-146.9633,1.5,0.0,1.5,-125.0,180.0,-90.0
1789256899204,False,missing_prediction,nan,nan,nan,nan,nan,nan,nan,0.1,nan,nan,88.20072690620464,nan,nan,nan,-0.5464999999999997,-1.055332547652131,3.338313243820307,-109.84437986518314,-43.17211595241299,-141.907104844117,nan,nan,nan,nan,nan,nan,-1.8399,-0.5465,0.4497,30.0,1.3679,-144.9611,1.5,0.0,1.5,-125.0,180.0,-90.0
1789256904281,False,missing_prediction,nan,nan,nan,nan,nan,nan,nan,0.1,nan,nan,88.76263051316809,nan,nan,nan,-0.5754999999999997,-1.0448276863395105,3.321741644959527,-108.50318029478525,-41.86327910221237,-143.962143673352,nan,nan,nan,nan,nan,nan,-1.8203,-0.5755,0.4506,30.0,1.3679,-142.9588,1.5,0.0,1.5,-125.0,180.0,-90.0
1789256909346,False,missing_prediction,nan,nan,nan,nan,nan,nan,nan,0.1,nan,nan,89.31151380050143,nan,nan,nan,-0.6037999999999998,-1.0336673333861104,3.3044082516980926,-107.25149598481964,-40.52058474296526,-145.93505062994393,nan,nan,nan,nan,nan,nan,-1.7997,-0.6038,0.4514,30.0,1.3679,-140.9566,1.5,0.0,1.5,-125.0,180.0,-90.0
1789256914493,False,missing_prediction,nan,nan,nan,nan,nan,nan,nan,0.1,nan,nan,89.84806399513107,nan,nan,nan,-0.6313999999999997,-1.021933403996359,3.286255706392369,-106.08463349634023,-39.14686777826328,-147.8310603057681,nan,nan,nan,nan,nan,nan,-1.7781,-0.6314,0.4522,30.0,1.3679,-138.9544,1.5,0.0,1.5,-125.0,180.0,-90.0
1789256919556,False,missing_prediction,nan,nan,nan,nan,nan,nan,nan,0.1,nan,nan,90.37354285701619,nan,nan,nan,-0.6581999999999998,-1.0097078133746853,3.2672266513987225,-104.9980850539807,-37.744796821077124,-149.6552045507688,nan,nan,nan,nan,nan,nan,-1.7555,-0.6582,0.4531,30.0,1.3679,-136.9522,1.5,0.0,1.5,-125.0,180.0,-90.0
1789256924652,False,missing_prediction,nan,nan,nan,nan,nan,nan,nan,0.1,nan,nan,90.88552075963462,nan,nan,nan,-0.6841999999999998,-0.9969414463995021,3.247599632413279,-103.98746073713123,-36.31675327085686,-151.4124547397955,nan,nan,nan,nan,nan,nan,-1.7321,-0.6842,0.4539,30.0,1.3679,-134.9499,1.5,0.0,1.5,-125.0,180.0,-90.0
1789256929747,False,missing_prediction,nan,nan,nan,nan,nan,nan,nan,0.1,nan,nan,91.3833978851888,nan,nan,nan,-0.7093999999999998,-0.9836015029879677,3.227153461383547,-103.04872118113245,-34.86513396608318,-153.10734102817767,nan,nan,nan,nan,nan,nan,-1.7077,-0.7094,0.4547,30.0,1.3679,-132.9477,1.5,0.0,1.5,-125.0,180.0,-90.0
1789256934836,False,missing_prediction,nan,nan,nan,nan,nan,nan,nan,0.1,nan,nan,91.8696080531255,nan,nan,nan,-0.7336999999999998,-0.9698846136317816,3.2059946110747486,-102.17789740481756,-33.39193917804782,-154.74445786716015,nan,nan,nan,nan,nan,nan,-1.6825,-0.7337,0.4556,30.0,1.3679,-130.9455,1.5,0.0,1.5,-125.0,180.0,-90.0
1789256939900,False,missing_prediction,nan,nan,nan,nan,nan,nan,nan,0.1,nan,nan,92.34042343750632,nan,nan,nan,-0.7570999999999998,-0.9556269479220854,3.1842377967741538,-101.3713090814551,-31.899072433522353,-156.32809882527138,nan,nan,nan,nan,nan,nan,-1.6565,-0.7571,0.4564,30.0,1.3679,-128.9433,1.5,0.0,1.5,-125.0,180.0,-90.0
1789256945014,False,missing_prediction,nan,nan,nan,nan,nan,nan,nan,0.1,nan,nan,92.79784207482274,nan,nan,nan,-0.7794999999999997,-0.9409349786241024,3.1616863879900636,-100.62551780153653,-30.388284866696253,-157.86234226906214,nan,nan,nan,nan,nan,nan,-1.6296,-0.7795,0.4573,30.0,1.3679,-126.9411,1.5,0.0,1.5,-125.0,180.0,-90.0
1789256950123,False,missing_prediction,nan,nan,nan,nan,nan,nan,nan,0.1,nan,nan,93.23879805635939,nan,nan,nan,-0.8009999999999998,-0.9257595906162448,3.138618930418607,-99.93729431996545,-28.861112792761322,-159.35112642553574,nan,nan,nan,nan,nan,nan,-1.602,-0.801,0.4581,30.0,1.3679,-124.9388,1.5,0.0,1.5,-125.0,180.0,-90.0
1789256955195,False,missing_prediction,nan,nan,nan,nan,nan,nan,nan,0.1,nan,nan,93.66324306191657,nan,nan,nan,-0.8215999999999998,-0.9101253414593062,3.114896151211719,-99.30374950959848,-27.31919693329845,-160.79796006120304,nan,nan,nan,nan,nan,nan,-1.5736,-0.8216,0.4589,30.0,1.3679,-122.9366,1.5,0.0,1.5,-125.0,180.0,-90.0
1789256960458,False,missing_prediction,nan,nan,nan,nan,nan,nan,nan,0.1,nan,nan,94.0741114125039,nan,nan,nan,-0.8410999999999997,-0.8942288616449858,3.090624523134622,-98.72209423078569,-25.763759060395664,-162.20644640761972,nan,nan,nan,nan,nan,nan,-1.5446,-0.8411,0.4598,30.0,1.3679,-120.9343,1.5,0.0,1.5,-125.0,180.0,-90.0
1789256965630,False,missing_prediction,nan,nan,nan,nan,nan,nan,nan,0.1,nan,nan,94.46624526292524,nan,nan,nan,-0.8595999999999998,-0.8778489631207911,3.065836846270158,-98.18991039968729,-24.196307780365036,-163.57964706750556,nan,nan,nan,nan,nan,nan,-1.5149,-0.8596,0.4606,30.0,1.3679,-118.9322,1.5,0.0,1.5,-125.0,180.0,-90.0
1789256970711,False,missing_prediction,nan,nan,nan,nan,nan,nan,nan,0.1,nan,nan,94.84038780077066,nan,nan,nan,-0.8770999999999998,-0.8610675610911505,3.040475762974692,-97.704805015103,-22.617714131396546,-164.92092991394256,nan,nan,nan,nan,nan,nan,-1.4845,-0.8771,0.4614,30.0,1.3679,-116.9299,1.5,0.0,1.5,-125.0,180.0,-90.0
1789256975808,False,missing_prediction,nan,nan,nan,nan,nan,nan,nan,0.1,nan,nan,95.19883208700314,nan,nan,nan,-0.8934999999999997,-0.8440812860477631,3.014647746013446,-97.26477298964814,-21.02931714142908,-166.23302089893687,nan,nan,nan,nan,nan,nan,-1.4536,-0.8935,0.4623,30.0,1.3679,-114.9277,1.5,0.0,1.5,-125.0,180.0,-90.0
1789256980905,False,missing_prediction,nan,nan,nan,nan,nan,nan,nan,0.1,nan,nan,95.53686870966614,nan,nan,nan,-0.9087999999999998,-0.8266689499381363,2.988385595469262,-96.86788440557058,-19.43198963235748,-167.5188294198679,nan,nan,nan,nan,nan,nan,-1.4221,-0.9088,0.4631,30.0,1.3679,-112.9254,1.5,0.0,1.5,-125.0,180.0,-90.0
1789256986014,False,missing_prediction,nan,nan,nan,nan,nan,nan,nan,0.1,nan,nan,95.85570456279704,nan,nan,nan,-0.9229999999999998,-0.8089698256103341,2.961713868902933,-96.51247896084281,-17.826858789798443,-168.78086689471849,nan,nan,nan,nan,nan,nan,-1.3901,-0.923,0.4639,30.0,1.3679,-110.9232,1.5,0.0,1.5,-125.0,180.0,-90.0
1789256991109,False,missing_prediction,nan,nan,nan,nan,nan,nan,nan,0.1,nan,nan,96.15602415355954,nan,nan,nan,-0.9360999999999998,-0.7910658282687852,2.934575208670825,-96.19701256384295,-16.214756357251808,-170.02171241186736,nan,nan,nan,nan,nan,nan,-1.3576,-0.9361,0.4648,30.0,1.3679,-108.921,1.5,0.0,1.5,-125.0,180.0,-90.0
1789256996173,False,missing_prediction,nan,nan,nan,nan,nan,nan,nan,0.1,nan,nan,96.4345811808338,nan,nan,nan,-0.9479999999999997,-0.7728504851482669,2.9071662452646367,-95.92012999537353,-14.596544242946383,-171.2437672276483,nan,nan,nan,nan,nan,nan,-1.3247,-0.948,0.4656,30.0,1.3679,-106.9188,1.5,0.0,1.5,-125.0,180.0,-90.0
1789257001245,False,missing_prediction,nan,nan,nan,nan,nan,nan,nan,0.1,nan,nan,96.69121925488503,nan,nan,nan,-0.9586999999999998,-0.7543483538095732,2.8793477058363033,-95.68063599253189,-12.973041319133474,-172.4493317974064,nan,nan,nan,nan,nan,nan,-1.2913,-0.9587,0.4664,30.0,1.3679,-104.9166,1.5,0.0,1.5,-125.0,180.0,-90.0
1789257006333,False,missing_prediction,nan,nan,nan,nan,nan,nan,nan,0.1,nan,nan,96.92845313054009,nan,nan,nan,-0.9682999999999998,-0.7358134223880382,2.8513079783554773,-95.47747867348937,-11.344947904620764,-173.64067674893892,nan,nan,nan,nan,nan,nan,-1.2577,-0.9683,0.4673,30.0,1.3679,-102.9143,1.5,0.0,1.5,-125.0,180.0,-90.0
1789257011402,False,missing_prediction,nan,nan,nan,nan,nan,nan,nan,0.1,nan,nan,97.14042866785506,nan,nan,nan,-0.9767999999999998,-0.7169671451875339,2.822997947700571,-95.3097892377215,-9.71325830693584,-174.8197583904312,nan,nan,nan,nan,nan,nan,-1.2237,-0.9768,0.4681,30.0,1.3679,-100.9122,1.5,0.0,1.5,-125.0,180.0,-90.0
1789257016461,False,missing_prediction,nan,nan,nan,nan,nan,nan,nan,0.1,nan,nan,97.32896938603662,nan,nan,nan,-0.9839999999999998,-0.6979487950561241,2.7944421714323777,-95.17677784068276,-8.078370132253495,-175.98887967051184,nan,nan,nan,nan,nan,nan,-1.1894,-0.984,0.4689,30.0,1.3679,-98.9099,1.5,0.0,1.5,-125.0,180.0,-90.0
1789257021579,False,missing_prediction,nan,nan,nan,nan,nan,nan,nan,0.1,nan,nan,97.495124316085,nan,nan,nan,-0.9899999999999998,-0.6788976448418733,2.7656652071116916,-95.07784595703916,-6.441229995567098,-177.14987600125795,nan,nan,nan,nan,nan,nan,-1.1549,-0.99,0.4698,30.0,1.3679,-96.9077,1.5,0.0,1.5,-125.0,180.0,-90.0
1789257026685,False,missing_prediction,nan,nan,nan,nan,nan,nan,nan,0.1,nan,nan,97.63433798699106,nan,nan,nan,-0.9947999999999998,-0.6596498641359232,2.736781770025783,-95.01249363295673,-4.8023592244071285,-178.30482919933607,nan,nan,nan,nan,nan,nan,-1.1202,-0.9948,0.4706,30.0,1.3679,-94.9054,1.5,0.0,1.5,-125.0,180.0,-90.0
1789257031756,False,missing_prediction,nan,nan,nan,nan,nan,nan,nan,0.1,nan,nan,97.74789496594262,nan,nan,nan,-0.9983999999999997,-0.6403447257863377,2.7078164177354447,-94.98036492422547,-3.1625936446361584,-179.45555397455036,nan,nan,nan,nan,nan,nan,-1.0854,-0.9984,0.4714,30.0,1.3679,-92.9032,1.5,0.0,1.5,-125.0,180.0,-90.0
1789257036828,False,missing_prediction,nan,nan,nan,nan,nan,nan,nan,0.1,nan,nan,97.8364652148736,nan,nan,nan,-1.0007999999999997,-0.6210641449975465,2.678711792597043,-94.98121814312559,-1.5225150996869707,179.39598773961143,nan,nan,nan,nan,nan,nan,-1.0505,-1.0008,0.4723,30.0,1.3679,-90.901,1.5,0.0,1.5,-125.0,180.0,-90.0
1789257041933,False,missing_prediction,nan,nan,nan,nan,nan,nan,nan,0.1,nan,nan,97.89531196326695,nan,nan,nan,-1.0018999999999998,-0.601644291360691,2.6495826098978474,-95.01493862670402,0.11721705464167208,178.24790814026872,nan,nan,nan,nan,nan,nan,-1.0155,-1.0019,0.4731,30.0,1.3679,-88.8988,1.5,0.0,1.5,-125.0,180.0,-90.0
1789257047049,False,missing_prediction,nan,nan,nan,nan,nan,nan,nan,0.1,nan,nan,97.92569209422211,nan,nan,nan,-1.0017999999999998,-0.5822244377238357,2.620453427198652,-95.08153758957405,1.7560254980455108,177.09826884252942,nan,nan,nan,nan,nan,nan,-0.9805,-1.0018,0.4739,30.0,1.3679,-86.8965,1.5,0.0,1.5,-125.0,180.0,-90.0
1789257052106,False,missing_prediction,nan,nan,nan,nan,nan,nan,nan,0.1,nan,nan,97.9282617486563,nan,nan,nan,-1.0005999999999997,-0.5628864992914091,2.5912668868558217,-95.18113671534387,3.3930835507969195,175.94530129468257,nan,nan,nan,nan,nan,nan,-0.9455,-1.0006,0.4748,30.0,1.3679,-84.8943,1.5,0.0,1.5,-125.0,180.0,-90.0
1789257057185,False,missing_prediction,nan,nan,nan,nan,nan,nan,nan,0.1,nan,nan,97.89873817691881,nan,nan,nan,-0.9979999999999998,-0.5435240032981887,2.5622196193610547,-95.3139808822727,5.027720651288235,174.78711118318105,nan,nan,nan,nan,nan,nan,-0.9106,-0.998,0.4756,30.0,1.3679,-82.8922,1.5,0.0,1.5,-125.0,180.0,-90.0
1789257062259,False,missing_prediction,nan,nan,nan,nan,nan,nan,nan,0.1,nan,nan,97.83706400526806,nan,nan,nan,-0.9942999999999997,-0.5241615073049686,2.533172351866288,-95.48046481472252,6.659498630715984,173.62160860709585,nan,nan,nan,nan,nan,nan,-0.8757,-0.9943,0.4764,30.0,1.3679,-80.8899,1.5,0.0,1.5,-125.0,180.0,-90.0
1789257067327,False,missing_prediction,nan,nan,nan,nan,nan,nan,nan,0.1,nan,nan,97.74615949434033,nan,nan,nan,-0.9893999999999997,-0.5050529994470823,2.504313472341173,-95.68106251844334,8.287473591451638,172.44702156559217,nan,nan,nan,nan,nan,nan,-0.8411,-0.9894,0.4773,30.0,1.3679,-78.8877,1.5,0.0,1.5,-125.0,180.0,-90.0
1789257072444,False,missing_prediction,nan,nan,nan,nan,nan,nan,nan,0.1,nan,nan,97.61914774337689,nan,nan,nan,-0.9831999999999997,-0.48591993402840244,2.475593865664122,-95.91641694520305,9.911088258098617,171.26124696035333,nan,nan,nan,nan,nan,nan,-0.8066,-0.9832,0.4781,30.0,1.3679,-76.8854,1.5,0.0,1.5,-125.0,180.0,-90.0
1789257077492,False,missing_prediction,nan,nan,nan,nan,nan,nan,nan,0.1,nan,nan,97.458268229485,nan,nan,nan,-0.9757999999999998,-0.46695894154062784,2.4471200046003574,-96.18725686562482,11.52943539806658,170.06236863986467,nan,nan,nan,nan,nan,nan,-0.7724,-0.9758,0.4789,30.0,1.3679,-74.8832,1.5,0.0,1.5,-125.0,180.0,-90.0
1789257082543,False,missing_prediction,nan,nan,nan,nan,nan,nan,nan,0.1,nan,nan,97.2636383554903,nan,nan,nan,-0.9672999999999998,-0.4481945795445524,2.418752616301816,-96.49447840759706,13.14182118804163,168.84823466238151,nan,nan,nan,nan,nan,nan,-0.7384,-0.9673,0.4798,30.0,1.3679,-72.881,1.5,0.0,1.5,-125.0,180.0,-90.0
1789257087592,False,missing_prediction,nan,nan,nan,nan,nan,nan,nan,0.1,nan,nan,97.03130533915497,nan,nan,nan,-0.9575999999999998,-0.42957773291858853,2.390770246464625,-96.83910400432751,14.747435536533105,167.61668383005104,nan,nan,nan,nan,nan,nan,-0.7048,-0.9576,0.4806,30.0,1.3679,-70.8788,1.5,0.0,1.5,-125.0,180.0,-90.0
1789257092678,False,missing_prediction,nan,nan,nan,nan,nan,nan,nan,0.1,nan,nan,96.76103548100842,nan,nan,nan,-0.9466999999999998,-0.4111329592235298,2.363033622240721,-97.22231813261716,16.345507513598804,166.3654139518755,nan,nan,nan,nan,nan,nan,-0.6715,-0.9467,0.4814,30.0,1.3679,-68.8765,1.5,0.0,1.5,-125.0,180.0,-90.0
1789257097744,False,missing_prediction,nan,nan,nan,nan,nan,nan,nan,0.1,nan,nan,96.45424712163467,nan,nan,nan,-0.9345999999999998,-0.3929995313074404,2.335567301190897,-97.64539406146827,17.93498072865031,165.09222289357723,nan,nan,nan,nan,nan,nan,-0.6386,-0.9346,0.4823,30.0,1.3679,-66.8743,1.5,0.0,1.5,-125.0,180.0,-90.0
1789257102851,False,missing_prediction,nan,nan,nan,nan,nan,nan,nan,0.1,nan,nan,96.10661493260211,nan,nan,nan,-0.9213999999999998,-0.37507097640509773,2.308567913806853,-98.10983844571219,19.515064770018267,163.79455843507645,nan,nan,nan,nan,nan,nan,-0.6062,-0.9214,0.4831,30.0,1.3679,-64.872,1.5,0.0,1.5,-125.0,180.0,-90.0
1789257107943,False,missing_prediction,nan,nan,nan,nan,nan,nan,nan,0.1,nan,nan,95.71801840129191,nan,nan,nan,-0.9070999999999998,-0.35737185207729555,2.281896187240524,-98.61720137523308,21.084515605483166,162.47008457243143,nan,nan,nan,nan,nan,nan,-0.5742,-0.9071,0.4839,30.0,1.3679,-62.8699,1.5,0.0,1.5,-125.0,180.0,-90.0
1789257113051,False,missing_prediction,nan,nan,nan,nan,nan,nan,nan,0.1,nan,nan,95.29081636634646,nan,nan,nan,-0.8916999999999998,-0.3400987888157327,2.255658594257134,-99.16937180303395,22.642572578417802,161.1158868573303,nan,nan,nan,nan,nan,nan,-0.5428,-0.8917,0.4848,30.0,1.3679,-60.8676,1.5,0.0,1.5,-125.0,180.0,-90.0
1789257118124,False,missing_prediction,nan,nan,nan,nan,nan,nan,nan,0.1,nan,nan,94.81799164897797,nan,nan,nan,-0.8750999999999998,-0.32303059856791655,2.2298879349395233,-99.76822838039413,24.187853439841206,159.72938968200484,nan,nan,nan,nan,nan,nan,-0.5119,-0.8751,0.4856,30.0,1.3679,-58.8654,1.5,0.0,1.5,-125.0,180.0,-90.0
1789257123192,False,missing_prediction,nan,nan,nan,nan,nan,nan,nan,0.1,nan,nan,94.30579235919575,nan,nan,nan,-0.8575999999999998,-0.3064458270299751,2.2046333244092797,-100.41593157532436,25.719206353547953,158.30761472117504,nan,nan,nan,nan,nan,nan,-0.4817,-0.8576,0.4865,30.0,1.3679,-56.8632,1.5,0.0,1.5,-125.0,180.0,-90.0
1789257128249,False,missing_prediction,nan,nan,nan,nan,nan,nan,nan,0.1,nan,nan,93.74506391547196,nan,nan,nan,-0.8388999999999998,-0.2900659285057802,2.179845647544816,-101.11479626640971,27.2353104573088,156.8475075631639,nan,nan,nan,nan,nan,nan,-0.452,-0.8389,0.4873,30.0,1.3679,-54.861,1.5,0.0,1.5,-125.0,180.0,-90.0
1789257133296,False,missing_prediction,nan,nan,nan,nan,nan,nan,nan,0.1,nan,nan,93.14022496431585,nan,nan,nan,-0.8192999999999998,-0.274087533487031,2.155631377111354,-101.8673218241427,28.73474445026173,155.3458645029154,nan,nan,nan,nan,nan,nan,-0.423,-0.8193,0.4881,30.0,1.3679,-52.8588,1.5,0.0,1.5,-125.0,180.0,-90.0
1789257138346,False,missing_prediction,nan,nan,nan,nan,nan,nan,nan,0.1,nan,nan,92.49160776651905,nan,nan,nan,-0.7985999999999998,-0.2586499148217916,2.1320150706696888,-102.6762358519911,30.21604992564012,153.79924972829025,nan,nan,nan,nan,nan,nan,-0.3948,-0.7986,0.489,30.0,1.3679,-50.8565,1.5,0.0,1.5,-125.0,180.0,-90.0
1789257143422,False,missing_prediction,nan,nan,nan,nan,nan,nan,nan,0.1,nan,nan,91.79337533475653,nan,nan,nan,-0.7769999999999998,-0.24347452681393406,2.108947613098232,-103.54432921899877,31.677425555026076,152.2043047535255,nan,nan,nan,nan,nan,nan,-0.3672,-0.777,0.4898,30.0,1.3679,-48.8543,1.5,0.0,1.5,-125.0,180.0,-90.0
1789257148472,False,missing_prediction,nan,nan,nan,nan,nan,nan,nan,0.1,nan,nan,91.04823541389743,nan,nan,nan,-0.7543999999999997,-0.2288153575987923,2.086617392366635,-104.47474235567684,33.117231078386546,150.55720340059963,nan,nan,nan,nan,nan,nan,-0.3405,-0.7544,0.4906,30.0,1.3679,-46.852,1.5,0.0,1.5,-125.0,180.0,-90.0
1789257153569,False,missing_prediction,nan,nan,nan,nan,nan,nan,nan,0.1,nan,nan,90.2564887280503,nan,nan,nan,-0.7308999999999998,-0.2146396070935251,2.064803220422405,-105.47055781889287,34.533321890732914,148.85438286274083,nan,nan,nan,nan,nan,nan,-0.3145,-0.7309,0.4915,30.0,1.3679,-44.8499,1.5,0.0,1.5,-125.0,180.0,-90.0
1789257158652,False,missing_prediction,nan,nan,nan,nan,nan,nan,nan,0.1,nan,nan,89.41422996023465,nan,nan,nan,-0.7064999999999998,-0.2008981601765451,2.0437836429616705,-106.53536072162834,35.92389350251044,147.09155414026236,nan,nan,nan,nan,nan,nan,-0.2894,-0.7065,0.4923,30.0,1.3679,-42.8476,1.5,0.0,1.5,-125.0,180.0,-90.0
1789257163745,False,missing_prediction,nan,nan,nan,nan,nan,nan,nan,0.1,nan,nan,88.52277025837496,nan,nan,nan,-0.6811999999999998,-0.18767293205228092,2.0235013023407964,-107.67252020335906,37.28647946667284,145.26491328490945,nan,nan,nan,nan,nan,nan,-0.2652,-0.6812,0.4931,30.0,1.3679,-40.8454,1.5,0.0,1.5,-125.0,180.0,-90.0
1789257168853,False,missing_prediction,nan,nan,nan,nan,nan,nan,nan,0.1,nan,nan,87.58364828427617,nan,nan,nan,-0.6550999999999998,-0.17498848028152653,2.003816925711718,-108.8857802563535,38.6187787489495,143.37012821336356,nan,nan,nan,nan,nan,nan,-0.2418,-0.6551,0.494,30.0,1.3679,-38.8431,1.5,0.0,1.5,-125.0,180.0,-90.0
1789257173938,False,missing_prediction,nan,nan,nan,nan,nan,nan,nan,0.1,nan,nan,86.59460914118331,nan,nan,nan,-0.6282999999999997,-0.16279568974269437,1.9850090587705636,-110.17871415108546,39.91802934691235,141.40319389899832,nan,nan,nan,nan,nan,nan,-0.2194,-0.6283,0.4948,30.0,1.3679,-36.8409,1.5,0.0,1.5,-125.0,180.0,-90.0
1789257179038,False,missing_prediction,nan,nan,nan,nan,nan,nan,nan,0.1,nan,nan,85.55410436381206,nan,nan,nan,-0.6005999999999998,-0.151119117996578,1.9669384286692695,-111.55508315821966,41.18146798040199,139.35983293504694,nan,nan,nan,nan,nan,nan,-0.1979,-0.6006,0.4956,30.0,1.3679,-34.8387,1.5,0.0,1.5,-125.0,180.0,-90.0
1789257184148,False,missing_prediction,nan,nan,nan,nan,nan,nan,nan,0.1,nan,nan,84.46730266494156,nan,nan,nan,-0.5721999999999998,-0.1400980378912417,1.9496295929686291,-113.01852603341844,42.406054537222744,137.23594120699053,nan,nan,nan,nan,nan,nan,-0.1774,-0.5722,0.4965,30.0,1.3679,-32.8365,1.5,0.0,1.5,-125.0,180.0,-90.0
1789257189231,False,missing_prediction,nan,nan,nan,nan,nan,nan,nan,0.1,nan,nan,83.32941285309738,nan,nan,nan,-0.5430999999999998,-0.12956861901782746,1.933197266955913,-114.57252692587267,43.58853472555411,135.0275844699017,nan,nan,nan,nan,nan,nan,-0.1579,-0.5431,0.4973,30.0,1.3679,-30.8343,1.5,0.0,1.5,-125.0,180.0,-90.0
1789257194299,False,missing_prediction,nan,nan,nan,nan,nan,nan,nan,0.1,nan,nan,82.14507126674783,nan,nan,nan,-0.5133999999999997,-0.11967013422439937,1.9176660081919148,-116.2203885342638,44.725495237958484,132.730991717466,nan,nan,nan,nan,nan,nan,-0.1395,-0.5134,0.4981,30.0,1.3679,-28.832,1.5,0.0,1.5,-125.0,180.0,-90.0
1789257199376,False,missing_prediction,nan,nan,nan,nan,nan,nan,nan,0.1,nan,nan,80.91360607023206,nan,nan,nan,-0.48299999999999976,-0.11036978342811621,1.9028146286241414,-117.96467478182055,45.81309103071844,130.343272688007,nan,nan,nan,nan,nan,nan,-0.122,-0.483,0.499,30.0,1.3679,-26.8299,1.5,0.0,1.5,-125.0,180.0,-90.0
1789257204464,False,missing_prediction,nan,nan,nan,nan,nan,nan,nan,0.1,nan,nan,79.63509143778609,nan,nan,nan,-0.4519999999999998,-0.10167580915102536,1.88900358915315,-119.80799554693886,46.84766381518975,127.86127761410559,nan,nan,nan,nan,nan,nan,-0.1057,-0.452,0.4998,30.0,1.3679,-24.8276,1.5,0.0,1.5,-125.0,180.0,-90.0
1789257209547,False,missing_prediction,nan,nan,nan,nan,nan,nan,nan,0.1,nan,nan,78.31330550014282,nan,nan,nan,-0.42049999999999976,-0.09361276895392073,1.8760936169308766,-121.7516081756569,47.82500336818034,125.28344467422087,nan,nan,nan,nan,nan,nan,-0.0905,-0.4205,0.5006,30.0,1.3679,-22.8254,1.5,0.0,1.5,-125.0,180.0,-90.0
1789257214680,False,missing_prediction,nan,nan,nan,nan,nan,nan,nan,0.1,nan,nan,76.95058164074409,nan,nan,nan,-0.3884999999999998,-0.08620522039759587,1.863945439109257,-123.79630119480922,48.74101164696222,122.60853123827604,nan,nan,nan,nan,nan,nan,-0.0763,-0.3885,0.5015,30.0,1.3679,-20.8231,1.5,0.0,1.5,-125.0,180.0,-90.0
1789257219785,False,missing_prediction,nan,nan,nan,nan,nan,nan,nan,0.1,nan,nan,75.54588861259528,nan,nan,nan,-0.35599999999999976,-0.0794040483604635,1.8528376013844192,-125.94132453368964,49.591301440873536,119.83696847235473,nan,nan,nan,nan,nan,nan,-0.0633,-0.356,0.5023,30.0,1.3679,-18.8209,1.5,0.0,1.5,-125.0,180.0,-90.0
1789257224886,False,missing_prediction,nan,nan,nan,nan,nan,nan,nan,0.1,nan,nan,74.10326680427279,nan,nan,nan,-0.3229999999999998,-0.07329116804695235,1.8427127461127282,-128.18488178337918,50.37158113282065,116.97014734496501,nan,nan,nan,nan,nan,nan,-0.0515,-0.323,0.5031,30.0,1.3679,-16.8187,1.5,0.0,1.5,-125.0,180.0,-90.0
1789257229978,False,missing_prediction,nan,nan,nan,nan,nan,nan,nan,0.1,nan,nan,72.62822581866315,nan,nan,nan,-0.2896999999999998,-0.06783377937422114,1.833349685241691,-130.5235288559578,51.0775389471034,114.011145180904,nan,nan,nan,nan,nan,nan,-0.0407,-0.2897,0.504,30.0,1.3679,-14.8165,1.5,0.0,1.5,-125.0,180.0,-90.0
1789257235085,False,missing_prediction,nan,nan,nan,nan,nan,nan,nan,0.1,nan,nan,71.12033396021901,nan,nan,nan,-0.2559999999999998,-0.06304012486431743,1.8251088796718649,-132.95222860720935,51.70500325784126,110.96460783343908,nan,nan,nan,nan,nan,nan,-0.0312,-0.256,0.5048,30.0,1.3679,-12.8142,1.5,0.0,1.5,-125.0,180.0,-90.0
1789257240215,False,missing_prediction,nan,nan,nan,nan,nan,nan,nan,0.1,nan,nan,69.58542778286379,nan,nan,nan,-0.22199999999999978,-0.05893476207803494,1.8178510565551855,-135.46374209457514,52.24991619996767,107.83748091479632,nan,nan,nan,nan,nan,nan,-0.0229,-0.222,0.5056,30.0,1.3679,-10.812,1.5,0.0,1.5,-125.0,180.0,-90.0
1789257245297,False,missing_prediction,nan,nan,nan,nan,nan,nan,nan,0.1,nan,nan,68.02761062150209,nan,nan,nan,-0.18769999999999978,-0.05554224857616746,1.8114369430435888,-138.04943879998055,52.70864592099066,104.63798306333614,nan,nan,nan,nan,nan,nan,-0.0157,-0.1877,0.5065,30.0,1.3679,-8.8097,1.5,0.0,1.5,-125.0,180.0,-90.0
1789257250386,False,missing_prediction,nan,nan,nan,nan,nan,nan,nan,0.1,nan,nan,66.44902231293571,nan,nan,nan,-0.15319999999999978,-0.05275611159349236,1.8060631696287741,-140.69820122517964,53.077860226252525,101.37697718936136,nan,nan,nan,nan,nan,nan,-0.0097,-0.1532,0.5073,30.0,1.3679,-6.8076,1.5,0.0,1.5,-125.0,180.0,-90.0
1789257255484,False,missing_prediction,nan,nan,nan,nan,nan,nan,nan,0.1,nan,nan,64.85694845984047,nan,nan,nan,-0.11849999999999977,-0.050715623978073665,1.801754293871535,-143.3979935932704,53.35487096799304,98.06606396387079,nan,nan,nan,nan,nan,nan,-0.005,-0.1185,0.5081,30.0,1.3679,-4.8054,1.5,0.0,1.5,-125.0,180.0,-90.0
1789257260556,False,missing_prediction,nan,nan,nan,nan,nan,nan,nan,0.1,nan,nan,63.25832367188831,nan,nan,nan,-0.08369999999999977,-0.0494453432907051,1.7983710429238076,-146.13493881042618,53.537528284343985,94.71877980158996,nan,nan,nan,nan,nan,nan,-0.0015,-0.0837,0.509,30.0,1.3679,-2.8031,1.5,0.0,1.5,-125.0,180.0,-90.0
1789257265673,False,missing_prediction,nan,nan,nan,nan,nan,nan,nan,0.1,nan,nan,61.649979191158245,nan,nan,nan,-0.048699999999999785,-0.04872408147889379,1.795946216868433,-148.89377122254587,53.624370227750724,91.35011219235993,nan,nan,nan,nan,nan,nan,0.0009,-0.0487,0.5098,30.0,1.3679,-0.8009,1.5,0.0,1.5,-125.0,180.0,-90.0
1789257270736,False,missing_prediction,nan,nan,nan,nan,nan,nan,nan,0.1,nan,nan,60.04654184060757,nan,nan,nan,-0.013699999999999787,-0.04880582667797395,1.7946682036750632,-151.65909370379455,53.61470890949746,87.97505919127317,nan,nan,nan,nan,nan,nan,0.0019,-0.0137,0.5106,30.0,1.3679,1.2014,1.5,0.0,1.5,-125.0,180.0,-90.0
1789257275901,False,missing_prediction,nan,nan,nan,nan,nan,nan,nan,0.1,nan,nan,58.450991753241915,nan,nan,nan,0.02130000000000021,-0.049600421161469066,1.7942339000867762,-154.414622480114,53.50863080015134,84.60965810031391,nan,nan,nan,nan,nan,nan,0.0018,0.0213,0.5115,30.0,1.3679,3.2035,1.5,0.0,1.5,-125.0,180.0,-90.0
1789257280987,False,missing_prediction,nan,nan,nan,nan,nan,nan,nan,0.1,nan,nan,56.86517294422854,nan,nan,nan,0.05630000000000022,-0.05100139216415667,1.7948399365952712,-157.14533462396045,53.30696379294775,81.26847171813094,nan,nan,nan,nan,nan,nan,0.0005,0.0563,0.5123,30.0,1.3679,5.2058,1.5,0.0,1.5,-125.0,180.0,-90.0
1789257286148,False,missing_prediction,nan,nan,nan,nan,nan,nan,nan,0.1,nan,nan,55.299861066272946,nan,nan,nan,0.09120000000000021,-0.05314801253410062,1.7965108707613415,-159.8360166323153,53.011318276963024,77.96646556576395,nan,nan,nan,nan,nan,nan,-0.0021,0.0912,0.5131,30.0,1.3679,7.208,1.5,0.0,1.5,-125.0,180.0,-90.0
1789257291233,False,missing_prediction,nan,nan,nan,nan,nan,nan,nan,0.1,nan,nan,53.76080654682523,nan,nan,nan,0.12600000000000022,-0.05606483983209465,1.7991074297369238,-162.47331842016774,52.62393058377823,74.71658737067382,nan,nan,nan,nan,nan,nan,-0.0059,0.126,0.514,30.0,1.3679,9.2103,1.5,0.0,1.5,-125.0,180.0,-90.0
1789257296300,False,missing_prediction,nan,nan,nan,nan,nan,nan,nan,0.1,nan,nan,52.24911586230332,nan,nan,nan,0.16070000000000023,-0.05958804364928111,1.802744328809288,-165.0447454237226,52.14772766739572,71.53107974926336,nan,nan,nan,nan,nan,nan,-0.0109,0.1607,0.5148,30.0,1.3679,11.2124,1.5,0.0,1.5,-125.0,180.0,-90.0
1789257301424,False,missing_prediction,nan,nan,nan,nan,nan,nan,nan,0.1,nan,nan,50.7775161340729,nan,nan,nan,0.19510000000000022,-0.0638814543945177,1.8073068526911638,-167.54044664610458,51.58597636691232,68.41932383328657,nan,nan,nan,nan,nan,nan,-0.0171,0.1951,0.5157,30.0,1.3679,13.2147,1.5,0.0,1.5,-125.0,180.0,-90.0
1789257306550,False,missing_prediction,nan,nan,nan,nan,nan,nan,nan,0.1,nan,nan,49.34689170914203,nan,nan,nan,0.22930000000000023,-0.06883859930258168,1.8129916318742505,-169.95153861529602,50.942510757679706,65.38994402224262,nan,nan,nan,nan,nan,nan,-0.0246,0.2293,0.5165,30.0,1.3679,15.2169,1.5,0.0,1.5,-125.0,180.0,-90.0
1789257311642,False,missing_prediction,nan,nan,nan,nan,nan,nan,nan,0.1,nan,nan,47.96116598743956,nan,nan,nan,0.2633000000000002,-0.07442667829063188,1.819577478306055,-172.27163893737048,50.22131126343122,62.4489048529403,nan,nan,nan,nan,nan,nan,-0.0332,0.2633,0.5173,30.0,1.3679,17.2192,1.5,0.0,1.5,-125.0,180.0,-90.0
1789257316736,False,missing_prediction,nan,nan,nan,nan,nan,nan,nan,0.1,nan,nan,46.632251891170554,nan,nan,nan,0.2969000000000002,-0.08078496420673226,1.827088949547371,-174.49570979580062,49.42668047782606,59.6009444683244,nan,nan,nan,nan,nan,nan,-0.043,0.2969,0.5182,30.0,1.3679,19.2214,1.5,0.0,1.5,-125.0,180.0,-90.0
1789257321819,False,missing_prediction,nan,nan,nan,nan,nan,nan,nan,0.1,nan,nan,45.358788030775706,nan,nan,nan,0.3301000000000002,-0.08769226899838983,1.83555884568104,-176.6206460243938,48.5629525830985,56.84880039242164,nan,nan,nan,nan,nan,nan,-0.0539,0.3301,0.519,30.0,1.3679,21.2235,1.5,0.0,1.5,-125.0,180.0,-90.0
1789257326911,False,missing_prediction,nan,nan,nan,nan,nan,nan,nan,0.1,nan,nan,44.147426402377505,nan,nan,nan,0.3630000000000002,-0.09528786551366875,1.845011724267856,-178.64514903450393,47.63432865443729,54.19330156966997,nan,nan,nan,nan,nan,nan,-0.066,0.363,0.5198,30.0,1.3679,23.2258,1.5,0.0,1.5,-125.0,180.0,-90.0
1789257332030,False,missing_prediction,nan,nan,nan,nan,nan,nan,nan,0.1,nan,nan,43.007483398690134,nan,nan,nan,0.3954000000000002,-0.10365366895699774,1.8553902276641838,179.4313929244532,46.64522267146165,51.63477046352266,nan,nan,nan,nan,nan,nan,-0.0793,0.3954,0.5207,30.0,1.3679,25.228,1.5,0.0,1.5,-125.0,180.0,-90.0
1789257337134,False,missing_prediction,nan,nan,nan,nan,nan,nan,nan,0.1,nan,nan,41.93661351754487,nan,nan,nan,0.42730000000000024,-0.11256849127588398,1.8667271559528644,177.6079905732212,45.59970578193378,49.17176172091704,nan,nan,nan,nan,nan,nan,-0.0937,0.4273,0.5215,30.0,1.3679,27.2303,1.5,0.0,1.5,-125.0,180.0,-90.0
1789257342202,False,missing_prediction,nan,nan,nan,nan,nan,nan,nan,0.1,nan,nan,40.93890033419525,nan,nan,nan,0.4587000000000002,-0.1220568900311213,1.878883236285834,175.88322137557049,44.50195680862933,46.80254639773234,nan,nan,nan,nan,nan,nan,-0.1091,0.4587,0.5223,30.0,1.3679,29.2324,1.5,0.0,1.5,-125.0,180.0,-90.0
1789257347331,False,missing_prediction,nan,nan,nan,nan,nan,nan,nan,0.1,nan,nan,40.02280111462966,nan,nan,nan,0.4896000000000002,-0.13231549571440876,1.8919649414283155,174.25435439615052,43.355593997720455,44.52385118668224,nan,nan,nan,nan,nan,nan,-0.1257,0.4896,0.5232,30.0,1.3679,31.2347,1.5,0.0,1.5,-125.0,180.0,-90.0
1789257352417,False,missing_prediction,nan,nan,nan,nan,nan,nan,nan,0.1,nan,nan,39.18542496331069,nan,nan,nan,0.5198000000000003,-0.1430657626296184,1.9059231562587209,172.71873101801648,42.164422718027,42.332688797568856,nan,nan,nan,nan,nan,nan,-0.1433,0.5198,0.524,30.0,1.3679,33.2369,1.5,0.0,1.5,-125.0,180.0,-90.0
1789257357490,False,missing_prediction,nan,nan,nan,nan,nan,nan,nan,0.1,nan,nan,38.43148690690839,nan,nan,nan,0.5494000000000002,-0.1544469636248142,1.920782438337844,171.2729162823307,40.93175054481039,40.22511998287824,nan,nan,nan,nan,nan,nan,-0.162,0.5494,0.5248,30.0,1.3679,35.2392,1.5,0.0,1.5,-125.0,180.0,-90.0
1789257362601,False,missing_prediction,nan,nan,nan,nan,nan,nan,nan,0.1,nan,nan,37.76337657973487,nan,nan,nan,0.5784000000000002,-0.16648365626078981,1.9364035148176213,169.9135311568402,39.66091200416949,38.197378741446975,nan,nan,nan,nan,nan,nan,-0.1817,0.5784,0.5257,30.0,1.3679,37.2414,1.5,0.0,1.5,-125.0,180.0,-90.0
1789257367744,False,missing_prediction,nan,nan,nan,nan,nan,nan,nan,0.1,nan,nan,37.180604937164226,nan,nan,nan,0.6066000000000003,-0.1790693677723228,1.9529830161897515,168.63684305804037,38.35484425634268,36.24523103480766,nan,nan,nan,nan,nan,nan,-0.2025,0.6066,0.5265,30.0,1.3679,39.2436,1.5,0.0,1.5,-125.0,180.0,-90.0
1789257372836,False,missing_prediction,nan,nan,nan,nan,nan,nan,nan,0.1,nan,nan,36.6804393623919,nan,nan,nan,0.6341000000000002,-0.19211394043293656,1.9702178391973129,167.43914582008165,37.01633683844216,34.36448532330704,nan,nan,nan,nan,nan,nan,-0.2241,0.6341,0.5273,30.0,1.3679,41.2458,1.5,0.0,1.5,-125.0,180.0,-90.0
1789257377926,False,missing_prediction,nan,nan,nan,nan,nan,nan,nan,0.1,nan,nan,36.27001453869407,nan,nan,nan,0.6608000000000003,-0.20587136237796538,1.988296371809957,166.3166997546495,35.64791029152581,32.55086362736063,nan,nan,nan,nan,nan,nan,-0.2468,0.6608,0.5282,30.0,1.3679,43.2481,1.5,0.0,1.5,-125.0,180.0,-90.0
1789257382980,False,missing_prediction,nan,nan,nan,nan,nan,nan,nan,0.1,nan,nan,35.93929480049127,nan,nan,nan,0.6868000000000002,-0.2200057302676462,2.0070875837016673,165.2660051483421,34.25210120326541,30.80041203506408,nan,nan,nan,nan,nan,nan,-0.2703,0.6868,0.529,30.0,1.3679,45.2503,1.5,0.0,1.5,-125.0,180.0,-90.0
1789257388057,False,missing_prediction,nan,nan,nan,nan,nan,nan,nan,0.1,nan,nan,35.69175585290103,nan,nan,nan,0.7118000000000002,-0.2346563169500429,2.026616032433238,164.2835060183021,32.8310633381325,29.108995820821665,nan,nan,nan,nan,nan,nan,-0.2947,0.7118,0.5298,30.0,1.3679,47.2525,1.5,0.0,1.5,-125.0,180.0,-90.0
1789257393159,False,missing_prediction,nan,nan,nan,nan,nan,nan,nan,0.1,nan,nan,35.52702318868528,nan,nan,nan,0.7360000000000002,-0.24990503762958444,2.0468243603610334,163.36584679086948,31.386851656584106,27.472692099210782,nan,nan,nan,nan,nan,nan,-0.32,0.736,0.5307,30.0,1.3679,49.2547,1.5,0.0,1.5,-125.0,180.0,-90.0
1789257398272,False,missing_prediction,nan,nan,nan,nan,nan,nan,nan,0.1,nan,nan,35.438412905882885,nan,nan,nan,0.7593000000000002,-0.2655880618974131,2.0678272827723245,162.50983442637727,29.92136688636242,25.887715854518934,nan,nan,nan,nan,nan,nan,-0.3462,0.7593,0.5315,30.0,1.3679,51.2569,1.5,0.0,1.5,-125.0,180.0,-90.0
1789257403354,False,missing_prediction,nan,nan,nan,nan,nan,nan,nan,0.1,nan,nan,35.422989526809,nan,nan,nan,0.7817000000000002,-0.28167258967068737,2.0894036116146175,161.7124129786428,28.43629296533689,24.350355353253764,nan,nan,nan,nan,nan,nan,-0.3731,0.7817,0.5323,30.0,1.3679,53.2592,1.5,0.0,1.5,-125.0,180.0,-90.0
1789257408479,False,missing_prediction,nan,nan,nan,nan,nan,nan,nan,0.1,nan,nan,35.48122761790819,nan,nan,nan,0.8031000000000003,-0.29829789379747146,2.1115779044487066,160.97082739287336,26.933406430518573,22.857282253084723,nan,nan,nan,nan,nan,nan,-0.4008,0.8031,0.5332,30.0,1.3679,55.2614,1.5,0.0,1.5,-125.0,180.0,-90.0
1789257413574,False,missing_prediction,nan,nan,nan,nan,nan,nan,nan,0.1,nan,nan,35.60418298424972,nan,nan,nan,0.8236000000000002,-0.3152427862252724,2.134382961357433,160.28235487152702,25.414066264947607,21.405020629343717,nan,nan,nan,nan,nan,nan,-0.4292,0.8236,0.534,30.0,1.3679,57.2637,1.5,0.0,1.5,-125.0,180.0,-90.0
1789257418681,False,missing_prediction,nan,nan,nan,nan,nan,nan,nan,0.1,nan,nan,35.79140401486089,nan,nan,nan,0.8430000000000002,-0.33264653980215414,2.1578433399015906,159.64463245117568,23.87990168593208,19.990611741954623,nan,nan,nan,nan,nan,nan,-0.4584,0.843,0.5348,30.0,1.3679,59.2658,1.5,0.0,1.5,-125.0,180.0,-90.0
1789257423775,False,missing_prediction,nan,nan,nan,nan,nan,nan,nan,0.1,nan,nan,36.038539068383514,nan,nan,nan,0.8614000000000003,-0.3504189968016403,2.181655936824258,159.05525419857565,22.331908206631073,18.610747543245118,nan,nan,nan,nan,nan,nan,-0.4881,0.8614,0.5357,30.0,1.3679,61.2681,1.5,0.0,1.5,-125.0,180.0,-90.0
1789257428869,False,missing_prediction,nan,nan,nan,nan,nan,nan,nan,0.1,nan,nan,36.339615980034154,nan,nan,nan,0.8788000000000002,-0.3685110421021433,2.2060992978215626,158.5122135939204,20.77152961416959,17.262753550021895,nan,nan,nan,nan,nan,nan,-0.5185,0.8788,0.5365,30.0,1.3679,63.2703,1.5,0.0,1.5,-125.0,180.0,-90.0
1789257433978,False,missing_prediction,nan,nan,nan,nan,nan,nan,nan,0.1,nan,nan,36.69193184228853,nan,nan,nan,0.8951000000000002,-0.38694723326445685,2.2310341500454403,158.0135327685932,19.199742683036582,15.943744627846913,nan,nan,nan,nan,nan,nan,-0.5495,0.8951,0.5373,30.0,1.3679,65.2726,1.5,0.0,1.5,-125.0,180.0,-90.0
1789257439069,False,missing_prediction,nan,nan,nan,nan,nan,nan,nan,0.1,nan,nan,37.093981718462146,nan,nan,nan,0.9103000000000002,-0.40580948549301005,2.2564031358522563,157.5575291369635,17.617844036609874,14.651290914811506,nan,nan,nan,nan,nan,nan,-0.5811,0.9103,0.5382,30.0,1.3679,67.2747,1.5,0.0,1.5,-125.0,180.0,-90.0
1789257444144,False,missing_prediction,nan,nan,nan,nan,nan,nan,nan,0.1,nan,nan,37.53720171005362,nan,nan,nan,0.9244000000000002,-0.42487661073530986,2.2822390553248524,157.14252083781915,16.02651339682752,13.382623943337048,nan,nan,nan,nan,nan,nan,-0.6132,0.9244,0.539,30.0,1.3679,69.277,1.5,0.0,1.5,-125.0,180.0,-90.0
1789257449235,False,missing_prediction,nan,nan,nan,nan,nan,nan,nan,0.1,nan,nan,38.01921895180387,nan,nan,nan,0.9373000000000002,-0.44417316655215006,2.3084026356151637,156.76713986855046,14.42692661418066,12.135531092288717,nan,nan,nan,nan,nan,nan,-0.6457,0.9373,0.5398,30.0,1.3679,71.2792,1.5,0.0,1.5,-125.0,180.0,-90.0
1789257454309,False,missing_prediction,nan,nan,nan,nan,nan,nan,nan,0.1,nan,nan,38.53955806982118,nan,nan,nan,0.9491000000000003,-0.46378106814795944,2.3348365190795555,156.4300828635323,12.819891449253785,10.907639766499312,nan,nan,nan,nan,nan,nan,-0.6786,0.9491,0.5407,30.0,1.3679,73.2814,1.5,0.0,1.5,-125.0,180.0,-90.0
1789257459421,False,missing_prediction,nan,nan,nan,nan,nan,nan,nan,0.1,nan,nan,39.091833525714,nan,nan,nan,0.9598000000000002,-0.48359384275751566,2.361737336209727,156.13020018776817,11.206169158285205,9.696667085472951,nan,nan,nan,nan,nan,nan,-0.712,0.9598,0.5415,30.0,1.3679,75.2837,1.5,0.0,1.5,-125.0,180.0,-90.0
1789257464557,False,missing_prediction,nan,nan,nan,nan,nan,nan,nan,0.1,nan,nan,39.6727915135093,nan,nan,nan,0.9692000000000002,-0.5035786902979771,2.388883898953185,155.8665394007254,9.586804635779885,8.500646539527088,nan,nan,nan,nan,nan,nan,-0.7457,0.9692,0.5423,30.0,1.3679,77.2858,1.5,0.0,1.5,-125.0,180.0,-90.0
1789257469644,False,missing_prediction,nan,nan,nan,nan,nan,nan,nan,0.1,nan,nan,40.28322083355775,nan,nan,nan,0.9775000000000003,-0.5238175259737727,2.416218849666295,155.63818943807925,7.962243031599828,7.31725849286257,nan,nan,nan,nan,nan,nan,-0.7797,0.9775,0.5432,30.0,1.3679,79.2881,1.5,0.0,1.5,-125.0,180.0,-90.0
1789257474733,False,missing_prediction,nan,nan,nan,nan,nan,nan,nan,0.1,nan,nan,40.91608916009659,nan,nan,nan,0.9846000000000003,-0.5441465193760449,2.4438569036363265,155.4444610412025,6.3334670008361265,6.14465719708502,nan,nan,nan,nan,nan,nan,-0.814,0.9846,0.544,30.0,1.3679,81.2903,1.5,0.0,1.5,-125.0,180.0,-90.0
1789257479794,False,missing_prediction,nan,nan,nan,nan,nan,nan,nan,0.1,nan,nan,41.57074365919839,nan,nan,nan,0.9905000000000003,-0.5645902280655872,2.471658788015216,155.2847374471977,4.701029250851837,4.980748407016906,nan,nan,nan,nan,nan,nan,-0.8485,0.9905,0.5448,30.0,1.3679,83.2926,1.5,0.0,1.5,-125.0,180.0,-90.0
1789257484896,False,missing_prediction,nan,nan,nan,nan,nan,nan,nan,0.1,nan,nan,42.247016415211355,nan,nan,nan,0.9952000000000002,-0.5852305672468285,2.499567145159328,155.1585686278507,3.0658701689852674,3.8237666909421244,nan,nan,nan,nan,nan,nan,-0.8832,0.9952,0.5457,30.0,1.3679,85.2947,1.5,0.0,1.5,-125.0,180.0,-90.0
1789257489963,False,missing_prediction,nan,nan,nan,nan,nan,nan,nan,0.1,nan,nan,42.93935012172031,nan,nan,nan,0.9987000000000003,-0.6059037065109112,2.527696690355933,155.06558164566897,1.4283432675691994,2.671569824845053,nan,nan,nan,nan,nan,nan,-0.9181,0.9987,0.5465,30.0,1.3679,87.297,1.5,0.0,1.5,-125.0,180.0,-90.0
1789257495045,False,missing_prediction,nan,nan,nan,nan,nan,nan,nan,0.1,nan,nan,43.64812476663756,nan,nan,nan,1.0009000000000001,-0.6266587609794227,2.555768877908903,155.0055674271838,-0.21063730164315134,1.522438867316301,nan,nan,nan,nan,nan,nan,-0.953,1.0009,0.5474,30.0,1.3679,89.2992,1.5,0.0,1.5,-125.0,180.0,-90.0
1789257500144,False,missing_prediction,nan,nan,nan,nan,nan,nan,nan,0.1,nan,nan,44.37019174403067,nan,nan,nan,1.0020000000000002,-0.6473892578871407,2.583980338309937,154.9784158859362,-1.850573315935699,0.37437674496872864,nan,nan,nan,nan,nan,nan,-0.988,1.002,0.5482,30.0,1.3679,91.3015,1.5,0.0,1.5,-125.0,180.0,-90.0
1789257505232,False,missing_prediction,nan,nan,nan,nan,nan,nan,nan,0.1,nan,nan,45.10396610979002,nan,nan,nan,1.0018000000000002,-0.6681197547948585,2.6121917987109704,154.98414695460394,-3.4906420915455207,-0.7743834797132289,nan,nan,nan,nan,nan,nan,-1.023,1.0018,0.549,30.0,1.3679,93.3037,1.5,0.0,1.5,-125.0,180.0,-90.0
1789257510307,False,missing_prediction,nan,nan,nan,nan,nan,nan,nan,0.1,nan,nan,45.85076117314957,nan,nan,nan,1.0004000000000002,-0.6889321669070052,2.6403459014683692,155.02289758931366,-5.130265626097524,-1.9257894653047851,nan,nan,nan,nan,nan,nan,-1.058,1.0004,0.5499,30.0,1.3679,95.3059,1.5,0.0,1.5,-125.0,180.0,-90.0
1789257515414,False,missing_prediction,nan,nan,nan,nan,nan,nan,nan,0.1,nan,nan,46.604703988273656,nan,nan,nan,0.9977000000000003,-0.7096053061710879,2.6684754466649743,155.09493017644937,-6.768778907753009,-3.081749732864984,nan,nan,nan,nan,nan,nan,-1.0929,0.9977,0.5507,30.0,1.3679,97.3081,1.5,0.0,1.5,-125.0,180.0,-90.0
1789257520517,False,missing_prediction,nan,nan,nan,nan,nan,nan,nan,0.1,nan,nan,47.368210811465964,nan,nan,nan,0.9939000000000002,-0.7302210877915356,2.6965230766571504,155.20063244533927,-8.405507643691296,-4.244200614036748,nan,nan,nan,nan,nan,nan,-1.1277,0.9939,0.5515,30.0,1.3679,99.3103,1.5,0.0,1.5,-125.0,180.0,-90.0
1789257525600,False,missing_prediction,nan,nan,nan,nan,nan,nan,nan,0.1,nan,nan,48.14029369878735,nan,nan,nan,0.9888000000000002,-0.7508614269727769,2.7244314338012625,155.34052816463281,-10.03984553663023,-5.415174786516686,nan,nan,nan,nan,nan,nan,-1.1624,0.9888,0.5524,30.0,1.3679,101.3126,1.5,0.0,1.5,-125.0,180.0,-90.0
1789257530670,False,missing_prediction,nan,nan,nan,nan,nan,nan,nan,0.1,nan,nan,48.91689635374392,nan,nan,nan,0.9825000000000003,-0.7712477780186842,2.752151402975723,155.5152511112491,-11.670923476621695,-6.596577011626667,nan,nan,nan,nan,nan,nan,-1.1968,0.9825,0.5532,30.0,1.3679,103.3148,1.5,0.0,1.5,-125.0,180.0,-90.0
1789257535771,False,missing_prediction,nan,nan,nan,nan,nan,nan,nan,0.1,nan,nan,49.69920804305422,nan,nan,nan,0.9750000000000002,-0.7915194137773212,2.7797075417413257,155.72559133279006,-13.298094692464984,-7.79054524220898,nan,nan,nan,nan,nan,nan,-1.231,0.975,0.554,30.0,1.3679,105.317,1.5,0.0,1.5,-125.0,180.0,-90.0
1789257540864,False,missing_prediction,nan,nan,nan,nan,nan,nan,nan,0.1,nan,nan,50.48894416082329,nan,nan,nan,0.9664000000000003,-0.8117582494531166,2.8070424924544355,155.97247411340462,-14.920603200827586,-8.999227947726489,nan,nan,nan,nan,nan,nan,-1.265,0.9664,0.5549,30.0,1.3679,107.3192,1.5,0.0,1.5,-125.0,180.0,-90.0
1789257545922,False,missing_prediction,nan,nan,nan,nan,nan,nan,nan,0.1,nan,nan,51.2799029749956,nan,nan,nan,0.9565000000000002,-0.831685739349943,2.8341071399934648,156.25698722324086,-16.537740909372502,-10.224915128024398,nan,nan,nan,nan,nan,nan,-1.2986,0.9565,0.5557,30.0,1.3679,109.3215,1.5,0.0,1.5,-125.0,180.0,-90.0
1789257550983,False,missing_prediction,nan,nan,nan,nan,nan,nan,nan,0.1,nan,nan,52.07476722307513,nan,nan,nan,0.9455000000000002,-0.851383798672229,2.8608441267147784,156.5803289405588,-18.14851926155268,-11.469804111557263,nan,nan,nan,nan,nan,nan,-1.3318,0.9455,0.5565,30.0,1.3679,111.3237,1.5,0.0,1.5,-125.0,180.0,-90.0
1789257556063,False,missing_prediction,nan,nan,nan,nan,nan,nan,nan,0.1,nan,nan,52.87365775686588,nan,nan,nan,0.9333000000000002,-0.8709343426244034,2.8871960949747413,156.94391987173518,-19.75222779974139,-12.736442382265356,nan,nan,nan,nan,nan,nan,-1.3646,0.9333,0.5574,30.0,1.3679,113.326,1.5,0.0,1.5,-125.0,180.0,-90.0
1789257561130,False,missing_prediction,nan,nan,nan,nan,nan,nan,nan,0.1,nan,nan,53.67361124022549,nan,nan,nan,0.9200000000000003,-0.8901735407976086,2.913277760060624,157.34926028298207,-21.347704829596772,-14.027176741579826,nan,nan,nan,nan,nan,nan,-1.397,0.92,0.5582,30.0,1.3679,115.3281,1.5,0.0,1.5,-125.0,180.0,-90.0
1789257566238,False,missing_prediction,nan,nan,nan,nan,nan,nan,nan,0.1,nan,nan,54.47559292109581,nan,nan,nan,0.9056000000000002,-0.9091259507526381,2.938949849124362,157.7981675765522,-22.93428931248505,-15.344931616464503,nan,nan,nan,nan,nan,nan,-1.4289,0.9056,0.559,30.0,1.3679,117.3304,1.5,0.0,1.5,-125.0,180.0,-90.0
1789257571301,False,missing_prediction,nan,nan,nan,nan,nan,nan,nan,0.1,nan,nan,55.28045018225985,nan,nan,nan,0.8901000000000002,-0.927873487693921,2.96415500452232,158.29250188422697,-24.51069774188835,-16.69231889621452,nan,nan,nan,nan,nan,nan,-1.4603,0.8901,0.5599,30.0,1.3679,119.3326,1.5,0.0,1.5,-125.0,180.0,-90.0
1789257576375,False,missing_prediction,nan,nan,nan,nan,nan,nan,nan,0.1,nan,nan,56.083603654434924,nan,nan,nan,0.8734000000000002,-0.9461949635689646,2.9889260263373405,158.8344343373692,-26.075968729183764,-18.072434527662956,nan,nan,nan,nan,nan,nan,-1.4911,0.8734,0.5607,30.0,1.3679,121.3349,1.5,0.0,1.5,-125.0,180.0,-90.0
1789257581456,False,missing_prediction,nan,nan,nan,nan,nan,nan,nan,0.1,nan,nan,56.88776514902628,nan,nan,nan,0.8557000000000002,-0.9641722935821972,3.0132055569257874,159.42620881164586,-27.62866723369065,-19.488196780884692,nan,nan,nan,nan,nan,nan,-1.5213,0.8557,0.5615,30.0,1.3679,123.337,1.5,0.0,1.5,-125.0,180.0,-90.0
1789257586562,False,missing_prediction,nan,nan,nan,nan,nan,nan,nan,0.1,nan,nan,57.694054213776354,nan,nan,nan,0.8370000000000002,-0.9818873929380483,3.0369362386440253,160.0704557578081,-29.167732928283947,-20.943121721721756,nan,nan,nan,nan,nan,nan,-1.5509,0.837,0.5624,30.0,1.3679,125.3392,1.5,0.0,1.5,-125.0,180.0,-90.0
1789257591638,False,missing_prediction,nan,nan,nan,nan,nan,nan,nan,0.1,nan,nan,58.49794931896915,nan,nan,nan,0.8172000000000003,-0.9991190735840247,3.0601508715748964,160.76995463643337,-30.69176645908889,-22.440712805195908,nan,nan,nan,nan,nan,nan,-1.5798,0.8172,0.5632,30.0,1.3679,127.3415,1.5,0.0,1.5,-125.0,180.0,-90.0
1789257596699,False,missing_prediction,nan,nan,nan,nan,nan,nan,nan,0.1,nan,nan,59.302197626929626,nan,nan,nan,0.7965000000000002,-1.0159492507245556,3.082792098074765,161.52764071240975,-32.19910347047731,-23.9845188254019,nan,nan,nan,nan,nan,nan,-1.608,0.7965,0.564,30.0,1.3679,129.3437,1.5,0.0,1.5,-125.0,180.0,-90.0
1789257601773,False,missing_prediction,nan,nan,nan,nan,nan,nan,nan,0.1,nan,nan,60.10696529718945,nan,nan,nan,0.7748000000000003,-1.0324598395640692,3.104802560499996,162.34683452246372,-33.688254849720174,-25.578601690175287,nan,nan,nan,nan,nan,nan,-1.6355,0.7748,0.5649,30.0,1.3679,131.346,1.5,0.0,1.5,-125.0,180.0,-90.0
1789257606882,False,missing_prediction,nan,nan,nan,nan,nan,nan,nan,0.1,nan,nan,60.90859989793894,nan,nan,nan,0.7521000000000002,-1.0484296520500733,3.1262150589334317,163.2308955072824,-35.157218491970255,-27.22684001030065,nan,nan,nan,nan,nan,nan,-1.6622,0.7521,0.5657,30.0,1.3679,133.3481,1.5,0.0,1.5,-125.0,180.0,-90.0
1789257611950,False,missing_prediction,nan,nan,nan,nan,nan,nan,nan,0.1,nan,nan,61.70899305130974,nan,nan,nan,0.7285000000000003,-1.0638832457433616,3.1468903205270067,164.18372878357724,-36.60435196520337,-28.93389974686505,nan,nan,nan,nan,nan,nan,-1.688,0.7285,0.5665,30.0,1.3679,135.3504,1.5,0.0,1.5,-125.0,180.0,-90.0
1789257617022,False,missing_prediction,nan,nan,nan,nan,nan,nan,nan,0.1,nan,nan,62.50937794484263,nan,nan,nan,0.7040000000000002,-1.079017251135633,3.1669348180459442,165.209159477935,-38.02733042811779,-30.704075945491535,nan,nan,nan,nan,nan,nan,-1.7131,0.704,0.5674,30.0,1.3679,137.3526,1.5,0.0,1.5,-125.0,180.0,-90.0
1789257622129,False,missing_prediction,nan,nan,nan,nan,nan,nan,nan,0.1,nan,nan,63.30689210669567,nan,nan,nan,0.6787000000000002,-1.0934957648871244,3.1862175211642283,166.3114729778943,-39.42400311786621,-32.54228937966394,nan,nan,nan,nan,nan,nan,-1.7372,0.6787,0.5682,30.0,1.3679,139.3549,1.5,0.0,1.5,-125.0,180.0,-90.0
1789257627219,False,missing_prediction,nan,nan,nan,nan,nan,nan,nan,0.1,nan,nan,64.10188561688696,nan,nan,nan,0.6525000000000002,-1.1075154174895347,3.204844902647081,167.49487594267381,-40.79166776707149,-34.45317692823682,nan,nan,nan,nan,nan,nan,-1.7605,0.6525,0.569,30.0,1.3679,141.357,1.5,0.0,1.5,-125.0,180.0,-90.0
1789257632371,False,missing_prediction,nan,nan,nan,nan,nan,nan,nan,0.1,nan,nan,64.89596715757837,nan,nan,nan,0.6255000000000002,-1.1210434088600232,3.2225957744420097,168.76414072495527,-42.12788388173196,-36.44217660408946,nan,nan,nan,nan,nan,nan,-1.7828,0.6255,0.5699,30.0,1.3679,143.3593,1.5,0.0,1.5,-125.0,180.0,-90.0
1789257637454,False,missing_prediction,nan,nan,nan,nan,nan,nan,nan,0.1,nan,nan,65.68691509778256,nan,nan,nan,0.5978000000000002,-1.1339732662333668,3.2396667670407133,170.12372347861879,-43.42950154005527,-38.51413831888625,nan,nan,nan,nan,nan,nan,-1.8042,0.5978,0.5707,30.0,1.3679,145.3615,1.5,0.0,1.5,-125.0,180.0,-90.0
1789257642511,False,missing_prediction,nan,nan,nan,nan,nan,nan,nan,0.1,nan,nan,66.47461179805516,nan,nan,nan,0.5693000000000003,-1.1463295471703594,3.255918607595128,171.5783557574461,-44.69339358821347,-40.674315177936386,nan,nan,nan,nan,nan,nan,-1.8246,0.5693,0.5715,30.0,1.3679,147.3637,1.5,0.0,1.5,-125.0,180.0,-90.0
1789257647615,False,missing_prediction,nan,nan,nan,nan,nan,nan,nan,0.1,nan,nan,67.26179608190061,nan,nan,nan,0.5402000000000002,-1.15819416687543,3.2712939384616186,173.13272105024495,-45.916166864472984,-42.92789538757956,nan,nan,nan,nan,nan,nan,-1.844,0.5402,0.5724,30.0,1.3679,149.366,1.5,0.0,1.5,-125.0,180.0,-90.0
1789257652676,False,missing_prediction,nan,nan,nan,nan,nan,nan,nan,0.1,nan,nan,68.0440465995549,nan,nan,nan,0.5104000000000002,-1.169345937296085,3.285825559723026,174.79098934404948,-47.09392291752952,-45.279400324504095,nan,nan,nan,nan,nan,nan,-1.8623,0.5104,0.5732,30.0,1.3679,151.3681,1.5,0.0,1.5,-125.0,180.0,-90.0
1789257657750,False,missing_prediction,nan,nan,nan,nan,nan,nan,nan,0.1,nan,nan,68.82271132908086,nan,nan,nan,0.4799000000000003,-1.1799241312803894,3.2995380289401446,176.55755254575988,-48.22291180794566,-47.733803026426436,nan,nan,nan,nan,nan,nan,-1.8796,0.4799,0.574,30.0,1.3679,153.3704,1.5,0.0,1.5,-125.0,180.0,-90.0
1789257662824,False,missing_prediction,nan,nan,nan,nan,nan,nan,nan,0.1,nan,nan,69.60029470884247,nan,nan,nan,0.44890000000000035,-1.1900106640327717,3.3123739884693393,178.43567225814522,-49.29871602632846,-50.29469223691197,nan,nan,nan,nan,nan,nan,-1.8959,0.4489,0.5749,30.0,1.3679,155.3726,1.5,0.0,1.5,-125.0,180.0,-90.0
1789257667910,False,missing_prediction,nan,nan,nan,nan,nan,nan,nan,0.1,nan,nan,70.37239515105625,nan,nan,nan,0.41730000000000034,-1.1993269898571035,3.3242843231890222,-179.57171511284133,-50.3169555304215,-52.965492247019434,nan,nan,nan,nan,nan,nan,-1.911,0.4173,0.5757,30.0,1.3679,157.3749,1.5,0.0,1.5,-125.0,180.0,-90.0
1789257673013,False,missing_prediction,nan,nan,nan,nan,nan,nan,nan,0.1,nan,nan,71.14223574238552,nan,nan,nan,0.3852000000000003,-1.208094296805878,3.335236233016352,-177.46309016822653,-51.272829039886425,-55.74806440645329,nan,nan,nan,nan,nan,nan,-1.925,0.3852,0.5766,30.0,1.3679,159.3771,1.5,0.0,1.5,-125.0,180.0,-90.0
1789257678119,False,missing_prediction,nan,nan,nan,nan,nan,nan,nan,0.1,nan,nan,71.90760832567717,nan,nan,nan,0.35270000000000035,-1.2161487544702378,3.3453444332385995,-175.23795534504,-52.161522679297185,-58.64334092523832,nan,nan,nan,nan,nan,nan,-1.9379,0.3527,0.5774,30.0,1.3679,161.3793,1.5,0.0,1.5,-125.0,180.0,-90.0
1789257683182,False,missing_prediction,nan,nan,nan,nan,nan,nan,nan,0.1,nan,nan,72.66851458489788,nan,nan,nan,0.3197000000000003,-1.2235722780546117,3.3545515662121286,-172.89752917104852,-52.9780666341826,-61.6504958463096,nan,nan,nan,nan,nan,nan,-1.9497,0.3197,0.5782,30.0,1.3679,163.3815,1.5,0.0,1.5,-125.0,180.0,-90.0
1789257688235,False,missing_prediction,nan,nan,nan,nan,nan,nan,nan,0.1,nan,nan,73.42643897348246,nan,nan,nan,0.28630000000000033,-1.2303894251197924,3.362718359088876,-170.44482269412796,-53.71750478765062,-64.76693655901191,nan,nan,nan,nan,nan,nan,-1.9603,0.2863,0.5791,30.0,1.3679,165.3838,1.5,0.0,1.5,-125.0,180.0,-90.0
1789257693371,False,missing_prediction,nan,nan,nan,nan,nan,nan,nan,0.1,nan,nan,74.17899993074244,nan,nan,nan,0.2526000000000003,-1.2364363652569237,3.369959527156112,-167.88540443752012,-54.374852601381775,-67.98740725485533,nan,nan,nan,nan,nan,nan,-1.9697,0.2526,0.5799,30.0,1.3679,167.386,1.5,0.0,1.5,-125.0,180.0,-90.0
1789257698461,False,missing_prediction,nan,nan,nan,nan,nan,nan,nan,0.1,nan,nan,74.9271168957112,nan,nan,nan,0.21860000000000032,-1.2417950136704334,3.3762177127702007,-165.22673911796466,-54.945464924801435,-71.30488274938416,nan,nan,nan,nan,nan,nan,-1.9779,0.2186,0.5807,30.0,1.3679,169.3883,1.5,0.0,1.5,-125.0,180.0,-90.0
1789257703534,False,missing_prediction,nan,nan,nan,nan,nan,nan,nan,0.1,nan,nan,75.67175771022261,nan,nan,nan,0.18430000000000032,-1.2466046432083862,3.381517473491937,-162.47946267391518,-55.424886441266686,-74.70899727257273,nan,nan,nan,nan,nan,nan,-1.985,0.1843,0.5816,30.0,1.3679,171.3904,1.5,0.0,1.5,-125.0,180.0,-90.0
1789257708645,False,missing_prediction,nan,nan,nan,nan,nan,nan,nan,0.1,nan,nan,76.40934519300752,nan,nan,nan,0.14970000000000033,-1.250586708174653,3.3858096941997315,-159.65589952852528,-55.809294376877105,-78.18788972949505,nan,nan,nan,nan,nan,nan,-1.9908,0.1497,0.5824,30.0,1.3679,173.3926,1.5,0.0,1.5,-125.0,180.0,-90.0
1789257713743,False,missing_prediction,nan,nan,nan,nan,nan,nan,nan,0.1,nan,nan,77.14264298544714,nan,nan,nan,0.11500000000000034,-1.253880481417299,3.3891189324543802,-156.7711037892029,-56.09538794889896,-81.72686739505747,nan,nan,nan,nan,nan,nan,-1.9954,0.115,0.5832,30.0,1.3679,175.3949,1.5,0.0,1.5,-125.0,180.0,-90.0
1789257718796,False,missing_prediction,nan,nan,nan,nan,nan,nan,nan,0.1,nan,nan,77.87233828196507,nan,nan,nan,0.08020000000000033,-1.256567878140753,3.391387830612247,-153.84243485757773,-56.28059624662456,-85.308864693238,nan,nan,nan,nan,nan,nan,-1.9988,0.0802,0.5841,30.0,1.3679,177.3971,1.5,0.0,1.5,-125.0,180.0,-90.0
1789257723881,False,missing_prediction,nan,nan,nan,nan,nan,nan,nan,0.1,nan,nan,78.59450845413215,nan,nan,nan,0.04520000000000032,-1.258485067936156,3.392731103960602,-150.88834166851888,-56.363244413991644,-88.91582285182217,nan,nan,nan,nan,nan,nan,-2.001,0.0452,0.5849,30.0,1.3679,179.3993,1.5,0.0,1.5,-125.0,180.0,-90.0
1789257728962,False,missing_prediction,nan,nan,nan,nan,nan,nan,nan,0.1,nan,nan,79.31157146376603,nan,nan,nan,0.010200000000000327,-1.2597139660079386,3.3930913948558103,-147.92832374132308,-56.342565645674355,-92.52859886383384,nan,nan,nan,nan,nan,nan,-2.002,0.0102,0.5857,30.0,1.3679,-178.5985,1.5,0.0,1.5,-125.0,180.0,-90.0
1789257734033,False,missing_prediction,nan,nan,nan,nan,nan,nan,nan,0.1,nan,nan,80.02400111697418,nan,nan,nan,-0.024799999999999673,-1.2602791299168934,3.3923294304498075,-144.98194880386148,-56.21874375265026,-96.12801392084147,nan,nan,nan,nan,nan,nan,-2.0017,-0.0248,0.5866,30.0,1.3679,-176.5962,1.5,0.0,1.5,-125.0,180.0,-90.0
1789257739120,False,missing_prediction,nan,nan,nan,nan,nan,nan,nan,0.1,nan,nan,80.72920558396828,nan,nan,nan,-0.05979999999999967,-1.2601314445414333,3.3907237564387223,-142.06872828627837,-55.992934363021924,-99.69484818371537,nan,nan,nan,nan,nan,nan,-2.0003,-0.0598,0.5874,30.0,1.3679,-174.594,1.5,0.0,1.5,-125.0,180.0,-90.0
1789257744212,False,missing_prediction,nan,nan,nan,nan,nan,nan,nan,0.1,nan,nan,81.42813161261873,nan,nan,nan,-0.09469999999999967,-1.2592381097987162,3.388053184770061,-139.20642362125452,-55.66715792407079,-103.21176359964335,nan,nan,nan,nan,nan,nan,-1.9976,-0.0947,0.5882,30.0,1.3679,-172.5917,1.5,0.0,1.5,-125.0,180.0,-90.0
1789257749294,False,missing_prediction,nan,nan,nan,nan,nan,nan,nan,0.1,nan,nan,82.12137245197509,nan,nan,nan,-0.12949999999999967,-1.2576810408931722,3.384260357800189,-136.41177696115312,-55.24432471800509,-106.66227988421355,nan,nan,nan,nan,nan,nan,-1.9936,-0.1295,0.5891,30.0,1.3679,-170.5896,1.5,0.0,1.5,-125.0,180.0,-90.0
1789257754396,False,missing_prediction,nan,nan,nan,nan,nan,nan,nan,0.1,nan,nan,82.80740875215119,nan,nan,nan,-0.16409999999999966,-1.2554111227032134,3.379623821225234,-133.69839159614057,-54.72789924218485,-110.03328757729393,nan,nan,nan,nan,nan,nan,-1.9885,-0.1641,0.5899,30.0,1.3679,-168.5873,1.5,0.0,1.5,-125.0,180.0,-90.0
1789257759507,False,missing_prediction,nan,nan,nan,nan,nan,nan,nan,0.1,nan,nan,83.48646537951598,nan,nan,nan,-0.19849999999999968,-1.2524529127896327,3.374004302197133,-131.07842132238895,-54.12206061209743,-113.31290074850868,nan,nan,nan,nan,nan,nan,-1.9822,-0.1985,0.5907,30.0,1.3679,-166.5851,1.5,0.0,1.5,-125.0,180.0,-90.0
1789257764599,False,missing_prediction,nan,nan,nan,nan,nan,nan,nan,0.1,nan,nan,84.1589889593644,nan,nan,nan,-0.23269999999999966,-1.248830968713225,3.3672625278678208,-128.56082526698566,-53.43127554430481,-116.4925967261924,nan,nan,nan,nan,nan,nan,-1.9746,-0.2327,0.5916,30.0,1.3679,-164.5828,1.5,0.0,1.5,-125.0,180.0,-90.0
1789257769677,False,missing_prediction,nan,nan,nan,nan,nan,nan,nan,0.1,nan,nan,84.82240444817768,nan,nan,nan,-0.26669999999999966,-1.2444961753524022,3.3596770439334254,-126.15259632615026,-52.6604189784904,-119.56569207253298,nan,nan,nan,nan,nan,nan,-1.9659,-0.2667,0.5924,30.0,1.3679,-162.5806,1.5,0.0,1.5,-125.0,180.0,-90.0
1789257774770,False,missing_prediction,nan,nan,nan,nan,nan,nan,nan,0.1,nan,nan,85.47927035263675,nan,nan,nan,-0.3001999999999997,-1.2394730902679578,3.351108577545884,-123.8581370785402,-51.8144586610591,-122.52816520131167,nan,nan,nan,nan,nan,nan,-1.956,-0.3002,0.5932,30.0,1.3679,-160.5785,1.5,0.0,1.5,-125.0,180.0,-90.0
1789257779847,False,missing_prediction,nan,nan,nan,nan,nan,nan,nan,0.1,nan,nan,86.12823827593937,nan,nan,nan,-0.3334999999999997,-1.2338436286643217,3.34149977106156,-121.67944694401223,-50.89825614011249,-125.37850518660238,nan,nan,nan,nan,nan,nan,-1.9449,-0.3335,0.5941,30.0,1.3679,-158.5762,1.5,0.0,1.5,-125.0,180.0,-90.0
1789257784935,False,missing_prediction,nan,nan,nan,nan,nan,nan,nan,0.1,nan,nan,86.76844105921705,nan,nan,nan,-0.3662999999999997,-1.22750131777627,3.3310472549721535,-119.6173953066819,-49.916880718465976,-128.11613799056096,nan,nan,nan,nan,nan,nan,-1.9327,-0.3663,0.5949,30.0,1.3679,-156.574,1.5,0.0,1.5,-125.0,180.0,-90.0
1789257790010,False,missing_prediction,nan,nan,nan,nan,nan,nan,nan,0.1,nan,nan,87.40022502354483,nan,nan,nan,-0.3985999999999997,-1.220470715164597,3.3196117564296,-117.67081242654089,-48.87504091302751,-130.74270503762992,nan,nan,nan,nan,nan,nan,-1.9193,-0.3986,0.5957,30.0,1.3679,-154.5717,1.5,0.0,1.5,-125.0,180.0,-90.0
1789257795090,False,missing_prediction,nan,nan,nan,nan,nan,nan,nan,0.1,nan,nan,88.02391370799351,nan,nan,nan,-0.43049999999999966,-1.212891093677367,3.3072178329946937,-115.8378178201253,-47.77751609540918,-133.26039812582678,nan,nan,nan,nan,nan,nan,-1.9048,-0.4305,0.5966,30.0,1.3679,-152.5696,1.5,0.0,1.5,-125.0,180.0,-90.0
1789257800184,False,missing_prediction,nan,nan,nan,nan,nan,nan,nan,0.1,nan,nan,88.63744415383756,nan,nan,nan,-0.46189999999999964,-1.2046559805493569,3.294062115159133,-114.11495924479244,-46.628480162767175,-135.6732302212437,nan,nan,nan,nan,nan,nan,-1.8893,-0.4619,0.5974,30.0,1.3679,-150.5673,1.5,0.0,1.5,-125.0,180.0,-90.0
1789257805275,False,missing_prediction,nan,nan,nan,nan,nan,nan,nan,0.1,nan,nan,89.2418204784609,nan,nan,nan,-0.49259999999999965,-1.1957325756977255,3.2799234148704266,-112.49874271147081,-45.43224370094925,-137.9850276064414,nan,nan,nan,nan,nan,nan,-1.8726,-0.4926,0.5982,30.0,1.3679,-148.5651,1.5,0.0,1.5,-125.0,180.0,-90.0
1789257810337,False,missing_prediction,nan,nan,nan,nan,nan,nan,nan,0.1,nan,nan,89.83693736432728,nan,nan,nan,-0.5227999999999998,-1.186260151970537,3.2648262896893665,-110.98478484057496,-44.192566363522154,-140.20069089491778,nan,nan,nan,nan,nan,nan,-1.8548,-0.5228,0.5991,30.0,1.3679,-146.5628,1.5,0.0,1.5,-125.0,180.0,-90.0
1789257815399,False,missing_prediction,nan,nan,nan,nan,nan,nan,nan,0.1,nan,nan,90.42036410971201,nan,nan,nan,-0.5523999999999998,-1.1761322366025686,3.2489673701076525,-109.56873197085713,-42.913183993650385,-142.32496493303574,nan,nan,nan,nan,nan,nan,-1.836,-0.5524,0.5999,30.0,1.3679,-144.5606,1.5,0.0,1.5,-125.0,180.0,-90.0
1789257820525,False,missing_prediction,nan,nan,nan,nan,nan,nan,nan,0.1,nan,nan,90.99413566652491,nan,nan,nan,-0.5811999999999998,-1.165430744798249,3.23228929848165,-108.24586243658808,-41.59738439632778,-144.36308226108514,nan,nan,nan,nan,nan,nan,-1.8162,-0.5812,0.6007,30.0,1.3679,-142.5584,1.5,0.0,1.5,-125.0,180.0,-90.0
1789257825658,False,missing_prediction,nan,nan,nan,nan,nan,nan,nan,0.1,nan,nan,91.55768079934482,nan,nan,nan,-0.6093999999999998,-1.1542375917620074,3.2147347171677225,-107.01150784164767,-40.24826180138944,-146.3202032329288,nan,nan,nan,nan,nan,nan,-1.7954,-0.6094,0.6016,30.0,1.3679,-140.5562,1.5,0.0,1.5,-125.0,180.0,-90.0
1789257830747,False,missing_prediction,nan,nan,nan,nan,nan,nan,nan,0.1,nan,nan,92.10869540321661,nan,nan,nan,-0.6367999999999998,-1.1423889470849857,3.1964183414531417,-105.86100699993912,-38.86859862840645,-148.20153498841572,nan,nan,nan,nan,nan,nan,-1.7736,-0.6368,0.6024,30.0,1.3679,-138.5539,1.5,0.0,1.5,-125.0,180.0,-90.0
1789257835820,False,missing_prediction,nan,nan,nan,nan,nan,nan,nan,0.1,nan,nan,92.64767846689031,nan,nan,nan,-0.6634999999999998,-1.1300240836152482,3.1773647288987013,-104.7899967045125,-37.46115708268458,-150.0118956836992,nan,nan,nan,nan,nan,nan,-1.7509,-0.6635,0.6032,30.0,1.3679,-136.5517,1.5,0.0,1.5,-125.0,180.0,-90.0
1789257840905,False,missing_prediction,nan,nan,nan,nan,nan,nan,nan,0.1,nan,nan,93.17659569703633,nan,nan,nan,-0.6892999999999998,-1.1172249165572234,3.157516521860765,-103.79411406179393,-36.02828118376496,-151.75623259457086,nan,nan,nan,nan,nan,nan,-1.7273,-0.6893,0.6041,30.0,1.3679,-134.5495,1.5,0.0,1.5,-125.0,180.0,-90.0
1789257846003,False,missing_prediction,nan,nan,nan,nan,nan,nan,nan,0.1,nan,nan,93.6911259996181,nan,nan,nan,-0.7142999999999998,-1.103827615502054,3.136988435626604,-102.86926218436393,-34.57218712868585,-153.4392124300151,nan,nan,nan,nan,nan,nan,-1.7028,-0.7143,0.6049,30.0,1.3679,-132.5473,1.5,0.0,1.5,-125.0,180.0,-90.0
1789257851072,False,missing_prediction,nan,nan,nan,nan,nan,nan,nan,0.1,nan,nan,94.19401432157223,nan,nan,nan,-0.7383999999999997,-1.0899960108585975,3.1156657549089473,-102.01157092039405,-33.094911159557256,-155.06529857356097,nan,nan,nan,nan,nan,nan,-1.6774,-0.7384,0.6058,30.0,1.3679,-130.5451,1.5,0.0,1.5,-125.0,180.0,-90.0
1789257856154,False,missing_prediction,nan,nan,nan,nan,nan,nan,nan,0.1,nan,nan,94.68203451374922,nan,nan,nan,-0.7615999999999998,-1.0756236298616315,3.093745110199495,-101.21736993466523,-31.59824994847726,-156.6388189936717,nan,nan,nan,nan,nan,nan,-1.6512,-0.7616,0.6066,30.0,1.3679,-128.5428,1.5,0.0,1.5,-125.0,180.0,-90.0
1789257861221,False,missing_prediction,nan,nan,nan,nan,nan,nan,nan,0.1,nan,nan,95.15578725344858,nan,nan,nan,-0.7838999999999998,-1.0607923877155845,3.071169143854611,-100.48334856102107,-30.084075451709474,-158.1636520785801,nan,nan,nan,nan,nan,nan,-1.6242,-0.7839,0.6074,30.0,1.3679,-126.5406,1.5,0.0,1.5,-125.0,180.0,-90.0
1789257866324,False,missing_prediction,nan,nan,nan,nan,nan,nan,nan,0.1,nan,nan,95.61657083084458,nan,nan,nan,-0.8051999999999998,-1.0455841996248854,3.0478804982306613,-99.80628497684505,-28.553823549194068,-159.64377340610667,nan,nan,nan,nan,nan,nan,-1.5964,-0.8052,0.6083,30.0,1.3679,-124.5383,1.5,0.0,1.5,-125.0,180.0,-90.0
1789257871370,False,missing_prediction,nan,nan,nan,nan,nan,nan,nan,0.1,nan,nan,96.06041510051223,nan,nan,nan,-0.8255999999999998,-1.0298925928243117,3.0240758038193443,-99.18336576838347,-27.00918930251187,-161.08258114444743,nan,nan,nan,nan,nan,nan,-1.5679,-0.8256,0.6091,30.0,1.3679,-122.5362,1.5,0.0,1.5,-125.0,180.0,-90.0
1789257876447,False,missing_prediction,nan,nan,nan,nan,nan,nan,nan,0.1,nan,nan,96.4891054513389,nan,nan,nan,-0.8448999999999998,-1.0137994825182923,2.999697702977025,-98.61178625345607,-25.451218752356034,-162.48378273632213,nan,nan,nan,nan,nan,nan,-1.5387,-0.8449,0.6099,30.0,1.3679,-120.5339,1.5,0.0,1.5,-125.0,180.0,-90.0
1789257881527,False,missing_prediction,nan,nan,nan,nan,nan,nan,nan,0.1,nan,nan,96.90274293863384,nan,nan,nan,-0.8631999999999997,-0.9973867839112562,2.974688838060068,-98.08917813708055,-23.881400071024352,-163.85039911836728,nan,nan,nan,nan,nan,nan,-1.5088,-0.8632,0.6108,30.0,1.3679,-118.5317,1.5,0.0,1.5,-125.0,180.0,-90.0
1789257886662,False,missing_prediction,nan,nan,nan,nan,nan,nan,nan,0.1,nan,nan,97.29853859502641,nan,nan,nan,-0.8804999999999997,-0.9806053818816156,2.9493277547646017,-97.61324428693592,-22.300743785171704,-165.18562661528384,nan,nan,nan,nan,nan,nan,-1.4784,-0.8805,0.6116,30.0,1.3679,-116.5294,1.5,0.0,1.5,-125.0,180.0,-90.0
1789257891777,False,missing_prediction,nan,nan,nan,nan,nan,nan,nan,0.1,nan,nan,97.67628882109395,nan,nan,nan,-0.8966999999999998,-0.9634224763465293,2.9233932650381336,-97.18201124544892,-20.710575706161933,-166.49216534966467,nan,nan,nan,nan,nan,nan,-1.4473,-0.8967,0.6124,30.0,1.3679,-114.5273,1.5,0.0,1.5,-125.0,180.0,-90.0
1789257896841,False,missing_prediction,nan,nan,nan,nan,nan,nan,nan,0.1,nan,nan,98.03840891929772,nan,nan,nan,-0.9116999999999997,-0.9460346977976961,2.8969918416458853,-96.79354491022936,-19.1115961913094,-167.7730258802338,nan,nan,nan,nan,nan,nan,-1.4157,-0.9117,0.6133,30.0,1.3679,-112.525,1.5,0.0,1.5,-125.0,180.0,-90.0
1789257901949,False,missing_prediction,nan,nan,nan,nan,nan,nan,nan,0.1,nan,nan,98.37978178341623,nan,nan,nan,-0.9256999999999997,-0.9282782158262588,2.8702381998751276,-96.44624282837628,-17.504999947307304,-169.0306280564063,nan,nan,nan,nan,nan,nan,-1.3836,-0.9257,0.6141,30.0,1.3679,-110.5228,1.5,0.0,1.5,-125.0,180.0,-90.0
1789257907040,False,missing_prediction,nan,nan,nan,nan,nan,nan,nan,0.1,nan,nan,98.70184255514354,nan,nan,nan,-0.9384999999999998,-0.9102349456366461,2.843074982082226,-96.13859560623322,-15.891608218450287,-170.2675271209173,nan,nan,nan,nan,nan,nan,-1.351,-0.9385,0.6149,30.0,1.3679,-108.5206,1.5,0.0,1.5,-125.0,180.0,-90.0
1789257912117,False,missing_prediction,nan,nan,nan,nan,nan,nan,nan,0.1,nan,nan,99.00558345328577,nan,nan,nan,-0.9501999999999998,-0.8920441600769216,2.8155267458279734,-95.86926811950657,-14.27219280111952,-171.48616365217924,nan,nan,nan,nan,nan,nan,-1.318,-0.9502,0.6158,30.0,1.3679,-106.5183,1.5,0.0,1.5,-125.0,180.0,-90.0
1789257917197,False,missing_prediction,nan,nan,nan,nan,nan,nan,nan,0.1,nan,nan,99.28655318170186,nan,nan,nan,-0.9607999999999998,-0.8735420287382278,2.7877082063996403,-95.63713373236352,-12.647807719783355,-172.6886380473995,nan,nan,nan,nan,nan,nan,-1.2846,-0.9608,0.6166,30.0,1.3679,-104.5162,1.5,0.0,1.5,-125.0,180.0,-90.0
1789257922266,False,missing_prediction,nan,nan,nan,nan,nan,nan,nan,0.1,nan,nan,99.54672483337703,nan,nan,nan,-0.9700999999999997,-0.8548678244686287,2.75964392135802,-95.4411330862301,-11.018903461529614,-173.87738572409137,nan,nan,nan,nan,nan,nan,-1.2509,-0.9701,0.6174,30.0,1.3679,-102.5139,1.5,0.0,1.5,-125.0,180.0,-90.0
1789257927334,False,missing_prediction,nan,nan,nan,nan,nan,nan,nan,0.1,nan,nan,99.78548190508072,nan,nan,nan,-0.9782999999999997,-0.8360461048289183,2.7311946178550497,-95.28043016654598,-9.38646814248136,-175.05434724342504,nan,nan,nan,nan,nan,nan,-1.2168,-0.9783,0.6183,30.0,1.3679,-100.5117,1.5,0.0,1.5,-125.0,180.0,-90.0
1789257932417,False,missing_prediction,nan,nan,nan,nan,nan,nan,nan,0.1,nan,nan,99.9998708136539,nan,nan,nan,-0.9852999999999997,-0.8170277546975087,2.7026388415868565,-95.15427997760207,-7.7510576151791035,-176.22169560479477,nan,nan,nan,nan,nan,nan,-1.1825,-0.9853,0.6191,30.0,1.3679,-98.5094,1.5,0.0,1.5,-125.0,180.0,-90.0
1789257937488,False,missing_prediction,nan,nan,nan,nan,nan,nan,nan,0.1,nan,nan,100.19064781625478,nan,nan,nan,-0.9909999999999998,-0.7978946892788286,2.673919234909805,-95.06210434115032,-6.113615186882178,-177.38125787029185,nan,nan,nan,nan,nan,nan,-1.148,-0.991,0.6199,30.0,1.3679,-96.5073,1.5,0.0,1.5,-125.0,180.0,-90.0
1789257942592,False,missing_prediction,nan,nan,nan,nan,nan,nan,nan,0.1,nan,nan,100.35818750176138,nan,nan,nan,-0.9955999999999998,-0.7787288237773073,2.644978440180261,-95.00342055642662,-4.474495661523117,-178.53522355100677,nan,nan,nan,nan,nan,nan,-1.1133,-0.9956,0.6208,30.0,1.3679,-94.505,1.5,0.0,1.5,-125.0,180.0,-90.0
1789257947711,False,missing_prediction,nan,nan,nan,nan,nan,nan,nan,0.1,nan,nan,100.49785622186432,nan,nan,nan,-0.9989999999999998,-0.7593663277840872,2.615931172685495,-94.97790262353728,-2.834614603079228,-179.68534341430626,nan,nan,nan,nan,nan,nan,-1.0784,-0.999,0.6216,30.0,1.3679,-92.5028,1.5,0.0,1.5,-125.0,180.0,-90.0
1789257952822,False,missing_prediction,nan,nan,nan,nan,nan,nan,nan,0.1,nan,nan,100.61178222762832,nan,nan,nan,-1.0010999999999999,-0.7400038317908668,2.5868839051907284,-94.98533509556954,-1.1944707439274755,179.16636735413914,nan,nan,nan,nan,nan,nan,-1.0435,-1.0011,0.6224,30.0,1.3679,-90.5005,1.5,0.0,1.5,-125.0,180.0,-90.0
1789257957899,False,missing_prediction,nan,nan,nan,nan,nan,nan,nan,0.1,nan,nan,100.6997985764857,nan,nan,nan,-1.0019999999999998,-0.7206658933584402,2.5576973648478973,-95.02562698202331,0.4451130765655494,178.01813769938033,nan,nan,nan,nan,nan,nan,-1.0085,-1.002,0.6233,30.0,1.3679,-88.4983,1.5,0.0,1.5,-125.0,180.0,-90.0
1789257962969,False,missing_prediction,nan,nan,nan,nan,nan,nan,nan,0.1,nan,nan,100.75762769675228,nan,nan,nan,-1.0016999999999998,-0.701246039721585,2.5285681821487023,-95.09880916863578,2.083559200391379,176.86802960259502,nan,nan,nan,nan,nan,nan,-0.9735,-1.0017,0.6241,30.0,1.3679,-86.4961,1.5,0.0,1.5,-125.0,180.0,-90.0
1789257968066,False,missing_prediction,nan,nan,nan,nan,nan,nan,nan,0.1,nan,nan,100.7859042331297,nan,nan,nan,-1.0000999999999998,-0.6818261860847294,2.4994389994495063,-95.20503424609915,3.7202034147323935,175.7141581663155,nan,nan,nan,nan,nan,nan,-0.9385,-1.0001,0.6249,30.0,1.3679,-84.4939,1.5,0.0,1.5,-125.0,180.0,-90.0
1789257973147,False,missing_prediction,nan,nan,nan,nan,nan,nan,nan,0.1,nan,nan,100.7860000105887,nan,nan,nan,-0.9973999999999997,-0.662545605295938,2.4703343743111046,-95.34457645142624,5.354372783829273,174.55462498745817,nan,nan,nan,nan,nan,nan,-0.9036,-0.9974,0.6258,30.0,1.3679,-82.4917,1.5,0.0,1.5,-125.0,180.0,-90.0
1789257978206,False,missing_prediction,nan,nan,nan,nan,nan,nan,nan,0.1,nan,nan,100.75269164298487,nan,nan,nan,-0.9933999999999997,-0.6432404669463527,2.441369022020767,-95.51784226450204,6.985462868897029,173.38745039818392,nan,nan,nan,nan,nan,nan,-0.8688,-0.9934,0.6266,30.0,1.3679,-80.4894,1.5,0.0,1.5,-125.0,180.0,-90.0
1789257983307,False,missing_prediction,nan,nan,nan,nan,nan,nan,nan,0.1,nan,nan,100.68729395441156,nan,nan,nan,-0.9881999999999997,-0.6240500438840377,2.412567500139287,-95.72533589946336,8.612607776428636,172.2107977091473,nan,nan,nan,nan,nan,nan,-0.8342,-0.9882,0.6274,30.0,1.3679,-78.4872,1.5,0.0,1.5,-125.0,180.0,-90.0
1789257988371,False,missing_prediction,nan,nan,nan,nan,nan,nan,nan,0.1,nan,nan,100.58980985814878,nan,nan,nan,-0.9817999999999998,-0.6049988936697868,2.383790535818601,-95.96771363576079,10.235164564840579,171.0226142468949,nan,nan,nan,nan,nan,nan,-0.7997,-0.9818,0.6283,30.0,1.3679,-76.485,1.5,0.0,1.5,-125.0,180.0,-90.0
1789257993451,False,missing_prediction,nan,nan,nan,nan,nan,nan,nan,0.1,nan,nan,100.4569395397305,nan,nan,nan,-0.9741999999999997,-0.5860952588256474,2.3553985899592655,-96.24575401358813,11.852382598635597,169.82085457003316,nan,nan,nan,nan,nan,nan,-0.7656,-0.9742,0.6291,30.0,1.3679,-74.4828,1.5,0.0,1.5,-125.0,180.0,-90.0
1789257998509,False,missing_prediction,nan,nan,nan,nan,nan,nan,nan,0.1,nan,nan,100.28788422809448,nan,nan,nan,-0.9653999999999998,-0.567306339268778,2.3271704745087876,-96.56038600490896,13.463560552594522,168.6033515729122,nan,nan,nan,nan,nan,nan,-0.7317,-0.9654,0.6299,30.0,1.3679,-72.4805,1.5,0.0,1.5,-125.0,180.0,-90.0
1789258003610,False,missing_prediction,nan,nan,nan,nan,nan,nan,nan,0.1,nan,nan,100.08430076701978,nan,nan,nan,-0.9554999999999998,-0.548771407847243,2.2991307470279616,-96.9126286492735,15.067719720729277,167.36805076919003,nan,nan,nan,nan,nan,nan,-0.6981,-0.9555,0.6308,30.0,1.3679,-70.4783,1.5,0.0,1.5,-125.0,180.0,-90.0
1789258008689,False,missing_prediction,nan,nan,nan,nan,nan,nan,nan,0.1,nan,nan,99.84073416563466,nan,nan,nan,-0.9442999999999998,-0.5303839917958195,2.2714760380084864,-97.30371061532769,16.664160945522156,166.11257257001273,nan,nan,nan,nan,nan,nan,-0.6649,-0.9443,0.6316,30.0,1.3679,-68.476,1.5,0.0,1.5,-125.0,180.0,-90.0
1789258013790,False,missing_prediction,nan,nan,nan,nan,nan,nan,nan,0.1,nan,nan,99.55873881035774,nan,nan,nan,-0.9320999999999998,-0.5122260063189363,2.2441489898067264,-97.73491191621315,18.251738971430562,164.83476092373985,nan,nan,nan,nan,nan,nan,-0.6321,-0.9321,0.6324,30.0,1.3679,-66.4739,1.5,0.0,1.5,-125.0,180.0,-90.0
1789258018890,False,missing_prediction,nan,nan,nan,nan,nan,nan,nan,0.1,nan,nan,99.23872522838069,nan,nan,nan,-0.9185999999999998,-0.4944367242646576,2.2171741599834762,-98.20781428441273,19.82981058635744,163.53191485742587,nan,nan,nan,nan,nan,nan,-0.5998,-0.9186,0.6333,30.0,1.3679,-64.4716,1.5,0.0,1.5,-125.0,180.0,-90.0
1789258023986,False,missing_prediction,nan,nan,nan,nan,nan,nan,nan,0.1,nan,nan,98.87530491180686,nan,nan,nan,-0.9040999999999998,-0.47679495758049045,2.1905843486215764,-98.72400532629003,21.397117918305796,162.20167256871568,nan,nan,nan,nan,nan,nan,-0.5679,-0.9041,0.6341,30.0,1.3679,-62.4694,1.5,0.0,1.5,-125.0,180.0,-90.0
1789258029048,False,missing_prediction,nan,nan,nan,nan,nan,nan,nan,0.1,nan,nan,98.47198600490002,nan,nan,nan,-0.8883999999999997,-0.4595792519625627,2.1644286708426153,-99.28535790740048,22.952729140278244,160.8412266499463,nan,nan,nan,nan,nan,nan,-0.5366,-0.8884,0.635,30.0,1.3679,-60.4671,1.5,0.0,1.5,-125.0,180.0,-90.0
1789258034131,False,missing_prediction,nan,nan,nan,nan,nan,nan,nan,0.1,nan,nan,98.02311397466481,nan,nan,nan,-0.8716999999999998,-0.4425684193583818,2.1387399267294334,-99.89377720488115,24.495248477738105,159.4479807343938,nan,nan,nan,nan,nan,nan,-0.5058,-0.8717,0.6358,30.0,1.3679,-58.465,1.5,0.0,1.5,-125.0,180.0,-90.0
1789258039217,False,missing_prediction,nan,nan,nan,nan,nan,nan,nan,0.1,nan,nan,97.53037576722438,nan,nan,nan,-0.8538999999999998,-0.42595909025964657,2.113624589047254,-100.5515206405014,26.023660667680584,158.01878913074916,nan,nan,nan,nan,nan,nan,-0.4757,-0.8539,0.6366,30.0,1.3679,-56.4628,1.5,0.0,1.5,-125.0,180.0,-90.0
1789258044279,False,missing_prediction,nan,nan,nan,nan,nan,nan,nan,0.1,nan,nan,96.99448316806861,nan,nan,nan,-0.8350999999999997,-0.40977582222715064,2.0889433849480126,-101.26094731027112,27.53662331645748,156.55056241487225,nan,nan,nan,nan,nan,nan,-0.4462,-0.8351,0.6375,30.0,1.3679,-54.4605,1.5,0.0,1.5,-125.0,180.0,-90.0
1789258049336,False,missing_prediction,nan,nan,nan,nan,nan,nan,nan,0.1,nan,nan,96.40877657029692,nan,nan,nan,-0.8151999999999998,-0.3938547848520367,2.06481102971898,-102.02452302263374,29.032542652810083,155.04021294091007,nan,nan,nan,nan,nan,nan,-0.4173,-0.8152,0.6383,30.0,1.3679,-52.4583,1.5,0.0,1.5,-125.0,180.0,-90.0
1789258054403,False,missing_prediction,nan,nan,nan,nan,nan,nan,nan,0.1,nan,nan,95.77698218140655,nan,nan,nan,-0.7943999999999998,-0.3783926086260035,2.0413339961253785,-102.84504740094049,30.510012630824786,153.4842010317654,nan,nan,nan,nan,nan,nan,-0.3892,-0.7944,0.6391,30.0,1.3679,-50.456,1.5,0.0,1.5,-125.0,180.0,-90.0
1789258059475,False,missing_prediction,nan,nan,nan,nan,nan,nan,nan,0.1,nan,nan,95.09789541954565,nan,nan,nan,-0.7724999999999999,-0.36341385110984487,2.0183730113191443,-103.72530146009953,31.967134431087484,151.87921958568515,nan,nan,nan,nan,nan,nan,-0.3618,-0.7725,0.64,30.0,1.3679,-48.4539,1.5,0.0,1.5,-125.0,180.0,-90.0
1789258064586,False,missing_prediction,nan,nan,nan,nan,nan,nan,nan,0.1,nan,nan,94.36859883461203,nan,nan,nan,-0.7497999999999999,-0.34881203953833834,1.9961247057919762,-104.6685501785259,33.402385053670756,150.22125110768508,nan,nan,nan,nan,nan,nan,-0.3352,-0.7498,0.6408,30.0,1.3679,-46.4516,1.5,0.0,1.5,-125.0,180.0,-90.0
1789258069672,False,missing_prediction,nan,nan,nan,nan,nan,nan,nan,0.1,nan,nan,93.58858775777192,nan,nan,nan,-0.7260999999999999,-0.3346690891159125,1.9745317219002394,-105.67791699282428,34.81358680049312,148.50669809791023,nan,nan,nan,nan,nan,nan,-0.3094,-0.7261,0.6416,30.0,1.3679,-44.4494,1.5,0.0,1.5,-125.0,180.0,-90.0
1789258074748,False,missing_prediction,nan,nan,nan,nan,nan,nan,nan,0.1,nan,nan,92.7606814605919,nan,nan,nan,-0.7014999999999999,-0.32112427269063143,1.9536186172047274,-106.75691853103028,36.19876033612937,146.73141547517423,nan,nan,nan,nan,nan,nan,-0.2845,-0.7015,0.6425,30.0,1.3679,-42.4471,1.5,0.0,1.5,-125.0,180.0,-90.0
1789258079853,False,missing_prediction,nan,nan,nan,nan,nan,nan,nan,0.1,nan,nan,91.87931699376529,nan,nan,nan,-0.6760999999999999,-0.3079564022100025,1.933418191788282,-107.9089352882611,37.555408855282785,144.89159067381877,nan,nan,nan,nan,nan,nan,-0.2604,-0.6761,0.6433,30.0,1.3679,-40.445,1.5,0.0,1.5,-125.0,180.0,-90.0
1789258084967,False,missing_prediction,nan,nan,nan,nan,nan,nan,nan,0.1,nan,nan,90.94558796178434,nan,nan,nan,-0.6497999999999999,-0.29530475052208943,1.9139550032116965,-109.13784432347958,38.8813288328038,142.9826940115394,nan,nan,nan,nan,nan,nan,-0.2372,-0.6498,0.6441,30.0,1.3679,-38.4427,1.5,0.0,1.5,-125.0,180.0,-90.0
1789258090039,False,missing_prediction,nan,nan,nan,nan,nan,nan,nan,0.1,nan,nan,89.96422387543677,nan,nan,nan,-0.6227999999999999,-0.2833085904749563,1.895253609035765,-110.44716828078282,40.17365079294314,141.00080918810252,nan,nan,nan,nan,nan,nan,-0.215,-0.6228,0.645,30.0,1.3679,-36.4405,1.5,0.0,1.5,-125.0,180.0,-90.0
1789258095109,False,missing_prediction,nan,nan,nan,nan,nan,nan,nan,0.1,nan,nan,88.92774207650122,nan,nan,nan,-0.5949999999999999,-0.2717467340161102,1.8773468093433285,-111.8407345187118,41.429631554530445,138.94156312213852,nan,nan,nan,nan,nan,nan,-0.1937,-0.595,0.6458,30.0,1.3679,-34.4382,1.5,0.0,1.5,-125.0,180.0,-90.0
1789258100222,False,missing_prediction,nan,nan,nan,nan,nan,nan,nan,0.1,nan,nan,87.83890334725164,nan,nan,nan,-0.5663999999999999,-0.26075845399361514,1.8602591616951811,-113.3220197211485,42.64606284181996,136.80108339602629,nan,nan,nan,nan,nan,nan,-0.1734,-0.5664,0.6466,30.0,1.3679,-32.436,1.5,0.0,1.5,-125.0,180.0,-90.0
1789258105325,False,missing_prediction,nan,nan,nan,nan,nan,nan,nan,0.1,nan,nan,86.70253100059118,nan,nan,nan,-0.5371999999999999,-0.2504256656119,1.8439333084476877,-114.89445101737503,43.81965348013687,134.57549475685548,nan,nan,nan,nan,nan,nan,-0.1541,-0.5372,0.6475,30.0,1.3679,-30.4339,1.5,0.0,1.5,-125.0,180.0,-90.0
1789258110399,False,missing_prediction,nan,nan,nan,nan,nan,nan,nan,0.1,nan,nan,85.51313921268779,nan,nan,nan,-0.5072999999999999,-0.24064189610574221,1.8285658800925473,-116.56142045885902,44.9470645453567,132.2608743395775,nan,nan,nan,nan,nan,nan,-0.1359,-0.5073,0.6483,30.0,1.3679,-28.4316,1.5,0.0,1.5,-125.0,180.0,-90.0
1789258115452,False,missing_prediction,nan,nan,nan,nan,nan,nan,nan,0.1,nan,nan,84.27410391998046,nan,nan,nan,-0.4767999999999998,-0.23143170303593535,1.8140176037816957,-118.32540532070303,46.02440461079537,129.85442162813396,nan,nan,nan,nan,nan,nan,-0.1187,-0.4768,0.6491,30.0,1.3679,-26.4294,1.5,0.0,1.5,-125.0,180.0,-90.0
1789258120516,False,missing_prediction,nan,nan,nan,nan,nan,nan,nan,0.1,nan,nan,82.99083172679312,nan,nan,nan,-0.44579999999999975,-0.22293435925054367,1.800313037075927,-120.18871116316993,47.047868374204725,127.35335777109111,nan,nan,nan,nan,nan,nan,-0.1026,-0.4458,0.65,30.0,1.3679,-24.4271,1.5,0.0,1.5,-125.0,180.0,-90.0
1789258125636,False,missing_prediction,nan,nan,nan,nan,nan,nan,nan,0.1,nan,nan,81.65531690658958,nan,nan,nan,-0.4140999999999998,-0.21492867669707416,1.7874849800580823,-122.15250786032252,48.01327058093744,124.75617810161874,nan,nan,nan,nan,nan,nan,-0.0875,-0.4141,0.6508,30.0,1.3679,-22.4249,1.5,0.0,1.5,-125.0,180.0,-90.0
1789258130713,False,missing_prediction,nan,nan,nan,nan,nan,nan,nan,0.1,nan,nan,80.27771081059058,nan,nan,nan,-0.3819999999999998,-0.20761128586722566,1.7756399054933847,-124.2172691326456,48.916444533492104,122.06198807239285,nan,nan,nan,nan,nan,nan,-0.0736,-0.382,0.6516,30.0,1.3679,-20.4227,1.5,0.0,1.5,-125.0,180.0,-90.0
1789258135797,False,missing_prediction,nan,nan,nan,nan,nan,nan,nan,0.1,nan,nan,78.8596615553615,nan,nan,nan,-0.34939999999999977,-0.20100674432179244,1.7646385405337695,-126.38219576966482,49.75308102741644,119.27120672038384,nan,nan,nan,nan,nan,nan,-0.0608,-0.3494,0.6525,30.0,1.3679,-18.4205,1.5,0.0,1.5,-125.0,180.0,-90.0
1789258140861,False,missing_prediction,nan,nan,nan,nan,nan,nan,nan,0.1,nan,nan,77.40074189909532,nan,nan,nan,-0.3163999999999998,-0.1950085792955515,1.7546775156709364,-128.64521275213698,50.51887688626882,116.38550566111945,nan,nan,nan,nan,nan,nan,-0.0492,-0.3164,0.6533,30.0,1.3679,-16.4182,1.5,0.0,1.5,-125.0,180.0,-90.0
1789258145960,False,missing_prediction,nan,nan,nan,nan,nan,nan,nan,0.1,nan,nan,75.90493596677048,nan,nan,nan,-0.28299999999999975,-0.1896413483492967,1.7456175580568212,-131.00231867420814,51.20945874009956,113.40858303901433,nan,nan,nan,nan,nan,nan,-0.0387,-0.283,0.6541,30.0,1.3679,-14.416,1.5,0.0,1.5,-125.0,180.0,-90.0
1789258151068,False,missing_prediction,nan,nan,nan,nan,nan,nan,nan,0.1,nan,nan,74.37841796267998,nan,nan,nan,-0.2491999999999998,-0.18504432433109208,1.7374832252522177,-133.44822823751778,51.82072745015456,110.3453028644052,nan,nan,nan,nan,nan,nan,-0.0294,-0.2492,0.655,30.0,1.3679,-12.4137,1.5,0.0,1.5,-125.0,180.0,-90.0
1789258156121,False,missing_prediction,nan,nan,nan,nan,nan,nan,nan,0.1,nan,nan,72.8213127043704,nan,nan,nan,-0.21509999999999982,-0.18105367683207985,1.730389232544396,-135.97519706250375,52.348655933167535,107.20314781796709,nan,nan,nan,nan,nan,nan,-0.0213,-0.2151,0.6558,30.0,1.3679,-10.4116,1.5,0.0,1.5,-125.0,180.0,-90.0
1789258161247,False,missing_prediction,nan,nan,nan,nan,nan,nan,nan,0.1,nan,nan,71.24142732055368,nan,nan,nan,-0.1807999999999998,-0.17775132105668878,1.724278222289721,-138.57434230500672,52.789718351262636,103.99055890808748,nan,nan,nan,nan,nan,nan,-0.0144,-0.1808,0.6566,30.0,1.3679,-8.4094,1.5,0.0,1.5,-125.0,180.0,-90.0
1789258166334,False,missing_prediction,nan,nan,nan,nan,nan,nan,nan,0.1,nan,nan,69.6452206630185,nan,nan,nan,-0.14629999999999982,-0.1752191722093479,1.719092836844558,-141.23459351708541,53.14072720398208,100.7182610840654,nan,nan,nan,nan,nan,nan,-0.0087,-0.1463,0.6575,30.0,1.3679,-6.4071,1.5,0.0,1.5,-125.0,180.0,-90.0
1789258171396,False,missing_prediction,nan,nan,nan,nan,nan,nan,nan,0.1,nan,nan,68.0303041633898,nan,nan,nan,-0.11149999999999981,-0.1732933998811994,1.7149477914961766,-143.94294195642973,53.39901281491285,97.39898149158009,nan,nan,nan,nan,nan,nan,-0.0042,-0.1115,0.6583,30.0,1.3679,-4.4049,1.5,0.0,1.5,-125.0,180.0,-90.0
1789258176478,False,missing_prediction,nan,nan,nan,nan,nan,nan,nan,0.1,nan,nan,66.40934336146843,nan,nan,nan,-0.07669999999999981,-0.1720559192766722,1.7117857286009421,-146.6853830441651,53.562591976658545,94.04635368327429,nan,nan,nan,nan,nan,nan,-0.0009,-0.0767,0.6591,30.0,1.3679,-2.4027,1.5,0.0,1.5,-125.0,180.0,-90.0
1789258181586,False,missing_prediction,nan,nan,nan,nan,nan,nan,nan,0.1,nan,nan,64.7859249118976,nan,nan,nan,-0.04169999999999981,-0.17158864560019504,1.7095492905152192,-149.44675282214874,53.630166917964246,90.67520275973897,nan,nan,nan,nan,nan,nan,0.0012,-0.0417,0.66,30.0,1.3679,-0.4005,1.5,0.0,1.5,-125.0,180.0,-90.0
1789258186708,False,missing_prediction,nan,nan,nan,nan,nan,nan,nan,0.1,nan,nan,63.1653937425433,nan,nan,nan,-0.006699999999999805,-0.1717851060865454,1.7084351077307072,-152.21143892437084,53.60119090940626,87.30077262695568,nan,nan,nan,nan,nan,nan,0.002,-0.0067,0.6608,30.0,1.3679,1.6018,1.5,0.0,1.5,-125.0,180.0,-90.0
1789258191807,False,missing_prediction,nan,nan,nan,nan,nan,nan,nan,0.1,nan,nan,61.55433341548457,nan,nan,nan,0.028300000000000193,-0.17266985829651693,1.708303907399342,-154.9633147420772,53.4759001142121,83.9389129222124,nan,nan,nan,nan,nan,nan,0.0016,0.0283,0.6616,30.0,1.3679,3.604,1.5,0.0,1.5,-125.0,180.0,-90.0
1789258196901,False,missing_prediction,nan,nan,nan,nan,nan,nan,nan,0.1,nan,nan,59.960497369060334,nan,nan,nan,0.06330000000000019,-0.17432481743453876,1.7090983318774884,-157.6871987001671,53.25528236870939,80.60440582207102,nan,nan,nan,nan,nan,nan,0.0,0.0633,0.6625,30.0,1.3679,5.6063,1.5,0.0,1.5,-125.0,180.0,-90.0
1789258201995,False,missing_prediction,nan,nan,nan,nan,nan,nan,nan,0.1,nan,nan,58.386611838469506,nan,nan,nan,0.09820000000000019,-0.17658615309175285,1.7109330964524168,-160.3680896161994,52.94110632210714,77.31200434718217,nan,nan,nan,nan,nan,nan,-0.0028,0.0982,0.6633,30.0,1.3679,7.6084,1.5,0.0,1.5,-125.0,180.0,-90.0
1789258207076,False,missing_prediction,nan,nan,nan,nan,nan,nan,nan,0.1,nan,nan,56.842186955990464,nan,nan,nan,0.13290000000000018,-0.17953578047258822,1.7137508434804918,-162.9931843230872,52.535701427028265,74.0740477546602,nan,nan,nan,nan,nan,nan,-0.0068,0.1329,0.6641,30.0,1.3679,9.6107,1.5,0.0,1.5,-125.0,180.0,-90.0
1789258212198,False,missing_prediction,nan,nan,nan,nan,nan,nan,nan,0.1,nan,nan,55.333203465109925,nan,nan,nan,0.1676000000000002,-0.1833129724251089,1.7175761305225077,-165.55031426059944,52.04209188827541,70.90245188190451,nan,nan,nan,nan,nan,nan,-0.0121,0.1676,0.665,30.0,1.3679,11.6129,1.5,0.0,1.5,-125.0,180.0,-90.0
1789258217325,False,missing_prediction,nan,nan,nan,nan,nan,nan,nan,0.1,nan,nan,53.86249539626809,nan,nan,nan,0.2020000000000002,-0.18763918325318674,1.7223598424568762,-168.02973552369144,51.463677965765704,67.80655130947132,nan,nan,nan,nan,nan,nan,-0.0185,0.202,0.6658,30.0,1.3679,13.6152,1.5,0.0,1.5,-125.0,180.0,-90.0
1789258222430,False,missing_prediction,nan,nan,nan,nan,nan,nan,nan,0.1,nan,nan,52.443049915768356,nan,nan,nan,0.2361000000000002,-0.19279295865294988,1.7281510944051857,-170.42307404555683,50.80433987278054,64.79442953900234,nan,nan,nan,nan,nan,nan,-0.0262,0.2361,0.6667,30.0,1.3679,15.6174,1.5,0.0,1.5,-125.0,180.0,-90.0
1789258227524,False,missing_prediction,nan,nan,nan,nan,nan,nan,nan,0.1,nan,nan,51.07041945664933,nan,nan,nan,0.27000000000000024,-0.19849575292827026,1.734900771245848,-172.72409154936045,50.068178841364556,61.871968105267264,nan,nan,nan,nan,nan,nan,-0.035,0.27,0.6675,30.0,1.3679,17.6195,1.5,0.0,1.5,-125.0,180.0,-90.0
1789258232625,False,missing_prediction,nan,nan,nan,nan,nan,nan,nan,0.1,nan,nan,49.756368258290635,nan,nan,nan,0.3036000000000002,-0.20494419657084706,1.7427153457440858,-174.9286692182963,49.259335114201235,59.042829584162895,nan,nan,nan,nan,nan,nan,-0.0451,0.3036,0.6683,30.0,1.3679,19.6218,1.5,0.0,1.5,-125.0,180.0,-90.0
1789258237714,False,missing_prediction,nan,nan,nan,nan,nan,nan,nan,0.1,nan,nan,48.50465455348219,nan,nan,nan,0.3368000000000002,-0.2120481318542038,1.7512917146429778,-177.03366686276374,48.38225651691981,56.309878000357415,nan,nan,nan,nan,nan,nan,-0.0562,0.3368,0.6692,30.0,1.3679,21.624,1.5,0.0,1.5,-125.0,180.0,-90.0
1789258242798,False,missing_prediction,nan,nan,nan,nan,nan,nan,nan,0.1,nan,nan,47.320517409086115,nan,nan,nan,0.3695000000000002,-0.21981580130038803,1.7609903388430803,-179.03796346367923,47.44118518312346,53.6737946551839,nan,nan,nan,nan,nan,nan,-0.0686,0.3695,0.67,30.0,1.3679,23.6263,1.5,0.0,1.5,-125.0,180.0,-90.0
1789258247887,False,missing_prediction,nan,nan,nan,nan,nan,nan,nan,0.1,nan,nan,46.20553967039552,nan,nan,nan,0.4018000000000002,-0.2282144048265582,1.771590030291901,179.0587981184868,46.44052817322332,51.13464637507583,nan,nan,nan,nan,nan,nan,-0.0821,0.4018,0.6708,30.0,1.3679,25.6284,1.5,0.0,1.5,-125.0,180.0,-90.0
1789258252982,False,missing_prediction,nan,nan,nan,nan,nan,nan,nan,0.1,nan,nan,45.16532774477275,nan,nan,nan,0.4337000000000002,-0.2373258576371437,1.7830334313458043,177.25524603717952,45.38422797433224,48.69053972154531,nan,nan,nan,nan,nan,nan,-0.0967,0.4337,0.6717,30.0,1.3679,27.6307,1.5,0.0,1.5,-125.0,180.0,-90.0
1789258258048,False,missing_prediction,nan,nan,nan,nan,nan,nan,nan,0.1,nan,nan,44.2004314861084,nan,nan,nan,0.46500000000000025,-0.2469863293232863,1.7954352572920607,175.54981513782045,44.27642278285634,46.339600445539816,nan,nan,nan,nan,nan,nan,-0.1124,0.465,0.6725,30.0,1.3679,29.6329,1.5,0.0,1.5,-125.0,180.0,-90.0
1789258263130,False,missing_prediction,nan,nan,nan,nan,nan,nan,nan,0.1,nan,nan,43.31527825135941,nan,nan,nan,0.4957000000000002,-0.25727773508941515,1.8087381504870348,173.93983062605355,43.120800877959574,44.07867331517719,nan,nan,nan,nan,nan,nan,-0.1292,0.4957,0.6733,30.0,1.3679,31.6352,1.5,0.0,1.5,-125.0,180.0,-90.0
1789258268200,False,missing_prediction,nan,nan,nan,nan,nan,nan,nan,0.1,nan,nan,42.51256566943259,nan,nan,nan,0.5258000000000002,-0.26822463249632383,1.8228028380826629,172.42245766687245,41.921073419765854,41.904560333427,nan,nan,nan,nan,nan,nan,-0.147,0.5258,0.6742,30.0,1.3679,33.6374,1.5,0.0,1.5,-125.0,180.0,-90.0
1789258273289,False,missing_prediction,nan,nan,nan,nan,nan,nan,nan,0.1,nan,nan,41.7902110681162,nan,nan,nan,0.5553000000000001,-0.27972054877878977,1.837825950570644,170.99427423402867,40.68056718117447,39.813365579625696,nan,nan,nan,nan,nan,nan,-0.1659,0.5553,0.675,30.0,1.3679,35.6396,1.5,0.0,1.5,-125.0,180.0,-90.0
1789258278392,False,missing_prediction,nan,nan,nan,nan,nan,nan,nan,0.1,nan,nan,41.150691553618486,nan,nan,nan,0.5841000000000001,-0.29179004149760673,1.8536682151029142,169.6517221572215,39.40245046319145,37.801074831395766,nan,nan,nan,nan,nan,nan,-0.1858,0.5841,0.6758,30.0,1.3679,37.6418,1.5,0.0,1.5,-125.0,180.0,-90.0
1789258283488,False,missing_prediction,nan,nan,nan,nan,nan,nan,nan,0.1,nan,nan,40.596557689618926,nan,nan,nan,0.6122000000000001,-0.30451502585720375,1.8702722740358382,168.39106636815455,38.08961242888028,35.863447203985054,nan,nan,nan,nan,nan,nan,-0.2067,0.6122,0.6767,30.0,1.3679,39.6441,1.5,0.0,1.5,-125.0,180.0,-90.0
1789258288643,False,missing_prediction,nan,nan,nan,nan,nan,nan,nan,0.1,nan,nan,40.12320415174521,nan,nan,nan,0.6395000000000001,-0.3177316714487228,1.8877528426566863,167.2087256503623,36.74493313959571,33.996480181446884,nan,nan,nan,nan,nan,nan,-0.2286,0.6395,0.6775,30.0,1.3679,41.6463,1.5,0.0,1.5,-125.0,180.0,-90.0
1789258293735,False,missing_prediction,nan,nan,nan,nan,nan,nan,nan,0.1,nan,nan,39.730284238597584,nan,nan,nan,0.6661000000000001,-0.33146453583295793,1.9059706481173944,166.1010140715223,35.37096795487798,32.19598164944465,nan,nan,nan,nan,nan,nan,-0.2514,0.6661,0.6783,30.0,1.3679,43.6484,1.5,0.0,1.5,-125.0,180.0,-90.0
1789258298810,False,missing_prediction,nan,nan,nan,nan,nan,nan,nan,0.1,nan,nan,39.419766592349376,nan,nan,nan,0.6918000000000001,-0.3457955342143378,1.9248683327743277,165.06417929226154,33.96987209884511,30.45756748976621,nan,nan,nan,nan,nan,nan,-0.2751,0.6918,0.6792,30.0,1.3679,45.6507,1.5,0.0,1.5,-125.0,180.0,-90.0
1789258303911,False,missing_prediction,nan,nan,nan,nan,nan,nan,nan,0.1,nan,nan,39.184624330474655,nan,nan,nan,0.7167000000000001,-0.36056083618400475,1.9445606119147558,164.09491031126547,32.54404065942386,28.777482281199763,nan,nan,nan,nan,nan,nan,-0.2997,0.7167,0.68,30.0,1.3679,47.6529,1.5,0.0,1.5,-125.0,180.0,-90.0
1789258309014,False,missing_prediction,nan,nan,nan,nan,nan,nan,nan,0.1,nan,nan,39.02517411634362,nan,nan,nan,0.7408000000000001,-0.3758423569463875,1.9649901278950443,163.18978552619708,31.095354571004783,27.151661258306824,nan,nan,nan,nan,nan,nan,-0.3252,0.7408,0.6808,30.0,1.3679,49.6552,1.5,0.0,1.5,-125.0,180.0,-90.0
1789258314094,False,missing_prediction,nan,nan,nan,nan,nan,nan,nan,0.1,nan,nan,38.94053278171731,nan,nan,nan,0.7639000000000001,-0.3916646540622802,1.986017607867129,162.34573643571343,29.625829950925613,25.57651074787972,nan,nan,nan,nan,nan,nan,-0.3515,0.7639,0.6817,30.0,1.3679,51.6574,1.5,0.0,1.5,-125.0,180.0,-90.0
1789258319155,False,missing_prediction,nan,nan,nan,nan,nan,nan,nan,0.1,nan,nan,38.92285956548891,nan,nan,nan,0.7861000000000001,-0.4078638971228247,2.00775776711828,161.5597348742852,28.13712655205556,24.048342736190452,nan,nan,nan,nan,nan,nan,-0.3786,0.7861,0.6825,30.0,1.3679,53.6596,1.5,0.0,1.5,-125.0,180.0,-90.0
1789258324245,False,missing_prediction,nan,nan,nan,nan,nan,nan,nan,0.1,nan,nan,38.97056835418072,nan,nan,nan,0.8073000000000001,-0.42446464368881504,2.030071332800433,160.82898334456834,26.630847786899608,22.563706573656752,nan,nan,nan,nan,nan,nan,-0.4064,0.8073,0.6833,30.0,1.3679,55.6618,1.5,0.0,1.5,-125.0,180.0,-90.0
1789258329305,False,missing_prediction,nan,nan,nan,nan,nan,nan,nan,0.1,nan,nan,39.08392312074005,nan,nan,nan,0.8276000000000001,-0.44160616660831503,2.052982862474382,160.1508381322572,25.108403649920803,21.11923552384046,nan,nan,nan,nan,nan,nan,-0.435,0.8276,0.6842,30.0,1.3679,57.6641,1.5,0.0,1.5,-125.0,180.0,-90.0
1789258334404,False,missing_prediction,nan,nan,nan,nan,nan,nan,nan,0.1,nan,nan,39.253702506831274,nan,nan,nan,0.8468000000000002,-0.4590672778288319,2.0765251562229685,159.52294163554473,23.571326210926223,19.71193039721081,nan,nan,nan,nan,nan,nan,-0.4643,0.8468,0.685,30.0,1.3679,59.6663,1.5,0.0,1.5,-125.0,180.0,-90.0
1789258339512,False,missing_prediction,nan,nan,nan,nan,nan,nan,nan,0.1,nan,nan,39.478208494222784,nan,nan,nan,0.8650000000000002,-0.4768725349111593,2.1005589411981287,158.9429888697598,22.020745458605422,18.338653915140597,nan,nan,nan,nan,nan,nan,-0.4942,0.865,0.6858,30.0,1.3679,61.6686,1.5,0.0,1.5,-125.0,180.0,-90.0
1789258344625,False,missing_prediction,nan,nan,nan,nan,nan,nan,nan,0.1,nan,nan,39.7562522043272,nan,nan,nan,0.8821000000000002,-0.4951038530597263,2.125026859756227,158.40900026025744,20.458090761112654,16.996753051584896,nan,nan,nan,nan,nan,nan,-0.5247,0.8821,0.6867,30.0,1.3679,63.6707,1.5,0.0,1.5,-125.0,180.0,-90.0
1789258349692,False,missing_prediction,nan,nan,nan,nan,nan,nan,nan,0.1,nan,nan,40.08030216974201,nan,nan,nan,0.8982000000000002,-0.513597401865675,2.150043627184534,157.91897991485845,18.884167437980103,15.683235017921822,nan,nan,nan,nan,nan,nan,-0.5558,0.8982,0.6875,30.0,1.3679,65.673,1.5,0.0,1.5,-125.0,180.0,-90.0
1789258354755,False,missing_prediction,nan,nan,nan,nan,nan,nan,nan,0.1,nan,nan,40.449157070360066,nan,nan,nan,0.9132000000000002,-0.5324350965334343,2.175551885839414,157.47128360576642,17.300257318025853,14.395697082658984,nan,nan,nan,nan,nan,nan,-0.5875,0.9132,0.6883,30.0,1.3679,67.6752,1.5,0.0,1.5,-125.0,180.0,-90.0
1789258359842,False,missing_prediction,nan,nan,nan,nan,nan,nan,nan,0.1,nan,nan,40.860120961953776,nan,nan,nan,0.9270000000000003,-0.5515841369801631,2.201330447668375,157.064327088364,15.707265700883504,13.131584788399538,nan,nan,nan,nan,nan,nan,-0.6196,0.927,0.6892,30.0,1.3679,69.6774,1.5,0.0,1.5,-125.0,180.0,-90.0
1789258364925,False,missing_prediction,nan,nan,nan,nan,nan,nan,nan,0.1,nan,nan,41.30748464847592,nan,nan,nan,0.9398000000000002,-0.5709380504406383,2.227575943163115,156.6966905181692,14.106039801735989,11.88845204920628,nan,nan,nan,nan,nan,nan,-0.6522,0.9398,0.69,30.0,1.3679,71.6797,1.5,0.0,1.5,-125.0,180.0,-90.0
1789258369988,False,missing_prediction,nan,nan,nan,nan,nan,nan,nan,0.1,nan,nan,41.78912033092991,nan,nan,nan,0.9513000000000003,-0.5905787521192891,2.2542310146799998,156.36717410739726,12.497697633728485,10.66419296600867,nan,nan,nan,nan,nan,nan,-0.6853,0.9513,0.6908,30.0,1.3679,73.6818,1.5,0.0,1.5,-125.0,180.0,-90.0
1789258375055,False,missing_prediction,nan,nan,nan,nan,nan,nan,nan,0.1,nan,nan,42.30443658825032,nan,nan,nan,0.9617000000000002,-0.6104734419332742,2.281074474166536,156.07460496099512,10.882751612501256,9.456355995633155,nan,nan,nan,nan,nan,nan,-0.7187,0.9617,0.6917,30.0,1.3679,75.6841,1.5,0.0,1.5,-125.0,180.0,-90.0
1789258380136,False,missing_prediction,nan,nan,nan,nan,nan,nan,nan,0.1,nan,nan,42.84732264705773,nan,nan,nan,0.9710000000000002,-0.6305156471173707,2.308302952114423,155.81806263989893,9.262238678067405,8.262990535285926,nan,nan,nan,nan,nan,nan,-0.7525,0.971,0.6925,30.0,1.3679,77.6863,1.5,0.0,1.5,-125.0,180.0,-90.0
1789258385226,False,missing_prediction,nan,nan,nan,nan,nan,nan,nan,0.1,nan,nan,43.41591190839236,nan,nan,nan,0.9790000000000002,-0.6507299252323728,2.335777175675597,155.59668985132737,7.636759475725684,7.08190869724636,nan,nan,nan,nan,nan,nan,-0.7866,0.979,0.6933,30.0,1.3679,79.6886,1.5,0.0,1.5,-125.0,180.0,-90.0
1789258390313,False,missing_prediction,nan,nan,nan,nan,nan,nan,nan,0.1,nan,nan,44.01086095236847,nan,nan,nan,0.9859000000000002,-0.6711408338390736,2.3633578720019934,155.40981707089668,6.007292258172574,5.911272828882544,nan,nan,nan,nan,nan,nan,-0.8209,0.9859,0.6942,30.0,1.3679,81.6907,1.5,0.0,1.5,-125.0,180.0,-90.0
1789258395402,False,missing_prediction,nan,nan,nan,nan,nan,nan,nan,0.1,nan,nan,44.62601184925011,nan,nan,nan,0.9916000000000003,-0.6916419001722511,2.3912416715853118,155.25683496783373,4.374222542348367,4.748880295941648,nan,nan,nan,nan,nan,nan,-0.8555,0.9916,0.695,30.0,1.3679,83.693,1.5,0.0,1.5,-125.0,180.0,-90.0
1789258400477,False,missing_prediction,nan,nan,nan,nan,nan,nan,nan,0.1,nan,nan,45.26196138612166,nan,nan,nan,0.9960000000000002,-0.7122822393534924,2.419150028729424,155.1373224567066,2.7384869108994914,3.592972983087997,nan,nan,nan,nan,nan,nan,-0.8902,0.996,0.6959,30.0,1.3679,85.6952,1.5,0.0,1.5,-125.0,180.0,-90.0
1789258405542,False,missing_prediction,nan,nan,nan,nan,nan,nan,nan,0.1,nan,nan,45.914192659895285,nan,nan,nan,0.9992000000000002,-0.7329553786175753,2.447279573926029,155.05094440038496,1.1005996253147792,2.4415288272089923,nan,nan,nan,nan,nan,nan,-0.9251,0.9992,0.6967,30.0,1.3679,87.6975,1.5,0.0,1.5,-125.0,180.0,-90.0
1789258410625,False,missing_prediction,nan,nan,nan,nan,nan,nan,nan,0.1,nan,nan,46.58241619447914,nan,nan,nan,1.0012000000000003,-0.7536285178816577,2.475409119122634,154.99750825756746,-0.5386084769149839,1.2927735708676968,nan,nan,nan,nan,nan,nan,-0.96,1.0012,0.6975,30.0,1.3679,89.6997,1.5,0.0,1.5,-125.0,180.0,-90.0
1789258415725,False,missing_prediction,nan,nan,nan,nan,nan,nan,nan,0.1,nan,nan,47.26743832998723,nan,nan,nan,1.0020000000000002,-0.7744409299938046,2.5035632218800323,154.97692905742056,-2.1785582090272655,0.14476838022691327,nan,nan,nan,nan,nan,nan,-0.995,1.002,0.6984,30.0,1.3679,91.7019,1.5,0.0,1.5,-125.0,180.0,-90.0
1789258420809,False,missing_prediction,nan,nan,nan,nan,nan,nan,nan,0.1,nan,nan,47.963869684217634,nan,nan,nan,1.0016000000000003,-0.7951714269015224,2.5317746822810663,154.98924833014266,-3.8185908372252086,-1.004369284417289,nan,nan,nan,nan,nan,nan,-1.03,1.0016,0.6992,30.0,1.3679,93.7041,1.5,0.0,1.5,-125.0,180.0,-90.0
1789258425905,False,missing_prediction,nan,nan,nan,nan,nan,nan,nan,0.1,nan,nan,48.671588523269385,nan,nan,nan,0.9999000000000002,-0.8159019238092402,2.5599861426821002,155.03462972532333,-5.458045776835178,-2.156532614711845,nan,nan,nan,nan,nan,nan,-1.065,0.9999,0.7,30.0,1.3679,95.7063,1.5,0.0,1.5,-125.0,180.0,-90.0
1789258430971,False,missing_prediction,nan,nan,nan,nan,nan,nan,nan,0.1,nan,nan,49.391807466812416,nan,nan,nan,0.9970000000000002,-0.8366569782777518,2.58805833023507,155.11336527570205,-7.096338273914738,-3.3136928665084833,nan,nan,nan,nan,nan,nan,-1.0999,0.997,0.7009,30.0,1.3679,97.7086,1.5,0.0,1.5,-125.0,180.0,-90.0
1789258436093,False,missing_prediction,nan,nan,nan,nan,nan,nan,nan,0.1,nan,nan,50.1197958776538,nan,nan,nan,0.9929000000000002,-0.8572727598981995,2.6161059602272463,155.2258537794565,-8.732546336641317,-4.477619261106158,nan,nan,nan,nan,nan,nan,-1.1347,0.9929,0.7017,30.0,1.3679,99.7107,1.5,0.0,1.5,-125.0,180.0,-90.0
1789258441180,False,missing_prediction,nan,nan,nan,nan,nan,nan,nan,0.1,nan,nan,50.85631371800422,nan,nan,nan,0.9876000000000003,-0.8777738262313768,2.6439897598105646,155.37265971201654,-10.366305733510305,-5.6505271463087645,nan,nan,nan,nan,nan,nan,-1.1693,0.9876,0.7025,30.0,1.3679,101.713,1.5,0.0,1.5,-125.0,180.0,-90.0
1789258446276,False,missing_prediction,nan,nan,nan,nan,nan,nan,nan,0.1,nan,nan,51.602086533373296,nan,nan,nan,0.9811000000000002,-0.8982420924817129,2.67165237134139,155.55443824937737,-11.996661487637791,-6.834273914067404,nan,nan,nan,nan,nan,nan,-1.2037,0.9811,0.7034,30.0,1.3679,103.7152,1.5,0.0,1.5,-125.0,180.0,-90.0
1789258451351,False,missing_prediction,nan,nan,nan,nan,nan,nan,nan,0.1,nan,nan,52.35269977433422,nan,nan,nan,0.9734000000000003,-0.9184563705967148,2.699126594902564,155.77201938803373,-13.623042811121232,-8.03107061910487,nan,nan,nan,nan,nan,nan,-1.2378,0.9734,0.7042,30.0,1.3679,105.7175,1.5,0.0,1.5,-125.0,180.0,-90.0
1789258456423,False,missing_prediction,nan,nan,nan,nan,nan,nan,nan,0.1,nan,nan,53.109226037136736,nan,nan,nan,0.9645000000000002,-0.9385559334244464,2.7264369880548798,156.0263356819135,-15.244525119655705,-9.242961351025128,nan,nan,nan,nan,nan,nan,-1.2717,0.9645,0.705,30.0,1.3679,107.7197,1.5,0.0,1.5,-125.0,180.0,-90.0
1789258461523,False,missing_prediction,nan,nan,nan,nan,nan,nan,nan,0.1,nan,nan,53.87223957071623,nan,nan,nan,0.9544000000000002,-0.9585079808820665,2.753362362745845,156.3184999486499,-16.860393839008736,-10.472251201633727,nan,nan,nan,nan,nan,nan,-1.3052,0.9544,0.7059,30.0,1.3679,109.7219,1.5,0.0,1.5,-125.0,180.0,-90.0
1789258466587,False,missing_prediction,nan,nan,nan,nan,nan,nan,nan,0.1,nan,nan,54.63877098555076,nan,nan,nan,0.9432000000000003,-0.9782060402043524,2.7800993494671586,156.64977051578018,-18.469813614156955,-11.721279510171208,nan,nan,nan,nan,nan,nan,-1.3384,0.9432,0.7067,30.0,1.3679,111.7241,1.5,0.0,1.5,-125.0,180.0,-90.0
1789258471674,False,missing_prediction,nan,nan,nan,nan,nan,nan,nan,0.1,nan,nan,55.4086772010514,nan,nan,nan,0.9308000000000002,-0.997617311308463,2.8064267601663277,157.02158840505103,-20.071983387254736,-12.992555331074993,nan,nan,nan,nan,nan,nan,-1.3711,0.9308,0.7075,30.0,1.3679,113.7264,1.5,0.0,1.5,-125.0,180.0,-90.0
1789258476787,False,missing_prediction,nan,nan,nan,nan,nan,nan,nan,0.1,nan,nan,56.18300986062674,nan,nan,nan,0.9172000000000002,-1.0168810670424617,2.832369152404146,157.4355093480089,-21.665810122420407,-14.288514711308931,nan,nan,nan,nan,nan,nan,-1.4034,0.9172,0.7084,30.0,1.3679,115.7286,1.5,0.0,1.5,-125.0,180.0,-90.0
1789258481852,False,missing_prediction,nan,nan,nan,nan,nan,nan,nan,0.1,nan,nan,56.95964142914201,nan,nan,nan,0.9026000000000002,-1.0357761193538562,2.8579593262634555,157.8933479841599,-23.25046074472234,-15.61198091146541,nan,nan,nan,nan,nan,nan,-1.4352,0.9026,0.7092,30.0,1.3679,117.7309,1.5,0.0,1.5,-125.0,180.0,-90.0
1789258486937,False,missing_prediction,nan,nan,nan,nan,nan,nan,nan,0.1,nan,nan,57.737740583277834,nan,nan,nan,0.8868000000000003,-1.054384383447075,2.88313992410062,158.3969951197391,-24.824639444584502,-16.965590408069982,nan,nan,nan,nan,nan,nan,-1.4665,0.8868,0.71,30.0,1.3679,119.733,1.5,0.0,1.5,-125.0,180.0,-90.0
1789258492030,False,missing_prediction,nan,nan,nan,nan,nan,nan,nan,0.1,nan,nan,58.52002877336724,nan,nan,nan,0.8700000000000002,-1.0727304168829124,2.9077716730675762,158.9486849173604,-26.38744837891114,-18.352537026080473,nan,nan,nan,nan,nan,nan,-1.4972,0.87,0.7109,30.0,1.3679,121.7352,1.5,0.0,1.5,-125.0,180.0,-90.0
1789258497114,False,missing_prediction,nan,nan,nan,nan,nan,nan,nan,0.1,nan,nan,59.30200934610713,nan,nan,nan,0.8521000000000002,-1.0906503892525101,2.9319692884515938,159.5507961104275,-27.937666630296054,-19.77598847136867,nan,nan,nan,nan,nan,nan,-1.5273,0.8521,0.7117,30.0,1.3679,123.7375,1.5,0.0,1.5,-125.0,180.0,-90.0
1789258502194,False,missing_prediction,nan,nan,nan,nan,nan,nan,nan,0.1,nan,nan,60.08448730584777,nan,nan,nan,0.8331000000000002,-1.108168858116662,2.9555934974046094,160.205858715064,-29.473825587860308,-21.23914662289004,nan,nan,nan,nan,nan,nan,-1.5567,0.8331,0.7125,30.0,1.3679,125.7397,1.5,0.0,1.5,-125.0,180.0,-90.0
1789258507276,False,missing_prediction,nan,nan,nan,nan,nan,nan,nan,0.1,nan,nan,60.87046250927148,nan,nan,nan,0.8132000000000003,-1.1254250963234322,2.9786688574874165,160.9167560151292,-30.994659335653026,-22.745694768887265,nan,nan,nan,nan,nan,nan,-1.5855,0.8132,0.7134,30.0,1.3679,127.742,1.5,0.0,1.5,-125.0,180.0,-90.0
1789258512377,False,missing_prediction,nan,nan,nan,nan,nan,nan,nan,0.1,nan,nan,61.65439141998688,nan,nan,nan,0.7922000000000002,-1.1421979158203277,3.0012281687828564,161.68642968395267,-32.49840472311471,-24.299143224501066,nan,nan,nan,nan,nan,nan,-1.6136,0.7922,0.7142,30.0,1.3679,129.7441,1.5,0.0,1.5,-125.0,180.0,-90.0
1789258517436,False,missing_prediction,nan,nan,nan,nan,nan,nan,nan,0.1,nan,nan,62.43910591337902,nan,nan,nan,0.7703000000000002,-1.1585118741681426,3.023132158442865,162.51832658164895,-33.983695490736025,-25.90375242898999,nan,nan,nan,nan,nan,nan,-1.6409,0.7703,0.715,30.0,1.3679,131.7464,1.5,0.0,1.5,-125.0,180.0,-90.0
1789258522514,False,missing_prediction,nan,nan,nan,nan,nan,nan,nan,0.1,nan,nan,63.22456719334398,nan,nan,nan,0.7474000000000002,-1.1744488865713054,3.044323468823807,163.41586227770316,-35.44849732670282,-27.563450396046665,nan,nan,nan,nan,nan,nan,-1.6674,0.7474,0.7159,30.0,1.3679,133.7486,1.5,0.0,1.5,-125.0,180.0,-90.0
1789258527615,False,missing_prediction,nan,nan,nan,nan,nan,nan,nan,0.1,nan,nan,64.0092428818288,nan,nan,nan,0.7237000000000002,-1.1898451226209585,3.0649168152129533,164.38290272320523,-36.890987680304136,-29.282782364505884,nan,nan,nan,nan,nan,nan,-1.6931,0.7237,0.7167,30.0,1.3679,135.7509,1.5,0.0,1.5,-125.0,180.0,-90.0
1789258532682,False,missing_prediction,nan,nan,nan,nan,nan,nan,nan,0.1,nan,nan,64.79223082865745,nan,nan,nan,0.6990000000000002,-1.2047824975215307,3.0848548399666686,165.42330568829541,-38.308809900573294,-31.06607308217379,nan,nan,nan,nan,nan,nan,-1.718,0.699,0.7175,30.0,1.3679,137.753,1.5,0.0,1.5,-125.0,180.0,-90.0
1789258537781,False,missing_prediction,nan,nan,nan,nan,nan,nan,nan,0.1,nan,nan,65.57613778020236,nan,nan,nan,0.6735000000000002,-1.2192282111901809,3.1039163550324593,166.54150321319295,-39.69991524516805,-32.91845963444735,nan,nan,nan,nan,nan,nan,-1.7419,0.6735,0.7184,30.0,1.3679,139.7553,1.5,0.0,1.5,-125.0,180.0,-90.0
1789258542859,False,missing_prediction,nan,nan,nan,nan,nan,nan,nan,0.1,nan,nan,66.35781606193531,nan,nan,nan,0.6472000000000002,-1.2331331485053212,3.1223799061064543,167.74174651216555,-41.06155568073286,-34.844618397814415,nan,nan,nan,nan,nan,nan,-1.765,0.6472,0.7192,30.0,1.3679,141.7575,1.5,0.0,1.5,-125.0,180.0,-90.0
1789258547967,False,missing_prediction,nan,nan,nan,nan,nan,nan,nan,0.1,nan,nan,67.13730428635799,nan,nan,nan,0.6200000000000002,-1.2465218670277456,3.140106220340589,169.02871729791627,-42.3911078039766,-36.84982019832674,nan,nan,nan,nan,nan,nan,-1.7872,0.62,0.72,30.0,1.3679,143.7598,1.5,0.0,1.5,-125.0,180.0,-90.0
1789258553021,False,missing_prediction,nan,nan,nan,nan,nan,nan,nan,0.1,nan,nan,67.91791793695748,nan,nan,nan,0.5922000000000002,-1.2594189243182476,3.1569560248868003,170.40693970963196,-43.685442948258,-38.939016165680364,nan,nan,nan,nan,nan,nan,-1.8084,0.5922,0.7209,30.0,1.3679,145.762,1.5,0.0,1.5,-125.0,180.0,-90.0
1789258558119,False,missing_prediction,nan,nan,nan,nan,nan,nan,nan,0.1,nan,nan,68.6944502593298,nan,nan,nan,0.5636000000000002,-1.271603132324335,3.1729621198279276,171.8810652981216,-44.941321007196805,-41.11734111765549,nan,nan,nan,nan,nan,nan,-1.8285,0.5636,0.7217,30.0,1.3679,147.7641,1.5,0.0,1.5,-125.0,180.0,-90.0
1789258563220,False,missing_prediction,nan,nan,nan,nan,nan,nan,nan,0.1,nan,nan,69.46922216879628,nan,nan,nan,0.5343000000000002,-1.2832711215377064,3.1882309779291953,173.45589814015213,-46.15542128810879,-43.39017117122914,nan,nan,nan,nan,nan,nan,-1.8477,0.5343,0.7225,30.0,1.3679,149.7664,1.5,0.0,1.5,-125.0,180.0,-90.0
1789258568285,False,missing_prediction,nan,nan,nan,nan,nan,nan,nan,0.1,nan,nan,70.24283376764062,nan,nan,nan,0.5043000000000002,-1.2944474495191556,3.202623326342539,175.13556411148627,-47.32378670716844,-45.76198015169638,nan,nan,nan,nan,nan,nan,-1.8659,0.5043,0.7234,30.0,1.3679,151.7686,1.5,0.0,1.5,-125.0,180.0,-90.0
1789258573392,False,missing_prediction,nan,nan,nan,nan,nan,nan,nan,0.1,nan,nan,71.01370841493559,nan,nan,nan,0.4738000000000003,-1.3049109282161895,3.2161719651508003,176.92419979993147,-48.44249579231271,-48.237413945768544,nan,nan,nan,nan,nan,nan,-1.883,0.4738,0.7242,30.0,1.3679,153.7709,1.5,0.0,1.5,-125.0,180.0,-90.0
1789258578463,False,missing_prediction,nan,nan,nan,nan,nan,nan,nan,0.1,nan,nan,71.78228550540571,nan,nan,nan,0.44260000000000027,-1.3148253880376664,3.2287621790667083,178.82501015802262,-49.507141795688064,-50.82003724596181,nan,nan,nan,nan,nan,nan,-1.899,0.4426,0.7251,30.0,1.3679,155.7731,1.5,0.0,1.5,-125.0,180.0,-90.0
1789258583535,False,missing_prediction,nan,nan,nan,nan,nan,nan,nan,0.1,nan,nan,72.54713341778915,nan,nan,nan,0.4109000000000003,-1.3240269985747282,3.2405086833775334,-179.15935395871617,-50.51324950333807,-53.512952905567744,nan,nan,nan,nan,nan,nan,-1.9139,0.4109,0.7259,30.0,1.3679,157.7753,1.5,0.0,1.5,-125.0,180.0,-90.0
1789258588632,False,missing_prediction,nan,nan,nan,nan,nan,nan,nan,0.1,nan,nan,73.31000356885362,nan,nan,nan,0.37880000000000036,-1.3325976750318036,3.2513541204396406,-177.02741400902693,-51.456081992029695,-56.318047263415075,nan,nan,nan,nan,nan,nan,-1.9277,0.3788,0.7267,30.0,1.3679,159.7775,1.5,0.0,1.5,-125.0,180.0,-90.0
1789258593741,False,missing_prediction,nan,nan,nan,nan,nan,nan,nan,0.1,nan,nan,74.0701041604893,nan,nan,nan,0.34610000000000035,-1.340619332613322,3.2612411326093946,-174.7789533944758,-52.33078858095954,-59.23596924012022,nan,nan,nan,nan,nan,nan,-1.9404,0.3461,0.7276,30.0,1.3679,161.7798,1.5,0.0,1.5,-125.0,180.0,-90.0
1789258598818,False,missing_prediction,nan,nan,nan,nan,nan,nan,nan,0.1,nan,nan,74.82563497945853,nan,nan,nan,0.31300000000000033,-1.3478707832667904,3.2702025199696374,-172.41577551485827,-53.13230041562217,-62.2652396415498,nan,nan,nan,nan,nan,nan,-1.9519,0.313,0.7284,30.0,1.3679,163.782,1.5,0.0,1.5,-125.0,180.0,-90.0
1789258603954,False,missing_prediction,nan,nan,nan,nan,nan,nan,nan,0.1,nan,nan,75.57839879377256,nan,nan,nan,0.27960000000000035,-1.3544339421966374,3.2781809248767333,-169.94119832925787,-53.85571334749881,-65.40299110443202,nan,nan,nan,nan,nan,nan,-1.9622,0.2796,0.7292,30.0,1.3679,165.7843,1.5,0.0,1.5,-125.0,180.0,-90.0
1789258609062,False,missing_prediction,nan,nan,nan,nan,nan,nan,nan,0.1,nan,nan,76.32847613478219,nan,nan,nan,0.2458000000000003,-1.3604480822509268,3.285200904891476,-167.36138901461803,-54.496044560254326,-68.64333511567887,nan,nan,nan,nan,nan,nan,-1.9714,0.2458,0.7301,30.0,1.3679,167.7864,1.5,0.0,1.5,-125.0,180.0,-90.0
1789258614121,False,missing_prediction,nan,nan,nan,nan,nan,nan,nan,0.1,nan,nan,77.07348412637666,nan,nan,nan,0.2117000000000003,-1.3656920153771663,3.291295260096707,-164.6840488975352,-55.048767085502384,-71.97907479065645,nan,nan,nan,nan,nan,nan,-1.9794,0.2117,0.7309,30.0,1.3679,169.7887,1.5,0.0,1.5,-125.0,180.0,-90.0
1789258619190,False,missing_prediction,nan,nan,nan,nan,nan,nan,nan,0.1,nan,nan,77.814946184076,nan,nan,nan,0.1774000000000003,-1.3702476567797848,3.2964066328487913,-161.9203081488858,-55.50949849110519,-75.39934902818929,nan,nan,nan,nan,nan,nan,-1.9862,0.1774,0.7317,30.0,1.3679,171.7909,1.5,0.0,1.5,-125.0,180.0,-90.0
1789258624290,False,missing_prediction,nan,nan,nan,nan,nan,nan,nan,0.1,nan,nan,78.5529061198353,nan,nan,nan,0.14280000000000032,-1.374196921663211,3.3004776655040935,-159.0832504570511,-55.8744791173671,-78.89147114800393,nan,nan,nan,nan,nan,nan,-1.9918,0.1428,0.7326,30.0,1.3679,173.7931,1.5,0.0,1.5,-125.0,180.0,-90.0
1789258629359,False,missing_prediction,nan,nan,nan,nan,nan,nan,nan,0.1,nan,nan,79.28581528032906,nan,nan,nan,0.10810000000000031,-1.3773759796185865,3.3036230733498844,-156.18837298217036,-56.14056173657907,-82.44030502974847,nan,nan,nan,nan,nan,nan,-1.9962,0.1081,0.7334,30.0,1.3679,175.7953,1.5,0.0,1.5,-125.0,180.0,-90.0
1789258634441,False,missing_prediction,nan,nan,nan,nan,nan,nan,nan,0.1,nan,nan,80.01366588483992,nan,nan,nan,0.0732000000000003,-1.3798667458503413,3.3057854987425284,-153.253093938711,-56.305366620309705,-86.02879121563036,nan,nan,nan,nan,nan,nan,-1.9994,0.0732,0.7342,30.0,1.3679,177.7975,1.5,0.0,1.5,-125.0,180.0,-90.0
1789258639523,False,missing_prediction,nan,nan,nan,nan,nan,nan,nan,0.1,nan,nan,80.73786393591297,nan,nan,nan,0.03820000000000031,-1.3816937779192684,3.3068256688339615,-150.2960910172862,-56.36738285259483,-89.63864183152087,nan,nan,nan,nan,nan,nan,-2.0013,0.0382,0.7351,30.0,1.3679,179.7998,1.5,0.0,1.5,-125.0,180.0,-90.0
1789258644605,False,missing_prediction,nan,nan,nan,nan,nan,nan,nan,0.1,nan,nan,81.4561621846968,nan,nan,nan,0.003200000000000308,-1.382750603060145,3.306940214115883,-147.33725985210657,-56.326027883961146,-93.2502524581259,nan,nan,nan,nan,nan,nan,-2.002,0.0032,0.7359,30.0,1.3679,-178.198,1.5,0.0,1.5,-125.0,180.0,-90.0
1789258649678,False,missing_prediction,nan,nan,nan,nan,nan,nan,nan,0.1,nan,nan,82.16945565679674,nan,nan,nan,-0.03179999999999969,-1.3831191364774011,3.3060717769446577,-144.39597811938364,-56.18168243155512,-96.84466700070118,nan,nan,nan,nan,nan,nan,-2.0015,-0.0318,0.7367,30.0,1.3679,-176.1957,1.5,0.0,1.5,-125.0,180.0,-90.0
1789258654740,False,missing_prediction,nan,nan,nan,nan,nan,nan,nan,0.1,nan,nan,82.87840101995695,nan,nan,nan,-0.06679999999999969,-1.3828812933754642,3.3041629996766506,-141.49171831399244,-55.93570428489816,-100.40267206074108,nan,nan,nan,nan,nan,nan,-1.9998,-0.0668,0.7376,30.0,1.3679,-174.1936,1.5,0.0,1.5,-125.0,180.0,-90.0
1789258659809,False,missing_prediction,nan,nan,nan,nan,nan,nan,nan,0.1,nan,nan,83.58151969070882,nan,nan,nan,-0.10159999999999969,-1.3818732433454772,3.3013285975991318,-138.64164660255705,-55.59025761164684,-103.90759049671163,nan,nan,nan,nan,nan,nan,-1.9969,-0.1016,0.7384,30.0,1.3679,-172.1913,1.5,0.0,1.5,-125.0,180.0,-90.0
1789258664917,False,missing_prediction,nan,nan,nan,nan,nan,nan,nan,0.1,nan,nan,84.27753841272822,nan,nan,nan,-0.1363999999999997,-1.380119543948234,3.2974292978640367,-135.86210990931716,-55.14838991763064,-107.34333788025458,nan,nan,nan,nan,nan,nan,-1.9927,-0.1364,0.7392,30.0,1.3679,-170.1891,1.5,0.0,1.5,-125.0,180.0,-90.0
1789258669986,False,missing_prediction,nan,nan,nan,nan,nan,nan,nan,0.1,nan,nan,84.96922914658684,nan,nan,nan,-0.1709999999999997,-1.3777594680317984,3.29248965803216,-133.1665244915721,-54.613729340372316,-110.69692694899803,nan,nan,nan,nan,nan,nan,-1.9873,-0.171,0.7401,30.0,1.3679,-168.1868,1.5,0.0,1.5,-125.0,180.0,-90.0
1789258675052,False,missing_prediction,nan,nan,nan,nan,nan,nan,nan,0.1,nan,nan,85.6535273614023,nan,nan,nan,-0.2053999999999997,-1.3746865428309478,3.286706308595201,-130.56639983250437,-53.99053312051136,-113.95714956094886,nan,nan,nan,nan,nan,nan,-1.9808,-0.2054,0.7409,30.0,1.3679,-166.1846,1.5,0.0,1.5,-125.0,180.0,-90.0
1789258680131,False,missing_prediction,nan,nan,nan,nan,nan,nan,nan,0.1,nan,nan,86.33133173347525,nan,nan,nan,-0.23949999999999969,-1.370867968262841,3.2798580615006663,-128.07031562250995,-53.28337028166526,-117.1158303115687,nan,nan,nan,nan,nan,nan,-1.973,-0.2395,0.7417,30.0,1.3679,-164.1824,1.5,0.0,1.5,-125.0,180.0,-90.0
1789258685204,False,missing_prediction,nan,nan,nan,nan,nan,nan,nan,0.1,nan,nan,87.00299085451758,nan,nan,nan,-0.27339999999999964,-1.3664430171755417,3.2719694743093495,-125.684533006048,-52.497086484417295,-120.16708474030938,nan,nan,nan,nan,nan,nan,-1.964,-0.2734,0.7426,30.0,1.3679,-162.1802,1.5,0.0,1.5,-125.0,180.0,-90.0
1789258690257,False,missing_prediction,nan,nan,nan,nan,nan,nan,nan,0.1,nan,nan,87.66701757032365,nan,nan,nan,-0.3068999999999997,-1.361305216803827,3.26323717751295,-123.41303337355066,-51.63665381182616,-123.10731416935255,nan,nan,nan,nan,nan,nan,-1.9539,-0.3069,0.7434,30.0,1.3679,-160.178,1.5,0.0,1.5,-125.0,180.0,-90.0
1789258695324,False,missing_prediction,nan,nan,nan,nan,nan,nan,nan,0.1,nan,nan,88.3238373860691,nan,nan,nan,-0.3399999999999997,-1.3554791247084919,3.2535218982634033,-121.2576628293012,-50.707013478807575,-125.93509575554023,nan,nan,nan,nan,nan,nan,-1.9426,-0.34,0.7442,30.0,1.3679,-158.1757,1.5,0.0,1.5,-125.0,180.0,-90.0
1789258700387,False,missing_prediction,nan,nan,nan,nan,nan,nan,nan,0.1,nan,nan,88.9733394508634,nan,nan,nan,-0.37279999999999974,-1.3490466560939636,3.242766278917075,-119.21894591986515,-49.713225993024494,-128.6502012327435,nan,nan,nan,nan,nan,nan,-1.9301,-0.3728,0.7451,30.0,1.3679,-156.1736,1.5,0.0,1.5,-125.0,180.0,-90.0
1789258705450,False,missing_prediction,nan,nan,nan,nan,nan,nan,nan,0.1,nan,nan,89.61484352617984,nan,nan,nan,-0.40499999999999975,-1.3419013381950209,3.231166949965664,-117.2952482254528,-48.65986564233064,-131.25480614204963,nan,nan,nan,nan,nan,nan,-1.9165,-0.405,0.7459,30.0,1.3679,-154.1713,1.5,0.0,1.5,-125.0,180.0,-90.0
1789258710517,False,missing_prediction,nan,nan,nan,nan,nan,nan,nan,0.1,nan,nan,90.24751012397235,nan,nan,nan,-0.43679999999999974,-1.3341250862160912,3.2186665537655346,-115.48449714560535,-47.55166229260554,-133.75129694426826,nan,nan,nan,nan,nan,nan,-1.9018,-0.4368,0.7467,30.0,1.3679,-152.1691,1.5,0.0,1.5,-125.0,180.0,-90.0
1789258715580,False,missing_prediction,nan,nan,nan,nan,nan,nan,nan,0.1,nan,nan,90.87292341461055,nan,nan,nan,-0.46809999999999974,-1.3257998153616048,3.2052077326730526,-113.78327198051002,-46.39285000462136,-136.14358897459795,nan,nan,nan,nan,nan,nan,-1.886,-0.4681,0.7476,30.0,1.3679,-150.1668,1.5,0.0,1.5,-125.0,180.0,-90.0
1789258720623,False,missing_prediction,nan,nan,nan,nan,nan,nan,nan,0.1,nan,nan,91.48887203041838,nan,nan,nan,-0.4986999999999997,-1.3167616952227035,3.1909052019754878,-112.18787403504973,-45.1876348642335,-138.43574958904102,nan,nan,nan,nan,nan,nan,-1.8691,-0.4987,0.7484,30.0,1.3679,-148.1646,1.5,0.0,1.5,-125.0,180.0,-90.0
1789258725749,False,missing_prediction,nan,nan,nan,nan,nan,nan,nan,0.1,nan,nan,92.09516880352287,nan,nan,nan,-0.5287999999999998,-1.3071499986474506,3.175783519233634,-110.6939243805856,-43.93978558780098,-140.6326424174121,nan,nan,nan,nan,nan,nan,-1.8512,-0.5288,0.7492,30.0,1.3679,-146.1624,1.5,0.0,1.5,-125.0,180.0,-90.0
1789258730820,False,missing_prediction,nan,nan,nan,nan,nan,nan,nan,0.1,nan,nan,92.69351661019667,nan,nan,nan,-0.5581999999999998,-1.296989283196641,3.1597034115994274,-109.29688002811334,-42.6528609205379,-142.7392745542681,nan,nan,nan,nan,nan,nan,-1.8322,-0.5582,0.7501,30.0,1.3679,-144.1602,1.5,0.0,1.5,-125.0,180.0,-90.0
1789258735925,False,missing_prediction,nan,nan,nan,nan,nan,nan,nan,0.1,nan,nan,93.28032878550815,nan,nan,nan,-0.5868999999999998,-1.2861157184614163,3.142779594360138,-107.99202131665945,-41.33009090828829,-144.76088072079872,nan,nan,nan,nan,nan,nan,-1.8121,-0.5869,0.7509,30.0,1.3679,-142.1579,1.5,0.0,1.5,-125.0,180.0,-90.0
1789258740993,False,missing_prediction,nan,nan,nan,nan,nan,nan,nan,0.1,nan,nan,93.85648854427906,nan,nan,nan,-0.6149999999999998,-1.2747259349334754,3.125118540280988,-106.77481629595808,-39.974652526939124,-146.7024166031428,nan,nan,nan,nan,nan,nan,-1.7911,-0.615,0.7517,30.0,1.3679,-140.1557,1.5,0.0,1.5,-125.0,180.0,-90.0
1789258746063,False,missing_prediction,nan,nan,nan,nan,nan,nan,nan,0.1,nan,nan,94.42470729167243,nan,nan,nan,-0.6421999999999998,-1.2629018478172478,3.1066628917183436,-105.64066743160356,-38.58935575377763,-148.56899142282015,nan,nan,nan,nan,nan,nan,-1.7692,-0.6422,0.7526,30.0,1.3679,-138.1536,1.5,0.0,1.5,-125.0,180.0,-90.0
1789258751161,False,missing_prediction,nan,nan,nan,nan,nan,nan,nan,0.1,nan,nan,94.97966772232401,nan,nan,nan,-0.6686999999999997,-1.2504222690602398,3.0874454487550445,-104.58496453033257,-37.17657149332645,-150.36585759460272,nan,nan,nan,nan,nan,nan,-1.7463,-0.6687,0.7534,30.0,1.3679,-136.1513,1.5,0.0,1.5,-125.0,180.0,-90.0
1789258756213,False,missing_prediction,nan,nan,nan,nan,nan,nan,nan,0.1,nan,nan,95.52306690518432,nan,nan,nan,-0.6943999999999998,-1.237426471510516,3.0674907689518855,-103.60360732027752,-35.738881131506204,-152.09755731096823,nan,nan,nan,nan,nan,nan,-1.7225,-0.6944,0.7542,30.0,1.3679,-134.1491,1.5,0.0,1.5,-125.0,180.0,-90.0
1789258761280,False,missing_prediction,nan,nan,nan,nan,nan,nan,nan,0.1,nan,nan,96.05585272731511,nan,nan,nan,-0.7191999999999997,-1.2239390127288703,3.046659579460803,-102.6924444948877,-34.278320230141404,-153.76889125805747,nan,nan,nan,nan,nan,nan,-1.6977,-0.7192,0.7551,30.0,1.3679,-132.1468,1.5,0.0,1.5,-125.0,180.0,-90.0
1789258766364,False,missing_prediction,nan,nan,nan,nan,nan,nan,nan,0.1,nan,nan,96.57556671539263,nan,nan,nan,-0.7430999999999998,-1.2099681352373497,3.0253123411823526,-101.84774369659053,-32.79703690079207,-155.3841140131859,nan,nan,nan,nan,nan,nan,-1.6722,-0.7431,0.7559,30.0,1.3679,-130.1446,1.5,0.0,1.5,-125.0,180.0,-90.0
1789258771442,False,missing_prediction,nan,nan,nan,nan,nan,nan,nan,0.1,nan,nan,97.08297846939594,nan,nan,nan,-0.7661999999999998,-1.1955629541575423,3.003170508420407,-101.06587380734159,-31.296799557093994,-156.94751810491772,nan,nan,nan,nan,nan,nan,-1.6458,-0.7662,0.7568,30.0,1.3679,-128.1424,1.5,0.0,1.5,-125.0,180.0,-90.0
1789258776489,False,missing_prediction,nan,nan,nan,nan,nan,nan,nan,0.1,nan,nan,97.57632360906076,nan,nan,nan,-0.7882999999999998,-1.1806743543678604,2.9805126268710946,-100.34349349813759,-29.779302407729084,-158.4630960621105,nan,nan,nan,nan,nan,nan,-1.6187,-0.7883,0.7576,30.0,1.3679,-126.1402,1.5,0.0,1.5,-125.0,180.0,-90.0
1789258781553,False,missing_prediction,nan,nan,nan,nan,nan,nan,nan,0.1,nan,nan,98.05530358702379,nan,nan,nan,-0.8093999999999998,-1.165269535785462,2.957117508481922,-99.67747062038895,-28.24602999166561,-159.93470136094206,nan,nan,nan,nan,nan,nan,-1.5907,-0.8094,0.7584,30.0,1.3679,-124.1379,1.5,0.0,1.5,-125.0,180.0,-90.0
1789258786646,False,missing_prediction,nan,nan,nan,nan,nan,nan,nan,0.1,nan,nan,98.52212673210303,nan,nan,nan,-0.8294999999999998,-1.1496024865456822,2.933173541222541,-99.06500758458792,-26.6985772164527,-161.3657637222561,nan,nan,nan,nan,nan,nan,-1.5621,-0.8295,0.7593,30.0,1.3679,-122.1357,1.5,0.0,1.5,-125.0,180.0,-90.0
1789258791748,False,missing_prediction,nan,nan,nan,nan,nan,nan,nan,0.1,nan,nan,98.97181703270923,nan,nan,nan,-0.8486999999999998,-1.1334520185960277,2.9087135251757927,-98.50340804894775,-25.138123562697324,-162.7598080755834,nan,nan,nan,nan,nan,nan,-1.5328,-0.8487,0.7601,30.0,1.3679,-120.1334,1.5,0.0,1.5,-125.0,180.0,-90.0
1789258796808,False,missing_prediction,nan,nan,nan,nan,nan,nan,nan,0.1,nan,nan,99.40598278804093,nan,nan,nan,-0.8667999999999998,-1.1169000471409276,2.883680102698042,-97.99033811318384,-23.566140937696176,-164.11982598159187,nan,nan,nan,nan,nan,nan,-1.5028,-0.8668,0.7609,30.0,1.3679,-118.1313,1.5,0.0,1.5,-125.0,180.0,-90.0
1789258801923,False,missing_prediction,nan,nan,nan,nan,nan,nan,nan,0.1,nan,nan,99.82601381893474,nan,nan,nan,-0.8837999999999998,-1.1000858450284456,2.858097831350083,-97.52349188607626,-21.983466030333428,-165.44911551529535,nan,nan,nan,nan,nan,nan,-1.4722,-0.8838,0.7618,30.0,1.3679,-116.129,1.5,0.0,1.5,-125.0,180.0,-90.0
1789258807008,False,missing_prediction,nan,nan,nan,nan,nan,nan,nan,0.1,nan,nan,100.22715592848675,nan,nan,nan,-0.8997999999999998,-1.0828455818497242,2.832081426419186,-97.10094084911849,-20.391408716730897,-166.7503424765612,nan,nan,nan,nan,nan,nan,-1.441,-0.8998,0.7626,30.0,1.3679,-114.1268,1.5,0.0,1.5,-125.0,180.0,-90.0
1789258812073,False,missing_prediction,nan,nan,nan,nan,nan,nan,nan,0.1,nan,nan,100.611570920223,nan,nan,nan,-0.9145999999999997,-1.0653185304528272,2.8056554454661438,-96.72085027876348,-18.790895131913786,-168.02629516874282,nan,nan,nan,nan,nan,nan,-1.4093,-0.9146,0.7634,30.0,1.3679,-112.1246,1.5,0.0,1.5,-125.0,180.0,-90.0
1789258817131,False,missing_prediction,nan,nan,nan,nan,nan,nan,nan,0.1,nan,nan,100.97919979913864,nan,nan,nan,-0.9283999999999998,-1.0475866060421837,2.778762530847322,-96.38157609209803,-17.182789007840448,-169.27962368195315,nan,nan,nan,nan,nan,nan,-1.3771,-0.9284,0.7643,30.0,1.3679,-110.1223,1.5,0.0,1.5,-125.0,180.0,-90.0
1789258822211,False,missing_prediction,nan,nan,nan,nan,nan,nan,nan,0.1,nan,nan,101.32697065267405,nan,nan,nan,-0.9409999999999997,-1.0295433358525707,2.7515993130544203,-96.08171112569632,-15.568222553709278,-170.5126093720355,nan,nan,nan,nan,nan,nan,-1.3445,-0.941,0.7651,30.0,1.3679,-108.1202,1.5,0.0,1.5,-125.0,180.0,-90.0
1789258827300,False,missing_prediction,nan,nan,nan,nan,nan,nan,nan,0.1,nan,nan,101.65508017232804,nan,nan,nan,-0.9523999999999998,-1.0112132774447822,2.724026519239374,-95.81990506961583,-13.947717209862516,-171.72785823150866,nan,nan,nan,nan,nan,nan,-1.3114,-0.9524,0.7659,30.0,1.3679,-106.1179,1.5,0.0,1.5,-125.0,180.0,-90.0
1789258832410,False,missing_prediction,nan,nan,nan,nan,nan,nan,nan,0.1,nan,nan,101.96440330170712,nan,nan,nan,-0.9626999999999998,-0.9927357036668825,2.6960687069629765,-95.59506660265677,-12.322318692444943,-172.92745036107965,nan,nan,nan,nan,nan,nan,-1.2779,-0.9627,0.7668,30.0,1.3679,-104.1157,1.5,0.0,1.5,-125.0,180.0,-90.0
1789258837512,False,missing_prediction,nan,nan,nan,nan,nan,nan,nan,0.1,nan,nan,102.2513579996337,nan,nan,nan,-0.9717999999999998,-0.974004141753648,2.667922506716928,-95.40618970437572,-10.692633153174711,-174.11368488444103,nan,nan,nan,nan,nan,nan,-1.2441,-0.9718,0.7676,30.0,1.3679,-102.1134,1.5,0.0,1.5,-125.0,180.0,-90.0
1789258842580,False,missing_prediction,nan,nan,nan,nan,nan,nan,nan,0.1,nan,nan,102.51626899078536,nan,nan,nan,-0.9797999999999998,-0.9551005069095087,2.6395305608575925,-95.25246022045474,-9.059643909203393,-175.28849087227846,nan,nan,nan,nan,nan,nan,-1.21,-0.9798,0.7684,30.0,1.3679,-100.1113,1.5,0.0,1.5,-125.0,180.0,-90.0
1789258847713,False,missing_prediction,nan,nan,nan,nan,nan,nan,nan,0.1,nan,nan,102.76054265682306,nan,nan,nan,-0.9864999999999998,-0.9361067143388928,2.6108355117413353,-95.13314575927626,-7.423739068291756,-176.45414677640562,nan,nan,nan,nan,nan,nan,-1.1756,-0.9865,0.7693,30.0,1.3679,-98.109,1.5,0.0,1.5,-125.0,180.0,-90.0
1789258852779,False,missing_prediction,nan,nan,nan,nan,nan,nan,nan,0.1,nan,nan,102.98001071294468,nan,nan,nan,-0.9920999999999998,-0.9169736489202129,2.5821159050642843,-95.04769859774254,-5.785858045122409,-177.6124691080627,nan,nan,nan,nan,nan,nan,-1.1411,-0.9921,0.7701,30.0,1.3679,-96.1068,1.5,0.0,1.5,-125.0,180.0,-90.0
1789258857868,False,missing_prediction,nan,nan,nan,nan,nan,nan,nan,0.1,nan,nan,103.17467482838323,nan,nan,nan,-0.9963999999999997,-0.8976685105706277,2.5531505527739466,-94.9956715312203,-4.146516498971994,-178.76552397272013,nan,nan,nan,nan,nan,nan,-1.1063,-0.9964,0.7709,30.0,1.3679,-94.1045,1.5,0.0,1.5,-125.0,180.0,-90.0
1789258862974,False,missing_prediction,nan,nan,nan,nan,nan,nan,nan,0.1,nan,nan,103.3461954042469,nan,nan,nan,-0.9994999999999998,-0.8783879297818362,2.5240459276355445,-94.97675751453725,-2.5065464232052985,-179.91511475960246,nan,nan,nan,nan,nan,nan,-1.0714,-0.9995,0.7718,30.0,1.3679,-92.1023,1.5,0.0,1.5,-125.0,180.0,-90.0
1789258868079,False,missing_prediction,nan,nan,nan,nan,nan,nan,nan,0.1,nan,nan,103.49023486974352,nan,nan,nan,-1.0013999999999998,-0.8590254337886158,2.4949986601407783,-94.99076489145945,-0.8665274181063443,178.9368043751482,nan,nan,nan,nan,nan,nan,-1.0365,-1.0014,0.7726,30.0,1.3679,-90.1001,1.5,0.0,1.5,-125.0,180.0,-90.0
1789258873139,False,missing_prediction,nan,nan,nan,nan,nan,nan,nan,0.1,nan,nan,103.60697791056789,nan,nan,nan,-1.0019999999999998,-0.8396055801517606,2.465869477441583,-95.03762779428611,0.7728817376443667,177.78834951223445,nan,nan,nan,nan,nan,nan,-1.0015,-1.002,0.7734,30.0,1.3679,-88.0979,1.5,0.0,1.5,-125.0,180.0,-90.0
1789258878223,False,missing_prediction,nan,nan,nan,nan,nan,nan,nan,0.1,nan,nan,103.69756205745061,nan,nan,nan,-1.0014999999999998,-0.8202676417193342,2.4366829370987517,-95.11740181039467,2.411020868635831,176.63763990236296,nan,nan,nan,nan,nan,nan,-0.9665,-1.0015,0.7743,30.0,1.3679,-86.0957,1.5,0.0,1.5,-125.0,180.0,-90.0
1789258883305,False,missing_prediction,nan,nan,nan,nan,nan,nan,nan,0.1,nan,nan,103.75697742781449,nan,nan,nan,-0.9996999999999998,-0.8008477880824787,2.407553754399556,-95.23027027103144,4.04730600652425,175.48273087213133,nan,nan,nan,nan,nan,nan,-0.9315,-0.9997,0.7751,30.0,1.3679,-84.0934,1.5,0.0,1.5,-125.0,180.0,-90.0
1789258888354,False,missing_prediction,nan,nan,nan,nan,nan,nan,nan,0.1,nan,nan,103.78638344275703,nan,nan,nan,-0.9966999999999998,-0.7814852920892583,2.3785064869047896,-95.37651244592115,5.6808169938076825,174.32189365133178,nan,nan,nan,nan,nan,nan,-0.8966,-0.9967,0.7759,30.0,1.3679,-82.0913,1.5,0.0,1.5,-125.0,180.0,-90.0
1789258893415,False,missing_prediction,nan,nan,nan,nan,nan,nan,nan,0.1,nan,nan,103.78720079140979,nan,nan,nan,-0.9924999999999998,-0.7623194265877371,2.3495656921752457,-95.5565792977805,7.311191253381877,173.15296937060313,nan,nan,nan,nan,nan,nan,-0.8619,-0.9925,0.7768,30.0,1.3679,-80.089,1.5,0.0,1.5,-125.0,180.0,-90.0
1789258898472,False,missing_prediction,nan,nan,nan,nan,nan,nan,nan,0.1,nan,nan,103.7532771287978,nan,nan,nan,-0.9869999999999998,-0.7431290035254221,2.320764170293766,-95.77099306907064,8.937477352380593,171.97417180257912,nan,nan,nan,nan,nan,nan,-0.8273,-0.987,0.7776,30.0,1.3679,-78.0868,1.5,0.0,1.5,-125.0,180.0,-90.0
1789258903535,False,missing_prediction,nan,nan,nan,nan,nan,nan,nan,0.1,nan,nan,103.68602998031189,nan,nan,nan,-0.9803999999999998,-0.7240532957503774,2.2921264788211437,-96.02044946532496,10.559108320761426,170.78337898332163,nan,nan,nan,nan,nan,nan,-0.7929,-0.9804,0.7784,30.0,1.3679,-76.0845,1.5,0.0,1.5,-125.0,180.0,-90.0
1789258908677,False,missing_prediction,nan,nan,nan,nan,nan,nan,nan,0.1,nan,nan,103.58676997560092,nan,nan,nan,-0.9725999999999998,-0.7052315761106667,2.2636771753181733,-96.3057285846765,12.175165712267182,169.57865301183278,nan,nan,nan,nan,nan,nan,-0.7588,-0.9726,0.7793,30.0,1.3679,-74.0823,1.5,0.0,1.5,-125.0,180.0,-90.0
1789258913731,False,missing_prediction,nan,nan,nan,nan,nan,nan,nan,0.1,nan,nan,103.44899915014415,nan,nan,nan,-0.9634999999999998,-0.6864426565537975,2.2354490598676953,-96.62778159305599,13.784942210511502,168.3578156104416,nan,nan,nan,nan,nan,nan,-0.7249,-0.9635,0.7801,30.0,1.3679,-72.0801,1.5,0.0,1.5,-125.0,180.0,-90.0
1789258918842,False,missing_prediction,nan,nan,nan,nan,nan,nan,nan,0.1,nan,nan,103.27495096852465,nan,nan,nan,-0.9532999999999998,-0.6678831675714687,2.2075486052349333,-96.98768709665558,15.387612210688728,167.1186755721177,nan,nan,nan,nan,nan,nan,-0.6914,-0.9533,0.7809,30.0,1.3679,-70.0779,1.5,0.0,1.5,-125.0,180.0,-90.0
1789258923924,False,missing_prediction,nan,nan,nan,nan,nan,nan,nan,0.1,nan,nan,103.0654729593967,nan,nan,nan,-0.9419999999999997,-0.649635024368109,2.179918453776252,-97.38668857973951,16.98238684351577,165.85889630554973,nan,nan,nan,nan,nan,nan,-0.6583,-0.942,0.7818,30.0,1.3679,-68.0756,1.5,0.0,1.5,-125.0,180.0,-90.0
1789258929060,False,missing_prediction,nan,nan,nan,nan,nan,nan,nan,0.1,nan,nan,102.81440034682447,nan,nan,nan,-0.9294999999999999,-0.631534396534861,2.1526733207789213,-97.82611814331582,18.568189869900902,164.57623860979916,nan,nan,nan,nan,nan,nan,-0.6256,-0.9295,0.7826,30.0,1.3679,-66.0734,1.5,0.0,1.5,-125.0,180.0,-90.0
1789258934150,False,missing_prediction,nan,nan,nan,nan,nan,nan,nan,0.1,nan,nan,102.5229617233196,nan,nan,nan,-0.9157999999999998,-0.6137205569197886,2.1258377638037347,-98.3075468154171,20.14420774237541,163.26810744639363,nan,nan,nan,nan,nan,nan,-0.5934,-0.9158,0.7834,30.0,1.3679,-64.0711,1.5,0.0,1.5,-125.0,180.0,-90.0
1789258939230,False,missing_prediction,nan,nan,nan,nan,nan,nan,nan,0.1,nan,nan,102.19209198366022,nan,nan,nan,-0.9010999999999999,-0.5962180630836853,2.0992725100026286,-98.8325872175128,21.709171515542845,161.93212269185238,nan,nan,nan,nan,nan,nan,-0.5616,-0.9011,0.7843,30.0,1.3679,-62.069,1.5,0.0,1.5,-125.0,180.0,-90.0
1789258944310,False,missing_prediction,nan,nan,nan,nan,nan,nan,nan,0.1,nan,nan,101.81610176711366,nan,nan,nan,-0.8851999999999999,-0.5789777999049639,2.0732561050717315,-99.40316968277094,23.2622138317702,160.56538713040024,nan,nan,nan,nan,nan,nan,-0.5304,-0.8852,0.7851,30.0,1.3679,-60.0668,1.5,0.0,1.5,-125.0,180.0,-90.0
1789258949404,False,missing_prediction,nan,nan,nan,nan,nan,nan,nan,0.1,nan,nan,101.39846037199852,nan,nan,nan,-0.8681999999999999,-0.5621635977924822,2.0476738337237723,-100.02132894709897,24.80215310318666,159.1650666367656,nan,nan,nan,nan,nan,nan,-0.4998,-0.8682,0.786,30.0,1.3679,-58.0645,1.5,0.0,1.5,-125.0,180.0,-90.0
1789258954454,False,missing_prediction,nan,nan,nan,nan,nan,nan,nan,0.1,nan,nan,100.93287496889299,nan,nan,nan,-0.8501999999999998,-0.5455542686937469,2.0225584960415928,-100.68920919775515,26.327570249757706,157.72833318322316,nan,nan,nan,nan,nan,nan,-0.4697,-0.8502,0.7868,30.0,1.3679,-56.0623,1.5,0.0,1.5,-125.0,180.0,-90.0
1789258959527,False,missing_prediction,nan,nan,nan,nan,nan,nan,nan,0.1,nan,nan,100.42145906845268,nan,nan,nan,-0.8311999999999999,-0.5293464431004571,1.9980165647904156,-101.40922842657062,27.837182659596365,156.25200423021795,nan,nan,nan,nan,nan,nan,-0.4403,-0.8312,0.7876,30.0,1.3679,-54.0601,1.5,0.0,1.5,-125.0,180.0,-90.0
1789258964610,False,missing_prediction,nan,nan,nan,nan,nan,nan,nan,0.1,nan,nan,99.86450404642103,nan,nan,nan,-0.8110999999999999,-0.5136220362170423,1.9739906823266056,-102.18396045177928,29.329526044370255,154.73281499297534,nan,nan,nan,nan,nan,nan,-0.4116,-0.8111,0.7885,30.0,1.3679,-52.0579,1.5,0.0,1.5,-125.0,180.0,-90.0
1789258969702,False,missing_prediction,nan,nan,nan,nan,nan,nan,nan,0.1,nan,nan,99.25760640437437,nan,nan,nan,-0.7900999999999999,-0.4982745752782793,1.950677479141862,-103.01620862782009,30.803094364089002,153.16726653821124,nan,nan,nan,nan,nan,nan,-0.3837,-0.7901,0.7893,30.0,1.3679,-50.0556,1.5,0.0,1.5,-125.0,180.0,-90.0
1789258974750,False,missing_prediction,nan,nan,nan,nan,nan,nan,nan,0.1,nan,nan,98.59986640149855,nan,nan,nan,-0.7680999999999999,-0.4832712602013269,1.9278557671836916,-103.9088349301299,32.25603535406408,151.5519403658804,nan,nan,nan,nan,nan,nan,-0.3564,-0.7681,0.7901,30.0,1.3679,-48.0534,1.5,0.0,1.5,-125.0,180.0,-90.0
1789258979816,False,missing_prediction,nan,nan,nan,nan,nan,nan,nan,0.1,nan,nan,97.89414518070687,nan,nan,nan,-0.7450999999999999,-0.4688660791215194,1.9057139344217462,-104.86505291324673,33.6866515212414,149.88294829665074,nan,nan,nan,nan,nan,nan,-0.33,-0.7451,0.791,30.0,1.3679,-46.0511,1.5,0.0,1.5,-125.0,180.0,-90.0
1789258984907,False,missing_prediction,nan,nan,nan,nan,nan,nan,nan,0.1,nan,nan,97.13434443341038,nan,nan,nan,-0.7211999999999998,-0.4548378439863638,1.8842847809388672,-105.88800691563043,35.092738491268825,148.15667511121723,nan,nan,nan,nan,nan,nan,-0.3044,-0.7212,0.7918,30.0,1.3679,-44.049,1.5,0.0,1.5,-125.0,180.0,-90.0
1789258990021,False,missing_prediction,nan,nan,nan,nan,nan,nan,nan,0.1,nan,nan,96.3226032876017,nan,nan,nan,-0.6964999999999999,-0.44126847000028907,1.8635109490914195,-106.98134554719891,36.4724236853821,146.36877827042588,nan,nan,nan,nan,nan,nan,-0.2796,-0.6965,0.7926,30.0,1.3679,-42.0467,1.5,0.0,1.5,-125.0,180.0,-90.0
1789258995104,False,missing_prediction,nan,nan,nan,nan,nan,nan,nan,0.1,nan,nan,95.46012850538592,nan,nan,nan,-0.6708999999999999,-0.42829723001135905,1.8434169964401965,-108.14848070709945,37.823171315683005,144.5154190799203,nan,nan,nan,nan,nan,nan,-0.2557,-0.6709,0.7935,30.0,1.3679,-40.0445,1.5,0.0,1.5,-125.0,180.0,-90.0
1789259000213,False,missing_prediction,nan,nan,nan,nan,nan,nan,nan,0.1,nan,nan,94.54171055273825,nan,nan,nan,-0.6444999999999999,-0.41576029361071626,1.8241176382724689,-109.39319089099521,39.14260366441188,142.59223919990185,nan,nan,nan,nan,nan,nan,-0.2327,-0.6445,0.7943,30.0,1.3679,-38.0422,1.5,0.0,1.5,-125.0,180.0,-90.0
1789259005295,False,missing_prediction,nan,nan,nan,nan,nan,nan,nan,0.1,nan,nan,93.56974796746647,nan,nan,nan,-0.6172999999999998,-0.4037969336464245,1.8056374321490303,-110.71905711812691,40.427880381149066,140.59523288107545,nan,nan,nan,nan,nan,nan,-0.2107,-0.6173,0.7951,30.0,1.3679,-36.04,1.5,0.0,1.5,-125.0,180.0,-90.0
1789259010372,False,missing_prediction,nan,nan,nan,nan,nan,nan,nan,0.1,nan,nan,92.5454799446301,nan,nan,nan,-0.5892999999999999,-0.39243170767927743,1.7878371052218165,-112.12975365740729,41.676093171840506,138.52024966967252,nan,nan,nan,nan,nan,nan,-0.1896,-0.5893,0.796,30.0,1.3679,-34.0379,1.5,0.0,1.5,-125.0,180.0,-90.0
1789259015422,False,missing_prediction,nan,nan,nan,nan,nan,nan,nan,0.1,nan,nan,91.46620184066742,nan,nan,nan,-0.5606999999999999,-0.3815581429440526,1.770913287982527,-113.62908735501398,42.88430071086797,136.3629245650564,nan,nan,nan,nan,nan,nan,-0.1695,-0.5607,0.7968,30.0,1.3679,-32.0356,1.5,0.0,1.5,-125.0,180.0,-90.0
1789259020484,False,missing_prediction,nan,nan,nan,nan,nan,nan,nan,0.1,nan,nan,90.33184141131852,nan,nan,nan,-0.5312999999999999,-0.3712581546451788,1.7548086227875266,-115.22023258663401,44.04897852294654,134.1197379092612,nan,nan,nan,nan,nan,nan,-0.1504,-0.5313,0.7976,30.0,1.3679,-30.0334,1.5,0.0,1.5,-125.0,180.0,-90.0
1789259025577,False,missing_prediction,nan,nan,nan,nan,nan,nan,nan,0.1,nan,nan,89.1482942696609,nan,nan,nan,-0.5012999999999999,-0.36167101563072007,1.7395476671976087,-116.90642397015718,45.16668892049854,131.78695916026615,nan,nan,nan,nan,nan,nan,-0.1324,-0.5013,0.7985,30.0,1.3679,-28.0311,1.5,0.0,1.5,-125.0,180.0,-90.0
1789259030653,False,missing_prediction,nan,nan,nan,nan,nan,nan,nan,0.1,nan,nan,87.9099854247535,nan,nan,nan,-0.47069999999999984,-0.35257553784818346,1.725163221295615,-118.69001697420106,46.233509102297674,129.3619110589587,nan,nan,nan,nan,nan,nan,-0.1154,-0.4707,0.7993,30.0,1.3679,-26.029,1.5,0.0,1.5,-125.0,180.0,-90.0
1789259035754,False,missing_prediction,nan,nan,nan,nan,nan,nan,nan,0.1,nan,nan,86.62076317322172,nan,nan,nan,-0.43949999999999984,-0.3441109941456331,1.7116798426423392,-120.57335778219777,47.245703200137825,126.84171236616184,nan,nan,nan,nan,nan,nan,-0.0995,-0.4395,0.8001,30.0,1.3679,-24.0267,1.5,0.0,1.5,-125.0,180.0,-90.0
1789259040854,False,missing_prediction,nan,nan,nan,nan,nan,nan,nan,0.1,nan,nan,85.2843441465672,nan,nan,nan,-0.40769999999999984,-0.3363592997274978,1.699040173594146,-122.55734950906248,48.19900213850944,124.22515924646629,nan,nan,nan,nan,nan,nan,-0.0847,-0.4077,0.801,30.0,1.3679,-22.0245,1.5,0.0,1.5,-125.0,180.0,-90.0
1789259045942,False,missing_prediction,nan,nan,nan,nan,nan,nan,nan,0.1,nan,nan,83.89977776096384,nan,nan,nan,-0.37549999999999983,-0.32915662418491953,1.687358929438306,-124.64235398027321,49.089259370974965,121.51143959575926,nan,nan,nan,nan,nan,nan,-0.071,-0.3755,0.8018,30.0,1.3679,-20.0222,1.5,0.0,1.5,-125.0,180.0,-90.0
1789259051019,False,missing_prediction,nan,nan,nan,nan,nan,nan,nan,0.1,nan,nan,82.47002429833418,nan,nan,nan,-0.3427999999999998,-0.32258488272232755,1.676578752531184,-126.8271018797678,49.912065306698835,118.70150696931552,nan,nan,nan,nan,nan,nan,-0.0584,-0.3428,0.8026,30.0,1.3679,-18.02,1.5,0.0,1.5,-125.0,180.0,-90.0
1789259056125,False,missing_prediction,nan,nan,nan,nan,nan,nan,nan,0.1,nan,nan,81.00242889738442,nan,nan,nan,-0.3096999999999998,-0.31678334818778575,1.6667242004335736,-129.10920209001353,50.66312872357293,115.79735006730337,nan,nan,nan,nan,nan,nan,-0.047,-0.3097,0.8035,30.0,1.3679,-16.0178,1.5,0.0,1.5,-125.0,180.0,-90.0
1789259061200,False,missing_prediction,nan,nan,nan,nan,nan,nan,nan,0.1,nan,nan,79.49428864642931,nan,nan,nan,-0.27619999999999983,-0.31158819017243633,1.657909988432745,-131.4845418140991,51.33817144982041,112.80271753041781,nan,nan,nan,nan,nan,nan,-0.0368,-0.2762,0.8043,30.0,1.3679,-14.0156,1.5,0.0,1.5,-125.0,180.0,-90.0
1789259066271,False,missing_prediction,nan,nan,nan,nan,nan,nan,nan,0.1,nan,nan,77.95222093106061,nan,nan,nan,-0.2423999999999998,-0.30702396623707295,1.6499968436806343,-133.9473621463065,51.93309060537168,109.72297929686056,nan,nan,nan,nan,nan,nan,-0.0277,-0.2424,0.8051,30.0,1.3679,-12.0133,1.5,0.0,1.5,-125.0,180.0,-90.0
1789259071312,False,missing_prediction,nan,nan,nan,nan,nan,nan,nan,0.1,nan,nan,76.38346628511597,nan,nan,nan,-0.20829999999999985,-0.30322994922975977,1.6430093237380352,-136.48966823456703,52.44394253462363,106.56583876153061,nan,nan,nan,nan,nan,nan,-0.0198,-0.2083,0.806,30.0,1.3679,-10.0111,1.5,0.0,1.5,-125.0,180.0,-90.0
1789259076353,False,missing_prediction,nan,nan,nan,nan,nan,nan,nan,0.1,nan,nan,74.78758837691849,nan,nan,nan,-0.17389999999999983,-0.3000996663852741,1.6371440590966473,-139.10195240716664,52.86722661970157,103.34042403772608,nan,nan,nan,nan,nan,nan,-0.0132,-0.1739,0.8068,30.0,1.3679,-8.0089,1.5,0.0,1.5,-125.0,180.0,-90.0
1789259081397,False,missing_prediction,nan,nan,nan,nan,nan,nan,nan,0.1,nan,nan,73.17153831580413,nan,nan,nan,-0.13929999999999984,-0.29760031762077455,1.6321798617039769,-141.7727853899407,53.19986859820488,100.05781932459992,nan,nan,nan,nan,nan,nan,-0.0077,-0.1393,0.8076,30.0,1.3679,-6.0067,1.5,0.0,1.5,-125.0,180.0,-90.0
1789259086472,False,missing_prediction,nan,nan,nan,nan,nan,nan,nan,0.1,nan,nan,71.5456416781291,nan,nan,nan,-0.10459999999999982,-0.2958711757843251,1.6281412891208182,-144.48912118819055,53.439353400211026,96.73072841637716,nan,nan,nan,nan,nan,nan,-0.0034,-0.1046,0.8085,30.0,1.3679,-4.0045,1.5,0.0,1.5,-125.0,180.0,-90.0
1789259091568,False,missing_prediction,nan,nan,nan,nan,nan,nan,nan,0.1,nan,nan,69.90885544288582,nan,nan,nan,-0.06969999999999982,-0.29480576811070314,1.6252249718388705,-147.23672391706336,53.58381865961217,93.37301668367397,nan,nan,nan,nan,nan,nan,-0.0004,-0.0697,0.8093,30.0,1.3679,-2.0022,1.5,0.0,1.5,-125.0,180.0,-90.0
1789259096635,False,missing_prediction,nan,nan,nan,nan,nan,nan,nan,0.1,nan,nan,68.76845727640764,nan,nan,nan,-0.03479999999999982,-0.2947727980225131,1.6237831282366428,-148.617358158191,53.620323479262645,91.68749340916429,nan,nan,nan,nan,nan,nan,0.0008,-0.0348,0.8101,30.0,1.3676,-1.0011,1.5,0.0,1.5,-125.0,180.0,-90.0
