timestamp x_robot y_robot z_robot roll_robot pitch_robot yaw_robot runtime
0000 0.03738624230027199 0.3720247149467468 2.012226104736328 -146.05679116862152 54.97901719995248 92.22066212534492 2.2774904719990445
0001 0.0706377848982811 0.36731186509132385 1.9831231832504272 -147.17020350951515 57.53524276875136 90.63723568997771 0.031531476000964176
0002 0.10444378852844238 0.3638126254081726 1.9732298851013184 -149.95329609934925 59.866615288711955 87.68744586208479 0.028987188001337927
0003 0.1386348456144333 0.36101362109184265 1.9725441932678223 -153.03227414622083 59.66798236881717 84.23519690413866 0.03295040000011795
0004 0.1730402559041977 0.35859906673431396 1.9745314121246338 -153.34335064359064 60.484642930786364 82.28250080958233 0.0357261719982489
0005 0.21166332066059113 0.36121922731399536 2.007101535797119 -155.96093657391194 56.477506582675744 80.24985971221949 0.037212453000393
0006 0.24476422369480133 0.35597699880599976 2.0020675659179688 -157.39738361607976 57.53155176505561 77.43422629223242 0.03237529199759592
0007 0.2744201123714447 0.3472156524658203 1.9795072078704834 -162.6230763329965 59.199870234105376 72.53593987939763 0.03218924899920239
0008 0.30758148431777954 0.3424082100391388 1.984014868736267 -164.76090000815717 56.700427885585796 69.6007611726149 0.03518085399991833
0009 0.3402370810508728 0.3373160660266876 1.99003267288208 -165.76347534592287 54.75528998320954 67.46790346294844 0.03466794099949766
0010 0.3709641396999359 0.3283664584159851 1.9834227561950684 -166.00838295658198 54.593052976379504 65.53836722420941 0.03275184499943862
0011 0.40781429409980774 0.3242635130882263 2.007326126098633 -167.9612494419556 55.645814475219574 62.38186383763383 0.03246416000183672
0012 0.4357191026210785 0.31266269087791443 1.9945638179779053 -166.7408494270009 56.63249783764375 61.89368306484166 0.034092235000571236
0013 0.46759727597236633 0.30485570430755615 2.0088038444519043 -170.19711790731066 57.309141616478975 58.29892475129044 0.03407985200101393
0014 0.49618539214134216 0.2950206696987152 2.010341167449951 -173.84194123728628 58.266948934450866 54.48347511677824 0.03607411199845956
0015 0.5246859788894653 0.2852831184864044 2.0185904502868652 -175.25237627974772 55.58019815910237 52.190638151428324 0.032990857002005214
0016 0.5517702698707581 0.2745184898376465 2.0225400924682617 -175.4159986867606 52.114043274043404 50.79968966592772 0.034890172002633335
0017 0.5824105739593506 0.265017032623291 2.0429203510284424 -175.3541725931896 43.75365295392867 49.784677537123635 0.03285451900228509
0018 0.616504430770874 0.2577539384365082 2.0761466026306152 -175.85297107786505 30.69341785324973 46.98828768103302 0.033213113998499466
0019 0.63300621509552 0.24152475595474243 2.0562288761138916 -169.6608062368412 17.13039057448278 45.84527669187876 0.0334456839991617
0020 0.6514021754264832 0.22669042646884918 2.0416131019592285 -164.67511903921314 -0.6853541111989543 39.646282997509765 0.0336080419983773
0021 0.6938493251800537 0.2188122719526291 2.1053595542907715 -163.50006423587377 -14.150792704208426 31.850394185774572 0.03768483300154912
0022 0.7284610867500305 0.20846326649188995 2.1443850994110107 -161.51093053118015 -12.27197548013857 27.21982448829263 0.031137844001932535
0023 0.7623845934867859 0.19775435328483582 2.190190553665161 -164.1539048696397 -7.059575334056515 25.618448526838463 0.03666539500045474
0024 0.7960422039031982 0.1855054348707199 2.2346320152282715 -162.08465241887413 -0.623352879728389 25.37854116571975 0.029371942997386213
0025 0.8156560659408569 0.16959477961063385 2.244036912918091 -159.64954565128897 3.6201284081522123 25.129617983413123 0.03479500500179711
0026 0.8386515378952026 0.15500640869140625 2.2639458179473877 -156.84858725103135 3.130043483040738 23.298563341299676 0.03323104599985527
0027 0.8583794832229614 0.13907451927661896 2.279848337173462 -156.854390290072 3.9377803464652406 20.316301739996636 0.034521306999522494
0028 0.8880027532577515 0.12414354085922241 2.321972131729126 -156.67318985400192 6.428348845455005 18.358012335891658 0.03266927499862504
0029 0.9131497144699097 0.10814141482114792 2.3560714721679688 -157.5849050376499 11.483947529731505 17.69909595016397 0.03410625200194772
0030 0.9367377161979675 0.09147527813911438 2.389782667160034 -158.07491137222027 16.773203055408704 17.948292087359953 0.0363736860017525
0031 0.9566140174865723 0.07425114512443542 2.416508913040161 -160.8933315375156 21.842418171780984 16.952810831940198 0.03163058100108174
0032 0.9725779294967651 0.05700263753533363 2.43521785736084 -168.26711785147398 30.05225427929538 14.453893858952371 0.03825878200223087
0033 0.9926393628120422 0.04004265367984772 2.4673914909362793 -173.35832823350765 37.34091219492995 13.555064881001913 0.03489556000204175
0034 1.006959319114685 0.021757667884230614 2.4886457920074463 178.85129923122906 38.96827687256064 10.023055215521847 0.034666413001104956
0035 1.0267049074172974 0.0038295937702059746 2.528853178024292 175.07801835487987 38.497330580051766 8.41750390022197 0.03214094299983117
0036 1.038935661315918 -0.014993139542639256 2.553126335144043 168.859351490679 41.19014633363967 3.470430517101995 0.03363146399715333
0037 1.0599744319915771 -0.03343586623668671 2.599975347518921 166.70526860022034 40.42866476945438 2.3865253532654496 0.03552925500116544
0038 1.0784308910369873 -0.053766656666994095 2.6457972526550293 166.12850517338356 39.32032392495909 0.8121833476092601 0.034524834001786076
0039 1.0871509313583374 -0.07366108149290085 2.669679880142212 167.84913242558 39.719255434370886 -0.12800990841457435 0.03162176200203248
0040 1.0900249481201172 -0.09300702065229416 2.6809580326080322 169.14310678245747 39.624565323881875 -1.7867231493899187 0.03527894699800527
0041 1.0942084789276123 -0.11199197173118591 2.699009418487549 169.46658289919344 37.916254971799695 -3.6278295354093886 0.03892953499962459
0042 1.1057822704315186 -0.13202717900276184 2.7379648685455322 169.02166213971572 35.925984667689775 -5.792521145775311 0.03404269300153828
0043 1.1015032529830933 -0.14947758615016937 2.7439064979553223 166.14379478117237 34.02835155994155 -9.26331348420359 0.03633034800077439
0044 1.1229526996612549 -0.17370954155921936 2.81589674949646 169.6735605939142 30.846215916599007 -7.198003653573444 0.03159719700124697
0045 1.136277437210083 -0.1958729326725006 2.872129440307617 168.53720658111473 25.145927844652192 -9.784740931769079 0.03208664799967664
0046 1.1265251636505127 -0.2144378125667572 2.872208833694458 167.23381536983283 19.169528615895178 -10.076957461755859 0.032019512000260875
0047 1.1157853603363037 -0.23323982954025269 2.872926950454712 164.73106875439012 11.03755073574286 -9.915403443488565 0.03224037700056215
0048 1.1106970310211182 -0.2533322870731354 2.889225959777832 162.23814634335545 1.4114740959080043 -9.602124106919268 0.035065635998762446
0049 1.1056783199310303 -0.274629682302475 2.908017635345459 158.33267504515254 -5.98344981885536 -7.994330815986275 0.034132705000956776
0050 1.100502848625183 -0.29480037093162537 2.930291175842285 157.16786882526938 -7.432532513795471 -6.4476706458976984 0.04137412499767379
0051 1.0973570346832275 -0.31525933742523193 2.9621429443359375 156.45943137971594 -6.323842439791095 -7.426061426970552 0.034939951001433656
0052 1.0876599550247192 -0.33427613973617554 2.9793660640716553 154.74376837309308 -6.562434962780464 -8.292636171022927 0.03499196900156676
0053 1.0786657333374023 -0.3530214726924896 3.000210762023926 154.4994020918654 -7.918791275700329 -9.172116470962633 0.03517921100137755
0054 1.0644806623458862 -0.37017714977264404 3.0100290775299072 154.37898382354655 -9.78653855015261 -9.665946009838617 0.03178286699767341
0055 1.0504316091537476 -0.38736626505851746 3.0220682621002197 154.21902582645316 -10.938055658515845 -10.97803024523946 0.034096534000127576
0056 1.0406473875045776 -0.40635761618614197 3.0500926971435547 154.98301087256752 -11.988584776353521 -12.149923324978438 0.03368452100039576
0057 1.0316786766052246 -0.42606887221336365 3.0828588008880615 154.64711252031566 -13.683304549602434 -13.581105467989321 0.031751423000969226
0058 1.0113508701324463 -0.44138163328170776 3.0851171016693115 153.64128845331595 -18.226831577917853 -13.608743953021714 0.03291887600062182
0059 0.9986334443092346 -0.4591343104839325 3.110027313232422 155.32641058214097 -21.237255001345442 -14.441606239075808 0.03862239600130124
0060 0.9866585731506348 -0.4779176115989685 3.1437153816223145 155.75351384879679 -21.60237783744666 -15.655623162495344 0.03466737700000522
0061 0.9699370265007019 -0.49508464336395264 3.1654279232025146 154.90945166857085 -24.026014246458853 -16.238347761046747 0.036185285996907623
0062 0.9461973309516907 -0.5088645219802856 3.1656265258789062 154.8217798498199 -25.47875105128849 -16.82512433963441 0.03240225899935467
0063 0.9242953658103943 -0.5234746336936951 3.176100015640259 154.87227874250743 -26.579736291842746 -17.73032124265746 0.03473269599999185
0064 0.9134438633918762 -0.5446316003799438 3.2271368503570557 158.0170757518222 -26.01791025014994 -20.354910749506097 0.03262736399847199
0065 0.8954784274101257 -0.5617040395736694 3.258291482925415 156.8898700781152 -28.809024800683627 -22.047161988310243 0.03030600899728597
0066 0.8711683750152588 -0.575146496295929 3.2643041610717773 155.73335726895735 -32.74813159926459 -21.636974247484318 0.03294188200015924
0067 0.8506214022636414 -0.5917468667030334 3.2933197021484375 158.31784323542448 -34.055681697003 -22.80941277440332 0.03471226600231603
0068 0.8310533165931702 -0.6085073947906494 3.3244717121124268 159.06469203654325 -35.79551198970246 -25.503529690753343 0.03884598000149708
0069 0.8122092485427856 -0.6268522143363953 3.367567539215088 160.2437771505024 -37.066596496661376 -27.16007427211399 0.032791579000331694
0070 0.7929074764251709 -0.645491361618042 3.4131340980529785 160.76002875660657 -36.16860605799691 -29.085571299472 0.037246603998937644
0071 0.7678407430648804 -0.6594380736351013 3.4367077350616455 163.50837464374217 -37.65534874572638 -31.224560265234885 0.03295217299819342
0072 0.7379956245422363 -0.67055743932724 3.4442594051361084 166.23999403662083 -38.056263935542034 -33.802045100156214 0.03307225200114772
0073 0.7193596959114075 -0.6901516318321228 3.498189687728882 164.27528190910382 -39.920640078481824 -34.125925357463856 0.03293459999986226
0074 0.6900484561920166 -0.7024500966072083 3.514099359512329 163.74597015824887 -41.06169431653171 -33.61608246860011 0.03519940300247981
0075 0.663188636302948 -0.7166162729263306 3.5421841144561768 165.22987760248722 -40.709114357161404 -35.38323093227783 0.03210130799925537
0076 0.6332321763038635 -0.7270228862762451 3.5574936866760254 165.1703879578984 -42.02273401458855 -36.14178574636932 0.034326675999182044
0077 0.6099703311920166 -0.747878909111023 3.618422269821167 166.77043834492596 -41.727590156593116 -39.281393896938404 0.03741595500105177
0078 0.5696222186088562 -0.7469489574432373 3.5808470249176025 166.61040237339245 -44.8588436074836 -39.91106194698929 0.0306080850023136
0079 0.5318436026573181 -0.7459074258804321 3.5477263927459717 173.8948004303654 -47.77967977822915 -46.56060777926433 0.03220819499983918
0080 0.49626970291137695 -0.744695782661438 3.5157089233398438 173.62244668444418 -50.45681599476487 -48.840356710668395 0.03515668000181904
0081 0.45818769931793213 -0.7444164752960205 3.4909374713897705 178.81028152405813 -52.701808613289636 -52.48883228289215 0.032930228000623174
0082 0.43172481656074524 -0.7604734301567078 3.540839433670044 -179.98442644728647 -51.412174258944844 -54.29874885151708 0.03070682199904695
0083 0.3927742540836334 -0.7570682764053345 3.503941059112549 -179.45563467083625 -53.99908881686955 -56.3812336393007 0.03566126300211181
0084 0.36041900515556335 -0.7640451788902283 3.5167243480682373 -177.82824774611237 -55.74674445129442 -57.572729753030295 0.036365834002936026
0085 0.3303517699241638 -0.7768016457557678 3.5565297603607178 -174.95317411798808 -55.45512334790434 -61.29886081244087 0.03351718200065079
0086 0.29422083497047424 -0.7792312502861023 3.5509400367736816 -174.2044872845545 -55.03660007377231 -63.01226430788346 0.03957641500164755
0087 0.2592635452747345 -0.7805068492889404 3.5417284965515137 -169.01193894154537 -53.7692725124402 -68.9736153334971 0.032303260999469785
0088 0.22179649770259857 -0.7760487794876099 3.516305923461914 -156.40039986104085 -56.590095069519776 -81.63724515162735 0.03512643299836782
0089 0.1910921335220337 -0.7836828231811523 3.543571710586548 -155.9945211315468 -58.251867978853774 -83.96808943179404 0.03290696200201637
0090 0.15475969016551971 -0.7742590308189392 3.495248317718506 -153.52899150828895 -57.66360466580073 -85.69428806736339 0.03082337000159896
0091 0.12129805982112885 -0.7846161127090454 3.5376944541931152 -149.21253482095142 -57.974947160398656 -91.19978448261857 0.03542845700212638
0092 0.08867442607879639 -0.7923054695129395 3.566632032394409 -148.25120874901418 -59.19016221482222 -93.1201221727224 0.03474189299959107
0093 0.05303271487355232 -0.7856109142303467 3.537421464920044 -144.03235951936554 -56.37571844041535 -97.89905246820288 0.037490188999072416
0094 0.018923960626125336 -0.7849047780036926 3.533353567123413 -141.64223805545063 -57.634571707369815 -100.7411789470867 0.03336064799805172
0095 -0.016049589961767197 -0.7918491363525391 3.5684714317321777 -141.9904403551728 -61.200987371111566 -101.02094957442372 0.0347700040001655
0096 -0.05255743861198425 -0.7930182814598083 3.5745689868927 -137.67260770687142 -57.870945439400074 -106.30072698978385 0.02992525899753673
0097 -0.08524817228317261 -0.7946675419807434 3.587376594543457 -134.91778353378265 -59.85646849039368 -109.57429744671104 0.0320514209997782
0098 -0.11809465289115906 -0.7874709367752075 3.562365770339966 -130.8438403110637 -60.46885121963514 -114.70131142789687 0.03432989099746919
0099 -0.1550864726305008 -0.78687584400177 3.574242115020752 -128.26798407158657 -57.95102652168513 -118.6168718127296 0.0377288050003699
0100 -0.18315011262893677 -0.7650456428527832 3.4923501014709473 -119.69391072609977 -57.10261109087536 -126.0516372456192 0.03279400599785731
0101 -0.22046199440956116 -0.7684963941574097 3.5214266777038574 -118.5407599748833 -53.91313238517697 -128.71406205573172 0.031035305000841618
0102 -0.2523018717765808 -0.7622769474983215 3.5117814540863037 -116.28037448752707 -53.142975406486535 -131.75604002045293 0.034662939000554616
0103 -0.28696146607398987 -0.7564074397087097 3.5063886642456055 -115.86566060145661 -48.21757368287593 -132.7209832877826 0.03497845400124788
0104 -0.31811395287513733 -0.7506411671638489 3.5064525604248047 -114.07374042814695 -49.775019604853625 -134.09499314797793 0.03509860299891443
0105 -0.35530683398246765 -0.7524540424346924 3.537590742111206 -113.82873989255361 -52.04573565790066 -136.24416803466767 0.035715734000405064
0106 -0.39325571060180664 -0.7517808675765991 3.560265064239502 -111.08167812385807 -53.32624924459207 -139.60497237165916 0.03444699199826573
0107 -0.42601990699768066 -0.7469982504844666 3.5648980140686035 -107.2876144375488 -53.806113950538425 -144.78111607945152 0.03467214500051341
0108 -0.4582999646663666 -0.7415615320205688 3.5681040287017822 -98.1104613676437 -53.20253405568593 -155.01037435642527 0.03236017399831326
0109 -0.49373528361320496 -0.7383115291595459 3.5870282649993896 -94.69870937147776 -52.022845919016476 -160.8562781547452 0.030065688999457052
0110 -0.5268455743789673 -0.7293520569801331 3.5787997245788574 -82.56612903090912 -53.158977507839076 -172.42121908900145 0.03399802800049656
0111 -0.5592803359031677 -0.7213682532310486 3.5868451595306396 -76.68836754346779 -52.97306115493855 177.4149432901291 0.036202377999870805
0112 -0.605937659740448 -0.7292045950889587 3.6759743690490723 -69.25541742137058 -56.109945368310406 170.9717334164242 0.03281213300215313
0113 -0.6423675417900085 -0.7258212566375732 3.7034571170806885 -66.69040166015243 -57.21545270320297 166.73645896670422 0.035852408000209834
0114 -0.6976490616798401 -0.7223499417304993 3.788057804107666 -59.183176001327965 -62.26914357837484 153.2307650287061 0.0334633179991215
0115 -0.7008523941040039 -0.698914647102356 3.673532724380493 -56.47960358173268 -59.33336930593781 157.82026115047591 0.03448427000330412
0116 -0.7344110012054443 -0.6891707181930542 3.668684482574463 -54.21730396784098 -71.00978434149644 154.8020545607108 0.032548490999033675
0117 -0.7627886533737183 -0.6800230741500854 3.6826579570770264 -59.39333780995535 -80.16529950962538 160.9195150770363 0.0338592729967786
0118 -0.8232845067977905 -0.663729190826416 3.7409274578094482 -61.64041857851845 -84.57300596679302 161.2889898153635 0.03124057599779917
0119 -0.8275293111801147 -0.6576849818229675 3.703354597091675 -135.96169133776297 -87.04387972633324 -121.213086213131 0.037319047001801664
0120 -0.8501899242401123 -0.6409017443656921 3.679389715194702 152.30496398843832 -84.55222099631007 -50.01576379550633 0.032715621000534156
0121 -0.8935037851333618 -0.6398953795433044 3.748605728149414 169.66296628255134 -84.02203511751621 -67.45171432798985 0.03463708200069959
0122 -0.9787209630012512 -0.6265958547592163 3.8607406616210938 176.91215393364618 -83.31369477006682 -76.57316711115266 0.0340621569994255
0123 -0.9835641384124756 -0.6262833476066589 3.861818552017212 144.54857764122116 -76.93512422287908 -43.46010830352657 0.034601588999066735
0124 -1.0143681764602661 -0.6186468005180359 3.888566255569458 134.63353589871153 -77.45585784659124 -35.13059465673352 0.03581815399957122
0125 -1.0598769187927246 -0.6116648316383362 3.957437753677368 153.52227181345378 -73.24978488860907 -56.060643645000624 0.03892998400260694
0126 -1.1005240678787231 -0.6049527525901794 4.02259635925293 161.31166109692742 -73.02058527822841 -60.994105878477484 0.03193093899972155
0127 -1.12149977684021 -0.5856877565383911 4.007750034332275 163.53930793095859 -75.67632228641078 -63.40947306130934 0.03296699799830094
0128 -1.1411712169647217 -0.5719898343086243 4.029533386230469 169.72797685014154 -73.9471833434158 -70.99592376726724 0.0316857899997558
0129 -1.1941217184066772 -0.5630702972412109 4.112053394317627 -165.72772106862803 -75.2265982376132 -93.13635807065417 0.03226576700035366
0130 -1.2230275869369507 -0.5508323311805725 4.155311107635498 -155.6352658805989 -74.15176090485492 -104.03488771811577 0.03344830200148863
0131 -1.2716666460037231 -0.5408686399459839 4.2522454261779785 -157.15388437900464 -72.580930604294 -103.50540308476833 0.038248528999247355
0132 -1.3095371723175049 -0.5369130969047546 4.286136627197266 -172.38107046388242 -71.58971212840024 -88.45554692607351 0.037049283000669675
0133 -1.2999838590621948 -0.5390070676803589 4.261863708496094 -171.17392673421617 -70.62760170284353 -91.13903755328776 0.032004791999497684
0134 -1.297896146774292 -0.5391795635223389 4.245615005493164 -171.72500998286114 -69.23906570364791 -92.58640850264001 0.03046983700187411
0135 -1.0300410985946655 -0.3106634318828583 3.2012736797332764 80.13334914595902 -6.699260682863454 161.51503640432668 1.8316430220002076
0136 -1.009259819984436 -0.30390140414237976 3.0703117847442627 91.17972131859871 -3.7215415051677736 171.57158285853586 0.0309425760024169
0137 -0.990234375 -0.28090524673461914 2.9748284816741943 83.87860002665059 4.710380561445862 169.69069562660172 0.03013050099980319
0138 -0.980968713760376 -0.2563011348247528 2.9232490062713623 87.04448941513026 3.6712102276969407 171.33622167358368 0.03229464700052631
0139 -0.9776527881622314 -0.23556669056415558 2.8813977241516113 86.81249442919477 13.234024033909948 168.42883620071117 0.03351825000208919
0140 -0.9523099660873413 -0.21029217541217804 2.7886149883270264 88.55733009782261 4.7040843320637675 165.50627119087602 0.041448804000538075
0141 -0.9665645956993103 -0.1968311071395874 2.8080224990844727 80.94479107725923 15.171949608054577 164.19734822011768 0.03610042799846269
0142 -0.9474308490753174 -0.17270492017269135 2.7474236488342285 83.88769908696207 7.657526027143625 168.31119442967537 0.036218236997228814
0143 -0.9319679737091064 -0.15250447392463684 2.696310043334961 84.10961477319135 15.621026259041704 167.48392435958186 0.033365384999342496
0144 -0.9052413702011108 -0.12991242110729218 2.6232495307922363 84.48720316986673 12.449631824140237 166.56113060037183 0.03670657399925403
0145 -0.8825712203979492 -0.11053399741649628 2.557548761367798 82.9094800398935 15.859855557878886 165.0221391386004 0.038664978001179406
0146 -0.8616835474967957 -0.09160184860229492 2.5029923915863037 82.66953289616224 13.19817763844791 164.64178241329935 0.031787416999577545
0147 -0.84598708152771 -0.07397952675819397 2.466921806335449 83.08314175040833 17.348355289827076 164.32717811500376 0.035308146998431766
0148 -0.8309798240661621 -0.05651070177555084 2.435213565826416 83.75312465070967 19.742265122253865 163.99854148022217 0.09135442600017996
0149 -0.8033797144889832 -0.038857292383909225 2.3727877140045166 82.26186998120154 21.753316028917656 163.40765960924364 0.03788818699831609
0150 -0.7955840826034546 -0.02170572243630886 2.3724334239959717 84.96026912575553 18.91732802461683 163.2834230259299 0.03335341700221761
0151 -0.7584927082061768 -0.006716170348227024 2.2850403785705566 83.89466927049281 22.236412723148515 160.61865393627056 0.034557540999230696
0152 -0.7415751814842224 0.008089579641819 2.2594573497772217 84.62620559809326 18.851258304977378 160.59321252566122 0.033353017999615986
0153 -0.7363234162330627 0.011755656450986862 2.23754620552063 81.63578704989845 23.758878679210024 163.44995212629647 0.032931087000179105
0154 -0.7218332886695862 0.030766097828745842 2.223576545715332 76.81503684135815 37.90981281500872 161.9509746762734 0.03339953600152512
0155 -0.6688643097877502 0.0448649562895298 2.134868860244751 88.38361902180083 25.741674381880195 162.9719794528178 0.0356224259994633
0156 -0.6503075957298279 0.06385143101215363 2.0969560146331787 84.10504309224355 36.846056725686985 160.90348668464247 0.03523991800102522
0157 -0.6050348281860352 0.07862479239702225 2.018874406814575 88.45188761070388 31.069963298816084 160.26451091310233 0.0314506850008911
0158 -0.582036554813385 0.0883396565914154 1.9960603713989258 84.24269267422748 32.61169239041752 157.49833401341047 0.03686668400041526
0159 -0.5559719800949097 0.09987573325634003 1.9751020669937134 85.16735331858558 30.991643987866585 153.1171941872011 0.03573867600061931
0160 -0.5332566499710083 0.11125090718269348 1.9626061916351318 82.66589364269818 30.803067874564068 150.95624043883836 0.03193253799690865
0161 -0.5076367259025574 0.11917183548212051 1.938209891319275 78.79952815098163 29.389762665296047 148.0272810189772 0.034809007000148995
0162 -0.4789706766605377 0.13124459981918335 1.925127625465393 82.1313990818952 31.170667138672986 153.2343190441983 0.03743947800103342
0163 -0.4381793439388275 0.1376994550228119 1.8487375974655151 86.3081548193198 29.277532557098308 153.48699726946526 0.03243912199832266
0164 -0.4052722156047821 0.14003151655197144 1.8068221807479858 82.39573472111766 24.473577872070155 149.15548330626544 0.03474663399902056
0165 -0.37677228450775146 0.1455301195383072 1.7803579568862915 78.60380849481889 25.17370477902114 147.20698776785426 0.036817784999584546
0166 -0.35107821226119995 0.15870259702205658 1.7612155675888062 89.06107340258724 32.29223412143803 151.1584728867165 0.03398570200079121
0167 -0.33315205574035645 0.1605614870786667 1.766472578048706 83.15572970049918 27.227334160264594 147.62351125826473 0.042727988002297934
0168 -0.3088670074939728 0.1701119989156723 1.777593731880188 82.37659822550886 30.237514663166117 147.62915079112759 0.03644727999926545
0169 -0.29000362753868103 0.18124346435070038 1.7737501859664917 86.41052371580179 39.43329532708652 149.9070389639555 0.03567123500033631
0170 -0.25357526540756226 0.18317247927188873 1.746512770652771 80.16127303521607 31.38863621914817 142.0489524704076 0.03580731600231957
0171 -0.2337474822998047 0.19377030432224274 1.751754641532898 86.77616304172818 46.1772711690837 148.7654331207369 0.03577466400020057
0172 -0.20643386244773865 0.20016418397426605 1.7410612106323242 87.36521203540161 38.09293647110641 147.86702085390925 0.034539496002253145
0173 -0.18070529401302338 0.20533548295497894 1.712754487991333 83.0865024103158 42.1410468939623 142.80303058811674 0.03373104600177612
0174 -0.16340455412864685 0.2105913907289505 1.7205660343170166 88.89230690806629 43.01854559434534 147.70375423151495 0.03636399199967855
0175 -0.12577013671398163 0.21243484318256378 1.7464920282363892 89.81477769125125 35.29403304158195 151.16805180279457 0.0344976200030942
0176 -0.0984538272023201 0.21779610216617584 1.7855472564697266 89.90760838791748 36.09494099487934 155.26754856062652 0.03946009799983585
0177 -0.07760625332593918 0.23691338300704956 1.83549165725708 86.88119359205864 36.77442618321117 169.0691268384726 0.03534677299830946
0178 -0.058052655309438705 0.24249303340911865 1.8473013639450073 89.96282365687398 36.35216544486568 174.6321053806024 0.031196841999189928
0179 0.00661328062415123 0.2477862387895584 1.9357895851135254 -143.92847558918317 54.90572061054264 95.54384233728895 1.9276273020004737
0180 0.04033747315406799 0.2425948679447174 1.8880620002746582 -143.2711239680083 55.91137226284814 95.05398534428875 0.03814830200280994
0181 0.07374999672174454 0.2391403615474701 1.8664605617523193 -146.66536490234853 57.79467780806321 91.16575746430722 0.038465762001578696
0182 0.10724373906850815 0.23896503448486328 1.869444489479065 -149.02815143489624 56.49638615222119 87.9535065155247 0.037916298999334686
0183 0.14197859168052673 0.23842772841453552 1.8848814964294434 -150.42586558190936 59.10666960914604 85.22588059454709 0.036265801998524694
0184 0.1796608865261078 0.23761984705924988 1.905796766281128 -150.25336344338476 55.78566305531173 85.53015645122875 0.03368541199961328
0185 0.21583116054534912 0.23516930639743805 1.9143375158309937 -147.11517985723313 56.20921284840638 86.00116888967558 0.043593105001491494
0186 0.24706129729747772 0.2306065857410431 1.907357096672058 -159.4913866907978 54.93896490585328 75.84420786359034 0.039789972001017304
0187 0.2802107036113739 0.22603395581245422 1.9086363315582275 -160.87204358470117 54.52382608813209 73.43187319485749 0.03413797599932877
0188 0.310910165309906 0.2198680192232132 1.9033331871032715 -161.86340835139194 53.02257204833698 70.7730001573335 0.03720688099929248
0189 0.34768596291542053 0.21645553410053253 1.9294755458831787 -165.8716916416652 51.108666396785615 66.81183183905183 0.04404869400241296
0190 0.37944576144218445 0.2083871215581894 1.9253569841384888 -163.32440823206923 52.21268165832076 66.76283548942087 0.03566399100236595
0191 0.4098077714443207 0.2001800239086151 1.920759916305542 -163.35897480744796 55.127676942587634 65.0648532522119 0.038413318998209434
0192 0.4419773817062378 0.19245938956737518 1.9284000396728516 -168.80848343305183 55.24751739383441 59.92841653444843 0.03767347900065943
0193 0.4706099331378937 0.18321284651756287 1.9286057949066162 -173.99334775726282 58.75117634998268 54.922625871850215 0.037831445999472635
0194 0.5030876398086548 0.17544837296009064 1.9480992555618286 -176.75127158129362 56.161297181873366 52.241103059886264 0.04211732600015239
0195 0.5296711325645447 0.16512005031108856 1.9465973377227783 -177.54145712650063 54.7213266477747 50.15532350508876 0.03391808400192531
0196 0.5642517805099487 0.15597930550575256 1.9799864292144775 -179.35876719056193 49.21256987728825 48.69612665072041 0.03360286799943424
0197 0.586289644241333 0.14402411878108978 1.9715195894241333 179.3833360268192 46.03285185666583 45.93905821568818 0.03550560000076075
0198 0.6250720024108887 0.13512074947357178 2.0172629356384277 -179.30694133823627 36.94025432101188 46.38646365035825 0.036594582998077385
0199 0.6499875783920288 0.12220417708158493 2.0221798419952393 -172.597615666094 25.84310760420854 46.881063351035834 0.034859430001233704
0200 0.6614315509796143 0.108853280544281 1.9912192821502686 -169.65395527522287 23.230992526182842 42.265311490534536 0.03922978999980842
0201 0.6936234831809998 0.09665621817111969 2.021575927734375 -167.68672446204127 20.86087298407159 39.52673075212106 0.04557537499931641
0202 0.7304505705833435 0.08545497059822083 2.070859432220459 -165.44768346545163 13.648057165154679 38.24324115618608 0.03735307000169996
0203 0.7513474225997925 0.0715772733092308 2.0769476890563965 -162.69919476398584 4.863080814527303 33.60915063541095 0.04548687199712731
0204 0.7746809720993042 0.05805261433124542 2.094970941543579 -155.17748538608677 -3.6331957922139306 27.87560772098079 0.03743251500054612
0205 0.8037036061286926 0.04298234358429909 2.1294214725494385 -152.05863010580836 -6.881940493647501 20.439441204766148 0.035414311998465564
0206 0.8399524688720703 0.029367797076702118 2.186201333999634 -153.94563164595837 -1.2637582228845914 16.461026405182782 0.03838966699913726
0207 0.8786994814872742 0.013443008065223694 2.247335433959961 -154.57403255783228 4.821058770140242 17.20789551222512 0.0368984319975425
0208 0.8995892405509949 -0.0037595233879983425 2.2672598361968994 -152.90942591153924 10.710697146582474 18.698819612957223 0.03299424699798692
0209 0.9249001145362854 -0.02077602967619896 2.3035194873809814 -154.01267611866876 15.479613425860663 18.194530802045765 0.04154706999906921
0210 0.9431707859039307 -0.03759419545531273 2.322209119796753 -155.73160912975948 20.078562760544134 18.18568244961981 0.03622284900120576
0211 0.9722194075584412 -0.055166419595479965 2.3701705932617188 -161.3001592757665 24.96230441522914 16.565246940556847 0.05966668000110076
0212 0.9857137203216553 -0.07212129980325699 2.3847432136535645 -165.19967885558478 30.284073047998138 15.581274464225219 0.04032838299826835
0213 0.9879763722419739 -0.08756370842456818 2.3747007846832275 -156.68658467156828 28.953676710795403 19.25783103204731 0.038911629002541304
0214 1.009955883026123 -0.10792912542819977 2.41611909866333 -152.06965620328992 25.676626438276166 16.952676670487303 0.04238900900236331
0215 1.0279327630996704 -0.1279248744249344 2.45208740234375 -149.52728400508786 22.477798224651856 13.078455643319304 0.032932505000644596
0216 1.0509023666381836 -0.14826340973377228 2.5022518634796143 -150.09669366306227 20.254685255654607 8.315340182213433 0.031598894001945155
0217 1.0593740940093994 -0.16686251759529114 2.5202198028564453 -149.37133202566932 19.933074991594417 5.733257470474716 0.03370231699955184
0218 1.0701608657836914 -0.18591199815273285 2.5473384857177734 -150.6893322744482 20.753997388281647 3.375808105784086 0.03381712899863487
0219 1.0905629396438599 -0.20785686373710632 2.598022937774658 -153.74561377534732 23.422347892421346 1.5145624027377802 0.040833582999766804
0220 1.109209418296814 -0.229930117726326 2.649219512939453 -155.51513067111517 25.40938190922924 0.7942398042104506 0.03683268199893064
0221 1.119046926498413 -0.24981190264225006 2.6818971633911133 -155.14423011030433 27.1636761687849 0.2753313933790432 0.038572953002585564
0222 1.1272345781326294 -0.27107661962509155 2.7149088382720947 -158.39249944139823 28.16533832463442 -2.5227666329419725 0.03308108000055654
0223 1.1345231533050537 -0.2914005517959595 2.7492294311523438 -158.6142045747845 28.650573042359994 -3.7321478007800954 0.031859615999564994
0224 1.1393646001815796 -0.31282511353492737 2.7816429138183594 -158.19679220823514 32.33422547931747 -3.7331407284176166 0.030930696997529594
0225 1.1391688585281372 -0.3331640958786011 2.8037803173065186 -157.26974350406044 36.02521083911203 -3.9985715717302663 0.029332559002796188
0226 1.1346713304519653 -0.35254567861557007 2.8185691833496094 -150.83942786587173 38.892378629567546 -0.7497431070655026 0.031008277997898404
0227 1.1378127336502075 -0.37494146823883057 2.854557514190674 -148.62075873732792 41.68223376627732 -1.153566989114204 0.028789230997062987
0228 1.11336088180542 -0.40598827600479126 2.8594377040863037 -145.57226743537697 47.65814669139718 -0.7020931016777803 0.03933539300123812
0229 1.1209146976470947 -0.43236786127090454 2.9145593643188477 -146.10311433733827 48.973616397718075 -1.5572731962996345 0.03136632400128292
0230 1.121789813041687 -0.4319978356361389 2.91276478767395 -142.46122971415843 49.8667627522147 2.2271021675624145 0.0327383350013406
0231 1.1130365133285522 -0.4517723023891449 2.934488534927368 -142.57429373633312 50.380677257044354 -0.3813250848393057 0.030256698999437504
0232 1.1028555631637573 -0.470414936542511 2.9521584510803223 -143.76708573357396 50.454863013699395 -2.7898797562672106 0.031886222001048736
0233 1.088875412940979 -0.4874509871006012 2.961516857147217 -144.50854584992757 50.01149276721518 -4.3085992890806 0.03315301400289172
0234 1.0846294164657593 -0.5082896947860718 2.9982495307922363 -144.82487124286433 50.774277491393285 -5.911236372805267 0.02919959299833863
0235 1.0764491558074951 -0.5287436246871948 3.0313522815704346 -146.73319565956706 53.14700445820926 -8.196819651656924 0.03068850400086376
0236 1.0384466648101807 -0.5552201867103577 3.0319740772247314 -146.1730454369864 57.14560541186501 -9.635068576066464 0.03474809900217224
0237 1.029457926750183 -0.5800568461418152 3.077845811843872 -149.4160604303334 59.53204190380522 -12.134658610120626 0.03143694899699767
0238 1.028613567352295 -0.5796278715133667 3.0735292434692383 -148.20568192835276 61.93478338624331 -8.144422978938442 0.034333232000790304
0239 1.0134116411209106 -0.5970511436462402 3.096858501434326 -146.45099719053215 60.23441733635609 -8.319745528646386 0.04152921400236664
0240 1.010622501373291 -0.6228049993515015 3.159777879714966 -152.41890993665208 60.8065531042994 -15.9333356511864 0.030214918999263318
0241 0.9791344404220581 -0.6311861872673035 3.1371779441833496 -157.62894151870853 62.086481878576066 -20.53235081624006 0.02870176599753904
0242 0.9498379826545715 -0.6408061981201172 3.121849775314331 -155.2504788777842 67.46056154746776 -18.116011334536786 0.03055600600055186
0243 0.9331511855125427 -0.658001720905304 3.14996600151062 -156.537977397746 69.1620634906652 -19.85116344176099 0.030621827001596102
0244 0.8936027884483337 -0.6930991411209106 3.1982333660125732 162.04298521498035 -33.76701355877697 -24.00890521170979 1.836225340000965
0245 0.867973804473877 -0.7044476866722107 3.200866222381592 160.9395313090005 -33.949786956677244 -26.153501083202663 0.03214873199976864
0246 0.8644717931747437 -0.7029220461845398 3.192748785018921 161.3080061709886 -35.903223358226285 -24.669567736977054 0.031004531996586593
0247 0.8510615825653076 -0.7240944504737854 3.2424848079681396 160.84953203177625 -34.877444905227705 -26.723135651646217 0.033101218003139365
0248 0.8229473829269409 -0.7345364093780518 3.2454066276550293 158.26760160208065 -34.33812403544024 -25.534955382092527 0.040775398003461305
0249 0.7878221869468689 -0.7391440868377686 3.221381664276123 157.35226805126635 -37.05536237988176 -25.134277221586885 0.033782153001084225
0250 0.7705770134925842 -0.7593109011650085 3.2686121463775635 160.07769414320725 -37.151837243888416 -27.079392423850475 0.03015386599872727
0251 0.754931628704071 -0.7811414003372192 3.3278920650482178 162.69367094990358 -37.23168766506651 -29.60805861967803 0.03179674300190527
0252 0.6885490417480469 -0.7948655486106873 3.3089115619659424 169.63495292064383 -45.380473997533095 -38.02519515124085 1.919479891002993
0253 0.6919043660163879 -0.7985508441925049 3.325993776321411 170.09029116102906 -44.857770882221935 -38.72364437036416 0.03455099400161998
0254 0.6706069111824036 -0.8162658214569092 3.370030641555786 169.55174339350586 -43.91112824229444 -37.69097654760307 0.03083678199982387
0255 0.6441280841827393 -0.8301455974578857 3.3964426517486572 167.36931919550076 -43.34240004030704 -37.74338779275952 0.03384258699952625
0256 0.6070588827133179 -0.8320674300193787 3.372948169708252 165.41427105056496 -44.947103075489 -36.99313387599653 0.03129390599860926
0257 0.5734613537788391 -0.8364976048469543 3.363255023956299 168.75459158279062 -47.47272698309273 -40.02963936534725 0.040857825999410124
0258 0.5448488593101501 -0.8486689925193787 3.3884804248809814 172.54812926906015 -47.598815016778794 -43.6561843355314 0.035104049999063136
0259 0.5182326436042786 -0.8640243411064148 3.4252142906188965 175.18561732932048 -47.605187371265714 -47.268176845848195 0.03325265600142302
0260 0.48565712571144104 -0.8704149127006531 3.4332544803619385 178.33573087579077 -50.7802198249762 -51.37025399259757 0.03179120899949339
0261 0.45306816697120667 -0.872803807258606 3.4240970611572266 179.0987320279304 -53.22751044677295 -54.64051534415428 0.03347744100028649
0262 0.4183107614517212 -0.8747836947441101 3.415299415588379 -174.90372185374235 -58.19570472231183 -60.015753333280195 0.03522481300024083
0263 0.3844713866710663 -0.8738402128219604 3.3954198360443115 -175.83697290318855 -56.10662822133552 -60.32554011886927 0.035336813001777045
0264 0.35135728120803833 -0.8782758116722107 3.3923449516296387 -177.52567783140486 -51.71484592599914 -59.105242230485985 0.03252549699755036
0265 0.3145101070404053 -0.8750938177108765 3.367654800415039 -169.47483126428227 -47.72802174454333 -65.41655099293442 0.031217239000397967
0266 0.2772878110408783 -0.8862432241439819 3.400104522705078 -155.43744681434555 -49.147377548188416 -79.2876602973935 0.03513099100018735
0267 0.2560759484767914 -0.9218118190765381 3.5273330211639404 -160.97167547481442 -52.3469498598022 -76.45404576755642 0.038912544998311205
0268 0.21630729734897614 -0.9157259464263916 3.49790096282959 -163.1650898767044 -55.93036584541909 -75.03325122224992 0.03442831199936336
0269 0.17739859223365784 -0.8997555375099182 3.430692672729492 -146.09211837281433 -56.20066098097865 -92.13951473377907 0.032618434001051355
0270 0.14612548053264618 -0.9015325903892517 3.4329721927642822 -145.19364315643887 -52.66012023002425 -95.15754859906694 0.034584451001137495
0271 0.11121827363967896 -0.9027471542358398 3.4308066368103027 -143.01929944396403 -56.30518437730295 -99.13106689331602 0.03666831999726128
0272 0.08042994886636734 -0.8905586004257202 3.3833558559417725 -142.9302202260807 -57.459771234377925 -99.08752795895107 0.03598301099918899
0273 0.044362153857946396 -0.8992488980293274 3.4131693840026855 -142.3283132134216 -56.06859801285603 -99.61464694671547 0.035776926000835374
0274 0.007837370969355106 -0.9130229949951172 3.4700891971588135 -139.91931922679942 -57.485480468582956 -102.37282130476981 0.04025617899969802
0275 -0.025910759344697 -0.9145904779434204 3.4769034385681152 -136.89623412195206 -57.561058399209855 -106.19774723675137 0.03988787599882926
0276 -0.060658834874629974 -0.9113242030143738 3.4687023162841797 -132.52497653149547 -57.7920872934333 -110.67825660275525 0.03236708600161364
0277 -0.09371913224458694 -0.892369270324707 3.404496669769287 -128.91049585976936 -54.64237732926266 -115.03657358541518 0.036428313000214985
0278 -0.1287095695734024 -0.9028910994529724 3.4510793685913086 -127.20769675758123 -55.67849208452142 -117.26312575414974 0.034692591998464195
0279 -0.16428430378437042 -0.8972914814949036 3.4363837242126465 -124.86881331363578 -52.835072026142946 -119.60848884708042 0.03256590900127776
0280 -0.19997061789035797 -0.9043817520141602 3.4753522872924805 -122.38917221495278 -53.42648467676637 -122.32414029811972 0.03421352000077604
0281 -0.23620116710662842 -0.9066725373268127 3.4981253147125244 -120.91712183055687 -52.165226237894245 -124.93962978519492 0.03217866900013178
0282 -0.2681818902492523 -0.9026050567626953 3.4930222034454346 -117.01039436667682 -53.40470873323547 -129.93041396817497 0.03024481099782861
0283 -0.3032347857952118 -0.9057379961013794 3.5183005332946777 -116.01759281525028 -55.35314061769801 -130.8887022264234 0.03578571400066721
0284 -0.34304311871528625 -0.9170934557914734 3.578063726425171 -113.02398496365922 -59.26006200421704 -136.07206511976545 0.039423304002411896
0285 -0.38217785954475403 -0.9120067954063416 3.5830869674682617 -108.39614738735824 -64.17948056618512 -143.22843719359344 0.03608616600104142
0286 -0.4137578308582306 -0.9039914011955261 3.5708749294281006 -98.41624549732774 -67.67528697443176 -152.67000551995332 0.031024520998471417
0287 -0.4570269286632538 -0.9118873476982117 3.6232359409332275 -95.7590130124806 -75.54367722875082 -154.1819894414744 0.03430873899924336
0288 -0.4937148094177246 -0.91044682264328 3.641193151473999 -12.712741164755204 -81.29010368450989 123.89279752233828 0.03588103900256101
0289 -0.5115249752998352 -0.8761293888092041 3.5318784713745117 15.712077682651703 -77.71716025760648 96.27601352639508 0.03371162699841079
0290 -0.5318751335144043 -0.849372923374176 3.4538965225219727 17.06523084010604 -69.66741521615005 95.6648517190378 0.03696790200046962
0291 -0.5656428933143616 -0.8388755917549133 3.447834014892578 8.538040962165176 -68.1479250620885 103.69583185820046 0.038065975000790786
0292 -0.604977548122406 -0.8444087505340576 3.505476236343384 -22.264789121512816 -64.274342443554 131.88965438795532 0.030620216002716916
0293 -0.6443387866020203 -0.8499281406402588 3.5566396713256836 -23.165686210861857 -65.93514190043562 126.45202798174746 0.03911264699854655
0294 -0.6734130382537842 -0.8471786975860596 3.5817911624908447 -31.103633925538087 -68.552967488321 135.01761721942208 0.031985917001293274
0295 -0.7163185477256775 -0.8460351228713989 3.6167991161346436 -36.04563615137642 -71.4073500503866 139.92968228146879 0.032337326996639604
0296 -0.7562534213066101 -0.8409561514854431 3.637964963912964 -54.28992680399787 -79.81347243586212 159.0841311385757 0.03780381199976546
0297 -0.7760419845581055 -0.821804940700531 3.600938081741333 -171.6349936053069 -84.90696291801358 -82.70096854731544 0.032615461001114454
0298 -0.8135839700698853 -0.8161781430244446 3.6285006999969482 -172.93071857295044 -77.26330079107245 -80.49639074963498 0.03323216300123022
0299 -0.854877769947052 -0.8146767020225525 3.678722858428955 179.26134846166383 -66.7015675124257 -73.2401845843564 0.03149719599969103
0300 -0.8869355320930481 -0.8108739256858826 3.699716567993164 -168.09510909015128 -69.6154624433811 -84.7362677519315 0.03776499000014155
0301 -1.1703592538833618 -0.9559369683265686 4.381633281707764 -68.75939467905587 -22.969174554794336 -4.0940959480009145 1.868200163000438
0302 -1.176680564880371 -0.9549583792686462 4.382370471954346 -71.46647598332314 -26.074870202981174 0.4201079445988681 0.0322846059971198
0303 -1.212751030921936 -0.9494542479515076 4.456241607666016 -78.50829234211965 -28.05004801439341 2.6748179684258684 0.03214994199879584
0304 -1.2360804080963135 -0.9498419761657715 4.519801139831543 -80.85893496666597 -30.926463997941134 6.704494429713993 0.031497227002546424
0305 -0.7969111204147339 -0.5661840438842773 2.8722267150878906 87.21612581557119 16.28805613984794 -0.8445918348147646 1.9189784669979417
0306 -0.8175821900367737 -0.5526562333106995 2.8722903728485107 81.89079861855308 16.343321132652342 -6.2807558725757175 0.029062129000521963
0307 -0.8434688448905945 -0.5521252155303955 2.920494556427002 82.97044396399353 22.631435230199457 -9.876968554370922 0.03270007200262626
0308 -0.8610440492630005 -0.538654625415802 2.9372923374176025 82.7056789061941 30.69319080748749 -7.072556758336446 0.03286167999976897
0309 -0.8787372708320618 -0.5322335958480835 2.952029228210449 90.15344650363853 40.19576102337252 1.2480844418613162 0.032538842999201734
0310 -0.9020594358444214 -0.525238037109375 2.960489511489868 91.56674411108966 33.7695224463148 2.6313250707152678 0.035306105000927346
0311 -0.9328999519348145 -0.5215633511543274 3.0067086219787598 96.17104360857593 28.386697904496607 12.644689857528858 0.041235733002395136
0312 -0.9737769365310669 -0.5173373818397522 3.063495397567749 94.24375289620184 21.67846774761488 12.058460695761482 0.03529902499940363
0313 -1.010189175605774 -0.5098432302474976 3.1128368377685547 92.68407967729205 16.206760321932997 11.129550357269524 0.028771790999599034
0314 -1.0347490310668945 -0.5025787949562073 3.1478641033172607 89.54854914627948 13.247527167418697 11.999614356373678 0.030701752999448217
0315 -1.0629537105560303 -0.49203652143478394 3.1733760833740234 91.03010195736687 13.65956679886233 12.992505260519499 0.03390691399908974
0316 -1.081217885017395 -0.47747114300727844 3.1868906021118164 92.99221675132308 10.723517743741509 9.289098295994878 0.035875157998816576
0317 -1.0819053649902344 -0.46957069635391235 3.1819493770599365 93.75303856092458 8.194302170073456 8.213294163539791 0.03790702500191401
0318 -1.0910561084747314 -0.4608178734779358 3.2003190517425537 98.58825862375556 8.5606413014012 5.952653437370675 0.033395840000594035
0319 -1.096691370010376 -0.4570498466491699 3.211813449859619 99.43736136066146 9.29515519657164 5.371750984461877 0.03474616499806871
0320 -1.0953484773635864 -0.45550331473350525 3.2069852352142334 99.18029225892111 9.470044152268295 5.235627515863109 0.039447077997465385
0321 -1.094565749168396 -0.4536145329475403 3.207854986190796 98.80551061770242 9.656842433861256 5.444780592996039 0.03410840699871187
0322 -1.0948066711425781 -0.4526597559452057 3.2086308002471924 98.33269832659244 10.071000032079686 5.594651240176453 0.0315258709997579
0323 -1.0937186479568481 -0.4516568183898926 3.205530881881714 97.71894781257818 10.384097824871874 5.295250733307865 0.035172054998838576
0324 -1.092760443687439 -0.4502752423286438 3.2031967639923096 97.59133854095515 11.63955937665129 4.219110869048297 0.030923866001103306
0325 -1.0927618741989136 -0.44869786500930786 3.2035768032073975 97.6011863547828 12.26604161753487 3.4096074156156644 0.03132037999966997
0326 -1.094474196434021 -0.4467428922653198 3.2119338512420654 97.89587873238175 12.81228589245876 2.0294985429895815 0.03213689399854047
0327 -1.095824122428894 -0.4447232186794281 3.220400333404541 97.90739146599071 13.33466981254308 0.995195040733833 0.03511695999986841
0328 -1.09663724899292 -0.4430120885372162 3.226146936416626 98.00618107537767 13.75196389077822 0.2292701690469415 0.03471989000172471
0329 -1.0963042974472046 -0.4416901171207428 3.227637529373169 97.93887486359732 14.040192157551148 -0.14851105457147235 0.034114483001758344
0330 -1.096458911895752 -0.4401107728481293 3.2324912548065186 97.82195636875345 14.283502918885244 -0.4425936226458512 0.03477728399957414
0331 -1.095824956893921 -0.43856269121170044 3.234452724456787 97.66681891544124 14.46456146181306 -0.854998419166571 0.035829929998726584
0332 -1.0951604843139648 -0.43687310814857483 3.2358713150024414 97.5550099244835 14.771061845324446 -1.459594012544199 0.028429506997781573
0333 -1.0946869850158691 -0.43557074666023254 3.2369563579559326 97.66330879252777 14.979358117871437 -1.527310597558584 0.032731842999055516
0334 -1.0943681001663208 -0.43436864018440247 3.2384817600250244 97.7979484845461 15.181944344271571 -1.6280048242565006 0.03487455799768213
0335 -1.094046711921692 -0.4330974519252777 3.239358901977539 97.960308970042 15.311058752248057 -1.7910348068500535 0.028340136999759125
0336 -1.094734787940979 -0.4318200647830963 3.2430176734924316 98.26465018295427 15.492499109876828 -2.1860636995526583 0.03431826400264981
0337 -1.096093773841858 -0.4305628836154938 3.2493581771850586 98.46180854390464 15.574428502109777 -2.472910326188165 0.03957992399955401
0338 -1.0965535640716553 -0.4292449951171875 3.2522664070129395 98.68226271779275 15.732363149932791 -2.7943000277472927 0.0401023129998066
0339 -0.6296972632408142 -0.01458496693521738 2.133437395095825 -107.42871849584662 36.78695525245635 147.15119111689242 1.8383168469990778
0340 -0.5814235806465149 -1.5889088899712078e-05 2.0403969287872314 -98.40557118195021 37.456939067517375 154.75238965311223 0.03280058600284974
0341 -0.5376570224761963 0.012144520878791809 1.9623523950576782 -95.64269645991402 34.363846872685734 153.7583879803112 0.0349501250020694
0342 -0.4975862503051758 0.022049544379115105 1.9059972763061523 -97.22149156003572 31.59699945111691 150.28056681829452 0.035757019999437034
0343 -0.46191665530204773 0.02819593995809555 1.8639938831329346 -100.32344967497649 25.74600416488207 149.12191891965946 0.03249440500076162
0344 -0.44638338685035706 0.041360992938280106 1.8824331760406494 -101.01862854394192 33.20095335570056 146.62837598183594 0.033871323001221754
0345 -0.42543482780456543 0.048877157270908356 1.893112301826477 -108.90961980329772 35.279123512642194 139.3385138679872 0.03530579200014472
0346 -0.41136717796325684 0.059514015913009644 1.9204437732696533 -110.98933952649432 47.252592357157596 137.49991268425396 0.03383080200001132
0347 -0.3833726942539215 0.0692647248506546 1.9135886430740356 -117.3133664816128 44.073148702358495 130.70924382203594 0.04207642600158579
0348 -0.3539901375770569 0.07764609903097153 1.9104639291763306 -116.07440865996638 48.32454400958199 130.1686399627527 0.03537929300000542
0349 -0.32254648208618164 0.08475764095783234 1.9119607210159302 -117.73058842217995 46.67455197855482 128.371722402965 0.033619427998928586
0350 -0.2912742793560028 0.09151896834373474 1.8977302312850952 -118.76594177047178 50.470600304823535 125.71050526192055 0.03444277999733458
0351 -0.25702953338623047 0.09657213091850281 1.8754125833511353 -120.33374430223365 48.99506435066573 124.26280135903525 0.03519200500159059
0352 -0.22247759997844696 0.10104957222938538 1.8575425148010254 -120.76440510498539 46.93709915627759 121.95499283306158 0.03606184299860615
0353 -0.18902535736560822 0.10490044951438904 1.8382816314697266 -120.8262696101756 49.3752355058459 119.59332403319614 0.036101279001741204
0354 -0.15791726112365723 0.10959847271442413 1.837658166885376 -127.47625060441369 50.14045416008142 114.59729892688348 0.03174548599781701
0355 -0.12475515156984329 0.11315613985061646 1.837509036064148 -129.21262681642884 49.43152091925515 111.77784870568162 0.03521562300011283
0356 -0.09049271047115326 0.11473899334669113 1.8059825897216797 -127.53754029101289 50.310334843546904 111.37342571302331 0.04059915299876593
0357 -0.05749063566327095 0.11786166578531265 1.8140281438827515 -130.8045399094904 51.8264257294894 107.62779890257998 0.03366162900056224
0358 -0.024123024195432663 0.12042604386806488 1.8254826068878174 -137.19151765607765 51.34851157703885 102.19500420002187 0.03497039399735513
0359 0.009358074516057968 0.11980646103620529 1.8020695447921753 -139.37687371255444 54.7173829227022 98.80726169862926 0.03413862799789058
0360 0.04359173774719238 0.11973601579666138 1.7944985628128052 -142.48340748734987 56.942893121557226 95.81583876163944 0.03648487399914302
0361 0.07795334607362747 0.11966873705387115 1.7937822341918945 -145.57404617286662 55.801888739881576 91.94777501668091 0.03461361700101406
0362 0.11075820028781891 0.11829766631126404 1.7909091711044312 -147.08881099168886 55.88490866096839 89.42979260546764 0.03353343200069503
0363 0.1469261646270752 0.11624247580766678 1.8085302114486694 -143.33370707753318 55.48628041582533 92.64122359682659 0.02996645499661099
0364 0.18472689390182495 0.11464476585388184 1.8270986080169678 -142.4576986118312 53.8612088228551 91.10908714932596 0.03279176200157963
0365 0.21864193677902222 0.11206500977277756 1.83824622631073 -150.3716851990657 53.80291564040316 83.27522702342223 0.03959709500122699
0366 0.25476008653640747 0.10780704766511917 1.8461929559707642 -155.71411753411925 53.215760306918604 77.29306477652015 0.03209934800179326
0367 0.2865794897079468 0.1034131646156311 1.8415645360946655 -161.68985909270845 52.37981261120698 71.75897574796869 0.03336189400215517
0368 0.318301260471344 0.09791038185358047 1.838828682899475 -165.54187530088203 53.04120488628754 67.71096835611904 0.03615078500297386
0369 0.35179904103279114 0.09140292555093765 1.840506911277771 -167.52650285490284 52.964127462040416 65.2553394501723 0.033723442000336945
0370 0.3870285451412201 0.08542896807193756 1.8565700054168701 -167.08551728482493 53.895060800433455 64.1602293667288 0.03488972000195645
0371 0.4162643253803253 0.07830088585615158 1.853745460510254 -167.67464423734577 54.87521924858093 61.98627365014053 0.028720199999952456
0372 0.4454253911972046 0.0699191465973854 1.8507397174835205 -169.27518998290466 57.96003810667272 59.58827920212571 0.032260659001622116
0373 0.4763287603855133 0.061933957040309906 1.8585939407348633 -172.44464442427568 57.57907560507964 56.26145930614862 0.03330444500170415
0374 0.5095251202583313 0.052944108843803406 1.8775029182434082 -173.51618509062737 55.32902980808403 54.09657429268253 0.04244469400146045
0375 0.5416048765182495 0.043127864599227905 1.8957504034042358 -174.84866843778258 53.31763131929179 51.77212303560165 0.03379088700239663
0376 0.570934534072876 0.033434975892305374 1.9098855257034302 -179.5103369312277 51.67976568087728 46.911505119067776 0.031178860997897573
0377 0.602625846862793 0.02237238734960556 1.9320156574249268 177.55013884735186 48.438974108034095 43.62418605137446 0.03466631000264897
0378 0.6365146636962891 0.01119915209710598 1.9617798328399658 179.42701851489429 43.29104064113709 44.35771663457421 0.0345261490001576
0379 0.6633750796318054 -0.0008477279334329069 1.973212480545044 178.57587224394143 38.08414115667938 42.82762437916796 0.034202851998998085
0380 0.6916963458061218 -0.013499821536242962 1.9909597635269165 -175.43837792571708 28.78880488172106 44.40624434430193 0.036231693000445375
0381 0.7152818441390991 -0.02678944543004036 2.000609874725342 -162.95906200878545 14.880721556858976 44.71224856499916 0.03112589299780666
0382 0.7209646701812744 -0.03764006868004799 1.961833119392395 -162.9964762250021 6.837870264636483 35.56782138427361 0.03274134999810485
0383 0.7414909601211548 -0.05089586228132248 1.9700145721435547 -151.1955209210497 -7.956001017197089 30.0289302467727 0.03988152199963224
0384 0.7822262048721313 -0.06703446805477142 2.0303592681884766 -147.95811109310134 -7.84853950073886 18.661654671765543 0.0354695649984933
0385 0.8310045003890991 -0.08296503126621246 2.1165928840637207 -149.2544726822513 -2.2210275434850644 15.86551932713251 0.03601865800010273
0386 0.85964435338974 -0.09966975450515747 2.1481103897094727 -151.24285703718365 5.057343260150705 16.88871098325213 0.03268468199894414
0387 0.8844859600067139 -0.11675096303224564 2.1765477657318115 -149.44606638977427 10.38437212363093 19.677826409649143 0.03132182199988165
0388 0.9116949439048767 -0.1338837891817093 2.2122743129730225 -148.2843523303733 13.947239526931913 19.77389601658668 0.03496408499995596
0389 0.9263250231742859 -0.15000425279140472 2.222551107406616 -146.5735665181071 15.254493331811988 19.06699128785438 0.03315123699940159
0390 0.9559199810028076 -0.1686507910490036 2.2687134742736816 -147.45148498332352 15.157030696646908 16.706295980724917 0.030858015998092014
0391 0.9751609563827515 -0.1863703727722168 2.294243574142456 -145.2106629901431 17.62957259912473 16.20566292005155 0.03567497200128855
0392 0.9971275329589844 -0.20533576607704163 2.3293817043304443 -144.44673607884508 18.574729684260845 14.330632954577185 0.03858712500004913
0393 1.0039077997207642 -0.22114424407482147 2.3324007987976074 -142.45865554902252 17.281397925604324 12.155193610650175 0.038352663003024645
0394 1.0207945108413696 -0.2404543161392212 2.362548589706421 -142.77503615627353 18.030268195659207 9.542866360625231 0.03551079899989418
0395 1.0343910455703735 -0.2590417265892029 2.3863325119018555 -143.25125295135263 19.137814288021076 7.573150237608628 0.035277695998956915
0396 1.0487662553787231 -0.278677761554718 2.41688871383667 -143.3906430996214 20.184908175794956 6.171770380404387 0.03299835600046208
0397 1.0595955848693848 -0.29742252826690674 2.441565752029419 -143.9505897484653 21.883754031870936 5.282521244236066 0.03256667199821095
0398 1.074404239654541 -0.3187634348869324 2.4780545234680176 -143.13113179973348 23.518328835132575 4.5999168324675255 0.0329786200018134
0399 1.0895308256149292 -0.34051740169525146 2.5177319049835205 -142.69577184598356 26.33875104274042 3.8287494973269043 0.03177043899995624
0400 1.097896695137024 -0.36022818088531494 2.5452210903167725 -142.42511840069753 29.981919407028347 3.870342569727968 0.03402918100255192
0401 1.1041929721832275 -0.3798385560512543 2.569870710372925 -140.7052661147418 32.189085835111975 4.684187144733862 0.04001278099894989
0402 1.1110153198242188 -0.40052488446235657 2.600093364715576 -139.39843583403712 34.03052488628311 4.605755901376127 0.03349641300155781
0403 1.11786949634552 -0.4216812551021576 2.633354663848877 -138.65100753669023 36.29532136162794 4.7711717762789245 0.034138930997869466
0404 1.128878116607666 -0.4455232322216034 2.680152654647827 -138.77481096670638 39.8050194366208 4.654596575124611 0.03200415099854581
0405 1.1276817321777344 -0.46381905674934387 2.698629379272461 -138.39948839772276 40.878429527183584 4.70131689596061 0.03353008699923521
0406 1.137933611869812 -0.48849284648895264 2.749659538269043 -139.6046044769986 43.841517250301195 4.037229706187255 0.03413288299998385
0407 1.1388168334960938 -0.5095323324203491 2.780501365661621 -139.92907518351987 45.382226799088585 3.6298210751144966 0.03819552099957946
0408 1.1422637701034546 -0.532739520072937 2.821263551712036 -140.44597540712758 46.25943673231636 1.9286165629277134 0.034026253000774886
0409 1.135621428489685 -0.5515862107276917 2.840888500213623 -139.07364172287413 47.073779640186295 1.9762770530358746 0.033501948997582076
0410 1.1253966093063354 -0.5698453187942505 2.8549468517303467 -139.1020633845146 49.49492129066754 0.47949947179919217 0.03914414700193447
0411 1.1148593425750732 -0.5876125693321228 2.8690261840820312 -139.2915351893373 50.91758900443901 -0.1743777029773152 0.03528740000183461
0412 1.1069049835205078 -0.6064436435699463 2.892481803894043 -138.85924917521686 51.68314971583573 -0.062037968290385194 0.034531663000962
0413 1.1006906032562256 -0.6268057227134705 2.9242284297943115 -138.56835676318616 52.32973247201205 -1.357074340569544 0.03267521799716633
0414 1.0894725322723389 -0.6448876261711121 2.9453465938568115 -137.19349305362448 53.35540621458127 -1.6876974298539138 0.03215068799909204
0415 1.0818705558776855 -0.6670556664466858 2.9795007705688477 -141.03446818669406 54.45591616462824 -5.379006941498644 0.03175314299733145
0416 1.07895827293396 -0.6918648481369019 3.030117988586426 -148.18641940899442 55.22788130680911 -11.704393561648244 0.03787646499768016
0417 1.0559545755386353 -0.7044935822486877 3.026782751083374 -155.4763793593584 57.000018375005546 -17.63263558969602 0.0333690330007812
0418 1.0299831628799438 -0.7148288488388062 3.015388250350952 -156.22733573488114 58.45633895013949 -17.659886853017426 0.03280765499948757
0419 1.0004533529281616 -0.7226531505584717 2.9942967891693115 -155.02512636515502 61.850545049728446 -16.06356170434061 0.03957697900113999
0420 0.9804552793502808 -0.7365480661392212 3.004117250442505 -135.1179966613268 66.67204979324013 1.6758921536265712 0.0327815679993364
0421 0.9791721701622009 -0.765828013420105 3.075174331665039 -129.57399843260507 68.19086543403716 4.7099309592956535 0.031265700003132224
0422 0.9637019634246826 -0.7850632667541504 3.1048738956451416 -134.71722707037998 69.17707946778843 -1.5166532204997252 0.03860614100267412
0423 0.9364731311798096 -0.7954731583595276 3.101245403289795 -131.2374652750036 71.14099321336494 1.175034567502858 0.033870983999804594
0424 0.9217163920402527 -0.8154206871986389 3.138815402984619 -146.42674252090686 69.96126366054472 -14.473433123560534 0.033491414000309305
0425 0.886565089225769 -0.8185469508171082 3.1116394996643066 -148.31532846879722 73.71909693039521 -14.381587172367832 0.0315686710018781
0426 0.8648698925971985 -0.8349947929382324 3.1349334716796875 -143.60255492775528 76.78951983373338 -9.079629855852952 0.0371679519994359
0427 0.8391000032424927 -0.8471395969390869 3.1476681232452393 -132.11955261819816 75.81332238122951 1.1999213403514677 0.03545109100014088
0428 0.8298560380935669 -0.8768605589866638 3.222649574279785 -148.053867492689 71.6002754634068 -17.03949112907485 0.042397403998620575
0429 0.8028694987297058 -0.8881139755249023 3.235086679458618 -157.75983854580105 70.23085706498962 -26.63787914692107 0.03479783500006306
0430 0.7760944962501526 -0.9008141756057739 3.251150608062744 -157.95988676017518 71.01572767600868 -26.355042807486633 0.03492250500130467
0431 0.75091552734375 -0.917365312576294 3.274479389190674 -153.40609354253576 71.11399129661156 -23.147303939253753 0.03365531999952509
0432 0.7188789248466492 -0.9244585037231445 3.2718465328216553 -145.50063752995163 73.77241755580486 -15.44882983628572 0.03745055499894079
0433 0.6926347017288208 -0.9386675357818604 3.292356491088867 -126.8174639322982 73.57912400622722 1.07355059570456 0.0325771360003273
0434 0.6709880828857422 -0.9598093628883362 3.3420283794403076 -142.2710040033222 73.34536520346931 -16.941569008781652 0.030984922999778064
0435 0.6435138583183289 -0.9731918573379517 3.3648364543914795 -152.1436782248885 76.56133907534425 -26.397822439190595 0.037705950999225024
0436 0.6091317534446716 -0.9763973355293274 3.3549673557281494 -161.9320488116766 80.59394811472477 -34.18276675557208 0.033556637001311174
0437 0.5748574137687683 -0.9810419678688049 3.349419116973877 -165.54709630236815 80.3992025086772 -37.58762440159581 0.04005788400172605
0438 0.540499746799469 -0.9860891103744507 3.3492531776428223 -144.69278088138205 78.6475798322157 -17.283618764395147 0.03535381600158871
0439 0.5172372460365295 -1.0145370960235596 3.428907871246338 -141.8392573055776 75.7556952870622 -15.314172832417471 0.033447975998569746
0440 0.4971809983253479 -1.0479934215545654 3.5214102268218994 -141.20065037562048 77.93315473453231 -16.395728159321692 0.03502551500059781
0441 0.4598125219345093 -1.0475876331329346 3.500619649887085 -120.9597978299526 82.89091297332304 3.8548013203785674 0.03867720299967914
0442 0.4222556948661804 -1.042055606842041 3.470923662185669 -147.00584491720542 82.91618542319821 -24.457831440507633 0.03346359900024254
0443 0.38313212990760803 -1.0368386507034302 3.443854570388794 -159.32588242842968 83.60839294700065 -35.36413089841468 0.03170608399886987
0444 0.34634682536125183 -1.0294086933135986 3.409775972366333 155.13391825309387 85.63138392015982 -80.77809381645159 0.03451084599873866
0445 0.3065926432609558 -1.009067177772522 3.3308095932006836 62.99702548792546 81.48109600374201 -172.27458447297553 0.033750689999578753
0446 0.2704165279865265 -0.9940586686134338 3.275219202041626 61.148978745868185 76.22754477975585 -174.61178604559979 0.0403910300010466
0447 0.23357343673706055 -0.9912054538726807 3.261458158493042 69.22981110381775 80.37747035199655 -165.97874084792733 0.035366209001949755
0448 0.20093578100204468 -0.99986732006073 3.28153133392334 48.6687695898846 80.60126877493256 172.23507521311566 0.033977371000219136
0449 0.169576495885849 -1.0106409788131714 3.306346893310547 34.207929836359185 79.88729119187377 156.3154903266356 0.03422430300270207
0450 0.10262627899646759 -1.0339380502700806 3.378328323364258 -138.9186451427024 -54.14038987651226 -101.71237290137535 1.8220232849998865
0451 0.10410617291927338 -1.0430843830108643 3.403982162475586 -144.99529647939931 -57.55005278077235 -96.34123050074504 0.03202896500079078
0452 0.033615145832300186 -1.0563849210739136 3.440066337585449 -142.4186539833287 -55.6479300414873 -100.39365018741967 0.032885379001527326
0453 0.03337429091334343 -1.0357893705368042 3.3773059844970703 -141.76098196193482 -58.93038639214066 -100.91452066306049 0.031790385000931565
0454 -0.0005525929154828191 -1.0267220735549927 3.3485450744628906 -134.7506621954523 -61.32568465849292 -108.1196029225557 0.030829030998575035
0455 -0.036074504256248474 -1.03390634059906 3.374720335006714 -129.73563070280127 -61.113527764673385 -114.71048841547042 0.03613705200041295
0456 -0.07078806310892105 -1.0242422819137573 3.348361015319824 -123.57554465424899 -61.97887027534452 -121.4825084038511 0.03289876399867353
0457 -0.14511948823928833 -1.0753753185272217 3.5234854221343994 -128.21371229099339 -62.904114934598844 -116.95330208332405 0.035380599001655355
0458 -0.14251239597797394 -1.0520622730255127 3.444533348083496 -133.04280947571897 -67.02852634694474 -112.19879329273259 0.03368515100009972
0459 -0.21871893107891083 -1.0884994268417358 3.574293375015259 -132.33130101308993 -61.051134468614976 -115.69014173259998 0.0340646309996373
0460 -0.2100156843662262 -1.0369161367416382 3.410173177719116 -129.08793361332854 -63.55333585199078 -117.33796081887131 0.03316131000246969
0461 -0.24753503501415253 -1.0406876802444458 3.4340760707855225 -125.01870446448622 -70.9401780872142 -121.07208038213192 0.03575444300076924
0462 -0.2842443287372589 -1.0491600036621094 3.472053289413452 -114.38186038966685 -80.2635899719612 -131.35433594788748 0.03533126099864603
0463 -0.3247124254703522 -1.0674463510513306 3.5437703132629395 -51.128801064437994 -87.75476720986126 164.93332401610016 0.03335588900154107
0464 -0.35317298769950867 -1.0479307174682617 3.4984726905822754 15.255247463115007 -85.5931751435498 99.70970096918425 0.04152983599851723
0465 -0.37980446219444275 -1.0155128240585327 3.4090514183044434 12.928892930109185 -83.34784356689204 101.66176881408121 0.03242203099944163
0466 -0.44251692295074463 -1.001908302307129 3.3825271129608154 64.20667426151047 -81.39448883998351 48.55324892027373 0.03468031200100086
0467 -0.4476264417171478 -1.0050151348114014 3.4051074981689453 83.69721373363224 -75.40141491072819 28.60778435848269 0.030951372998970328
0468 -0.46083375811576843 -0.9637134075164795 3.2765941619873047 28.047763534387137 -76.44577894734896 87.74715413684994 0.032033434999902966
0469 -0.5080087184906006 -0.9821951985359192 3.3611557483673096 -2.3974936816202765 -74.19834253892809 113.64535518896083 0.03034138300063205
0470 -0.5409653782844543 -0.9790765643119812 3.368584394454956 -21.82015240462948 -81.51108840409097 130.83310764947848 0.03609796099772211
0471 -0.5687127113342285 -0.9589196443557739 3.3239078521728516 15.612773489519581 -74.50128774560825 96.07469202711523 0.0349341840010311
0472 -0.5929684042930603 -0.9523230791091919 3.3232648372650146 -25.930299326938883 -85.882717125233 138.495308010166 0.03335192200029269
0473 -0.6317467093467712 -0.9565011262893677 3.359196186065674 -16.61103828031863 -84.69024861194781 130.18121016833484 0.03997699899991858
0474 -0.6692570447921753 -0.9557900428771973 3.392249584197998 146.99242854864258 -86.66298589306201 -37.99917364304263 0.03275934499833966
0475 -0.7114172577857971 -0.9634952545166016 3.4338254928588867 163.2581803012076 -86.44481536498763 -47.75008736185924 0.03521394499693997
0476 -0.7334092855453491 -0.9412529468536377 3.3941242694854736 147.84656224646622 -80.49409908170286 -38.677891802067236 0.03283432299940614
0477 -0.750787079334259 -0.9261857867240906 3.366924285888672 -147.14874703885712 -72.73975118183817 -104.22511884802849 0.036105840001255274
0478 -0.8668829798698425 -1.0335782766342163 3.843771457672119 119.89665893374843 -49.56136578957248 -11.173747770109 1.957335207000142
0479 -0.9857673048973083 -1.0602530241012573 3.901353597640991 102.77920721957629 -7.831305351371787 23.644999664075705 1.8871757589986373
0480 -0.974277675151825 -1.0031684637069702 3.7171690464019775 -75.77139407830047 -1.9555237851009089 38.992013912603184 1.890804066999408
0481 -0.9853267073631287 -0.9984209537506104 3.726132869720459 -77.15787469485858 -2.169339226400301 35.11944163060242 0.03209888499986846
0482 -0.9294685125350952 -0.8578397035598755 3.364983081817627 87.84658757727102 36.87448945752043 -0.3022389046263505 1.8738766230017063
0483 -0.9197229743003845 -0.848594069480896 3.33192777633667 86.07362189368254 34.6431474134898 -3.5290223505724865 0.03286898099759128
0484 -0.951263964176178 -0.8487314581871033 3.3718292713165283 86.71453966577084 32.962191453951064 -3.060082305058799 0.032649533000949305
0485 -0.979766309261322 -0.8440620303153992 3.3959457874298096 88.04089099320028 34.28491908135297 1.5534430747196182 0.031987043999833986
0486 -0.9959705471992493 -0.8295332193374634 3.38504958152771 93.64282510650179 37.18899961566818 10.789818557106173 0.03288349200010998
0487 -1.0228557586669922 -0.820624053478241 3.4036154747009277 94.83074070794235 35.93558331040187 15.190781834649782 0.036220786001649685
0488 -1.0492762327194214 -0.8134901523590088 3.4261980056762695 97.04220820398147 32.55804093219359 21.22209539431787 0.03368550799859804
0489 -1.0425853729248047 -0.7173098921775818 3.218604326248169 107.15297863889164 79.27308480744462 32.13266629726059 1.9307593049998104
0490 -1.062833547592163 -0.7314606308937073 3.285121440887451 51.48042285379675 70.67737136937717 -28.13641037328783 0.03230560199881438
0491 -1.0871477127075195 -0.7395179271697998 3.377300262451172 52.077814673299095 72.02971110418565 -31.39802606058419 0.03721586399842636
0492 -1.1203913688659668 -0.7467818856239319 3.4883739948272705 57.19426524887492 73.06123772314716 -31.329629699950793 0.03431633600121131
0493 -0.9843573570251465 -0.6141725778579712 2.9059572219848633 -97.54757952546422 -67.41750642902237 17.523291114800223 1.9379980730009265
0494 -0.9988394975662231 -0.6086840629577637 2.9299306869506836 -100.53751260375432 -69.0590017115936 13.656391814320584 0.028248660997633124
0495 -1.0082532167434692 -0.6030766367912292 2.940063953399658 -89.77520225268286 -70.59826214840638 3.147728328840345 0.03422371600026963
0496 -1.0075658559799194 -0.5982719659805298 2.943387269973755 -80.98345675394116 -70.6553956627344 -2.6757227442360034 0.03440557299836655
0497 -1.0053610801696777 -0.5916481614112854 2.947568655014038 -78.0589879084713 -70.81962737745745 -1.4105165265013935 0.028843199001130415
0498 -0.98304283618927 -0.5011670589447021 2.692129135131836 85.85444737414 1.1109546362854175 163.59149408660647 1.9410701930028154
0499 -0.9677203297615051 -0.4945681691169739 2.647099494934082 81.16488541641272 9.026472439526792 164.28201135085328 0.0319104040027014
0500 -0.9755184054374695 -0.47902658581733704 2.6455705165863037 86.76307842708951 7.288157203586908 162.98135139573975 0.03875401800178224
0501 -0.9744117259979248 -0.4618082046508789 2.624194383621216 79.40827334463192 10.52557340086012 159.69617147804857 0.032436479999887524
0502 -0.9421011805534363 -0.43032994866371155 2.531989336013794 81.94004148115428 10.330156701872825 162.8562793041294 0.03495110900257714
0503 -0.9180917739868164 -0.40494272112846375 2.460517406463623 79.36977891102543 16.529287423870382 159.71778151863563 0.0356505810013914
0504 -0.8989946246147156 -0.38203346729278564 2.4088337421417236 81.07051492628568 14.024662232205653 157.94627007979088 0.034529112999734934
0505 -0.893484354019165 -0.354022353887558 2.394590377807617 81.48444023946082 20.89176013139036 153.7014127394282 0.03406915199957439
0506 -0.8670592308044434 -0.34359636902809143 2.3282744884490967 76.29311975991818 11.428383943914765 153.21302896531054 0.03291982000155258
0507 -0.8276021480560303 -0.3162982165813446 2.235450267791748 77.68004477465088 15.97019216746353 160.76059530328104 0.03343733399742632
0508 -0.8024218082427979 -0.2934283912181854 2.181033134460449 80.96263315894733 19.848222709014706 160.0140799786478 0.03265579700018861
0509 -0.7825325131416321 -0.2752076983451843 2.1390326023101807 78.93752783313619 20.967265199044384 154.73548914985065 0.04083754000021145
0510 -0.7682557106018066 -0.26188740134239197 2.123497486114502 76.51603772718798 17.236820957279775 153.58022836424317 0.03234155300015118
0511 -0.7343010902404785 -0.24078017473220825 2.050246238708496 77.95673499776456 20.32098032110027 157.2723610288015 0.03236452199780615
0512 -0.7119616270065308 -0.2217463105916977 2.007845640182495 79.53824720511318 23.651688079249595 154.41271718878076 0.03385810600229888
0513 -0.7006544470787048 -0.2104754000902176 2.0057849884033203 77.01660175077372 22.161281207586843 152.98151826277078 0.035840479999023955
0514 -0.6692829728126526 -0.19471518695354462 1.9478260278701782 76.37521703815786 21.76024854886941 151.46914481639965 0.03215270500004408
0515 -0.6474460959434509 -0.18015705049037933 1.9200290441513062 76.91652860310029 23.782806240482095 149.44488092422765 0.03144466999947326
0516 -0.6348856687545776 -0.16762793064117432 1.9270730018615723 76.9583867607268 26.77114529498105 148.3567094352405 0.03871621399957803
0517 -0.6293139457702637 -0.15614596009254456 1.9448288679122925 76.08909724332686 30.66365986111587 146.33452044903345 0.03510761699726572
0518 -0.6280249357223511 -0.14635775983333588 1.9821680784225464 76.27746029495884 36.04805604420912 146.57654915127583 0.044793883000238566
0519 -0.619898796081543 -0.13455505669116974 2.003387928009033 73.1773925094897 40.8145931686126 141.80502906222077 0.033094212998548755
0520 -0.6048901677131653 -0.11976518481969833 2.001918315887451 69.61864525186775 48.91589463406685 136.41223720623452 0.034578047998365946
0521 -0.5873888731002808 -0.10489121824502945 2.004310131072998 72.1864469640945 55.190657751071846 135.85887340337283 0.032942666999588255
0522 -0.5655927658081055 -0.097377710044384 2.0131900310516357 83.91409200162099 51.28587429121132 149.59025324863177 0.035955864001152804
0523 -0.5547398924827576 -0.0921369194984436 2.0215256214141846 82.56507933015988 52.062582059077904 147.55797441777972 0.0358528020005906
0524 -0.5180964469909668 -0.08318936824798584 1.999010682106018 73.95220311723014 55.41883868735457 141.76456587065098 0.03343344799941406
0525 -0.47938334941864014 -0.07264453172683716 2.0027382373809814 82.16982602471025 57.38519788038581 148.15411771325773 0.03545471399775124
0526 -0.46980875730514526 -0.0658966675400734 2.0049824714660645 80.81331123049516 51.60040380553949 145.59799474771066 0.034785045998432906
0527 -0.39203429222106934 -0.0489317961037159 1.8657182455062866 85.03232430197443 48.77732953548673 150.50733714567437 0.03684044499823358
0528 -0.34086695313453674 -0.04095006361603737 1.753313660621643 80.1617714984991 40.95825293022866 147.333233375903 0.03410100999826682
0529 -0.2927168309688568 -0.03346040099859238 1.664840579032898 80.00716503724037 42.817880879311595 150.35958971664627 0.03922671499822172
0530 -0.2601498067378998 -0.025410575792193413 1.635440707206726 87.82417758422582 46.779789786419805 157.27816498721356 0.032839687999512535
0531 -0.22702431678771973 -0.020813506096601486 1.6158984899520874 86.39864319584834 38.64072357598183 153.8363184614857 0.03369440999813378
0532 -0.2004767507314682 -0.016304343938827515 1.6247624158859253 91.19314982495652 36.13039848851044 160.16335306257287 0.03889931999947294
0533 -0.16991181671619415 -0.009822824038565159 1.5853698253631592 92.40763362014144 38.194651384327564 157.66957207323603 0.035388365999097005
0534 -0.1554233431816101 -0.009589128196239471 1.5951215028762817 88.51876254284896 37.99535428113868 158.3030068394198 0.035933855000621406
0535 -0.1360129565000534 -0.010090583004057407 1.5932446718215942 87.17546163246988 37.30155168133453 149.71561682249086 0.036024809000082314
0536 -0.11146481335163116 -0.010204988531768322 1.6302541494369507 83.97994327905687 35.60469975320963 144.4444468035848 0.038003517998731695
0537 -0.09044564515352249 -0.009999837726354599 1.6550579071044922 86.41977077482308 31.882241993119994 145.5188514524283 0.031818868999835104
0538 -0.020665256306529045 -0.0026508222799748182 1.7733142375946045 -142.59463023599773 54.747390343053205 97.7172223556978 1.8751868670005933
0539 0.013271836563944817 -0.001490019611082971 1.7232710123062134 -142.62392918109444 53.60667361770108 96.54131806343257 0.03135853200001293
0540 0.04668523743748665 -0.001509373658336699 1.7121872901916504 -146.17469270348428 55.66735141499834 92.72299919113507 0.032365532002586406
0541 0.07766008377075195 -0.0017920270329341292 1.6855906248092651 -150.0161797247253 59.73367280988538 88.24845887950752 0.034264082001755014
0542 0.11105489730834961 -0.0031001721508800983 1.6813786029815674 -152.85543505398888 59.78478271062296 86.90427358360765 0.031055641997227212
0543 0.1471264660358429 -0.006376778241246939 1.7030751705169678 -147.6388332055689 56.54161673458005 90.12553204424916 0.030527751001500292
0544 0.19050027430057526 -0.011240899562835693 1.7727272510528564 -146.85849930822943 52.39965311486227 89.57315779837735 0.029718260000663577
0545 0.22854597866535187 -0.015490901656448841 1.7977449893951416 -144.64841243947973 47.9355983527608 88.58538023801577 0.043674622000253294
0546 0.2612932622432709 -0.017612531781196594 1.7750450372695923 -149.0239887712545 48.26920710914912 82.02029771478792 0.0339328599984583
0547 0.2947574853897095 -0.021916598081588745 1.7756115198135376 -158.14258985128942 50.20035097525094 73.3334592884819 0.037013999000919284
0548 0.3287404775619507 -0.02735656313598156 1.7836854457855225 -169.4028099753382 55.095853537586365 64.2750495515373 0.031964915000571636
0549 0.3584754467010498 -0.031886547803878784 1.7769078016281128 -172.19239196688687 54.15319490708941 62.00331909057652 0.036041012997884536
0550 0.38971757888793945 -0.038760364055633545 1.778784990310669 -171.64905156305457 54.373257828541284 60.371481299505405 0.035634474999824306
0551 0.4214616119861603 -0.04565197974443436 1.7802010774612427 -171.31555483192966 54.03196497224202 59.37507591026965 0.031452095001441194
0552 0.45226356387138367 -0.053259700536727905 1.784184217453003 -169.9507343384017 54.507149964145 59.17712819409887 0.03465063999828999
0553 0.4816248416900635 -0.06157440319657326 1.78657066822052 -174.39752724728385 55.79062696691962 55.14302755504408 0.0348704269999871
0554 0.5169797539710999 -0.07156059890985489 1.8101640939712524 -175.79655366559328 54.522438773752306 52.505363617875645 0.038562642999750096
0555 0.5473812222480774 -0.08073746412992477 1.8254997730255127 -179.55033971094352 52.274837891611966 48.29761778714876 0.0329048759995203
0556 0.5799853205680847 -0.09195126593112946 1.848236322402954 177.47925992219413 49.20143294324024 44.8905860110494 0.03330683100284659
0557 0.6114651560783386 -0.10352972894906998 1.8690516948699951 177.83395125643958 46.12297812299769 44.4947006227516 0.03543430699937744
0558 0.6373623013496399 -0.11489392071962357 1.8760342597961426 178.29824852090994 44.8096285141417 43.19234498300985 0.033252886998525355
0559 0.6669915318489075 -0.12680532038211823 1.896575689315796 177.90211192562458 41.366883756836955 42.106512975280275 0.033789872999477666
0560 0.6983473896980286 -0.14047858119010925 1.923317313194275 178.56806365783078 38.09980639588665 41.25930032903199 0.03539018599985866
0561 0.7329716682434082 -0.15518547594547272 1.9631134271621704 -174.37651602582298 29.082750488028427 43.064006842628494 0.03614351600117516
0562 0.7427899241447449 -0.1640457659959793 1.9370471239089966 -165.1601937933446 19.165538942552924 42.4951449985385 0.0341900439998426
0563 0.7425527572631836 -0.17117221653461456 1.893710970878601 -159.38294316689996 13.995171685528591 36.44024578843911 0.036582310996891465
0564 0.7786285877227783 -0.18915711343288422 1.9395705461502075 -170.20163730232628 22.87459284601398 26.676139446418592 0.038775860997702694
0565 0.819075345993042 -0.2064533829689026 2.0022623538970947 -169.8435070814765 32.75177700230098 30.3060069284524 0.033489842997369124
0566 0.8395240306854248 -0.22164537012577057 2.0191457271575928 174.29989635894006 43.03710890331249 21.401739937294735 0.03923299300004146
0567 0.8660221099853516 -0.23918817937374115 2.049567222595215 159.56930952334963 39.763032325875415 15.984055130544972 0.03515396900183987
0568 0.8894181251525879 -0.25624167919158936 2.0776572227478027 159.12086448697028 31.770594834235784 18.927078439350698 0.03449976300180424
0569 0.9158133268356323 -0.27550485730171204 2.116734504699707 164.2246577448355 26.997260099051974 21.95902726125151 0.03753091399994446
0570 0.9441131353378296 -0.295712947845459 2.160386085510254 166.49958217377443 29.115373470494404 19.255157056215598 0.035563114997785306
0571 0.963970959186554 -0.3131251931190491 2.1875040531158447 162.07047302242083 28.526330005468864 14.942397393571863 0.0318231029996241
0572 0.9781791567802429 -0.33037474751472473 2.206688165664673 160.82421325416612 27.56619496283239 13.736393338412592 0.037670414996682666
0573 1.0012259483337402 -0.35067933797836304 2.2467539310455322 163.04292162457932 25.444907158697184 13.779325356332063 0.030602022001403384
0574 1.0205117464065552 -0.3708045184612274 2.281810998916626 165.4244417629789 26.61594740562931 11.820981266927518 0.0322589630013681
0575 1.0345664024353027 -0.38931170105934143 2.3094847202301025 165.07965000639965 28.530736501918984 8.318615903154559 0.034594690001540584
0576 1.0380908250808716 -0.4026270806789398 2.314795732498169 165.50574033255361 26.004012047409304 7.273444597028304 0.03695706399957999
0577 1.0467087030410767 -0.4218219518661499 2.334350347518921 161.42116447454333 23.377568756743248 4.537077900816928 0.03702900799908093
0578 1.0615648031234741 -0.4434133470058441 2.3721892833709717 163.2026146152954 21.50892033759092 4.902593780827237 0.032658879998052726
0579 1.0686599016189575 -0.46199309825897217 2.392336130142212 164.37075593990113 19.307247651371778 3.4425383276897206 0.034309581002162304
0580 1.0816220045089722 -0.483266144990921 2.431131601333618 163.13739208052596 17.553244223460293 1.1664864747063637 0.034336400000029244
0581 1.0810655355453491 -0.5005167126655579 2.4417994022369385 158.99231603902484 14.50416218957765 -0.197503391063239 0.040710120996664045
0582 1.0834044218063354 -0.5197576880455017 2.461979389190674 156.18254564391734 9.69996777457059 0.833567819982821 0.0366394129996479
0583 1.082243800163269 -0.5386354923248291 2.4780569076538086 155.1674509140584 7.176974004823364 1.1311612900503731 0.032529830998100806
0584 1.0873991250991821 -0.5598135590553284 2.5078647136688232 153.93132282517843 3.396372033158312 1.0185334679477573 0.03331591299865977
0585 1.0878753662109375 -0.5793803930282593 2.533024549484253 155.99785681567727 -0.05547309949543569 1.5904767178014803 0.031507217998296255
0586 1.103283405303955 -0.6063632965087891 2.594315767288208 156.60727845165292 1.8110311003066326 -1.5821556863063546 0.03302653100035968
0587 1.09413480758667 -0.6224506497383118 2.602149724960327 154.16516367816658 0.4642669397189514 -3.439983695624962 0.03462404000310926
0588 1.0789921283721924 -0.6341220736503601 2.595668315887451 154.32651134427917 -5.571928728499424 -2.6396924475617753 0.03185069100072724
0589 1.0834338665008545 -0.6591293215751648 2.641115427017212 155.39245996223084 -4.536199624630643 -4.628174367227269 0.030948267001804197
0590 1.0856677293777466 -0.6816547513008118 2.682584762573242 155.6830504010595 -5.955606859054866 -5.963640400833834 0.03870301100323559
0591 1.0755101442337036 -0.6976600885391235 2.6976468563079834 155.0818567607384 -8.836502487485971 -7.180531930334204 0.035095915001875255
0592 1.0665225982666016 -0.7156293392181396 2.7176060676574707 156.80940337561947 -9.434644186241927 -8.417710189651912 0.03446350600279402
0593 1.0612226724624634 -0.7373954057693481 2.753342628479004 160.11001330305126 -13.087905699528976 -10.783930686154992 0.0340716530008649
0594 1.0707041025161743 -0.767668604850769 2.823164701461792 159.21090910874156 -12.869588081333564 -13.877241031821018 0.031379243002447765
0595 1.0435900688171387 -0.7754302620887756 2.8051204681396484 158.14367224762088 -17.481215970402157 -13.913203183996682 0.0325043739976536
0596 1.0371407270431519 -0.7969740033149719 2.840106725692749 156.41526587423996 -19.127639900009587 -13.495123911945498 0.03721865600164165
0597 1.0141358375549316 -0.8065210580825806 2.8343920707702637 154.9244782784898 -19.021799193861153 -12.921692048132755 0.03240631799781113
0598 0.9944281578063965 -0.8198344111442566 2.841521739959717 152.2361636019366 -18.710022063648204 -12.691052308323295 0.03617261700128438
0599 0.9769365191459656 -0.8365866541862488 2.860168218612671 153.08039423165866 -21.652644524801183 -13.48376100720157 0.035054498999670614
0600 0.9554548859596252 -0.8489425182342529 2.8676156997680664 155.3641191667747 -24.57809877944054 -14.588085340731933 0.03099336599916569
0601 0.9419456720352173 -0.8673677444458008 2.898817300796509 155.93991801183543 -25.36887078695017 -16.39241264677066 0.03418844599946169
0602 0.9291266202926636 -0.8902270793914795 2.9403200149536133 156.29806379319538 -27.001066264430612 -17.9268662719428 0.03308243099672836
0603 0.9127383828163147 -0.9093022346496582 2.970163106918335 158.46929615085386 -29.131304852050967 -20.37660610730126 0.03266374899976654
0604 0.893677294254303 -0.925832211971283 2.9944183826446533 159.61411540998643 -31.646819268158843 -21.82768281332103 0.030802354998741066
0605 0.8798967599868774 -0.9486672878265381 3.039508819580078 161.16140389902517 -33.1589799755182 -24.127587362944457 0.03650150299654342
0606 0.8567053079605103 -0.9625406265258789 3.0557608604431152 162.6755654423235 -34.77755506413459 -26.196742224432885 0.035533212998416275
0607 0.8221026659011841 -0.9639932513237 3.033726930618286 162.2804829889545 -36.6927130250763 -27.441934947520636 0.034165396999014774
0608 0.803774893283844 -0.9837639927864075 3.0714001655578613 163.4366550496289 -37.428820359557726 -28.770361162082427 0.03958541999963927
0609 0.7911285161972046 -1.0114567279815674 3.133089065551758 163.769784415484 -38.31127899397902 -29.851594055960543 0.03306571499706479
0610 0.756400465965271 -1.0139586925506592 3.116853952407837 164.90668724041672 -40.12863121050276 -31.840695920093246 0.033571895997738466
0611 0.7349818348884583 -1.0318201780319214 3.152716636657715 168.41662797922686 -42.161203191927356 -34.61653618885996 0.0353752919982071
0612 0.7143784165382385 -1.0527606010437012 3.1955273151397705 169.32464562723086 -40.80031125595363 -36.99192671438491 0.03899644299963256
0613 0.6870729327201843 -1.0641814470291138 3.2110657691955566 169.64226718705214 -41.627164327280155 -38.968425814275804 0.03174711499741534
0614 0.6572446227073669 -1.07403564453125 3.2214317321777344 167.48223433382145 -43.8926316472727 -37.97645110704624 0.03210434699940379
0615 0.6173993349075317 -1.0674433708190918 3.1832234859466553 168.51119998130392 -46.265596860109405 -38.49704503588095 0.034559082003397634
0616 0.5962495803833008 -1.0928293466567993 3.2436442375183105 173.31526807495544 -46.74763062682362 -42.64263074735183 0.0334673789984663
0617 0.5720221400260925 -1.1193441152572632 3.302180767059326 169.8262452308472 -47.23207384223447 -41.76582419620868 0.042002384001534665
0618 0.5281370282173157 -1.103182315826416 3.2399580478668213 170.16054340010234 -49.31340549476588 -42.472199321666494 0.03110785799799487
0619 0.4959430396556854 -1.109071969985962 3.242572546005249 174.69611475279564 -49.44698446541235 -46.03535843265135 0.03389622999748099
0620 0.47164905071258545 -1.1360219717025757 3.3084475994110107 177.8938579533368 -49.9182647406982 -49.91481187129955 0.03183920900119119
0621 0.43981531262397766 -1.147560715675354 3.329390048980713 -175.37042461468124 -49.25566083918706 -56.35036873608628 0.0323120619977999
0622 0.41706711053848267 -1.1832695007324219 3.4219236373901367 -174.69623157667002 -49.73493660743729 -58.64096589648289 0.034560241001599934
0623 0.37350165843963623 -1.1628162860870361 3.349313974380493 -176.19675599826033 -53.07542431437444 -58.985354670274475 0.035729474999243394
0624 0.331306129693985 -1.1390951871871948 3.27091646194458 -175.0461909854299 -54.99984898334972 -60.98550828657407 0.030623306000052253
0625 0.2966896593570709 -1.1472327709197998 3.2859880924224854 -162.39887291932106 -55.180570439093515 -72.29188946145453 0.03226133800126263
0626 0.26234203577041626 -1.1220049858093262 3.2149364948272705 -162.98849539764322 -54.08135575157332 -73.73525639285941 0.036195526001392864
0627 0.22728075087070465 -1.130856990814209 3.233297348022461 -159.83600680151648 -53.55957049720028 -77.83043351369065 0.031725881999591365
0628 0.19758205115795135 -1.1644304990768433 3.3213651180267334 -159.897872444962 -54.6625903731353 -78.91302519644512 0.029527437000069767
0629 0.15632562339305878 -1.1275447607040405 3.216679573059082 -158.79652984060746 -56.11473145429348 -79.3100120984877 0.03389591700033634
0630 0.12343214452266693 -1.1450964212417603 3.2597713470458984 -153.0597684857454 -54.81723720471864 -85.40284973393474 0.03334135899785906
0631 0.09031476080417633 -1.1461914777755737 3.2607839107513428 -145.12326610880095 -53.279465089502516 -94.58499783418127 0.034179473001131555
0632 0.05813460424542427 -1.164652943611145 3.313504219055176 -142.78547790177413 -53.95914754582902 -97.37812804280202 0.03294591799931368
0633 0.02331603318452835 -1.1675368547439575 3.318549156188965 -138.33104801571793 -56.06774538183626 -103.61791754036929 0.03299285299726762
0634 -0.011226586997509003 -1.1666014194488525 3.317612648010254 -135.30955895255852 -56.301826675085316 -107.2262609109167 0.03350608400069177
0635 -0.045159198343753815 -1.1546409130096436 3.2855188846588135 -130.57567938993364 -57.30813268797403 -112.89864513919578 0.03927123899848084
0636 -0.0803476944565773 -1.1675106287002563 3.320852518081665 -130.4245240996183 -58.740306272800375 -114.52410233331481 0.030339686996740056
0637 -0.11524035781621933 -1.1633440256118774 3.3111581802368164 -128.42508812693399 -59.846153937831254 -115.7845669136188 0.035327894998772535
0638 -0.1485278159379959 -1.1480427980422974 3.272533655166626 -124.23075008893522 -60.67622133290928 -120.71460732221485 0.034944462000567
0639 -0.17988093197345734 -1.136055827140808 3.245379686355591 -118.6674349581531 -60.19050785536725 -127.6570725693337 0.032856296998943435
0640 -0.2167506217956543 -1.1476876735687256 3.2867119312286377 -112.2055503967982 -61.5105272935882 -136.0102139635641 0.035125410999171436
0641 -0.24881550669670105 -1.1346745491027832 3.2534971237182617 -107.19710761171383 -58.723177044997165 -141.0411056425837 0.0352680270007113
0642 -0.28246891498565674 -1.1328719854354858 3.257892608642578 -102.75231068506615 -60.2862243558953 -147.01167599102658 0.03345326999988174
0643 -0.3187657594680786 -1.1433043479919434 3.286775827407837 -90.18977537568634 -64.30439073046692 -158.75664705205872 0.03469790099916281
0644 -0.35745444893836975 -1.1406519412994385 3.2924559116363525 -95.13670170697654 -66.29793076065529 -154.6444657646306 0.03809847400043509
0645 -0.3908507823944092 -1.1307979822158813 3.2761166095733643 -67.46524786664678 -73.80923179211074 177.31775239901478 0.035834840000461554
0646 -0.42024311423301697 -1.1060519218444824 3.2152090072631836 -29.983376060534766 -78.01311084646036 141.1857510225989 0.03743265899902326
0647 -0.4424208402633667 -1.098894476890564 3.209153890609741 -26.028407528352087 -69.88722496979186 137.76546748500732 0.036764504002348986
0648 -0.47798752784729004 -1.1052203178405762 3.237668514251709 -24.742744957613347 -63.495340835648584 136.61891731058336 0.037262866000673966
0649 -0.5194851756095886 -1.1131564378738403 3.283417224884033 -19.83909630098943 -66.67853258759806 129.19693706426662 0.032524272002774524
0650 -0.5481496453285217 -1.10727858543396 3.277531147003174 -36.2806123717695 -62.987105505492025 143.64800722563405 0.034796105999703286
0651 -0.581315815448761 -1.1035046577453613 3.2799324989318848 -16.90164065909495 -58.83670738255763 127.23922854039151 0.03317958300249302
0652 -0.6169410943984985 -1.1058886051177979 3.3093669414520264 -41.04605803662616 -60.91920578938413 147.65854352716198 0.03153342100267764
0653 -0.6599919199943542 -1.1194895505905151 3.3682124614715576 -31.046149738293995 -60.9559069530396 135.888249837419 0.03780989099686849
0654 -0.6902987360954285 -1.1133986711502075 3.3640058040618896 -51.702122009292246 -51.226246000934545 153.7150898887386 0.030654594000225188
0655 -0.717438817024231 -1.097002625465393 3.3326823711395264 -72.4892383859944 -49.92681634455117 167.72811461017758 0.03351172399925417
0656 -0.7259888052940369 -1.0561909675598145 3.2357704639434814 -68.1248608043746 -43.47539913826322 163.6886920153767 0.0325183589993685
0657 -0.8393199443817139 -1.2181715965270996 3.8406312465667725 79.33400371886492 7.537797304883863 -149.9146933229904 1.9120170479982335
0658 -0.912348210811615 -1.1562591791152954 3.563208818435669 -78.7289078513348 -2.7405442449929915 50.06685147745582 1.9190628269971057
0659 -0.9083695411682129 -1.1530989408493042 3.5724241733551025 -85.69896757186784 -4.614007683344495 47.45449498630167 0.0325023350014817
0660 -1.034531593322754 -1.1966397762298584 3.78572416305542 73.02507079542681 -12.402365969855191 -143.386770427082 1.9621474440027669
0661 -1.0245800018310547 -1.193814992904663 3.7988216876983643 73.21053968722434 -16.295066918475925 -143.8079982756296 0.03137230200081831
0662 -0.9294655323028564 -1.0338941812515259 3.3189237117767334 79.17412726352369 9.443422720560253 -159.16366458926032 1.8801504539987945
0663 -0.9230498671531677 -1.0009902715682983 3.25409197807312 74.08769260083723 14.368005069061772 -166.6814367894036 0.031488995999097824
0664 -0.9199381470680237 -0.977293074131012 3.192502737045288 74.63938693363028 16.552342262315236 -165.18951084962572 0.03461481299746083
0665 -0.9392493367195129 -0.9703816771507263 3.2455573081970215 82.90559216225266 14.893984257186464 -162.84852438836788 0.030014937001396902
0666 -0.948885977268219 -0.9131307601928711 3.0830070972442627 80.54747185720394 25.13319408883996 -20.15188132805421 1.873259454001527
0667 -0.9552866220474243 -0.9072795510292053 3.072791337966919 90.24863532523521 31.200297527241958 -12.135147889706568 0.033355040999595076
0668 -0.9189388155937195 -0.847940981388092 2.9148035049438477 88.39106684335621 34.2821238778361 -6.750249299044092 0.03221381100229337
0669 -0.9560968279838562 -0.8516620993614197 2.9599459171295166 91.49053809324857 27.7057073432981 -3.193544780398905 0.030538969000190264
0670 -0.9701082110404968 -0.8440870642662048 2.9689266681671143 95.61057442569609 28.489870695355844 1.8625766817506593 0.03286293299970566
0671 -0.970625102519989 -0.8423948884010315 2.975026845932007 96.86872454121337 27.238589632006683 6.529044173660925 0.03412959100023727
0672 -1.0069267749786377 -0.8359902501106262 2.999586343765259 92.87832727793477 26.58417744865863 7.569717408161007 0.03275833999941824
0673 -1.0181241035461426 -0.8154305815696716 2.983837604522705 94.2604100158562 28.838979947206997 9.257810091874171 0.0327648729980865
0674 -1.0209987163543701 -0.8046814203262329 2.9764840602874756 94.7268646099708 28.090517152303885 10.45780156749176 0.028780160002497723
0675 -1.0258160829544067 -0.788780689239502 2.957615375518799 98.79736951020737 28.520626707645228 13.130892786084472 0.031913645998429274
0676 -1.0232367515563965 -0.7810035943984985 2.9592466354370117 99.80386322265907 27.22403719891206 14.458181666301202 0.02964549000171246
0677 -0.9718406796455383 -0.6373130083084106 2.576822519302368 93.34669053579252 -19.041418615606176 112.79231713125453 1.8709618169996247
0678 -0.9889829158782959 -0.6389633417129517 2.591080904006958 88.28390416051779 -14.892115717373779 109.38646939958738 0.03550604300107807
0679 -1.0004115104675293 -0.6422987580299377 2.6177423000335693 87.47961250559283 -14.421690433511724 110.2410258508416 0.03237112399801845
0680 -1.0021711587905884 -0.626936137676239 2.5910933017730713 84.07788537098045 -12.888717659521147 131.33768404307492 0.039599059000465786
0681 -0.9974756836891174 -0.614242434501648 2.589179515838623 68.56985301176736 -5.543711881079977 157.42309375151763 0.031007738998596324
0682 -0.9942469596862793 -0.5858738422393799 2.5515682697296143 76.68221266686096 -1.505386309282466 165.4594122564251 0.03146123000260559
0683 -0.9785183668136597 -0.5635204315185547 2.5053629875183105 81.60725154535271 26.020855094381208 159.844549589477 0.032451825001771795
0684 -0.953647255897522 -0.5337104201316833 2.4480960369110107 79.10165219088472 26.386861474778858 146.5271480231239 0.03109609700186411
0685 -0.9391976594924927 -0.5149556398391724 2.3989453315734863 61.618762550855024 17.952728918244283 133.0961369172075 0.03335585400054697
0686 -0.9157761335372925 -0.4944976270198822 2.3479080200195312 59.503382347917686 28.536549139267834 143.59031635120832 0.03502500999820768
0687 -0.882786214351654 -0.4649084806442261 2.2673306465148926 64.99762987403349 34.04840843684481 145.97004695070797 0.03153018999728374
0688 -0.8843366503715515 -0.44364306330680847 2.260141372680664 67.04369415398166 46.35184104815176 149.06606190194552 0.03506223500153283
0689 -0.8543198704719543 -0.4196576178073883 2.1961910724639893 67.46629354086784 31.788789677369184 145.2203440549041 0.03852783199909027
0690 -0.8058463931083679 -0.39323341846466064 2.108647584915161 69.06429807455392 25.356157554546666 149.39498964782322 0.03108384900042438
0691 -0.7519468069076538 -0.36512303352355957 1.9999083280563354 74.04942387126506 19.624256552796915 149.9260116290181 0.031322874001489254
0692 -0.7121384739875793 -0.341184139251709 1.9222091436386108 71.52542585187886 20.846237605170515 148.74288376848605 0.027171442998223938
0693 -0.6838271617889404 -0.32214510440826416 1.8706817626953125 69.5396228343117 24.24024133548262 145.89986091266223 0.030705771001521498
0694 -0.6680344343185425 -0.3090907335281372 1.8587448596954346 70.93745912224924 25.251208601594875 147.59373384387663 0.03365583200138644
0695 -0.653383731842041 -0.29808473587036133 1.8492590188980103 69.89994371102947 26.075596492153288 146.0247822573264 0.03392631499809795
0696 -0.633854866027832 -0.2827501595020294 1.8234913349151611 69.58994791115038 27.49695686745091 143.7098150973816 0.037953716000629356
0697 -0.6333798766136169 -0.27737554907798767 1.8696370124816895 69.96128178887106 29.479876026773578 141.37712727095385 0.03396868400159292
0698 -0.6297327280044556 -0.27094605565071106 1.896831750869751 69.15606617100885 32.99414015796716 141.05755227754125 0.03995797700190451
0699 -0.6227405071258545 -0.26423344016075134 1.9318279027938843 70.74291018903348 40.25571905852639 141.17019256750865 0.033622896000451874
0700 -0.6077812910079956 -0.24793389439582825 1.926876187324524 66.59552959327968 48.32409569832869 132.77111126099308 0.0323867649967724
0701 -0.5967991948127747 -0.2396792769432068 1.949487566947937 52.8824792548806 52.26994852498917 117.48616609204724 0.03162439799780259
0702 -0.5838242769241333 -0.23211722075939178 1.9549131393432617 52.52542176549939 51.242440432467866 114.24344101825814 0.03553061200000229
0703 -0.5648695826530457 -0.22625532746315002 1.9560387134552002 51.29474763816768 51.73467783275908 113.69805173241907 0.033586602003197186
0704 -0.5460293889045715 -0.2229522317647934 1.9743497371673584 52.38414608222503 53.104226901735636 113.52376203648134 0.03177884199976688
0705 -0.5358449220657349 -0.22101660072803497 1.9759196043014526 54.282238121334956 53.60877594913939 115.15046574356357 0.03519930699985707
0706 -0.3869878649711609 -0.18690000474452972 1.7471377849578857 -126.05032960398009 -62.53049457623293 20.04028124078805 1.8779946040012874
0707 -0.3681044578552246 -0.18414555490016937 1.7736066579818726 -132.5601105790708 -66.0629596837972 20.488994562262157 0.033135742000013124
0708 -0.35061925649642944 -0.1779184341430664 1.7853273153305054 -122.49936783463463 -71.26235986709216 3.4864394387279076 0.034929266999824904
0709 -0.3319869041442871 -0.17803968489170074 1.791715383529663 -117.5647292044678 -75.15924306249549 -0.6158223472249225 0.03542433500115294
0710 -0.31813502311706543 -0.1742880642414093 1.8072506189346313 -116.736599934646 -77.0850315254278 -5.120804080669888 0.03316380899923388
0711 -0.29421108961105347 -0.1570965200662613 1.8496878147125244 -109.14622312314211 -79.11577459680966 -18.170556690628967 0.033383802001480944
0712 -0.28312137722969055 -0.14947320520877838 1.848335862159729 -89.18350321601883 -79.16644790910239 -37.654074774946274 0.030373852998309303
0713 -0.18924425542354584 -0.14043106138706207 1.7157588005065918 -130.22450266631142 51.53585995016693 111.58833119227373 1.9433024429999932
0714 -0.15207408368587494 -0.13447263836860657 1.6861906051635742 -128.28852633719163 54.19418887796736 113.22151759158402 0.028318920001765946
0715 -0.11867883801460266 -0.13136976957321167 1.67476487159729 -132.19823363958102 51.668665598592796 109.42624734061927 0.03232682299858425
0716 -0.0831604078412056 -0.12951098382472992 1.6687215566635132 -133.2269631902239 47.813204605467675 107.07016681549918 0.03730726499998127
0717 -0.05076479911804199 -0.12413325905799866 1.6371437311172485 -134.56352429184852 49.46538675884011 104.31476800597031 0.03423676100283046
0718 -0.01652616634964943 -0.12133964151144028 1.6181766986846924 -132.63199032055158 53.78383065823194 105.67187831484276 0.03250656899763271
0719 0.017771610990166664 -0.12354975193738937 1.6372135877609253 -137.22608036561246 54.62057232357972 101.75848977601231 0.03341142000135733
0720 0.04873868450522423 -0.12267688661813736 1.6201361417770386 -141.70615677426778 53.95417584698989 96.92299220047553 0.033371615998476045
0721 0.08277839422225952 -0.1246543675661087 1.6201672554016113 -143.18178029598667 54.34041298183887 95.91629009604306 0.031044816998473834
0722 0.12053793668746948 -0.1277710348367691 1.6438474655151367 -141.3921254943458 51.59816509203202 95.67882507340629 0.03543078200164018
0723 0.1627327799797058 -0.13614612817764282 1.7027833461761475 -139.11774267167772 46.32501497467283 95.84670983017949 0.032983695000439184
0724 0.19386138021945953 -0.13702639937400818 1.6994705200195312 -146.0377108939193 48.76348136060352 87.94094929838177 0.03242716499880771
0725 0.23185497522354126 -0.14032290875911713 1.712470293045044 -151.48552800545357 48.394845551647 82.3239444555811 0.040702406000491465
0726 0.26743724942207336 -0.14417918026447296 1.707174301147461 -158.27991505810346 50.92982062305477 75.80566473690205 0.034157091002271045
0727 0.29708853363990784 -0.14709191024303436 1.6858007907867432 -166.26472027952227 55.5464534797548 68.1037245429406 0.03582664200075669
0728 0.3284911811351776 -0.15070559084415436 1.6859818696975708 -170.4328135544979 55.692444159972545 64.8350921653342 0.03324336600053357
0729 0.3628755807876587 -0.1581970900297165 1.7003114223480225 -171.44006366963305 52.6297530583829 63.03813161013106 0.03270141699977103
0730 0.3934730291366577 -0.16408012807369232 1.6955950260162354 -172.09573999231287 53.44100224821532 61.51954208749053 0.032840851999935694
0731 0.42554807662963867 -0.17113332450389862 1.7009122371673584 -169.08918996685802 53.71203973906602 61.50383846695152 0.03417563299808535
0732 0.4537680447101593 -0.17756785452365875 1.698926568031311 -171.2641908868815 54.67319414906069 58.829421667372486 0.0325084779979079
0733 0.487702876329422 -0.18624365329742432 1.7184196710586548 -175.74280990450566 54.860401994390315 53.94297434599828 0.035578545001044404
0734 0.5174465775489807 -0.19482198357582092 1.7247124910354614 -179.33078356962508 53.46554827954973 49.67135605849001 0.04485815500083845
0735 0.542278528213501 -0.20276375114917755 1.7223671674728394 177.0726454896669 53.09354245794507 45.23746891494568 0.03353434800010291
0736 0.5762448906898499 -0.21536150574684143 1.752940058708191 173.01848182707377 47.42563485651846 42.40593828731522 0.03216539200002444
0737 0.609704315662384 -0.22753089666366577 1.7724790573120117 173.6858944152918 47.59678464429555 40.59763024602669 0.03469440799744916
0738 0.6429588198661804 -0.24080286920070648 1.8027770519256592 172.259820636638 44.835367799245056 39.0121192005747 0.030749932000617264
0739 0.672794759273529 -0.25277775526046753 1.8214430809020996 175.61126052571709 43.72014600209812 39.75649599952585 0.03217384800154832
0740 0.7039338946342468 -0.2673884630203247 1.8504867553710938 173.49972816843493 38.81329152581715 37.618919595744785 0.03142443999968236
0741 0.7443238496780396 -0.2858709990978241 1.9001874923706055 -178.59449706789513 34.01429228145165 40.69474291624651 0.03133233500193455
0742 0.7577078938484192 -0.29475927352905273 1.888503074645996 -178.15965173967194 34.229433137642246 38.31542936896665 0.034805384999344824
0743 0.7876767516136169 -0.3105376958847046 1.9172475337982178 173.34129304762294 35.46682397769477 31.412476302021325 0.04018328099846258
0744 0.824009358882904 -0.3299543261528015 1.963478684425354 171.663386673514 35.581861092827545 29.460361553323263 0.03555322700049146
0745 0.8442912697792053 -0.3446125090122223 1.9750550985336304 166.154114281995 32.60787409449128 25.53626044459728 0.03238080300070578
0746 0.8660966753959656 -0.35977721214294434 1.9961251020431519 165.04311810851917 28.422456989435165 25.253426069796394 0.03456846100016264
0747 0.8846617937088013 -0.3749297261238098 2.0083260536193848 164.2998147509388 24.500063082435283 24.567708471668347 0.03186799700051779
0748 0.9097086191177368 -0.39319562911987305 2.0405938625335693 165.19459995617152 26.445471434719355 22.33212809226205 0.033452240997576155
0749 0.9299289584159851 -0.4098774492740631 2.0644328594207764 163.92531018933857 28.509495722131405 19.546361578783948 0.035716947000764776
0750 0.9451085925102234 -0.42535674571990967 2.0801327228546143 161.78071182096585 26.86192875852527 17.842036422414136 0.03375912499905098
0751 0.9603195190429688 -0.4423220157623291 2.098778486251831 160.21447813582375 24.46800543158055 16.68538395606792 0.033268225997744594
0752 0.976348876953125 -0.4597688317298889 2.1227612495422363 162.1195763675279 25.650943685674505 15.191670597259268 0.039775672998075606
0753 0.9941518902778625 -0.47886765003204346 2.1513655185699463 160.2322923717327 23.82443287472837 12.927892767931587 0.03406328500204836
0754 1.0211490392684937 -0.5032361745834351 2.2033395767211914 164.46517780988728 27.00215729368012 12.105004748300885 0.03461574500033748
0755 1.027842402458191 -0.5183448195457458 2.214503288269043 160.60821939592037 22.818313703246282 8.771829091795363 0.03508636600236059
0756 1.0387146472930908 -0.5363689064979553 2.2363812923431396 158.73519729893334 19.259776359216794 8.548828409887626 0.034725370998785365
0757 1.04591703414917 -0.5537565350532532 2.2551023960113525 159.41804478071842 18.593792052526815 8.07661228068821 0.0344535439980973
0758 1.0455085039138794 -0.5673292875289917 2.258244037628174 156.25994473131328 17.92370530741101 4.848562129150133 0.03531632999875001
0759 1.0658987760543823 -0.5925707817077637 2.3112967014312744 158.81494350167742 12.79814191092799 6.820436321772694 0.03676412100321613
0760 1.0796878337860107 -0.6155462265014648 2.348464012145996 159.03609036267977 12.810227000402469 3.6509549643782377 0.030275080000137677
0761 1.0783358812332153 -0.630216658115387 2.3596572875976562 158.09517801800868 11.843850339571327 2.2857884415219125 0.03383973200106993
0762 1.0767018795013428 -0.6462076902389526 2.3711507320404053 154.09166425589854 7.9183248985690415 1.604534727333974 0.03373142199779977
0763 1.0887664556503296 -0.6720957159996033 2.415339231491089 155.0981991301899 4.736886718053194 2.314314312526607 0.03285845999926096
0764 1.088167428970337 -0.6892521977424622 2.4339733123779297 155.04275300863574 3.044921811217558 1.277430422161645 0.03853154000171344
0765 1.0904606580734253 -0.7101925015449524 2.463557004928589 154.20781228634974 1.6345516457505926 -0.15344060960588599 0.032598261001112405
0766 1.0902423858642578 -0.730309009552002 2.489401340484619 153.77594010835298 -1.2626331343233257 -0.4379169518130077 0.03405528400253388
0767 1.0905388593673706 -0.7518008351325989 2.5194365978240967 152.86030236670206 -1.7189526963876558 -1.4430933201195864 0.03400967800189392
0768 1.0809764862060547 -0.7653408646583557 2.5279088020324707 153.25565142848092 -4.699115422920365 -2.0416532350819128 0.03782826500173542
0769 1.0717500448226929 -0.7806095480918884 2.54125714302063 156.96531525452508 -6.781503663709989 -3.2243912217218957 0.03162924999924144
0770 1.0911434888839722 -0.8162201046943665 2.6234476566314697 158.31282293685481 -6.7028994543632665 -6.43875618623875 0.03339237800173578
0771 1.0870063304901123 -0.837938666343689 2.65569806098938 156.99362465755908 -9.487215870537666 -8.236698388346234 0.03385179999895627
0772 1.0707279443740845 -0.8506559729576111 2.6587796211242676 155.63717586691058 -12.835745091961435 -8.561727240073683 0.03320875099961995
0773 1.0541088581085205 -0.8634490966796875 2.664517402648926 155.83849013312803 -13.925946364058895 -9.57644209651904 0.03199296800084994
0774 1.048283338546753 -0.8853616118431091 2.698869228363037 155.68270075157628 -14.796528320878457 -10.317972890412134 0.03550538299896289
0775 1.031510353088379 -0.8987691402435303 2.7080910205841064 155.83762544618054 -16.566485954449274 -11.11789317967131 0.033782086000428535
0776 1.0237133502960205 -0.9195013642311096 2.741680383682251 155.19631331555658 -16.90718310638565 -11.86956096665881 0.033217249998415355
0777 1.002732276916504 -0.9307328462600708 2.7459943294525146 155.62170145913504 -17.707278621725976 -13.099537722431657 0.033141535001050215
0778 0.9847930073738098 -0.9422228932380676 2.754424810409546 159.46148399117735 -20.108224671268932 -15.283870955196717 0.031260184001439484
0779 0.9871519207954407 -0.977683424949646 2.8266336917877197 156.93767359042064 -19.560046538354477 -17.20006920035207 0.032590512000751914
0780 0.9613377451896667 -0.9860357046127319 2.825852870941162 154.22087767961892 -22.710248148981112 -16.60418468020154 0.03485399400233291
0781 0.925108015537262 -0.9835186004638672 2.7907872200012207 153.62205463540826 -25.967504634777846 -15.327871948274955 0.03492576300050132
0782 0.9139291048049927 -1.0077427625656128 2.8341245651245117 155.60720417021142 -28.611929369672715 -16.094430388589263 0.03469831099937437
0783 0.9047502279281616 -1.0354807376861572 2.888291597366333 158.09467742900543 -27.552487472890352 -18.95117834431458 0.030651927001599688
0784 0.8851683735847473 -1.0499095916748047 2.90861177444458 156.32791201424408 -30.3987332187223 -20.172060745623575 0.030860143997415435
0785 0.8635984063148499 -1.0652741193771362 2.928098440170288 157.8931488544816 -31.678734687253023 -21.62574318833755 0.030981444997451035
0786 0.8394231796264648 -1.0770454406738281 2.9400124549865723 159.26387158262023 -33.21111899068742 -22.96692609292704 0.03269834000093397
0787 0.8226319551467896 -1.0988948345184326 2.9816372394561768 161.3901354472853 -35.927559466560155 -25.253263215818027 0.03156973800287233
0788 0.8076589703559875 -1.1267136335372925 3.0352416038513184 160.69119215187288 -36.983080926951445 -26.955061555104415 0.04325939400223433
0789 0.7684528231620789 -1.1210823059082031 3.0017082691192627 164.3169523709174 -38.52917027735323 -29.64109474240413 0.02917726800296805
0790 0.7380673885345459 -1.1250640153884888 2.997194528579712 166.57631014582984 -41.2313612723527 -32.73425604054316 0.03188557099929312
0791 0.724539577960968 -1.1547809839248657 3.0602729320526123 166.96652289189996 -42.0133899053503 -34.16809945672158 0.033318444999167696
0792 0.7008337378501892 -1.1710327863693237 3.0879886150360107 168.76881220681443 -41.07214988358479 -35.835816763147236 0.031114798999624327
0793 0.6682945489883423 -1.1746970415115356 3.0849664211273193 171.78764500608386 -42.464053768687286 -39.13911466281742 0.037766891000501346
0794 0.6504296660423279 -1.2040627002716064 3.146909236907959 171.47784828745634 -41.52715280470841 -40.84337563447972 0.03316904799794429
0795 0.6237836480140686 -1.2198737859725952 3.1737966537475586 170.13997529364124 -43.121651496695975 -40.96784853832848 0.032438206999358954
0796 0.5843876600265503 -1.2149944305419922 3.143599271774292 171.0200938852874 -46.47459284948958 -42.138679028758425 0.034133429999201326
0797 0.5576989650726318 -1.2321646213531494 3.1794402599334717 173.41546278017248 -47.64916401028969 -44.46205015650901 0.034452399999281624
0798 0.5234315395355225 -1.2323120832443237 3.1668269634246826 175.09090932619947 -49.46720228894807 -47.26430344157305 0.030083616999036167
0799 0.48917555809020996 -1.239221215248108 3.171370029449463 -176.79163841789338 -50.315554621619206 -55.33576361288077 0.03480662900255993
0800 0.45176801085472107 -1.236181616783142 3.1519086360931396 -163.06862210627534 -50.52377580349891 -69.0523240432408 0.03504642500047339
0801 0.4093099534511566 -1.2138051986694336 3.087158203125 -155.16280468011468 -47.82743738249806 -77.38214702266916 0.036020649000420235
0802 0.3832338750362396 -1.2180564403533936 3.10092830657959 -157.01817425501997 -51.263185749050784 -79.20056737673836 0.03471973300111131
0803 0.34525299072265625 -1.2121670246124268 3.071704626083374 -156.494199109191 -54.06194270304434 -80.02700045224137 0.031863463002082426
0804 0.32295939326286316 -1.260043740272522 3.1856350898742676 -156.32222320488333 -53.0809068787064 -79.34948217781717 0.032955334998405306
0805 0.2873677611351013 -1.256570816040039 3.172145128250122 -154.2227836964632 -53.152312692921655 -81.59202719599138 0.03885437200005981
0806 0.25815850496292114 -1.274904489517212 3.2143008708953857 -155.85816273320944 -54.537270557946464 -81.83281891316062 0.03330722500322736
0807 0.22022907435894012 -1.26848304271698 3.191303014755249 -159.25590326193208 -59.12757111997013 -79.35149530887385 0.03388288200221723
0808 0.18081556260585785 -1.2531667947769165 3.1508984565734863 -156.4544114027096 -59.45283410673696 -80.89194758222553 0.03477592900162563
0809 0.14793363213539124 -1.2472971677780151 3.1323018074035645 -149.72494224732122 -58.908128135223514 -88.24334542729063 0.032843815999513026
0810 0.11367566883563995 -1.2493873834609985 3.134408950805664 -140.46176920290978 -55.34702685510018 -99.0887188758011 0.036580541000148514
0811 0.08237294107675552 -1.2725416421890259 3.188992500305176 -138.06300735526827 -54.87255200627116 -103.31329343175005 0.035995141999592306
0812 0.04950634390115738 -1.2786113023757935 3.202462911605835 -136.14067782501436 -56.547844544668195 -106.69130482288345 0.03195969299849821
0813 0.013730928301811218 -1.2895331382751465 3.2272160053253174 -134.59619657985348 -58.91932657397847 -108.00990591678315 0.03398092300267308
0814 -0.022724894806742668 -1.305662751197815 3.267103433609009 -132.94206793031313 -62.498499722849864 -109.82323700627816 0.034209146000648616
0815 -0.05827461928129196 -1.3065720796585083 3.2723257541656494 -127.81833640440097 -67.59794099548351 -115.32442317031838 0.04044507400249131
0816 -0.09545712918043137 -1.3347437381744385 3.340555429458618 -122.5311510073526 -77.18293214153498 -120.13345391988308 0.03481628599911346
0817 -0.13041111826896667 -1.3426895141601562 3.363809823989868 -81.7386494935075 -85.94257586960936 -160.9543219096373 0.033246857001358876
0818 -0.1661880612373352 -1.3276170492172241 3.340787172317505 -108.12377324592339 -83.28580350476388 -134.8760043165222 0.0378514730000461
0819 -0.20153431594371796 -1.319482684135437 3.3172519207000732 -36.23192092465655 -86.21530002207383 152.67728914753786 0.03477241299697198
0820 -0.23352020978927612 -1.274985671043396 3.217728853225708 -110.05250529842658 -84.20198626231173 -131.51165792865953 0.035612890002084896
0821 -0.2661324143409729 -1.2625031471252441 3.1800079345703125 71.5225940390042 -89.0944696089635 44.937065188960226 0.03633550399899832
0822 -0.2926422357559204 -1.2355172634124756 3.1177382469177246 41.05275912339961 -82.0349191262231 77.71925273358215 0.030628368996985955
0823 -0.3194746971130371 -1.2115119695663452 3.065366744995117 15.710248938532843 -76.6254897190615 102.2205850487193 0.036383005000971025
0824 -0.34693610668182373 -1.1935734748840332 3.0228471755981445 16.066981304682347 -65.62695516458044 103.91937293999233 0.041159004998917226
0825 -0.3833619952201843 -1.207695722579956 3.069363594055176 11.3301863720893 -69.62264772264187 106.0595043454647 0.03479352700014715
0826 -0.4208420515060425 -1.221849799156189 3.1164021492004395 -12.482668740449617 -68.37361342116237 126.52158440091611 0.036527485000988236
0827 -0.45344510674476624 -1.2276510000228882 3.1356523036956787 -23.84635204803448 -65.92423716440243 136.66858303318392 0.030600852998759365
0828 -0.49402180314064026 -1.2376377582550049 3.172173261642456 -15.838862845695859 -60.58321714641048 126.80216018252278 0.03235196499736048
0829 -0.5263761878013611 -1.239428997039795 3.190246343612671 -28.94972566203096 -60.539050213130274 136.64995876929544 0.03260277299705194
0830 -0.5526092052459717 -1.2224042415618896 3.1569933891296387 -34.65270499654633 -53.63979442878266 141.06194059007728 0.03453328599789529
0831 -0.5871408581733704 -1.224703311920166 3.1689348220825195 -39.07614979788961 -57.74508333197595 145.0395736457343 0.03307180000047083
0832 -0.6234520673751831 -1.2231769561767578 3.168966293334961 -40.19669170194331 -61.88919585864721 147.45321425944223 0.030930819997593062
0833 -0.6498741507530212 -1.2173739671707153 3.1769466400146484 -55.95343353456287 -56.781044745480436 160.99587127208466 0.03919691799819702
0834 -0.6757603287696838 -1.2155284881591797 3.1818771362304688 -63.0395555689604 -45.88794552957386 167.13943349925577 0.030173688002832932
0835 -0.669376790523529 -1.1377081871032715 3.0058298110961914 -71.95329356107796 -20.87450449485642 158.87853053030372 1.8729123750017607
0836 -0.7485918998718262 -1.2754586935043335 3.44848370552063 72.12643878712687 30.902049174772653 -167.3775105755299 1.8753566129998944
0837 -0.7940926551818848 -1.2941436767578125 3.511535167694092 70.62779566960324 40.421708609195626 -168.02796603876828 0.03608004399939091
0838 -0.8558211922645569 -1.2405881881713867 3.271756649017334 120.10684560371921 14.360816858842774 28.297395220181333 1.854537524999614
0839 -0.8677340745925903 -1.1695411205291748 3.151240348815918 111.4497945820779 20.243689358097633 -13.027279706495897 1.8830395810000482
0840 -0.8668369054794312 -1.158778190612793 3.0960264205932617 120.62908362503002 10.099996498127132 19.82316671408761 0.02964220200010459
0841 -0.8757704496383667 -1.1597013473510742 3.128936529159546 112.89870357865135 -1.4316260749140985 32.12393996483815 0.03519977799805929
0842 -1.0318611860275269 -1.2702736854553223 3.5637922286987305 99.3721196573271 -65.63288921456741 173.58237506888295 1.8850091390013404
0843 -1.0302362442016602 -1.2408941984176636 3.430222749710083 77.86201927109052 42.559004045309 -15.574689393895637 1.8876669439996476
0844 -1.058433175086975 -1.2390347719192505 3.478060722351074 94.2202173645953 48.29736308132075 1.5544484231362174 0.03289097100059735
0845 -0.9395802617073059 -1.048595905303955 2.9978115558624268 69.56417336404552 -24.42281375953132 -150.31840680938473 1.9563953690012568
0846 -0.9483256936073303 -1.0470978021621704 3.0090222358703613 70.18641961093311 -21.77738540971772 -149.1478803609787 0.0323035780020291
0847 -0.942420482635498 -1.011253833770752 2.8634161949157715 105.32765210289826 14.964745628674473 22.95997943066919 2.0387214090005727
0848 -0.9441624879837036 -1.0118298530578613 2.885019063949585 106.31523931790254 13.598976163637328 23.379102877602158 0.03166850900015561
0849 -0.9536788463592529 -1.0102944374084473 2.8898112773895264 105.30463051155058 13.685180059483109 20.816902477527204 0.03237429799992242
0850 -0.955127477645874 -1.0093227624893188 2.894376516342163 106.10789337430118 13.704712039288067 20.806785820949077 0.03358311999909347
0851 -0.7876637578010559 -0.7350930571556091 2.242405652999878 -69.31879342622834 39.29444182507038 -145.73256647251327 1.8947645090011065
0852 -0.7826874256134033 -0.7261967062950134 2.2295479774475098 -68.79400541626381 37.407605116818885 -145.68102101624476 0.03294768399791792
0853 -0.7792638540267944 -0.7216605544090271 2.224907875061035 -75.16567599612273 39.57061549129846 -148.37682932074142 0.03291320700009237
0854 -1.0776273012161255 -0.9286611080169678 2.8857057094573975 -56.6561966901286 62.0857058545735 -136.88372253700481 1.9291069330029131
0855 -1.0941998958587646 -0.9230443239212036 2.8964169025421143 -50.21369978977381 61.83805986742615 -131.90576353694297 0.03203199700146797
0856 -1.1012862920761108 -0.9221675992012024 2.9107894897460938 -40.11038705984184 63.93212462255679 -124.40501196586358 0.032524625999940326
0857 -1.1160919666290283 -0.91801917552948 2.9272212982177734 -43.66106908601501 67.35125367348893 -129.29545750579655 0.030645519000245258
0858 -1.1419751644134521 -0.9170184135437012 2.961027145385742 -42.26381715047483 72.4155825115913 -129.7919175726843 0.03448273899994092
0859 -1.177067756652832 -0.9187113046646118 3.0046486854553223 -25.518837591703548 70.92027271969421 -117.75775099434036 0.033137105998321204
0860 -1.1862212419509888 -0.914982259273529 3.017348051071167 -9.44631414433839 67.21488891737569 -105.94735423631285 0.04236041799958912
0861 -1.194563865661621 -0.9148798584938049 3.041064977645874 -11.747123678724678 69.2960580532816 -107.82845491629054 0.037153291999857174
0862 -1.2390061616897583 -0.9001174569129944 3.0802478790283203 10.370767372848512 67.26031271151854 -85.84185909116847 0.03443941500154324
0863 -1.2355595827102661 -0.9042282700538635 3.0802409648895264 9.564046134362282 68.16992875824165 -92.81596059050942 0.03350800000043819
0864 -1.245795488357544 -0.8804950714111328 3.082242488861084 27.485173292709817 66.4095662741493 -74.42644368933419 0.028843856998719275
0865 -1.2433034181594849 -0.8735512495040894 3.0662436485290527 53.43824082305112 73.38129925205602 -54.10883923768405 0.032585893000941724
0866 -1.2208468914031982 -0.8599675893783569 3.021517038345337 65.64382664009007 78.41691005455199 -41.50306972432416 0.027879664998181397
0867 -1.1952437162399292 -0.8285475969314575 2.9680111408233643 53.09048849291953 79.23849219271699 -49.0137185548467 0.0329095650013187
0868 -1.1959099769592285 -0.804922878742218 2.952212333679199 56.32141680374372 79.88517617630606 -47.75059160846006 0.032513456000742735
0869 -1.201844334602356 -0.7878812551498413 2.946259021759033 52.598267811463614 81.58491522716709 -50.53139750768794 0.03800818700256059
0870 -1.2257460355758667 -0.7664137482643127 3.001821279525757 53.42207957333937 80.43072972389191 -65.03083359319776 0.033574404998944374
0871 -1.236391305923462 -0.7713747620582581 3.0151026248931885 61.8221642643711 81.62899966178205 -54.60918638205272 0.03435524400265422
0872 -1.229089617729187 -0.7460346817970276 2.998819351196289 58.54724144960011 81.62015946016861 -63.219359974243446 0.0355521769997722
0873 -1.2287465333938599 -0.7388905882835388 2.990551471710205 56.066765477213714 82.4400976104475 -65.66508621574313 0.03538562399990042
0874 -1.2271957397460938 -0.735728919506073 2.9786016941070557 82.63891848217702 84.3782948118571 -35.80314088718974 0.03233893400101806
0875 -0.652799665927887 -0.3591339886188507 1.673107624053955 -130.88987166602274 54.052126385897566 112.26247515423519 1.9055041299980076
0876 -0.6511087417602539 -0.36217230558395386 1.6853562593460083 -147.2617360585602 47.60178109848259 94.71694963662756 0.0335362139994686
0877 -0.6429503560066223 -0.36509430408477783 1.713477611541748 -138.0284436780621 45.275393408845666 106.1483857855993 0.033280702999036293
0878 -0.6391742825508118 -0.37106841802597046 1.7673587799072266 -140.50458596092398 44.573501649165806 103.9282744031753 0.0356899379985407
0879 -0.6248358488082886 -0.3789321780204773 1.807686686515808 -134.56325535287814 36.30314415703093 108.19031834116896 0.03591028099981486
0880 -0.6125196218490601 -0.3794848322868347 1.8275243043899536 -143.4541409264731 39.595421992166095 107.6099075513317 0.035076942996965954
0881 -0.5979486107826233 -0.380126029253006 1.831978678703308 -143.3714253766933 32.958502923880296 106.55882574796733 0.03521213299973169
0882 -0.5950067043304443 -0.3785560131072998 1.8290194272994995 -140.74664145781736 33.68366818935039 108.48297211564538 0.0344022089993814
0883 -0.7231635451316833 -0.48499995470046997 2.5241920948028564 1.8019731673101549 64.99166391250574 62.26167305788938 1.9173031379978056
0884 -0.7056819200515747 -0.47794264554977417 2.499328851699829 5.5838676517814685 68.61927602939662 70.54618738537941 0.032721255000069505
0885 -0.7021951675415039 -0.4758014380931854 2.4907071590423584 4.73366948306085 68.7162352901631 69.54490687037631 0.03659536399936769
0886 -0.33615127205848694 -0.25186753273010254 1.4737582206726074 -76.96251397987434 32.80368574163782 173.71632021138686 1.8770115070001339
0887 -0.3301449120044708 -0.2479502409696579 1.4666976928710938 -77.72722042260494 33.77551566469139 174.0366121769035 0.033895904998644255
0888 -0.31311464309692383 -0.24377673864364624 1.4646761417388916 -78.55815873658185 36.11263774276523 171.2424505535995 0.035276264999993145
0889 -0.2808801829814911 -0.24262866377830505 1.4607799053192139 -85.42125339507729 45.14762353334831 158.0542991608086 0.03499598700000206
0890 -0.2511269748210907 -0.23822878301143646 1.4645707607269287 -85.76045695501803 54.99850242483665 152.09648200077535 0.03053408699997817
0891 -0.2295318990945816 -0.23503725230693817 1.4511818885803223 -111.0665345998398 53.475829521835024 129.61689414572965 0.031368220999866026
0892 -0.20438900589942932 -0.2482234388589859 1.5257821083068848 -116.30760319063792 48.88114427835773 127.77788555059831 0.03631636600039201
0893 -0.176686093211174 -0.2550797760486603 1.5633118152618408 -118.82669237482803 50.48785225900275 125.79125342467756 0.03355484499843442
0894 -0.14580008387565613 -0.2505752444267273 1.5582311153411865 -121.30269963928386 57.723020261725715 122.56803832515541 0.03303635499833035
0895 -0.11592663824558258 -0.2552400827407837 1.597837209701538 -128.07450536607718 61.61613557107616 115.53302542504787 0.029866016000596574
0896 -0.08211588859558105 -0.25568634271621704 1.6101514101028442 -137.69245097835173 64.91933674204543 105.90021592407423 0.038979267003014684
0897 -0.046141915023326874 -0.25277194380760193 1.5968492031097412 -142.3694001683681 65.04653619180839 102.53739821412816 0.03493091100244783
0898 -0.011767218820750713 -0.2520940601825714 1.595484972000122 -159.6947380179042 65.87205605273648 84.26832554664384 0.03269499999805703
0899 0.020908838137984276 -0.24648520350456238 1.566711664199829 -155.6299305918318 62.772686214362295 86.34214808831754 0.03376271700108191
