# Blender 5.2.2 LTS
# www.blender.org
mtllib ArenaMarker.mtl
o arena_marker
v 0.015000 0.005000 0.005000
v 0.015000 0.025000 0.005000
v 0.005000 0.005000 0.005000
v 0.005000 0.025000 0.005000
v 0.005000 0.005000 0.020000
v 0.005000 0.025000 0.020000
v 0.015000 0.025000 0.020000
v 0.015000 0.005000 0.020000
v 0.000000 0.100000 0.000000
v 0.000000 0.000000 0.000000
v 0.000000 0.100000 0.020000
v 0.000000 0.000000 0.020000
v 0.030000 0.100000 0.000000
v 0.030000 0.100000 0.020000
v 0.030000 0.030000 0.000000
v 0.030000 0.030000 0.020000
v 0.150000 0.030000 0.000000
v 0.150000 0.030000 0.020000
v 0.150000 -0.000000 0.000000
v 0.150000 -0.000000 0.020000
v 0.020000 -0.000000 0.200000
v 0.020000 0.030000 0.200000
v 0.000000 0.000000 0.200000
v 0.000000 0.030000 0.200000
v 0.020000 -0.000000 0.020000
v 0.020000 0.030000 0.020000
v 0.000000 0.030000 0.020000
v 0.013750 0.005000 0.005000
v 0.012500 0.005000 0.005000
v 0.011250 0.005000 0.005000
v 0.010000 0.005000 0.005000
v 0.008750 0.005000 0.005000
v 0.007500 0.005000 0.005000
v 0.006250 0.005000 0.005000
v 0.015000 0.007500 0.005000
v 0.015000 0.010000 0.005000
v 0.015000 0.012500 0.005000
v 0.015000 0.015000 0.005000
v 0.015000 0.017500 0.005000
v 0.015000 0.020000 0.005000
v 0.015000 0.022500 0.005000
v 0.013750 0.022500 0.005000
v 0.012500 0.020000 0.005000
v 0.011250 0.017500 0.005000
v 0.010000 0.015000 0.005000
v 0.008750 0.012500 0.005000
v 0.007500 0.010000 0.005000
v 0.006250 0.007500 0.005000
v 0.005000 0.007500 0.005000
v 0.005000 0.010000 0.005000
v 0.005000 0.012500 0.005000
v 0.005000 0.015000 0.005000
v 0.005000 0.017500 0.005000
v 0.005000 0.020000 0.005000
v 0.005000 0.022500 0.005000
v 0.013750 0.025000 0.005000
v 0.012500 0.025000 0.005000
v 0.011250 0.025000 0.005000
v 0.010000 0.025000 0.005000
v 0.008750 0.025000 0.005000
v 0.007500 0.025000 0.005000
v 0.006250 0.025000 0.005000
v 0.005000 0.005000 0.006875
v 0.005000 0.005000 0.008750
v 0.005000 0.005000 0.010625
v 0.005000 0.005000 0.012500
v 0.005000 0.005000 0.014375
v 0.005000 0.005000 0.016250
v 0.005000 0.005000 0.018125
v 0.005000 0.022500 0.006875
v 0.005000 0.020000 0.008750
v 0.005000 0.017500 0.010625
v 0.005000 0.015000 0.012500
v 0.005000 0.012500 0.014375
v 0.005000 0.010000 0.016250
v 0.005000 0.007500 0.018125
v 0.005000 0.007500 0.020000
v 0.005000 0.010000 0.020000
v 0.005000 0.012500 0.020000
v 0.005000 0.015000 0.020000
v 0.005000 0.017500 0.020000
v 0.005000 0.020000 0.020000
v 0.005000 0.022500 0.020000
v 0.005000 0.025000 0.006875
v 0.005000 0.025000 0.008750
v 0.005000 0.025000 0.010625
v 0.005000 0.025000 0.012500
v 0.005000 0.025000 0.014375
v 0.005000 0.025000 0.016250
v 0.005000 0.025000 0.018125
v 0.013750 0.025000 0.006875
v 0.012500 0.025000 0.008750
v 0.011250 0.025000 0.010625
v 0.010000 0.025000 0.012500
v 0.008750 0.025000 0.014375
v 0.007500 0.025000 0.016250
v 0.006250 0.025000 0.018125
v 0.006250 0.025000 0.020000
v 0.007500 0.025000 0.020000
v 0.008750 0.025000 0.020000
v 0.010000 0.025000 0.020000
v 0.011250 0.025000 0.020000
v 0.012500 0.025000 0.020000
v 0.013750 0.025000 0.020000
v 0.015000 0.025000 0.006875
v 0.015000 0.025000 0.008750
v 0.015000 0.025000 0.010625
v 0.015000 0.025000 0.012500
v 0.015000 0.025000 0.014375
v 0.015000 0.025000 0.016250
v 0.015000 0.025000 0.018125
v 0.015000 0.005000 0.006875
v 0.015000 0.005000 0.008750
v 0.015000 0.005000 0.010625
v 0.015000 0.005000 0.012500
v 0.015000 0.005000 0.014375
v 0.015000 0.005000 0.016250
v 0.015000 0.005000 0.018125
v 0.006250 0.005000 0.006875
v 0.007500 0.005000 0.008750
v 0.008750 0.005000 0.010625
v 0.010000 0.005000 0.012500
v 0.011250 0.005000 0.014375
v 0.012500 0.005000 0.016250
v 0.013750 0.005000 0.018125
v 0.006250 0.005000 0.020000
v 0.007500 0.005000 0.020000
v 0.008750 0.005000 0.020000
v 0.010000 0.005000 0.020000
v 0.011250 0.005000 0.020000
v 0.012500 0.005000 0.020000
v 0.013750 0.005000 0.020000
v 0.015000 0.007500 0.006875
v 0.015000 0.010000 0.008750
v 0.015000 0.012500 0.010625
v 0.015000 0.015000 0.012500
v 0.015000 0.017500 0.014375
v 0.015000 0.020000 0.016250
v 0.015000 0.022500 0.018125
v 0.015000 0.022500 0.020000
v 0.015000 0.020000 0.020000
v 0.015000 0.017500 0.020000
v 0.015000 0.015000 0.020000
v 0.015000 0.012500 0.020000
v 0.015000 0.010000 0.020000
v 0.015000 0.007500 0.020000
v 0.000000 0.100000 0.002500
v 0.000000 0.100000 0.005000
v 0.000000 0.100000 0.007500
v 0.000000 0.100000 0.010000
v 0.000000 0.100000 0.012500
v 0.000000 0.100000 0.015000
v 0.000000 0.100000 0.017500
v 0.000000 0.087500 0.000000
v 0.000000 0.075000 0.000000
v 0.000000 0.062500 0.000000
v 0.000000 0.050000 0.000000
v 0.000000 0.037500 0.000000
v 0.000000 0.025000 0.000000
v 0.000000 0.012500 0.000000
v 0.000000 0.012500 0.002500
v 0.000000 0.025000 0.005000
v 0.000000 0.037500 0.007500
v 0.000000 0.050000 0.010000
v 0.000000 0.062500 0.012500
v 0.000000 0.075000 0.015000
v 0.000000 0.087500 0.017500
v 0.000000 0.087500 0.020000
v 0.000000 0.075000 0.020000
v 0.000000 0.062500 0.020000
v 0.000000 0.050000 0.020000
v 0.000000 0.037500 0.020000
v 0.000000 0.025000 0.020000
v 0.000000 0.012500 0.020000
v 0.000000 0.000000 0.002500
v 0.000000 0.000000 0.005000
v 0.000000 0.000000 0.007500
v 0.000000 0.000000 0.010000
v 0.000000 0.000000 0.012500
v 0.000000 0.000000 0.015000
v 0.000000 0.000000 0.017500
v 0.030000 0.100000 0.002500
v 0.030000 0.100000 0.005000
v 0.030000 0.100000 0.007500
v 0.030000 0.100000 0.010000
v 0.030000 0.100000 0.012500
v 0.030000 0.100000 0.015000
v 0.030000 0.100000 0.017500
v 0.003750 0.100000 0.000000
v 0.007500 0.100000 0.000000
v 0.011250 0.100000 0.000000
v 0.015000 0.100000 0.000000
v 0.018750 0.100000 0.000000
v 0.022500 0.100000 0.000000
v 0.026250 0.100000 0.000000
v 0.003750 0.100000 0.002500
v 0.007500 0.100000 0.005000
v 0.011250 0.100000 0.007500
v 0.015000 0.100000 0.010000
v 0.018750 0.100000 0.012500
v 0.022500 0.100000 0.015000
v 0.026250 0.100000 0.017500
v 0.003750 0.100000 0.020000
v 0.007500 0.100000 0.020000
v 0.011250 0.100000 0.020000
v 0.015000 0.100000 0.020000
v 0.018750 0.100000 0.020000
v 0.022500 0.100000 0.020000
v 0.026250 0.100000 0.020000
v 0.030000 0.030000 0.002500
v 0.030000 0.030000 0.005000
v 0.030000 0.030000 0.007500
v 0.030000 0.030000 0.010000
v 0.030000 0.030000 0.012500
v 0.030000 0.030000 0.015000
v 0.030000 0.030000 0.017500
v 0.030000 0.091250 0.000000
v 0.030000 0.082500 0.000000
v 0.030000 0.073750 0.000000
v 0.030000 0.065000 0.000000
v 0.030000 0.056250 0.000000
v 0.030000 0.047500 0.000000
v 0.030000 0.038750 0.000000
v 0.030000 0.091250 0.002500
v 0.030000 0.082500 0.005000
v 0.030000 0.073750 0.007500
v 0.030000 0.065000 0.010000
v 0.030000 0.056250 0.012500
v 0.030000 0.047500 0.015000
v 0.030000 0.038750 0.017500
v 0.030000 0.091250 0.020000
v 0.030000 0.082500 0.020000
v 0.030000 0.073750 0.020000
v 0.030000 0.065000 0.020000
v 0.030000 0.056250 0.020000
v 0.030000 0.047500 0.020000
v 0.030000 0.038750 0.020000
v 0.150000 0.030000 0.002500
v 0.150000 0.030000 0.005000
v 0.150000 0.030000 0.007500
v 0.150000 0.030000 0.010000
v 0.150000 0.030000 0.012500
v 0.150000 0.030000 0.015000
v 0.150000 0.030000 0.017500
v 0.045000 0.030000 0.000000
v 0.060000 0.030000 0.000000
v 0.075000 0.030000 0.000000
v 0.090000 0.030000 0.000000
v 0.105000 0.030000 0.000000
v 0.120000 0.030000 0.000000
v 0.135000 0.030000 0.000000
v 0.045000 0.030000 0.002500
v 0.060000 0.030000 0.005000
v 0.075000 0.030000 0.007500
v 0.090000 0.030000 0.010000
v 0.105000 0.030000 0.012500
v 0.120000 0.030000 0.015000
v 0.135000 0.030000 0.017500
v 0.045000 0.030000 0.020000
v 0.060000 0.030000 0.020000
v 0.075000 0.030000 0.020000
v 0.090000 0.030000 0.020000
v 0.105000 0.030000 0.020000
v 0.120000 0.030000 0.020000
v 0.135000 0.030000 0.020000
v 0.150000 -0.000000 0.002500
v 0.150000 -0.000000 0.005000
v 0.150000 -0.000000 0.007500
v 0.150000 -0.000000 0.010000
v 0.150000 -0.000000 0.012500
v 0.150000 -0.000000 0.015000
v 0.150000 -0.000000 0.017500
v 0.150000 0.026250 0.000000
v 0.150000 0.022500 0.000000
v 0.150000 0.018750 0.000000
v 0.150000 0.015000 0.000000
v 0.150000 0.011250 0.000000
v 0.150000 0.007500 0.000000
v 0.150000 0.003750 0.000000
v 0.150000 0.026250 0.002500
v 0.150000 0.022500 0.005000
v 0.150000 0.018750 0.007500
v 0.150000 0.015000 0.010000
v 0.150000 0.011250 0.012500
v 0.150000 0.007500 0.015000
v 0.150000 0.003750 0.017500
v 0.150000 0.026250 0.020000
v 0.150000 0.022500 0.020000
v 0.150000 0.018750 0.020000
v 0.150000 0.015000 0.020000
v 0.150000 0.011250 0.020000
v 0.150000 0.007500 0.020000
v 0.150000 0.003750 0.020000
v 0.018750 -0.000000 0.000000
v 0.037500 -0.000000 0.000000
v 0.056250 -0.000000 0.000000
v 0.075000 -0.000000 0.000000
v 0.093750 -0.000000 0.000000
v 0.112500 -0.000000 0.000000
v 0.131250 -0.000000 0.000000
v 0.018750 -0.000000 0.017500
v 0.037500 -0.000000 0.015000
v 0.056250 -0.000000 0.012500
v 0.075000 -0.000000 0.010000
v 0.093750 -0.000000 0.007500
v 0.112500 -0.000000 0.005000
v 0.131250 -0.000000 0.002500
v 0.018750 -0.000000 0.020000
v 0.037500 -0.000000 0.020000
v 0.056250 -0.000000 0.020000
v 0.075000 -0.000000 0.020000
v 0.093750 -0.000000 0.020000
v 0.112500 -0.000000 0.020000
v 0.131250 -0.000000 0.020000
v 0.008125 0.025625 0.020000
v 0.011250 0.026250 0.020000
v 0.014375 0.026875 0.020000
v 0.017500 0.027500 0.020000
v 0.020625 0.028125 0.020000
v 0.023750 0.028750 0.020000
v 0.026875 0.029375 0.020000
v 0.016875 0.025625 0.020000
v 0.018750 0.026250 0.020000
v 0.020625 0.026875 0.020000
v 0.022500 0.027500 0.020000
v 0.024375 0.028125 0.020000
v 0.026250 0.028750 0.020000
v 0.028125 0.029375 0.020000
v 0.016875 0.008125 0.020000
v 0.018750 0.011250 0.020000
v 0.020625 0.014375 0.020000
v 0.022500 0.017500 0.020000
v 0.024375 0.020625 0.020000
v 0.026250 0.023750 0.020000
v 0.028125 0.026875 0.020000
v 0.045000 0.026250 0.020000
v 0.060000 0.022500 0.020000
v 0.075000 0.018750 0.020000
v 0.090000 0.015000 0.020000
v 0.105000 0.011250 0.020000
v 0.120000 0.007500 0.020000
v 0.135000 0.003750 0.020000
v 0.031875 0.004375 0.020000
v 0.048750 0.003750 0.020000
v 0.065625 0.003125 0.020000
v 0.082500 0.002500 0.020000
v 0.099375 0.001875 0.020000
v 0.116250 0.001250 0.020000
v 0.133125 0.000625 0.020000
v 0.013125 0.004375 0.020000
v 0.011250 0.003750 0.020000
v 0.009375 0.003125 0.020000
v 0.007500 0.002500 0.020000
v 0.005625 0.001875 0.020000
v 0.003750 0.001250 0.020000
v 0.001875 0.000625 0.020000
v 0.004375 0.004375 0.020000
v 0.003750 0.003750 0.020000
v 0.003125 0.003125 0.020000
v 0.002500 0.002500 0.020000
v 0.001875 0.001875 0.020000
v 0.001250 0.001250 0.020000
v 0.000625 0.000625 0.020000
v 0.004375 0.021875 0.020000
v 0.003750 0.018750 0.020000
v 0.003125 0.015625 0.020000
v 0.002500 0.012500 0.020000
v 0.001875 0.009375 0.020000
v 0.001250 0.006250 0.020000
v 0.000625 0.003125 0.020000
v 0.003750 0.091250 0.020000
v 0.007500 0.082500 0.020000
v 0.011250 0.073750 0.020000
v 0.015000 0.065000 0.020000
v 0.018750 0.056250 0.020000
v 0.022500 0.047500 0.020000
v 0.026250 0.038750 0.020000
v 0.004375 0.034375 0.020000
v 0.003750 0.043750 0.020000
v 0.003125 0.053125 0.020000
v 0.002500 0.062500 0.020000
v 0.001875 0.071875 0.020000
v 0.001250 0.081250 0.020000
v 0.000625 0.090625 0.020000
v 0.045000 0.026250 0.000000
v 0.060000 0.022500 0.000000
v 0.075000 0.018750 0.000000
v 0.090000 0.015000 0.000000
v 0.105000 0.011250 0.000000
v 0.120000 0.007500 0.000000
v 0.135000 0.003750 0.000000
v 0.003750 0.003750 0.000000
v 0.007500 0.007500 0.000000
v 0.011250 0.011250 0.000000
v 0.015000 0.015000 0.000000
v 0.018750 0.018750 0.000000
v 0.022500 0.022500 0.000000
v 0.026250 0.026250 0.000000
v 0.003750 0.091250 0.000000
v 0.007500 0.082500 0.000000
v 0.011250 0.073750 0.000000
v 0.015000 0.065000 0.000000
v 0.018750 0.056250 0.000000
v 0.022500 0.047500 0.000000
v 0.026250 0.038750 0.000000
v 0.013750 0.005000 0.006875
v 0.012500 0.005000 0.008750
v 0.011250 0.005000 0.010625
v 0.010000 0.005000 0.012500
v 0.008750 0.005000 0.014375
v 0.007500 0.005000 0.016250
v 0.006250 0.005000 0.018125
v 0.005000 0.007500 0.006875
v 0.005000 0.010000 0.008750
v 0.005000 0.012500 0.010625
v 0.005000 0.015000 0.012500
v 0.005000 0.017500 0.014375
v 0.005000 0.020000 0.016250
v 0.005000 0.022500 0.018125
v 0.013750 0.007500 0.005000
v 0.012500 0.010000 0.005000
v 0.011250 0.012500 0.005000
v 0.010000 0.015000 0.005000
v 0.008750 0.017500 0.005000
v 0.007500 0.020000 0.005000
v 0.006250 0.022500 0.005000
v 0.015000 0.022500 0.006875
v 0.015000 0.020000 0.008750
v 0.015000 0.017500 0.010625
v 0.015000 0.015000 0.012500
v 0.015000 0.012500 0.014375
v 0.015000 0.010000 0.016250
v 0.015000 0.007500 0.018125
v 0.006250 0.025000 0.006875
v 0.007500 0.025000 0.008750
v 0.008750 0.025000 0.010625
v 0.010000 0.025000 0.012500
v 0.011250 0.025000 0.014375
v 0.012500 0.025000 0.016250
v 0.013750 0.025000 0.018125
v 0.017500 -0.000000 0.200000
v 0.015000 -0.000000 0.200000
v 0.012500 -0.000000 0.200000
v 0.010000 -0.000000 0.200000
v 0.007500 -0.000000 0.200000
v 0.005000 -0.000000 0.200000
v 0.002500 -0.000000 0.200000
v 0.020000 0.003750 0.200000
v 0.020000 0.007500 0.200000
v 0.020000 0.011250 0.200000
v 0.020000 0.015000 0.200000
v 0.020000 0.018750 0.200000
v 0.020000 0.022500 0.200000
v 0.020000 0.026250 0.200000
v 0.017500 0.026250 0.200000
v 0.015000 0.022500 0.200000
v 0.012500 0.018750 0.200000
v 0.010000 0.015000 0.200000
v 0.007500 0.011250 0.200000
v 0.005000 0.007500 0.200000
v 0.002500 0.003750 0.200000
v 0.000000 0.003750 0.200000
v 0.000000 0.007500 0.200000
v 0.000000 0.011250 0.200000
v 0.000000 0.015000 0.200000
v 0.000000 0.018750 0.200000
v 0.000000 0.022500 0.200000
v 0.000000 0.026250 0.200000
v 0.017500 0.030000 0.200000
v 0.015000 0.030000 0.200000
v 0.012500 0.030000 0.200000
v 0.010000 0.030000 0.200000
v 0.007500 0.030000 0.200000
v 0.005000 0.030000 0.200000
v 0.002500 0.030000 0.200000
v 0.000000 0.000000 0.042500
v 0.000000 0.000000 0.065000
v 0.000000 0.000000 0.087500
v 0.000000 0.000000 0.110000
v 0.000000 0.000000 0.132500
v 0.000000 0.000000 0.155000
v 0.000000 0.000000 0.177500
v 0.002500 -0.000000 0.020000
v 0.005000 -0.000000 0.020000
v 0.007500 -0.000000 0.020000
v 0.010000 -0.000000 0.020000
v 0.012500 -0.000000 0.020000
v 0.015000 -0.000000 0.020000
v 0.017500 -0.000000 0.020000
v 0.002500 -0.000000 0.177500
v 0.005000 -0.000000 0.155000
v 0.007500 -0.000000 0.132500
v 0.010000 -0.000000 0.110000
v 0.012500 -0.000000 0.087500
v 0.015000 -0.000000 0.065000
v 0.017500 -0.000000 0.042500
v 0.020000 -0.000000 0.177500
v 0.020000 -0.000000 0.155000
v 0.020000 -0.000000 0.132500
v 0.020000 -0.000000 0.110000
v 0.020000 -0.000000 0.087500
v 0.020000 -0.000000 0.065000
v 0.020000 -0.000000 0.042500
v 0.020000 0.003750 0.020000
v 0.020000 0.007500 0.020000
v 0.020000 0.011250 0.020000
v 0.020000 0.015000 0.020000
v 0.020000 0.018750 0.020000
v 0.020000 0.022500 0.020000
v 0.020000 0.026250 0.020000
v 0.020000 0.003750 0.177500
v 0.020000 0.007500 0.155000
v 0.020000 0.011250 0.132500
v 0.020000 0.015000 0.110000
v 0.020000 0.018750 0.087500
v 0.020000 0.022500 0.065000
v 0.020000 0.026250 0.042500
v 0.020000 0.030000 0.177500
v 0.020000 0.030000 0.155000
v 0.020000 0.030000 0.132500
v 0.020000 0.030000 0.110000
v 0.020000 0.030000 0.087500
v 0.020000 0.030000 0.065000
v 0.020000 0.030000 0.042500
v 0.017500 0.030000 0.020000
v 0.015000 0.030000 0.020000
v 0.012500 0.030000 0.020000
v 0.010000 0.030000 0.020000
v 0.007500 0.030000 0.020000
v 0.005000 0.030000 0.020000
v 0.002500 0.030000 0.020000
v 0.017500 0.030000 0.177500
v 0.015000 0.030000 0.155000
v 0.012500 0.030000 0.132500
v 0.010000 0.030000 0.110000
v 0.007500 0.030000 0.087500
v 0.005000 0.030000 0.065000
v 0.002500 0.030000 0.042500
v 0.000000 0.030000 0.177500
v 0.000000 0.030000 0.155000
v 0.000000 0.030000 0.132500
v 0.000000 0.030000 0.110000
v 0.000000 0.030000 0.087500
v 0.000000 0.030000 0.065000
v 0.000000 0.030000 0.042500
v 0.000000 0.003750 0.020000
v 0.000000 0.007500 0.020000
v 0.000000 0.011250 0.020000
v 0.000000 0.015000 0.020000
v 0.000000 0.018750 0.020000
v 0.000000 0.022500 0.020000
v 0.000000 0.026250 0.020000
v 0.000000 0.003750 0.042500
v 0.000000 0.007500 0.065000
v 0.000000 0.011250 0.087500
v 0.000000 0.015000 0.110000
v 0.000000 0.018750 0.132500
v 0.000000 0.022500 0.155000
v 0.000000 0.026250 0.177500
v 0.015625 0.004375 0.020000
v 0.016250 0.003750 0.020000
v 0.016875 0.003125 0.020000
v 0.017500 0.002500 0.020000
v 0.018125 0.001875 0.020000
v 0.018750 0.001250 0.020000
v 0.019375 0.000625 0.020000
v 0.006875 0.004375 0.020000
v 0.008750 0.003750 0.020000
v 0.010625 0.003125 0.020000
v 0.012500 0.002500 0.020000
v 0.014375 0.001875 0.020000
v 0.016250 0.001250 0.020000
v 0.018125 0.000625 0.020000
v 0.004375 0.008125 0.020000
v 0.003750 0.011250 0.020000
v 0.003125 0.014375 0.020000
v 0.002500 0.017500 0.020000
v 0.001875 0.020625 0.020000
v 0.001250 0.023750 0.020000
v 0.000625 0.026875 0.020000
v 0.015625 0.021875 0.020000
v 0.016250 0.018750 0.020000
v 0.016875 0.015625 0.020000
v 0.017500 0.012500 0.020000
v 0.018125 0.009375 0.020000
v 0.018750 0.006250 0.020000
v 0.019375 0.003125 0.020000
v 0.015625 0.025625 0.020000
v 0.016250 0.026250 0.020000
v 0.016875 0.026875 0.020000
v 0.017500 0.027500 0.020000
v 0.018125 0.028125 0.020000
v 0.018750 0.028750 0.020000
v 0.019375 0.029375 0.020000
v 0.006875 0.025625 0.020000
v 0.008750 0.026250 0.020000
v 0.010625 0.026875 0.020000
v 0.012500 0.027500 0.020000
v 0.014375 0.028125 0.020000
v 0.016250 0.028750 0.020000
v 0.018125 0.029375 0.020000
v 0.004375 0.025625 0.020000
v 0.003750 0.026250 0.020000
v 0.003125 0.026875 0.020000
v 0.002500 0.027500 0.020000
v 0.001875 0.028125 0.020000
v 0.001250 0.028750 0.020000
v 0.000625 0.029375 0.020000
v 0.011667 0.011667 0.005000
v 0.013847 0.007307 0.005000
v 0.013918 0.009564 0.005000
v 0.013986 0.011808 0.005000
v 0.014075 0.014075 0.005000
v 0.012718 0.007164 0.005000
v 0.012893 0.009215 0.005000
v 0.013051 0.011211 0.005000
v 0.013228 0.013228 0.005000
v 0.011596 0.007029 0.005000
v 0.011895 0.008898 0.005000
v 0.012164 0.010672 0.005000
v 0.012434 0.012434 0.005000
v 0.013847 0.020387 0.005000
v 0.012718 0.018271 0.005000
v 0.011596 0.016164 0.005000
v 0.010462 0.014075 0.005000
v 0.013918 0.018271 0.005000
v 0.012893 0.016570 0.005000
v 0.011895 0.014892 0.005000
v 0.010886 0.013228 0.005000
v 0.013986 0.016164 0.005000
v 0.013051 0.014892 0.005000
v 0.012164 0.013657 0.005000
v 0.011283 0.012434 0.005000
v 0.007307 0.007307 0.005000
v 0.008364 0.007164 0.005000
v 0.009418 0.007029 0.005000
v 0.010462 0.006850 0.005000
v 0.008364 0.009564 0.005000
v 0.009215 0.009215 0.005000
v 0.010054 0.008898 0.005000
v 0.010886 0.008544 0.005000
v 0.009418 0.011808 0.005000
v 0.010054 0.011211 0.005000
v 0.010672 0.010672 0.005000
v 0.011283 0.010132 0.005000
v 0.008333 0.018333 0.005000
v 0.006153 0.009613 0.005000
v 0.007282 0.011729 0.005000
v 0.008404 0.013836 0.005000
v 0.009538 0.015925 0.005000
v 0.006082 0.011729 0.005000
v 0.007107 0.013430 0.005000
v 0.008105 0.015108 0.005000
v 0.009114 0.016772 0.005000
v 0.006014 0.013836 0.005000
v 0.006949 0.015108 0.005000
v 0.007836 0.016343 0.005000
v 0.008717 0.017566 0.005000
v 0.012693 0.022693 0.005000
v 0.011636 0.022836 0.005000
v 0.010582 0.022971 0.005000
v 0.009538 0.023150 0.005000
v 0.011636 0.020436 0.005000
v 0.010785 0.020785 0.005000
v 0.009946 0.021102 0.005000
v 0.009114 0.021456 0.005000
v 0.010582 0.018192 0.005000
v 0.009946 0.018789 0.005000
v 0.009328 0.019328 0.005000
v 0.008717 0.019868 0.005000
v 0.006153 0.022693 0.005000
v 0.006082 0.020436 0.005000
v 0.006014 0.018192 0.005000
v 0.005925 0.015925 0.005000
v 0.007282 0.022836 0.005000
v 0.007107 0.020785 0.005000
v 0.006949 0.018789 0.005000
v 0.006772 0.016772 0.005000
v 0.008404 0.022971 0.005000
v 0.008105 0.021102 0.005000
v 0.007836 0.019328 0.005000
v 0.007566 0.017566 0.005000
v 0.005000 0.011667 0.010000
v 0.005000 0.007307 0.006730
v 0.005000 0.009564 0.006623
v 0.005000 0.011808 0.006521
v 0.005000 0.014075 0.006387
v 0.005000 0.007164 0.008423
v 0.005000 0.009215 0.008161
v 0.005000 0.011211 0.007923
v 0.005000 0.013228 0.007658
v 0.005000 0.007029 0.010106
v 0.005000 0.008898 0.009658
v 0.005000 0.010672 0.009254
v 0.005000 0.012434 0.008849
v 0.005000 0.020387 0.006730
v 0.005000 0.018271 0.008423
v 0.005000 0.016164 0.010106
v 0.005000 0.014075 0.011806
v 0.005000 0.018271 0.006623
v 0.005000 0.016570 0.008161
v 0.005000 0.014892 0.009658
v 0.005000 0.013228 0.011171
v 0.005000 0.016164 0.006521
v 0.005000 0.014892 0.007923
v 0.005000 0.013657 0.009254
v 0.005000 0.012434 0.010575
v 0.005000 0.007307 0.016540
v 0.005000 0.007164 0.014953
v 0.005000 0.007029 0.013373
v 0.005000 0.006850 0.011806
v 0.005000 0.009564 0.014953
v 0.005000 0.009215 0.013678
v 0.005000 0.008898 0.012419
v 0.005000 0.008544 0.011171
v 0.005000 0.011808 0.013373
v 0.005000 0.011211 0.012419
v 0.005000 0.010672 0.011493
v 0.005000 0.010132 0.010575
v 0.005000 0.018333 0.015000
v 0.005000 0.009613 0.018270
v 0.005000 0.011729 0.016577
v 0.005000 0.013836 0.014894
v 0.005000 0.015925 0.013194
v 0.005000 0.011729 0.018377
v 0.005000 0.013430 0.016839
v 0.005000 0.015108 0.015342
v 0.005000 0.016772 0.013829
v 0.005000 0.013836 0.018479
v 0.005000 0.015108 0.017077
v 0.005000 0.016343 0.015746
v 0.005000 0.017566 0.014425
v 0.005000 0.022693 0.008460
v 0.005000 0.022836 0.010047
v 0.005000 0.022971 0.011627
v 0.005000 0.023150 0.013194
v 0.005000 0.020436 0.010047
v 0.005000 0.020785 0.011322
v 0.005000 0.021102 0.012581
v 0.005000 0.021456 0.013829
v 0.005000 0.018192 0.011627
v 0.005000 0.018789 0.012581
v 0.005000 0.019328 0.013507
v 0.005000 0.019868 0.014425
v 0.005000 0.022693 0.018270
v 0.005000 0.020436 0.018377
v 0.005000 0.018192 0.018479
v 0.005000 0.015925 0.018613
v 0.005000 0.022836 0.016577
v 0.005000 0.020785 0.016839
v 0.005000 0.018789 0.017077
v 0.005000 0.016772 0.017342
v 0.005000 0.022971 0.014894
v 0.005000 0.021102 0.015342
v 0.005000 0.019328 0.015746
v 0.005000 0.017566 0.016151
v 0.008333 0.025000 0.010000
v 0.006153 0.025000 0.006730
v 0.007282 0.025000 0.006623
v 0.008404 0.025000 0.006521
v 0.009538 0.025000 0.006387
v 0.006082 0.025000 0.008423
v 0.007107 0.025000 0.008161
v 0.008105 0.025000 0.007923
v 0.009114 0.025000 0.007658
v 0.006014 0.025000 0.010106
v 0.006949 0.025000 0.009658
v 0.007836 0.025000 0.009254
v 0.008717 0.025000 0.008849
v 0.012693 0.025000 0.006730
v 0.011636 0.025000 0.008423
v 0.010582 0.025000 0.010106
v 0.009538 0.025000 0.011806
v 0.011636 0.025000 0.006623
v 0.010785 0.025000 0.008161
v 0.009946 0.025000 0.009658
v 0.009114 0.025000 0.011171
v 0.010582 0.025000 0.006521
v 0.009946 0.025000 0.007923
v 0.009328 0.025000 0.009254
v 0.008717 0.025000 0.010575
v 0.006153 0.025000 0.016540
v 0.006082 0.025000 0.014953
v 0.006014 0.025000 0.013373
v 0.005925 0.025000 0.011806
v 0.007282 0.025000 0.014953
v 0.007107 0.025000 0.013678
v 0.006949 0.025000 0.012419
v 0.006772 0.025000 0.011171
v 0.008404 0.025000 0.013373
v 0.008105 0.025000 0.012419
v 0.007836 0.025000 0.011493
v 0.007566 0.025000 0.010575
v 0.011667 0.025000 0.015000
v 0.007307 0.025000 0.018270
v 0.008364 0.025000 0.016577
v 0.009418 0.025000 0.014894
v 0.010462 0.025000 0.013194
v 0.008364 0.025000 0.018377
v 0.009215 0.025000 0.016839
v 0.010054 0.025000 0.015342
v 0.010886 0.025000 0.013829
v 0.009418 0.025000 0.018479
v 0.010054 0.025000 0.017077
v 0.010672 0.025000 0.015746
v 0.011283 0.025000 0.014425
v 0.013847 0.025000 0.008460
v 0.013918 0.025000 0.010047
v 0.013986 0.025000 0.011627
v 0.014075 0.025000 0.013194
v 0.012718 0.025000 0.010047
v 0.012893 0.025000 0.011322
v 0.013051 0.025000 0.012581
v 0.013228 0.025000 0.013829
v 0.011596 0.025000 0.011627
v 0.011895 0.025000 0.012581
v 0.012164 0.025000 0.013507
v 0.012434 0.025000 0.014425
v 0.013847 0.025000 0.018270
v 0.012718 0.025000 0.018377
v 0.011596 0.025000 0.018479
v 0.010462 0.025000 0.018613
v 0.013918 0.025000 0.016577
v 0.012893 0.025000 0.016839
v 0.011895 0.025000 0.017077
v 0.010886 0.025000 0.017342
v 0.013986 0.025000 0.014894
v 0.013051 0.025000 0.015342
v 0.012164 0.025000 0.015746
v 0.011283 0.025000 0.016151
v 0.011667 0.005000 0.010000
v 0.013847 0.005000 0.006730
v 0.012718 0.005000 0.006623
v 0.011596 0.005000 0.006521
v 0.010462 0.005000 0.006387
v 0.013918 0.005000 0.008423
v 0.012893 0.005000 0.008161
v 0.011895 0.005000 0.007923
v 0.010886 0.005000 0.007658
v 0.013986 0.005000 0.010106
v 0.013051 0.005000 0.009658
v 0.012164 0.005000 0.009254
v 0.011283 0.005000 0.008849
v 0.007307 0.005000 0.006730
v 0.008364 0.005000 0.008423
v 0.009418 0.005000 0.010106
v 0.010462 0.005000 0.011806
v 0.008364 0.005000 0.006623
v 0.009215 0.005000 0.008161
v 0.010054 0.005000 0.009658
v 0.010886 0.005000 0.011171
v 0.009418 0.005000 0.006521
v 0.010054 0.005000 0.007923
v 0.010672 0.005000 0.009254
v 0.011283 0.005000 0.010575
v 0.013847 0.005000 0.016540
v 0.013918 0.005000 0.014953
v 0.013986 0.005000 0.013373
v 0.014075 0.005000 0.011806
v 0.012718 0.005000 0.014953
v 0.012893 0.005000 0.013678
v 0.013051 0.005000 0.012419
v 0.013228 0.005000 0.011171
v 0.011596 0.005000 0.013373
v 0.011895 0.005000 0.012419
v 0.012164 0.005000 0.011493
v 0.012434 0.005000 0.010575
v 0.008333 0.005000 0.015000
v 0.012693 0.005000 0.018270
v 0.011636 0.005000 0.016577
v 0.010582 0.005000 0.014894
v 0.009538 0.005000 0.013194
v 0.011636 0.005000 0.018377
v 0.010785 0.005000 0.016839
v 0.009946 0.005000 0.015342
v 0.009114 0.005000 0.013829
v 0.010582 0.005000 0.018479
v 0.009946 0.005000 0.017077
v 0.009328 0.005000 0.015746
v 0.008717 0.005000 0.014425
v 0.006153 0.005000 0.008460
v 0.006082 0.005000 0.010047
v 0.006014 0.005000 0.011627
v 0.005925 0.005000 0.013194
v 0.007282 0.005000 0.010047
v 0.007107 0.005000 0.011322
v 0.006949 0.005000 0.012581
v 0.006772 0.005000 0.013829
v 0.008404 0.005000 0.011627
v 0.008105 0.005000 0.012581
v 0.007836 0.005000 0.013507
v 0.007566 0.005000 0.014425
v 0.006153 0.005000 0.018270
v 0.007282 0.005000 0.018377
v 0.008404 0.005000 0.018479
v 0.009538 0.005000 0.018613
v 0.006082 0.005000 0.016577
v 0.007107 0.005000 0.016839
v 0.008105 0.005000 0.017077
v 0.009114 0.005000 0.017342
v 0.006014 0.005000 0.014894
v 0.006949 0.005000 0.015342
v 0.007836 0.005000 0.015746
v 0.008717 0.005000 0.016151
v 0.015000 0.018333 0.010000
v 0.015000 0.022693 0.006730
v 0.015000 0.020436 0.006623
v 0.015000 0.018192 0.006521
v 0.015000 0.015925 0.006387
v 0.015000 0.022836 0.008423
v 0.015000 0.020785 0.008161
v 0.015000 0.018789 0.007923
v 0.015000 0.016772 0.007658
v 0.015000 0.022971 0.010106
v 0.015000 0.021102 0.009658
v 0.015000 0.019328 0.009254
v 0.015000 0.017566 0.008849
v 0.015000 0.009613 0.006730
v 0.015000 0.011729 0.008423
v 0.015000 0.013836 0.010106
v 0.015000 0.015925 0.011806
v 0.015000 0.011729 0.006623
v 0.015000 0.013430 0.008161
v 0.015000 0.015108 0.009658
v 0.015000 0.016772 0.011171
v 0.015000 0.013836 0.006521
v 0.015000 0.015108 0.007923
v 0.015000 0.016343 0.009254
v 0.015000 0.017566 0.010575
v 0.015000 0.022693 0.016540
v 0.015000 0.022836 0.014953
v 0.015000 0.022971 0.013373
v 0.015000 0.023150 0.011806
v 0.015000 0.020436 0.014953
v 0.015000 0.020785 0.013678
v 0.015000 0.021102 0.012419
v 0.015000 0.021456 0.011171
v 0.015000 0.018192 0.013373
v 0.015000 0.018789 0.012419
v 0.015000 0.019328 0.011493
v 0.015000 0.019868 0.010575
v 0.015000 0.011667 0.015000
v 0.015000 0.020387 0.018270
v 0.015000 0.018271 0.016577
v 0.015000 0.016164 0.014894
v 0.015000 0.014075 0.013194
v 0.015000 0.018271 0.018377
v 0.015000 0.016570 0.016839
v 0.015000 0.014892 0.015342
v 0.015000 0.013228 0.013829
v 0.015000 0.016164 0.018479
v 0.015000 0.014892 0.017077
v 0.015000 0.013657 0.015746
v 0.015000 0.012434 0.014425
v 0.015000 0.007307 0.008460
v 0.015000 0.007164 0.010047
v 0.015000 0.007029 0.011627
v 0.015000 0.006850 0.013194
v 0.015000 0.009564 0.010047
v 0.015000 0.009215 0.011322
v 0.015000 0.008898 0.012581
v 0.015000 0.008544 0.013829
v 0.015000 0.011808 0.011627
v 0.015000 0.011211 0.012581
v 0.015000 0.010672 0.013507
v 0.015000 0.010132 0.014425
v 0.015000 0.007307 0.018270
v 0.015000 0.009564 0.018377
v 0.015000 0.011808 0.018479
v 0.015000 0.014075 0.018613
v 0.015000 0.007164 0.016577
v 0.015000 0.009215 0.016839
v 0.015000 0.011211 0.017077
v 0.015000 0.013228 0.017342
v 0.015000 0.007029 0.014894
v 0.015000 0.008898 0.015342
v 0.015000 0.010672 0.015746
v 0.015000 0.012434 0.016151
v 0.000000 0.066667 0.006667
v 0.000000 0.088467 0.002307
v 0.000000 0.077178 0.002164
v 0.000000 0.065962 0.002029
v 0.000000 0.054624 0.001850
v 0.000000 0.089179 0.004564
v 0.000000 0.078926 0.004215
v 0.000000 0.068946 0.003898
v 0.000000 0.058859 0.003544
v 0.000000 0.089857 0.006808
v 0.000000 0.080512 0.006211
v 0.000000 0.071642 0.005672
v 0.000000 0.062831 0.005132
v 0.000000 0.023066 0.002307
v 0.000000 0.033644 0.004564
v 0.000000 0.044181 0.006808
v 0.000000 0.054624 0.009075
v 0.000000 0.033644 0.002164
v 0.000000 0.042148 0.004215
v 0.000000 0.050542 0.006211
v 0.000000 0.058859 0.008228
v 0.000000 0.044181 0.002029
v 0.000000 0.050542 0.003898
v 0.000000 0.056715 0.005672
v 0.000000 0.062831 0.007434
v 0.000000 0.088467 0.015387
v 0.000000 0.089179 0.013271
v 0.000000 0.089857 0.011164
v 0.000000 0.090752 0.009075
v 0.000000 0.077178 0.013271
v 0.000000 0.078926 0.011570
v 0.000000 0.080512 0.009892
v 0.000000 0.082282 0.008228
v 0.000000 0.065962 0.011164
v 0.000000 0.068946 0.009892
v 0.000000 0.071642 0.008657
v 0.000000 0.074338 0.007434
v 0.000000 0.033333 0.013333
v 0.000000 0.076934 0.017693
v 0.000000 0.066356 0.015436
v 0.000000 0.055819 0.013192
v 0.000000 0.045376 0.010925
v 0.000000 0.066356 0.017836
v 0.000000 0.057852 0.015785
v 0.000000 0.049458 0.013789
v 0.000000 0.041141 0.011772
v 0.000000 0.055819 0.017971
v 0.000000 0.049458 0.016102
v 0.000000 0.043285 0.014328
v 0.000000 0.037169 0.012566
v 0.000000 0.011533 0.004613
v 0.000000 0.010821 0.006729
v 0.000000 0.010143 0.008836
v 0.000000 0.009248 0.010925
v 0.000000 0.022822 0.006729
v 0.000000 0.021074 0.008430
v 0.000000 0.019488 0.010108
v 0.000000 0.017718 0.011772
v 0.000000 0.034038 0.008836
v 0.000000 0.031054 0.010108
v 0.000000 0.028358 0.011343
v 0.000000 0.025662 0.012566
v 0.000000 0.011533 0.017693
v 0.000000 0.022822 0.017836
v 0.000000 0.034038 0.017971
v 0.000000 0.045376 0.018150
v 0.000000 0.010821 0.015436
v 0.000000 0.021074 0.015785
v 0.000000 0.031054 0.016102
v 0.000000 0.041141 0.016456
v 0.000000 0.010143 0.013192
v 0.000000 0.019488 0.013789
v 0.000000 0.028358 0.014328
v 0.000000 0.037169 0.014868
v 0.020000 0.100000 0.006667
v 0.026540 0.100000 0.002307
v 0.023153 0.100000 0.002164
v 0.019789 0.100000 0.002029
v 0.016387 0.100000 0.001850
v 0.026754 0.100000 0.004564
v 0.023678 0.100000 0.004215
v 0.020684 0.100000 0.003898
v 0.017658 0.100000 0.003544
v 0.026957 0.100000 0.006808
v 0.024154 0.100000 0.006211
v 0.021493 0.100000 0.005672
v 0.018849 0.100000 0.005132
v 0.006920 0.100000 0.002307
v 0.010093 0.100000 0.004564
v 0.013254 0.100000 0.006808
v 0.016387 0.100000 0.009075
v 0.010093 0.100000 0.002164
v 0.012644 0.100000 0.004215
v 0.015163 0.100000 0.006211
v 0.017658 0.100000 0.008228
v 0.013254 0.100000 0.002029
v 0.015163 0.100000 0.003898
v 0.017015 0.100000 0.005672
v 0.018849 0.100000 0.007434
v 0.026540 0.100000 0.015387
v 0.026754 0.100000 0.013271
v 0.026957 0.100000 0.011164
v 0.027226 0.100000 0.009075
v 0.023153 0.100000 0.013271
v 0.023678 0.100000 0.011570
v 0.024154 0.100000 0.009892
v 0.024685 0.100000 0.008228
v 0.019789 0.100000 0.011164
v 0.020684 0.100000 0.009892
v 0.021493 0.100000 0.008657
v 0.022302 0.100000 0.007434
v 0.010000 0.100000 0.013333
v 0.023080 0.100000 0.017693
v 0.019907 0.100000 0.015436
v 0.016746 0.100000 0.013192
v 0.013613 0.100000 0.010925
v 0.019907 0.100000 0.017836
v 0.017356 0.100000 0.015785
v 0.014837 0.100000 0.013789
v 0.012342 0.100000 0.011772
v 0.016746 0.100000 0.017971
v 0.014837 0.100000 0.016102
v 0.012985 0.100000 0.014328
v 0.011151 0.100000 0.012566
v 0.003460 0.100000 0.004613
v 0.003246 0.100000 0.006729
v 0.003043 0.100000 0.008836
v 0.002774 0.100000 0.010925
v 0.006847 0.100000 0.006729
v 0.006322 0.100000 0.008430
v 0.005847 0.100000 0.010108
v 0.005315 0.100000 0.011772
v 0.010211 0.100000 0.008836
v 0.009316 0.100000 0.010108
v 0.008507 0.100000 0.011343
v 0.007698 0.100000 0.012566
v 0.003460 0.100000 0.017693
v 0.006847 0.100000 0.017836
v 0.010211 0.100000 0.017971
v 0.013613 0.100000 0.018150
v 0.003246 0.100000 0.015436
v 0.006322 0.100000 0.015785
v 0.009316 0.100000 0.016102
v 0.012342 0.100000 0.016456
v 0.003043 0.100000 0.013192
v 0.005847 0.100000 0.013789
v 0.008507 0.100000 0.014328
v 0.011151 0.100000 0.014868
v 0.030000 0.053333 0.006667
v 0.030000 0.038073 0.002307
v 0.030000 0.045976 0.002164
v 0.030000 0.053827 0.002029
v 0.030000 0.061763 0.001850
v 0.030000 0.037575 0.004564
v 0.030000 0.044752 0.004215
v 0.030000 0.051738 0.003898
v 0.030000 0.058799 0.003544
v 0.030000 0.037100 0.006808
v 0.030000 0.043642 0.006211
v 0.030000 0.049850 0.005672
v 0.030000 0.056018 0.005132
v 0.030000 0.083854 0.002307
v 0.030000 0.076449 0.004564
v 0.030000 0.069073 0.006808
v 0.030000 0.061763 0.009075
v 0.030000 0.076449 0.002164
v 0.030000 0.070497 0.004215
v 0.030000 0.064620 0.006211
v 0.030000 0.058799 0.008228
v 0.030000 0.069073 0.002029
v 0.030000 0.064620 0.003898
v 0.030000 0.060299 0.005672
v 0.030000 0.056018 0.007434
v 0.030000 0.038073 0.015387
v 0.030000 0.037575 0.013271
v 0.030000 0.037100 0.011164
v 0.030000 0.036474 0.009075
v 0.030000 0.045976 0.013271
v 0.030000 0.044752 0.011570
v 0.030000 0.043642 0.009892
v 0.030000 0.042402 0.008228
v 0.030000 0.053827 0.011164
v 0.030000 0.051738 0.009892
v 0.030000 0.049850 0.008657
v 0.030000 0.047963 0.007434
v 0.030000 0.076667 0.013333
v 0.030000 0.046146 0.017693
v 0.030000 0.053551 0.015436
v 0.030000 0.060927 0.013192
v 0.030000 0.068237 0.010925
v 0.030000 0.053551 0.017836
v 0.030000 0.059503 0.015785
v 0.030000 0.065380 0.013789
v 0.030000 0.071201 0.011772
v 0.030000 0.060927 0.017971
v 0.030000 0.065380 0.016102
v 0.030000 0.069701 0.014328
v 0.030000 0.073982 0.012566
v 0.030000 0.091927 0.004613
v 0.030000 0.092425 0.006729
v 0.030000 0.092900 0.008836
v 0.030000 0.093526 0.010925
v 0.030000 0.084024 0.006729
v 0.030000 0.085248 0.008430
v 0.030000 0.086358 0.010108
v 0.030000 0.087598 0.011772
v 0.030000 0.076173 0.008836
v 0.030000 0.078262 0.010108
v 0.030000 0.080150 0.011343
v 0.030000 0.082037 0.012566
v 0.030000 0.091927 0.017693
v 0.030000 0.084024 0.017836
v 0.030000 0.076173 0.017971
v 0.030000 0.068237 0.018150
v 0.030000 0.092425 0.015436
v 0.030000 0.085248 0.015785
v 0.030000 0.078262 0.016102
v 0.030000 0.071201 0.016456
v 0.030000 0.092900 0.013192
v 0.030000 0.086358 0.013789
v 0.030000 0.080150 0.014328
v 0.030000 0.073982 0.014868
v 0.110000 0.030000 0.006667
v 0.136161 0.030000 0.002307
v 0.122613 0.030000 0.002164
v 0.109154 0.030000 0.002029
v 0.095549 0.030000 0.001850
v 0.137014 0.030000 0.004564
v 0.124711 0.030000 0.004215
v 0.112735 0.030000 0.003898
v 0.100631 0.030000 0.003544
v 0.137828 0.030000 0.006808
v 0.126614 0.030000 0.006211
v 0.115971 0.030000 0.005672
v 0.105397 0.030000 0.005132
v 0.057679 0.030000 0.002307
v 0.070372 0.030000 0.004564
v 0.083017 0.030000 0.006808
v 0.095549 0.030000 0.009075
v 0.070372 0.030000 0.002164
v 0.080577 0.030000 0.004215
v 0.090651 0.030000 0.006211
v 0.100631 0.030000 0.008228
v 0.083017 0.030000 0.002029
v 0.090651 0.030000 0.003898
v 0.098058 0.030000 0.005672
v 0.105397 0.030000 0.007434
v 0.136161 0.030000 0.015387
v 0.137014 0.030000 0.013271
v 0.137828 0.030000 0.011164
v 0.138902 0.030000 0.009075
v 0.122613 0.030000 0.013271
v 0.124711 0.030000 0.011570
v 0.126614 0.030000 0.009892
v 0.128739 0.030000 0.008228
v 0.109154 0.030000 0.011164
v 0.112735 0.030000 0.009892
v 0.115971 0.030000 0.008657
v 0.119206 0.030000 0.007434
v 0.070000 0.030000 0.013333
v 0.122321 0.030000 0.017693
v 0.109628 0.030000 0.015436
v 0.096983 0.030000 0.013192
v 0.084451 0.030000 0.010925
v 0.109628 0.030000 0.017836
v 0.099423 0.030000 0.015785
v 0.089349 0.030000 0.013789
v 0.079369 0.030000 0.011772
v 0.096983 0.030000 0.017971
v 0.089349 0.030000 0.016102
v 0.081942 0.030000 0.014328
v 0.074603 0.030000 0.012566
v 0.043839 0.030000 0.004613
v 0.042986 0.030000 0.006729
v 0.042172 0.030000 0.008836
v 0.041098 0.030000 0.010925
v 0.057387 0.030000 0.006729
v 0.055289 0.030000 0.008430
v 0.053386 0.030000 0.010108
v 0.051261 0.030000 0.011772
v 0.070846 0.030000 0.008836
v 0.067265 0.030000 0.010108
v 0.064029 0.030000 0.011343
v 0.060794 0.030000 0.012566
v 0.043839 0.030000 0.017693
v 0.057387 0.030000 0.017836
v 0.070846 0.030000 0.017971
v 0.084451 0.030000 0.018150
v 0.042986 0.030000 0.015436
v 0.055289 0.030000 0.015785
v 0.067265 0.030000 0.016102
v 0.079369 0.030000 0.016456
v 0.042172 0.030000 0.013192
v 0.053386 0.030000 0.013789
v 0.064029 0.030000 0.014328
v 0.074603 0.030000 0.014868
v 0.150000 0.010000 0.006667
v 0.150000 0.003460 0.002307
v 0.150000 0.006847 0.002164
v 0.150000 0.010211 0.002029
v 0.150000 0.013613 0.001850
v 0.150000 0.003246 0.004564
v 0.150000 0.006322 0.004215
v 0.150000 0.009316 0.003898
v 0.150000 0.012342 0.003544
v 0.150000 0.003043 0.006808
v 0.150000 0.005846 0.006211
v 0.150000 0.008507 0.005672
v 0.150000 0.011151 0.005132
v 0.150000 0.023080 0.002307
v 0.150000 0.019907 0.004564
v 0.150000 0.016746 0.006808
v 0.150000 0.013613 0.009075
v 0.150000 0.019907 0.002164
v 0.150000 0.017356 0.004215
v 0.150000 0.014837 0.006211
v 0.150000 0.012342 0.008228
v 0.150000 0.016746 0.002029
v 0.150000 0.014837 0.003898
v 0.150000 0.012985 0.005672
v 0.150000 0.011151 0.007434
v 0.150000 0.003460 0.015387
v 0.150000 0.003246 0.013271
v 0.150000 0.003043 0.011164
v 0.150000 0.002774 0.009075
v 0.150000 0.006847 0.013271
v 0.150000 0.006322 0.011570
v 0.150000 0.005846 0.009892
v 0.150000 0.005315 0.008228
v 0.150000 0.010211 0.011164
v 0.150000 0.009316 0.009892
v 0.150000 0.008507 0.008657
v 0.150000 0.007698 0.007434
v 0.150000 0.020000 0.013333
v 0.150000 0.006920 0.017693
v 0.150000 0.010093 0.015436
v 0.150000 0.013254 0.013192
v 0.150000 0.016387 0.010925
v 0.150000 0.010093 0.017836
v 0.150000 0.012644 0.015785
v 0.150000 0.015163 0.013789
v 0.150000 0.017658 0.011772
v 0.150000 0.013254 0.017971
v 0.150000 0.015163 0.016102
v 0.150000 0.017015 0.014328
v 0.150000 0.018849 0.012566
v 0.150000 0.026540 0.004613
v 0.150000 0.026754 0.006729
v 0.150000 0.026957 0.008836
v 0.150000 0.027225 0.010925
v 0.150000 0.023153 0.006729
v 0.150000 0.023678 0.008430
v 0.150000 0.024153 0.010108
v 0.150000 0.024685 0.011772
v 0.150000 0.019789 0.008836
v 0.150000 0.020684 0.010108
v 0.150000 0.021493 0.011343
v 0.150000 0.022302 0.012566
v 0.150000 0.026540 0.017693
v 0.150000 0.023153 0.017836
v 0.150000 0.019789 0.017971
v 0.150000 0.016387 0.018150
v 0.150000 0.026754 0.015436
v 0.150000 0.023678 0.015785
v 0.150000 0.020684 0.016102
v 0.150000 0.017658 0.016456
v 0.150000 0.026957 0.013192
v 0.150000 0.024153 0.013789
v 0.150000 0.021493 0.014328
v 0.150000 0.018849 0.014868
v 0.050000 -0.000000 0.006667
v 0.017299 -0.000000 0.002307
v 0.034234 -0.000000 0.002164
v 0.051057 -0.000000 0.002029
v 0.068064 -0.000000 0.001850
v 0.016232 -0.000000 0.004564
v 0.031611 -0.000000 0.004215
v 0.046581 -0.000000 0.003898
v 0.061712 -0.000000 0.003544
v 0.015215 -0.000000 0.006808
v 0.029233 -0.000000 0.006211
v 0.042536 -0.000000 0.005672
v 0.055754 -0.000000 0.005132
v 0.115402 -0.000000 0.002307
v 0.099534 -0.000000 0.004564
v 0.083728 -0.000000 0.006808
v 0.068064 -0.000000 0.009075
v 0.099534 -0.000000 0.002164
v 0.086779 -0.000000 0.004215
v 0.074186 -0.000000 0.006211
v 0.061712 -0.000000 0.008228
v 0.083728 -0.000000 0.002029
v 0.074186 -0.000000 0.003898
v 0.064927 -0.000000 0.005672
v 0.055754 -0.000000 0.007434
v 0.017299 -0.000000 0.015387
v 0.016232 -0.000000 0.013271
v 0.015215 -0.000000 0.011164
v 0.013872 -0.000000 0.009075
v 0.034234 -0.000000 0.013271
v 0.031611 -0.000000 0.011570
v 0.029233 -0.000000 0.009892
v 0.026577 -0.000000 0.008228
v 0.051057 -0.000000 0.011164
v 0.046581 -0.000000 0.009892
v 0.042536 -0.000000 0.008657
v 0.038492 -0.000000 0.007434
v 0.100000 -0.000000 0.013333
v 0.034598 -0.000000 0.017693
v 0.050466 -0.000000 0.015436
v 0.066272 -0.000000 0.013192
v 0.081936 -0.000000 0.010925
v 0.050466 -0.000000 0.017836
v 0.063221 -0.000000 0.015785
v 0.075814 -0.000000 0.013789
v 0.088288 -0.000000 0.011772
v 0.066272 -0.000000 0.017971
v 0.075814 -0.000000 0.016102
v 0.085073 -0.000000 0.014328
v 0.094246 -0.000000 0.012566
v 0.132701 -0.000000 0.004613
v 0.133768 -0.000000 0.006729
v 0.134785 -0.000000 0.008836
v 0.136128 -0.000000 0.010925
v 0.115766 -0.000000 0.006729
v 0.118389 -0.000000 0.008430
v 0.120767 -0.000000 0.010108
v 0.123423 -0.000000 0.011772
v 0.098943 -0.000000 0.008836
v 0.103419 -0.000000 0.010108
v 0.107464 -0.000000 0.011343
v 0.111508 -0.000000 0.012566
v 0.132701 -0.000000 0.017693
v 0.115766 -0.000000 0.017836
v 0.098943 -0.000000 0.017971
v 0.081936 -0.000000 0.018150
v 0.133768 -0.000000 0.015436
v 0.118389 -0.000000 0.015785
v 0.103419 -0.000000 0.016102
v 0.088288 -0.000000 0.016456
v 0.134785 -0.000000 0.013192
v 0.120767 -0.000000 0.013789
v 0.107464 -0.000000 0.014328
v 0.094246 -0.000000 0.014868
v 0.016667 0.026667 0.020000
v 0.009036 0.025577 0.020000
v 0.009988 0.025541 0.020000
v 0.010940 0.025507 0.020000
v 0.011850 0.025462 0.020000
v 0.011788 0.026141 0.020000
v 0.012376 0.026054 0.020000
v 0.012977 0.025974 0.020000
v 0.013544 0.025886 0.020000
v 0.014524 0.026702 0.020000
v 0.014712 0.026553 0.020000
v 0.014925 0.026418 0.020000
v 0.015132 0.026283 0.020000
v 0.015577 0.025577 0.020000
v 0.017341 0.026141 0.020000
v 0.019091 0.026702 0.020000
v 0.020882 0.027269 0.020000
v 0.014341 0.025541 0.020000
v 0.016054 0.026054 0.020000
v 0.017709 0.026553 0.020000
v 0.019399 0.027057 0.020000
v 0.013118 0.025507 0.020000
v 0.014818 0.025974 0.020000
v 0.016418 0.026418 0.020000
v 0.018009 0.026858 0.020000
v 0.025387 0.028847 0.020000
v 0.022671 0.028318 0.020000
v 0.019969 0.027791 0.020000
v 0.017269 0.027269 0.020000
v 0.023871 0.028318 0.020000
v 0.021570 0.027893 0.020000
v 0.019313 0.027473 0.020000
v 0.017057 0.027057 0.020000
v 0.022359 0.027791 0.020000
v 0.020470 0.027473 0.020000
v 0.018657 0.027164 0.020000
v 0.016858 0.026858 0.020000
v 0.020000 0.020000 0.020000
v 0.026540 0.026540 0.020000
v 0.024953 0.026154 0.020000
v 0.023373 0.025762 0.020000
v 0.021806 0.025419 0.020000
v 0.024953 0.023753 0.020000
v 0.023678 0.023678 0.020000
v 0.022419 0.023575 0.020000
v 0.021171 0.023514 0.020000
v 0.023373 0.020983 0.020000
v 0.022419 0.021262 0.020000
v 0.021493 0.021493 0.020000
v 0.020575 0.021726 0.020000
v 0.016730 0.023270 0.020000
v 0.016623 0.020977 0.020000
v 0.016521 0.018700 0.020000
v 0.016387 0.016387 0.020000
v 0.018423 0.023977 0.020000
v 0.018161 0.021839 0.020000
v 0.017923 0.019764 0.020000
v 0.017658 0.017658 0.020000
v 0.020106 0.024673 0.020000
v 0.019658 0.022655 0.020000
v 0.019254 0.020746 0.020000
v 0.018849 0.018849 0.020000
v 0.016730 0.010190 0.020000
v 0.018423 0.012870 0.020000
v 0.020106 0.015538 0.020000
v 0.021806 0.018194 0.020000
v 0.016623 0.012270 0.020000
v 0.018161 0.014483 0.020000
v 0.019658 0.016661 0.020000
v 0.021171 0.018829 0.020000
v 0.016521 0.014343 0.020000
v 0.017923 0.016083 0.020000
v 0.019254 0.017761 0.020000
v 0.020575 0.019425 0.020000
v 0.065000 0.011667 0.020000
v 0.042109 0.023657 0.020000
v 0.039562 0.021048 0.020000
v 0.037066 0.018448 0.020000
v 0.034292 0.015882 0.020000
v 0.055764 0.020448 0.020000
v 0.052127 0.018409 0.020000
v 0.048728 0.016390 0.020000
v 0.045090 0.014399 0.020000
v 0.069324 0.017253 0.020000
v 0.064342 0.015812 0.020000
v 0.059775 0.014403 0.020000
v 0.055219 0.013009 0.020000
v 0.032299 0.007307 0.020000
v 0.047433 0.006564 0.020000
v 0.062473 0.005834 0.020000
v 0.077645 0.005043 0.020000
v 0.033032 0.010165 0.020000
v 0.046611 0.009215 0.020000
v 0.059846 0.008319 0.020000
v 0.073198 0.007372 0.020000
v 0.033799 0.013002 0.020000
v 0.045967 0.011789 0.020000
v 0.057536 0.010672 0.020000
v 0.069028 0.009557 0.020000
v 0.120591 0.004036 0.020000
v 0.108004 0.007388 0.020000
v 0.095461 0.010719 0.020000
v 0.083064 0.014075 0.020000
v 0.106204 0.004388 0.020000
v 0.096262 0.007376 0.020000
v 0.086426 0.010291 0.020000
v 0.076712 0.013228 0.020000
v 0.091877 0.004745 0.020000
v 0.084691 0.007399 0.020000
v 0.077688 0.009925 0.020000
v 0.070754 0.012434 0.020000
v 0.055000 0.001667 0.020000
v 0.117132 0.000577 0.020000
v 0.102958 0.001141 0.020000
v 0.088834 0.001702 0.020000
v 0.074870 0.002269 0.020000
v 0.101158 0.000541 0.020000
v 0.089940 0.001054 0.020000
v 0.078845 0.001553 0.020000
v 0.067883 0.002057 0.020000
v 0.085250 0.000507 0.020000
v 0.077110 0.000974 0.020000
v 0.069181 0.001418 0.020000
v 0.061329 0.001858 0.020000
v 0.028839 0.003847 0.020000
v 0.026186 0.003318 0.020000
v 0.023588 0.002791 0.020000
v 0.020679 0.002269 0.020000
v 0.044187 0.003318 0.020000
v 0.040289 0.002893 0.020000
v 0.036651 0.002473 0.020000
v 0.032748 0.002057 0.020000
v 0.059430 0.002791 0.020000
v 0.054000 0.002473 0.020000
v 0.049029 0.002164 0.020000
v 0.044068 0.001858 0.020000
v 0.019029 0.000577 0.020000
v 0.035857 0.000541 0.020000
v 0.052578 0.000507 0.020000
v 0.069451 0.000462 0.020000
v 0.019655 0.001141 0.020000
v 0.034772 0.001054 0.020000
v 0.049504 0.000974 0.020000
v 0.064369 0.000886 0.020000
v 0.020320 0.001702 0.020000
v 0.033891 0.001553 0.020000
v 0.046790 0.001418 0.020000
v 0.059603 0.001283 0.020000
v 0.006667 0.003333 0.020000
v 0.002307 0.001153 0.020000
v 0.003964 0.001682 0.020000
v 0.005613 0.002209 0.020000
v 0.007269 0.002731 0.020000
v 0.002764 0.001682 0.020000
v 0.004215 0.002107 0.020000
v 0.005633 0.002527 0.020000
v 0.007057 0.002943 0.020000
v 0.003223 0.002209 0.020000
v 0.004476 0.002527 0.020000
v 0.005672 0.002836 0.020000
v 0.006858 0.003142 0.020000
v 0.012117 0.004423 0.020000
v 0.011095 0.004459 0.020000
v 0.010075 0.004493 0.020000
v 0.009075 0.004538 0.020000
v 0.010495 0.003859 0.020000
v 0.009732 0.003946 0.020000
v 0.008971 0.004026 0.020000
v 0.008228 0.004114 0.020000
v 0.008880 0.003298 0.020000
v 0.008393 0.003447 0.020000
v 0.007911 0.003582 0.020000
v 0.007434 0.003717 0.020000
v 0.005577 0.004423 0.020000
v 0.004941 0.003859 0.020000
v 0.004312 0.003298 0.020000
v 0.003656 0.002731 0.020000
v 0.006741 0.004459 0.020000
v 0.006054 0.003946 0.020000
v 0.005396 0.003447 0.020000
v 0.004715 0.002943 0.020000
v 0.007897 0.004493 0.020000
v 0.007131 0.004026 0.020000
v 0.006418 0.003582 0.020000
v 0.005708 0.003142 0.020000
v 0.003333 0.010000 0.020000
v 0.001153 0.003460 0.020000
v 0.001682 0.003846 0.020000
v 0.002209 0.004238 0.020000
v 0.002731 0.004581 0.020000
v 0.001682 0.006247 0.020000
v 0.002107 0.006322 0.020000
v 0.002527 0.006425 0.020000
v 0.002943 0.006486 0.020000
v 0.002209 0.009017 0.020000
v 0.002527 0.008738 0.020000
v 0.002836 0.008507 0.020000
v 0.003142 0.008274 0.020000
v 0.004423 0.006730 0.020000
v 0.004459 0.009023 0.020000
v 0.004493 0.011300 0.020000
v 0.004538 0.013613 0.020000
v 0.003859 0.006023 0.020000
v 0.003946 0.008161 0.020000
v 0.004026 0.010236 0.020000
v 0.004114 0.012342 0.020000
v 0.003298 0.005327 0.020000
v 0.003447 0.007345 0.020000
v 0.003582 0.009254 0.020000
v 0.003717 0.011151 0.020000
v 0.004423 0.019810 0.020000
v 0.003859 0.017130 0.020000
v 0.003298 0.014462 0.020000
v 0.002731 0.011806 0.020000
v 0.004459 0.017730 0.020000
v 0.003946 0.015517 0.020000
v 0.003447 0.013339 0.020000
v 0.002943 0.011171 0.020000
v 0.004493 0.015657 0.020000
v 0.004026 0.013917 0.020000
v 0.003582 0.012239 0.020000
v 0.003142 0.010575 0.020000
v 0.110000 0.020000 0.020000
v 0.136161 0.006920 0.020000
v 0.137014 0.010093 0.020000
v 0.137828 0.013254 0.020000
v 0.138902 0.016387 0.020000
v 0.122613 0.010093 0.020000
v 0.124711 0.012644 0.020000
v 0.126614 0.015163 0.020000
v 0.128739 0.017658 0.020000
v 0.109154 0.013254 0.020000
v 0.112735 0.015163 0.020000
v 0.115971 0.017015 0.020000
v 0.119206 0.018849 0.020000
v 0.136161 0.026540 0.020000
v 0.122613 0.026754 0.020000
v 0.109154 0.026957 0.020000
v 0.095549 0.027226 0.020000
v 0.137014 0.023153 0.020000
v 0.124711 0.023678 0.020000
v 0.112735 0.024153 0.020000
v 0.100631 0.024685 0.020000
v 0.137828 0.019789 0.020000
v 0.126614 0.020684 0.020000
v 0.115971 0.021493 0.020000
v 0.105397 0.022302 0.020000
v 0.057679 0.026540 0.020000
v 0.070372 0.023153 0.020000
v 0.083017 0.019789 0.020000
v 0.095549 0.016387 0.020000
v 0.070372 0.026754 0.020000
v 0.080577 0.023678 0.020000
v 0.090651 0.020684 0.020000
v 0.100631 0.017658 0.020000
v 0.083017 0.026957 0.020000
v 0.090651 0.024153 0.020000
v 0.098058 0.021493 0.020000
v 0.105397 0.018849 0.020000
v 0.020000 0.076667 0.020000
v 0.026540 0.091927 0.020000
v 0.023153 0.092425 0.020000
v 0.019789 0.092900 0.020000
v 0.016387 0.093526 0.020000
v 0.026754 0.084024 0.020000
v 0.023678 0.085248 0.020000
v 0.020684 0.086358 0.020000
v 0.017658 0.087598 0.020000
v 0.026957 0.076173 0.020000
v 0.024154 0.078262 0.020000
v 0.021493 0.080150 0.020000
v 0.018849 0.082037 0.020000
v 0.006920 0.091927 0.020000
v 0.010093 0.084024 0.020000
v 0.013254 0.076173 0.020000
v 0.016387 0.068237 0.020000
v 0.010093 0.092425 0.020000
v 0.012644 0.085248 0.020000
v 0.015163 0.078262 0.020000
v 0.017658 0.071201 0.020000
v 0.013254 0.092900 0.020000
v 0.015163 0.086358 0.020000
v 0.017015 0.080150 0.020000
v 0.018849 0.073982 0.020000
v 0.026540 0.046146 0.020000
v 0.026754 0.053551 0.020000
v 0.026957 0.060927 0.020000
v 0.027226 0.068237 0.020000
v 0.023153 0.053551 0.020000
v 0.023678 0.059503 0.020000
v 0.024154 0.065380 0.020000
v 0.024685 0.071201 0.020000
v 0.019789 0.060927 0.020000
v 0.020684 0.065380 0.020000
v 0.021493 0.069701 0.020000
v 0.022302 0.073982 0.020000
v 0.011667 0.051667 0.020000
v 0.023657 0.037496 0.020000
v 0.020448 0.045435 0.020000
v 0.017253 0.053319 0.020000
v 0.014075 0.061301 0.020000
v 0.021048 0.036434 0.020000
v 0.018409 0.043698 0.020000
v 0.015812 0.050763 0.020000
v 0.013228 0.057913 0.020000
v 0.018448 0.035398 0.020000
v 0.016390 0.042089 0.020000
v 0.014403 0.048432 0.020000
v 0.012434 0.054735 0.020000
v 0.004036 0.083277 0.020000
v 0.004388 0.075308 0.020000
v 0.004745 0.067371 0.020000
v 0.005043 0.059494 0.020000
v 0.007388 0.075908 0.020000
v 0.007376 0.069443 0.020000
v 0.007399 0.063068 0.020000
v 0.007372 0.056742 0.020000
v 0.010719 0.068566 0.020000
v 0.010291 0.063646 0.020000
v 0.009925 0.058882 0.020000
v 0.009557 0.054160 0.020000
v 0.007307 0.034226 0.020000
v 0.010165 0.034257 0.020000
v 0.013002 0.034309 0.020000
v 0.015882 0.034205 0.020000
v 0.006564 0.042658 0.020000
v 0.009215 0.041859 0.020000
v 0.011789 0.041169 0.020000
v 0.014399 0.040345 0.020000
v 0.005834 0.051036 0.020000
v 0.008319 0.049265 0.020000
v 0.010672 0.047686 0.020000
v 0.013009 0.046105 0.020000
v 0.001667 0.041667 0.020000
v 0.000577 0.079818 0.020000
v 0.000541 0.069062 0.020000
v 0.000507 0.058355 0.020000
v 0.000462 0.047688 0.020000
v 0.001141 0.072062 0.020000
v 0.001054 0.063121 0.020000
v 0.000974 0.054330 0.020000
v 0.000886 0.045571 0.020000
v 0.001702 0.064328 0.020000
v 0.001553 0.057221 0.020000
v 0.001418 0.050374 0.020000
v 0.001283 0.043585 0.020000
v 0.000577 0.014416 0.020000
v 0.001141 0.016527 0.020000
v 0.001702 0.018653 0.020000
v 0.002269 0.020592 0.020000
v 0.000541 0.025528 0.020000
v 0.001054 0.026342 0.020000
v 0.001553 0.027252 0.020000
v 0.002057 0.028003 0.020000
v 0.000507 0.036574 0.020000
v 0.000974 0.035926 0.020000
v 0.001418 0.035447 0.020000
v 0.001858 0.034954 0.020000
v 0.003847 0.030766 0.020000
v 0.003318 0.039411 0.020000
v 0.002791 0.047993 0.020000
v 0.002269 0.056720 0.020000
v 0.003318 0.027410 0.020000
v 0.002893 0.035537 0.020000
v 0.002473 0.043418 0.020000
v 0.002057 0.051426 0.020000
v 0.002791 0.024098 0.020000
v 0.002473 0.031853 0.020000
v 0.002164 0.039179 0.020000
v 0.001858 0.046462 0.020000
v 0.110000 0.020000 0.000000
v 0.136161 0.026540 0.000000
v 0.137014 0.023153 0.000000
v 0.137828 0.019789 0.000000
v 0.138902 0.016387 0.000000
v 0.122613 0.026754 0.000000
v 0.124711 0.023678 0.000000
v 0.126614 0.020684 0.000000
v 0.128739 0.017658 0.000000
v 0.109154 0.026957 0.000000
v 0.112735 0.024153 0.000000
v 0.115971 0.021493 0.000000
v 0.119206 0.018849 0.000000
v 0.136161 0.006920 0.000000
v 0.122613 0.010093 0.000000
v 0.109154 0.013254 0.000000
v 0.095549 0.016387 0.000000
v 0.137014 0.010093 0.000000
v 0.124711 0.012644 0.000000
v 0.112735 0.015163 0.000000
v 0.100631 0.017658 0.000000
v 0.137828 0.013254 0.000000
v 0.126614 0.015163 0.000000
v 0.115971 0.017015 0.000000
v 0.105397 0.018849 0.000000
v 0.057679 0.026540 0.000000
v 0.070372 0.026754 0.000000
v 0.083017 0.026957 0.000000
v 0.095549 0.027226 0.000000
v 0.070372 0.023153 0.000000
v 0.080577 0.023678 0.000000
v 0.090651 0.024153 0.000000
v 0.100631 0.024685 0.000000
v 0.083017 0.019789 0.000000
v 0.090651 0.020684 0.000000
v 0.098058 0.021493 0.000000
v 0.105397 0.022302 0.000000
v 0.060000 0.010000 0.000000
v 0.040380 0.023080 0.000000
v 0.054140 0.019907 0.000000
v 0.067803 0.016746 0.000000
v 0.081677 0.013613 0.000000
v 0.036139 0.019907 0.000000
v 0.048966 0.017356 0.000000
v 0.061418 0.014837 0.000000
v 0.074054 0.012342 0.000000
v 0.031960 0.016746 0.000000
v 0.044070 0.014837 0.000000
v 0.055522 0.012985 0.000000
v 0.066905 0.011151 0.000000
v 0.118861 0.003460 0.000000
v 0.102781 0.003246 0.000000
v 0.086771 0.003043 0.000000
v 0.070838 0.002774 0.000000
v 0.106381 0.006847 0.000000
v 0.093101 0.006322 0.000000
v 0.080033 0.005846 0.000000
v 0.067027 0.005315 0.000000
v 0.093940 0.010211 0.000000
v 0.083503 0.009316 0.000000
v 0.073435 0.008507 0.000000
v 0.063452 0.007698 0.000000
v 0.020759 0.003460 0.000000
v 0.023079 0.006847 0.000000
v 0.025426 0.010211 0.000000
v 0.027485 0.013613 0.000000
v 0.037480 0.003246 0.000000
v 0.037933 0.006322 0.000000
v 0.038549 0.009316 0.000000
v 0.038919 0.012342 0.000000
v 0.054100 0.003043 0.000000
v 0.052428 0.005847 0.000000
v 0.051044 0.008507 0.000000
v 0.049643 0.011151 0.000000
v 0.010000 0.043333 0.000000
v 0.023080 0.034613 0.000000
v 0.019907 0.030728 0.000000
v 0.016746 0.026889 0.000000
v 0.013613 0.022861 0.000000
v 0.019907 0.042729 0.000000
v 0.017356 0.038430 0.000000
v 0.014837 0.034326 0.000000
v 0.012342 0.030060 0.000000
v 0.016746 0.050784 0.000000
v 0.014837 0.045891 0.000000
v 0.012985 0.041343 0.000000
v 0.011151 0.036812 0.000000
v 0.003460 0.014993 0.000000
v 0.003246 0.026069 0.000000
v 0.003043 0.037081 0.000000
v 0.002774 0.048150 0.000000
v 0.006847 0.017668 0.000000
v 0.006322 0.027396 0.000000
v 0.005847 0.036901 0.000000
v 0.005315 0.046456 0.000000
v 0.010211 0.020355 0.000000
v 0.009316 0.028805 0.000000
v 0.008507 0.036865 0.000000
v 0.007698 0.044868 0.000000
v 0.003460 0.080394 0.000000
v 0.006847 0.073203 0.000000
v 0.010211 0.066030 0.000000
v 0.013613 0.058989 0.000000
v 0.003246 0.069603 0.000000
v 0.006322 0.064175 0.000000
v 0.009316 0.058774 0.000000
v 0.012342 0.053484 0.000000
v 0.003043 0.058862 0.000000
v 0.005847 0.055304 0.000000
v 0.008507 0.051792 0.000000
v 0.011151 0.048320 0.000000
v 0.020000 0.076667 0.000000
v 0.006920 0.091927 0.000000
v 0.010093 0.092425 0.000000
v 0.013254 0.092900 0.000000
v 0.016387 0.093526 0.000000
v 0.010093 0.084024 0.000000
v 0.012644 0.085248 0.000000
v 0.015163 0.086358 0.000000
v 0.017658 0.087598 0.000000
v 0.013254 0.076173 0.000000
v 0.015163 0.078262 0.000000
v 0.017015 0.080150 0.000000
v 0.018849 0.082037 0.000000
v 0.026540 0.091927 0.000000
v 0.026754 0.084024 0.000000
v 0.026957 0.076173 0.000000
v 0.027226 0.068237 0.000000
v 0.023153 0.092425 0.000000
v 0.023678 0.085248 0.000000
v 0.024154 0.078262 0.000000
v 0.024685 0.071201 0.000000
v 0.019789 0.092900 0.000000
v 0.020684 0.086358 0.000000
v 0.021493 0.080150 0.000000
v 0.022302 0.073982 0.000000
v 0.026540 0.046146 0.000000
v 0.023153 0.053551 0.000000
v 0.019789 0.060927 0.000000
v 0.016387 0.068237 0.000000
v 0.026754 0.053551 0.000000
v 0.023678 0.059503 0.000000
v 0.020684 0.065380 0.000000
v 0.017658 0.071201 0.000000
v 0.026957 0.060927 0.000000
v 0.024154 0.065380 0.000000
v 0.021493 0.069701 0.000000
v 0.018849 0.073982 0.000000
v 0.011667 0.005000 0.015000
v 0.013847 0.005000 0.018270
v 0.012718 0.005000 0.018377
v 0.011596 0.005000 0.018479
v 0.010462 0.005000 0.018613
v 0.013918 0.005000 0.016577
v 0.012893 0.005000 0.016839
v 0.011895 0.005000 0.017077
v 0.010886 0.005000 0.017342
v 0.013986 0.005000 0.014894
v 0.013051 0.005000 0.015342
v 0.012164 0.005000 0.015746
v 0.011283 0.005000 0.016151
v 0.007307 0.005000 0.018270
v 0.008364 0.005000 0.016577
v 0.009418 0.005000 0.014894
v 0.010462 0.005000 0.013194
v 0.008364 0.005000 0.018377
v 0.009215 0.005000 0.016839
v 0.010054 0.005000 0.015342
v 0.010886 0.005000 0.013829
v 0.009418 0.005000 0.018479
v 0.010054 0.005000 0.017077
v 0.010672 0.005000 0.015746
v 0.011283 0.005000 0.014425
v 0.013847 0.005000 0.008460
v 0.013918 0.005000 0.010047
v 0.013986 0.005000 0.011627
v 0.014075 0.005000 0.013194
v 0.012718 0.005000 0.010047
v 0.012893 0.005000 0.011322
v 0.013051 0.005000 0.012581
v 0.013228 0.005000 0.013829
v 0.011596 0.005000 0.011627
v 0.011895 0.005000 0.012581
v 0.012164 0.005000 0.013507
v 0.012434 0.005000 0.014425
v 0.008333 0.005000 0.010000
v 0.012693 0.005000 0.006730
v 0.011636 0.005000 0.008423
v 0.010582 0.005000 0.010106
v 0.009538 0.005000 0.011806
v 0.011636 0.005000 0.006623
v 0.010785 0.005000 0.008161
v 0.009946 0.005000 0.009658
v 0.009114 0.005000 0.011171
v 0.010582 0.005000 0.006521
v 0.009946 0.005000 0.007923
v 0.009328 0.005000 0.009254
v 0.008717 0.005000 0.010575
v 0.006153 0.005000 0.016540
v 0.006082 0.005000 0.014953
v 0.006014 0.005000 0.013373
v 0.005925 0.005000 0.011806
v 0.007282 0.005000 0.014953
v 0.007107 0.005000 0.013678
v 0.006949 0.005000 0.012419
v 0.006772 0.005000 0.011171
v 0.008404 0.005000 0.013373
v 0.008105 0.005000 0.012419
v 0.007836 0.005000 0.011493
v 0.007566 0.005000 0.010575
v 0.006153 0.005000 0.006730
v 0.007282 0.005000 0.006623
v 0.008404 0.005000 0.006521
v 0.009538 0.005000 0.006387
v 0.006082 0.005000 0.008423
v 0.007107 0.005000 0.008161
v 0.008105 0.005000 0.007923
v 0.009114 0.005000 0.007658
v 0.006014 0.005000 0.010106
v 0.006949 0.005000 0.009658
v 0.007836 0.005000 0.009254
v 0.008717 0.005000 0.008849
v 0.005000 0.011667 0.015000
v 0.005000 0.007307 0.018270
v 0.005000 0.009564 0.018377
v 0.005000 0.011808 0.018479
v 0.005000 0.014075 0.018613
v 0.005000 0.007164 0.016577
v 0.005000 0.009215 0.016839
v 0.005000 0.011211 0.017077
v 0.005000 0.013228 0.017342
v 0.005000 0.007029 0.014894
v 0.005000 0.008898 0.015342
v 0.005000 0.010672 0.015746
v 0.005000 0.012434 0.016151
v 0.005000 0.020387 0.018270
v 0.005000 0.018271 0.016577
v 0.005000 0.016164 0.014894
v 0.005000 0.014075 0.013194
v 0.005000 0.018271 0.018377
v 0.005000 0.016570 0.016839
v 0.005000 0.014892 0.015342
v 0.005000 0.013228 0.013829
v 0.005000 0.016164 0.018479
v 0.005000 0.014892 0.017077
v 0.005000 0.013657 0.015746
v 0.005000 0.012434 0.014425
v 0.005000 0.007307 0.008460
v 0.005000 0.007164 0.010047
v 0.005000 0.007029 0.011627
v 0.005000 0.006850 0.013194
v 0.005000 0.009564 0.010047
v 0.005000 0.009215 0.011322
v 0.005000 0.008898 0.012581
v 0.005000 0.008544 0.013829
v 0.005000 0.011808 0.011627
v 0.005000 0.011211 0.012581
v 0.005000 0.010672 0.013507
v 0.005000 0.010132 0.014425
v 0.005000 0.018333 0.010000
v 0.005000 0.009613 0.006730
v 0.005000 0.011729 0.008423
v 0.005000 0.013836 0.010106
v 0.005000 0.015925 0.011806
v 0.005000 0.011729 0.006623
v 0.005000 0.013430 0.008161
v 0.005000 0.015108 0.009658
v 0.005000 0.016772 0.011171
v 0.005000 0.013836 0.006521
v 0.005000 0.015108 0.007923
v 0.005000 0.016343 0.009254
v 0.005000 0.017566 0.010575
v 0.005000 0.022693 0.016540
v 0.005000 0.022836 0.014953
v 0.005000 0.022971 0.013373
v 0.005000 0.023150 0.011806
v 0.005000 0.020436 0.014953
v 0.005000 0.020785 0.013678
v 0.005000 0.021102 0.012419
v 0.005000 0.021456 0.011171
v 0.005000 0.018192 0.013373
v 0.005000 0.018789 0.012419
v 0.005000 0.019328 0.011493
v 0.005000 0.019868 0.010575
v 0.005000 0.022693 0.006730
v 0.005000 0.020436 0.006623
v 0.005000 0.018192 0.006521
v 0.005000 0.015925 0.006387
v 0.005000 0.022836 0.008423
v 0.005000 0.020785 0.008161
v 0.005000 0.018789 0.007923
v 0.005000 0.016772 0.007658
v 0.005000 0.022971 0.010106
v 0.005000 0.021102 0.009658
v 0.005000 0.019328 0.009254
v 0.005000 0.017566 0.008849
v 0.011667 0.018333 0.005000
v 0.013847 0.022693 0.005000
v 0.013918 0.020436 0.005000
v 0.013986 0.018192 0.005000
v 0.014075 0.015925 0.005000
v 0.012718 0.022836 0.005000
v 0.012893 0.020785 0.005000
v 0.013051 0.018789 0.005000
v 0.013228 0.016772 0.005000
v 0.011596 0.022971 0.005000
v 0.011895 0.021102 0.005000
v 0.012164 0.019328 0.005000
v 0.012434 0.017566 0.005000
v 0.013847 0.009613 0.005000
v 0.012718 0.011729 0.005000
v 0.011596 0.013836 0.005000
v 0.010462 0.015925 0.005000
v 0.013918 0.011729 0.005000
v 0.012893 0.013430 0.005000
v 0.011895 0.015108 0.005000
v 0.010886 0.016772 0.005000
v 0.013986 0.013836 0.005000
v 0.013051 0.015108 0.005000
v 0.012164 0.016343 0.005000
v 0.011283 0.017566 0.005000
v 0.007307 0.022693 0.005000
v 0.008364 0.022836 0.005000
v 0.009418 0.022971 0.005000
v 0.010462 0.023150 0.005000
v 0.008364 0.020436 0.005000
v 0.009215 0.020785 0.005000
v 0.010054 0.021102 0.005000
v 0.010886 0.021456 0.005000
v 0.009418 0.018192 0.005000
v 0.010054 0.018789 0.005000
v 0.010672 0.019328 0.005000
v 0.011283 0.019868 0.005000
v 0.008333 0.011667 0.005000
v 0.006153 0.020387 0.005000
v 0.007282 0.018271 0.005000
v 0.008404 0.016164 0.005000
v 0.009538 0.014075 0.005000
v 0.006082 0.018271 0.005000
v 0.007107 0.016570 0.005000
v 0.008105 0.014892 0.005000
v 0.009114 0.013228 0.005000
v 0.006014 0.016164 0.005000
v 0.006949 0.014892 0.005000
v 0.007836 0.013657 0.005000
v 0.008717 0.012434 0.005000
v 0.012693 0.007307 0.005000
v 0.011636 0.007164 0.005000
v 0.010582 0.007029 0.005000
v 0.009538 0.006850 0.005000
v 0.011636 0.009564 0.005000
v 0.010785 0.009215 0.005000
v 0.009946 0.008898 0.005000
v 0.009114 0.008544 0.005000
v 0.010582 0.011808 0.005000
v 0.009946 0.011211 0.005000
v 0.009328 0.010672 0.005000
v 0.008717 0.010132 0.005000
v 0.006153 0.007307 0.005000
v 0.006082 0.009564 0.005000
v 0.006014 0.011808 0.005000
v 0.005925 0.014075 0.005000
v 0.007282 0.007164 0.005000
v 0.007107 0.009215 0.005000
v 0.006949 0.011211 0.005000
v 0.006772 0.013228 0.005000
v 0.008404 0.007029 0.005000
v 0.008105 0.008898 0.005000
v 0.007836 0.010672 0.005000
v 0.007566 0.012434 0.005000
v 0.015000 0.018333 0.015000
v 0.015000 0.022693 0.018270
v 0.015000 0.020436 0.018377
v 0.015000 0.018192 0.018479
v 0.015000 0.015925 0.018613
v 0.015000 0.022836 0.016577
v 0.015000 0.020785 0.016839
v 0.015000 0.018789 0.017077
v 0.015000 0.016772 0.017342
v 0.015000 0.022971 0.014894
v 0.015000 0.021102 0.015342
v 0.015000 0.019328 0.015746
v 0.015000 0.017566 0.016151
v 0.015000 0.009613 0.018270
v 0.015000 0.011729 0.016577
v 0.015000 0.013836 0.014894
v 0.015000 0.015925 0.013194
v 0.015000 0.011729 0.018377
v 0.015000 0.013430 0.016839
v 0.015000 0.015108 0.015342
v 0.015000 0.016772 0.013829
v 0.015000 0.013836 0.018479
v 0.015000 0.015108 0.017077
v 0.015000 0.016343 0.015746
v 0.015000 0.017566 0.014425
v 0.015000 0.022693 0.008460
v 0.015000 0.022836 0.010047
v 0.015000 0.022971 0.011627
v 0.015000 0.023150 0.013194
v 0.015000 0.020436 0.010047
v 0.015000 0.020785 0.011322
v 0.015000 0.021102 0.012581
v 0.015000 0.021456 0.013829
v 0.015000 0.018192 0.011627
v 0.015000 0.018789 0.012581
v 0.015000 0.019328 0.013507
v 0.015000 0.019868 0.014425
v 0.015000 0.011667 0.010000
v 0.015000 0.020387 0.006730
v 0.015000 0.018271 0.008423
v 0.015000 0.016164 0.010106
v 0.015000 0.014075 0.011806
v 0.015000 0.018271 0.006623
v 0.015000 0.016570 0.008161
v 0.015000 0.014892 0.009658
v 0.015000 0.013228 0.011171
v 0.015000 0.016164 0.006521
v 0.015000 0.014892 0.007923
v 0.015000 0.013657 0.009254
v 0.015000 0.012434 0.010575
v 0.015000 0.007307 0.016540
v 0.015000 0.007164 0.014953
v 0.015000 0.007029 0.013373
v 0.015000 0.006850 0.011806
v 0.015000 0.009564 0.014953
v 0.015000 0.009215 0.013678
v 0.015000 0.008898 0.012419
v 0.015000 0.008544 0.011171
v 0.015000 0.011808 0.013373
v 0.015000 0.011211 0.012419
v 0.015000 0.010672 0.011493
v 0.015000 0.010132 0.010575
v 0.015000 0.007307 0.006730
v 0.015000 0.009564 0.006623
v 0.015000 0.011808 0.006521
v 0.015000 0.014075 0.006387
v 0.015000 0.007164 0.008423
v 0.015000 0.009215 0.008161
v 0.015000 0.011211 0.007923
v 0.015000 0.013228 0.007658
v 0.015000 0.007029 0.010106
v 0.015000 0.008898 0.009658
v 0.015000 0.010672 0.009254
v 0.015000 0.012434 0.008849
v 0.008333 0.025000 0.015000
v 0.006153 0.025000 0.018270
v 0.007282 0.025000 0.018377
v 0.008404 0.025000 0.018479
v 0.009538 0.025000 0.018613
v 0.006082 0.025000 0.016577
v 0.007107 0.025000 0.016839
v 0.008105 0.025000 0.017077
v 0.009114 0.025000 0.017342
v 0.006014 0.025000 0.014894
v 0.006949 0.025000 0.015342
v 0.007836 0.025000 0.015746
v 0.008717 0.025000 0.016151
v 0.012693 0.025000 0.018270
v 0.011636 0.025000 0.016577
v 0.010582 0.025000 0.014894
v 0.009538 0.025000 0.013194
v 0.011636 0.025000 0.018377
v 0.010785 0.025000 0.016839
v 0.009946 0.025000 0.015342
v 0.009114 0.025000 0.013829
v 0.010582 0.025000 0.018479
v 0.009946 0.025000 0.017077
v 0.009328 0.025000 0.015746
v 0.008717 0.025000 0.014425
v 0.006153 0.025000 0.008460
v 0.006082 0.025000 0.010047
v 0.006014 0.025000 0.011627
v 0.005925 0.025000 0.013194
v 0.007282 0.025000 0.010047
v 0.007107 0.025000 0.011322
v 0.006949 0.025000 0.012581
v 0.006772 0.025000 0.013829
v 0.008404 0.025000 0.011627
v 0.008105 0.025000 0.012581
v 0.007836 0.025000 0.013507
v 0.007566 0.025000 0.014425
v 0.011667 0.025000 0.010000
v 0.007307 0.025000 0.006730
v 0.008364 0.025000 0.008423
v 0.009418 0.025000 0.010106
v 0.010462 0.025000 0.011806
v 0.008364 0.025000 0.006623
v 0.009215 0.025000 0.008161
v 0.010054 0.025000 0.009658
v 0.010886 0.025000 0.011171
v 0.009418 0.025000 0.006521
v 0.010054 0.025000 0.007923
v 0.010672 0.025000 0.009254
v 0.011283 0.025000 0.010575
v 0.013847 0.025000 0.016540
v 0.013918 0.025000 0.014953
v 0.013986 0.025000 0.013373
v 0.014075 0.025000 0.011806
v 0.012718 0.025000 0.014953
v 0.012893 0.025000 0.013678
v 0.013051 0.025000 0.012419
v 0.013228 0.025000 0.011171
v 0.011596 0.025000 0.013373
v 0.011895 0.025000 0.012419
v 0.012164 0.025000 0.011493
v 0.012434 0.025000 0.010575
v 0.013847 0.025000 0.006730
v 0.012718 0.025000 0.006623
v 0.011596 0.025000 0.006521
v 0.010462 0.025000 0.006387
v 0.013918 0.025000 0.008423
v 0.012893 0.025000 0.008161
v 0.011895 0.025000 0.007923
v 0.010886 0.025000 0.007658
v 0.013986 0.025000 0.010106
v 0.013051 0.025000 0.009658
v 0.012164 0.025000 0.009254
v 0.011283 0.025000 0.008849
v 0.013333 0.010000 0.200000
v 0.017693 0.003460 0.200000
v 0.017836 0.006847 0.200000
v 0.017971 0.010211 0.200000
v 0.018150 0.013613 0.200000
v 0.015436 0.003246 0.200000
v 0.015785 0.006322 0.200000
v 0.016102 0.009316 0.200000
v 0.016456 0.012342 0.200000
v 0.013192 0.003043 0.200000
v 0.013789 0.005847 0.200000
v 0.014328 0.008507 0.200000
v 0.014868 0.011151 0.200000
v 0.017693 0.023080 0.200000
v 0.015436 0.019907 0.200000
v 0.013192 0.016746 0.200000
v 0.010925 0.013613 0.200000
v 0.017836 0.019907 0.200000
v 0.015785 0.017356 0.200000
v 0.013789 0.014837 0.200000
v 0.011772 0.012342 0.200000
v 0.017971 0.016746 0.200000
v 0.016102 0.014837 0.200000
v 0.014328 0.012985 0.200000
v 0.012566 0.011151 0.200000
v 0.004613 0.003460 0.200000
v 0.006729 0.003246 0.200000
v 0.008836 0.003043 0.200000
v 0.010925 0.002774 0.200000
v 0.006729 0.006847 0.200000
v 0.008430 0.006322 0.200000
v 0.010108 0.005847 0.200000
v 0.011772 0.005315 0.200000
v 0.008836 0.010211 0.200000
v 0.010108 0.009316 0.200000
v 0.011343 0.008507 0.200000
v 0.012566 0.007698 0.200000
v 0.006667 0.020000 0.200000
v 0.002307 0.006920 0.200000
v 0.004564 0.010093 0.200000
v 0.006808 0.013254 0.200000
v 0.009075 0.016387 0.200000
v 0.002164 0.010093 0.200000
v 0.004215 0.012644 0.200000
v 0.006211 0.015163 0.200000
v 0.008228 0.017658 0.200000
v 0.002029 0.013254 0.200000
v 0.003898 0.015163 0.200000
v 0.005672 0.017015 0.200000
v 0.007434 0.018849 0.200000
v 0.015387 0.026540 0.200000
v 0.013271 0.026754 0.200000
v 0.011164 0.026957 0.200000
v 0.009075 0.027226 0.200000
v 0.013271 0.023153 0.200000
v 0.011570 0.023678 0.200000
v 0.009892 0.024153 0.200000
v 0.008228 0.024685 0.200000
v 0.011164 0.019789 0.200000
v 0.009892 0.020684 0.200000
v 0.008657 0.021493 0.200000
v 0.007434 0.022302 0.200000
v 0.002307 0.026540 0.200000
v 0.002164 0.023153 0.200000
v 0.002029 0.019789 0.200000
v 0.001850 0.016387 0.200000
v 0.004564 0.026754 0.200000
v 0.004215 0.023678 0.200000
v 0.003898 0.020684 0.200000
v 0.003544 0.017658 0.200000
v 0.006808 0.026957 0.200000
v 0.006211 0.024153 0.200000
v 0.005672 0.021493 0.200000
v 0.005132 0.018849 0.200000
v 0.006667 -0.000000 0.080000
v 0.002307 -0.000000 0.040759
v 0.004564 -0.000000 0.039478
v 0.006808 -0.000000 0.038258
v 0.009075 -0.000000 0.036647
v 0.002164 -0.000000 0.061080
v 0.004215 -0.000000 0.057933
v 0.006211 -0.000000 0.055079
v 0.008228 -0.000000 0.051892
v 0.002029 -0.000000 0.081268
v 0.003898 -0.000000 0.075897
v 0.005672 -0.000000 0.071044
v 0.007434 -0.000000 0.066191
v 0.015387 -0.000000 0.040759
v 0.013271 -0.000000 0.061080
v 0.011164 -0.000000 0.081268
v 0.009075 -0.000000 0.101677
v 0.013271 -0.000000 0.039478
v 0.011570 -0.000000 0.057933
v 0.009892 -0.000000 0.075897
v 0.008228 -0.000000 0.094054
v 0.011164 -0.000000 0.038258
v 0.009892 -0.000000 0.055079
v 0.008657 -0.000000 0.071044
v 0.007434 -0.000000 0.086905
v 0.002307 -0.000000 0.158482
v 0.002164 -0.000000 0.139441
v 0.002029 -0.000000 0.120474
v 0.001850 -0.000000 0.101677
v 0.004564 -0.000000 0.139441
v 0.004215 -0.000000 0.124134
v 0.003898 -0.000000 0.109024
v 0.003544 -0.000000 0.094054
v 0.006808 -0.000000 0.120474
v 0.006211 -0.000000 0.109024
v 0.005672 -0.000000 0.097913
v 0.005132 -0.000000 0.086905
v 0.013333 -0.000000 0.140000
v 0.004613 -0.000000 0.179241
v 0.006729 -0.000000 0.158920
v 0.008836 -0.000000 0.138732
v 0.010925 -0.000000 0.118323
v 0.006729 -0.000000 0.180522
v 0.008430 -0.000000 0.162067
v 0.010108 -0.000000 0.144103
v 0.011772 -0.000000 0.125946
v 0.008836 -0.000000 0.181742
v 0.010108 -0.000000 0.164921
v 0.011343 -0.000000 0.148956
v 0.012566 -0.000000 0.133095
v 0.017693 -0.000000 0.061518
v 0.017836 -0.000000 0.080559
v 0.017971 -0.000000 0.099526
v 0.018150 -0.000000 0.118323
v 0.015436 -0.000000 0.080559
v 0.015785 -0.000000 0.095866
v 0.016102 -0.000000 0.110976
v 0.016456 -0.000000 0.125946
v 0.013192 -0.000000 0.099526
v 0.013789 -0.000000 0.110976
v 0.014328 -0.000000 0.122087
v 0.014868 -0.000000 0.133095
v 0.017693 -0.000000 0.179241
v 0.015436 -0.000000 0.180522
v 0.013192 -0.000000 0.181742
v 0.010925 -0.000000 0.183353
v 0.017836 -0.000000 0.158920
v 0.015785 -0.000000 0.162067
v 0.013789 -0.000000 0.164921
v 0.011772 -0.000000 0.168108
v 0.017971 -0.000000 0.138732
v 0.016102 -0.000000 0.144103
v 0.014328 -0.000000 0.148956
v 0.012566 -0.000000 0.153809
v 0.020000 0.010000 0.080000
v 0.020000 0.003460 0.040759
v 0.020000 0.006847 0.039478
v 0.020000 0.010211 0.038258
v 0.020000 0.013613 0.036647
v 0.020000 0.003246 0.061080
v 0.020000 0.006322 0.057933
v 0.020000 0.009316 0.055079
v 0.020000 0.012342 0.051892
v 0.020000 0.003043 0.081268
v 0.020000 0.005847 0.075897
v 0.020000 0.008507 0.071044
v 0.020000 0.011151 0.066191
v 0.020000 0.023080 0.040759
v 0.020000 0.019907 0.061080
v 0.020000 0.016746 0.081268
v 0.020000 0.013613 0.101677
v 0.020000 0.019907 0.039478
v 0.020000 0.017356 0.057933
v 0.020000 0.014837 0.075897
v 0.020000 0.012342 0.094054
v 0.020000 0.016746 0.038258
v 0.020000 0.014837 0.055079
v 0.020000 0.012985 0.071044
v 0.020000 0.011151 0.086905
v 0.020000 0.003460 0.158482
v 0.020000 0.003246 0.139441
v 0.020000 0.003043 0.120474
v 0.020000 0.002774 0.101677
v 0.020000 0.006847 0.139441
v 0.020000 0.006322 0.124134
v 0.020000 0.005847 0.109024
v 0.020000 0.005315 0.094054
v 0.020000 0.010211 0.120474
v 0.020000 0.009316 0.109024
v 0.020000 0.008507 0.097913
v 0.020000 0.007698 0.086905
v 0.020000 0.020000 0.140000
v 0.020000 0.006920 0.179241
v 0.020000 0.010093 0.158920
v 0.020000 0.013254 0.138732
v 0.020000 0.016387 0.118323
v 0.020000 0.010093 0.180522
v 0.020000 0.012644 0.162067
v 0.020000 0.015163 0.144103
v 0.020000 0.017658 0.125946
v 0.020000 0.013254 0.181742
v 0.020000 0.015163 0.164921
v 0.020000 0.017015 0.148956
v 0.020000 0.018849 0.133095
v 0.020000 0.026540 0.061518
v 0.020000 0.026754 0.080559
v 0.020000 0.026957 0.099526
v 0.020000 0.027226 0.118323
v 0.020000 0.023153 0.080559
v 0.020000 0.023678 0.095866
v 0.020000 0.024153 0.110976
v 0.020000 0.024685 0.125946
v 0.020000 0.019789 0.099526
v 0.020000 0.020684 0.110976
v 0.020000 0.021493 0.122087
v 0.020000 0.022302 0.133095
v 0.020000 0.026540 0.179241
v 0.020000 0.023153 0.180522
v 0.020000 0.019789 0.181742
v 0.020000 0.016387 0.183353
v 0.020000 0.026754 0.158920
v 0.020000 0.023678 0.162067
v 0.020000 0.020684 0.164921
v 0.020000 0.017658 0.168108
v 0.020000 0.026957 0.138732
v 0.020000 0.024153 0.144103
v 0.020000 0.021493 0.148956
v 0.020000 0.018849 0.153809
v 0.013333 0.030000 0.080000
v 0.017693 0.030000 0.040759
v 0.015436 0.030000 0.039478
v 0.013192 0.030000 0.038258
v 0.010925 0.030000 0.036647
v 0.017836 0.030000 0.061080
v 0.015785 0.030000 0.057933
v 0.013789 0.030000 0.055079
v 0.011772 0.030000 0.051892
v 0.017971 0.030000 0.081268
v 0.016102 0.030000 0.075897
v 0.014328 0.030000 0.071044
v 0.012566 0.030000 0.066191
v 0.004613 0.030000 0.040759
v 0.006729 0.030000 0.061080
v 0.008836 0.030000 0.081268
v 0.010925 0.030000 0.101677
v 0.006729 0.030000 0.039478
v 0.008430 0.030000 0.057933
v 0.010108 0.030000 0.075897
v 0.011772 0.030000 0.094054
v 0.008836 0.030000 0.038258
v 0.010108 0.030000 0.055079
v 0.011343 0.030000 0.071044
v 0.012566 0.030000 0.086905
v 0.017693 0.030000 0.158482
v 0.017836 0.030000 0.139441
v 0.017971 0.030000 0.120474
v 0.018150 0.030000 0.101677
v 0.015436 0.030000 0.139441
v 0.015785 0.030000 0.124134
v 0.016102 0.030000 0.109024
v 0.016456 0.030000 0.094054
v 0.013192 0.030000 0.120474
v 0.013789 0.030000 0.109024
v 0.014328 0.030000 0.097913
v 0.014868 0.030000 0.086905
v 0.006667 0.030000 0.140000
v 0.015387 0.030000 0.179241
v 0.013271 0.030000 0.158920
v 0.011164 0.030000 0.138732
v 0.009075 0.030000 0.118323
v 0.013271 0.030000 0.180522
v 0.011570 0.030000 0.162067
v 0.009892 0.030000 0.144103
v 0.008228 0.030000 0.125946
v 0.011164 0.030000 0.181742
v 0.009892 0.030000 0.164921
v 0.008657 0.030000 0.148956
v 0.007434 0.030000 0.133095
v 0.002307 0.030000 0.061518
v 0.002164 0.030000 0.080559
v 0.002029 0.030000 0.099526
v 0.001850 0.030000 0.118323
v 0.004564 0.030000 0.080559
v 0.004215 0.030000 0.095866
v 0.003898 0.030000 0.110976
v 0.003544 0.030000 0.125946
v 0.006808 0.030000 0.099526
v 0.006211 0.030000 0.110976
v 0.005672 0.030000 0.122087
v 0.005132 0.030000 0.133095
v 0.002307 0.030000 0.179241
v 0.004564 0.030000 0.180522
v 0.006808 0.030000 0.181742
v 0.009075 0.030000 0.183353
v 0.002164 0.030000 0.158920
v 0.004215 0.030000 0.162067
v 0.006211 0.030000 0.164921
v 0.008228 0.030000 0.168108
v 0.002029 0.030000 0.138732
v 0.003898 0.030000 0.144103
v 0.005672 0.030000 0.148956
v 0.007434 0.030000 0.153809
v 0.000000 0.020000 0.080000
v 0.000000 0.026540 0.040759
v 0.000000 0.023153 0.039478
v 0.000000 0.019789 0.038258
v 0.000000 0.016387 0.036647
v 0.000000 0.026754 0.061080
v 0.000000 0.023678 0.057933
v 0.000000 0.020684 0.055079
v 0.000000 0.017658 0.051892
v 0.000000 0.026957 0.081268
v 0.000000 0.024153 0.075897
v 0.000000 0.021493 0.071044
v 0.000000 0.018849 0.066191
v 0.000000 0.006920 0.040759
v 0.000000 0.010093 0.061080
v 0.000000 0.013254 0.081268
v 0.000000 0.016387 0.101677
v 0.000000 0.010093 0.039478
v 0.000000 0.012644 0.057933
v 0.000000 0.015163 0.075897
v 0.000000 0.017658 0.094054
v 0.000000 0.013254 0.038258
v 0.000000 0.015163 0.055079
v 0.000000 0.017015 0.071044
v 0.000000 0.018849 0.086905
v 0.000000 0.026540 0.158482
v 0.000000 0.026754 0.139441
v 0.000000 0.026957 0.120474
v 0.000000 0.027226 0.101677
v 0.000000 0.023153 0.139441
v 0.000000 0.023678 0.124134
v 0.000000 0.024153 0.109024
v 0.000000 0.024685 0.094054
v 0.000000 0.019789 0.120474
v 0.000000 0.020684 0.109024
v 0.000000 0.021493 0.097913
v 0.000000 0.022302 0.086905
v 0.000000 0.010000 0.140000
v 0.000000 0.023080 0.179241
v 0.000000 0.019907 0.158920
v 0.000000 0.016746 0.138732
v 0.000000 0.013613 0.118323
v 0.000000 0.019907 0.180522
v 0.000000 0.017356 0.162067
v 0.000000 0.014837 0.144103
v 0.000000 0.012342 0.125946
v 0.000000 0.016746 0.181742
v 0.000000 0.014837 0.164921
v 0.000000 0.012985 0.148956
v 0.000000 0.011151 0.133095
v 0.000000 0.003460 0.061518
v 0.000000 0.003246 0.080559
v 0.000000 0.003043 0.099526
v 0.000000 0.002774 0.118323
v 0.000000 0.006847 0.080559
v 0.000000 0.006322 0.095866
v 0.000000 0.005847 0.110976
v 0.000000 0.005315 0.125946
v 0.000000 0.010211 0.099526
v 0.000000 0.009316 0.110976
v 0.000000 0.008507 0.122087
v 0.000000 0.007698 0.133095
v 0.000000 0.003460 0.179241
v 0.000000 0.006847 0.180522
v 0.000000 0.010211 0.181742
v 0.000000 0.013613 0.183353
v 0.000000 0.003246 0.158920
v 0.000000 0.006322 0.162067
v 0.000000 0.009316 0.164921
v 0.000000 0.012342 0.168108
v 0.000000 0.003043 0.138732
v 0.000000 0.005847 0.144103
v 0.000000 0.008507 0.148956
v 0.000000 0.011151 0.153809
v 0.013333 0.003333 0.020000
v 0.014423 0.004423 0.020000
v 0.015059 0.003859 0.020000
v 0.015688 0.003298 0.020000
v 0.016344 0.002731 0.020000
v 0.013259 0.004459 0.020000
v 0.013946 0.003946 0.020000
v 0.014604 0.003447 0.020000
v 0.015285 0.002943 0.020000
v 0.012103 0.004493 0.020000
v 0.012869 0.004026 0.020000
v 0.013582 0.003582 0.020000
v 0.014292 0.003142 0.020000
v 0.017693 0.001153 0.020000
v 0.016036 0.001682 0.020000
v 0.014387 0.002209 0.020000
v 0.012731 0.002731 0.020000
v 0.017236 0.001682 0.020000
v 0.015785 0.002107 0.020000
v 0.014367 0.002527 0.020000
v 0.012943 0.002943 0.020000
v 0.016777 0.002209 0.020000
v 0.015524 0.002527 0.020000
v 0.014328 0.002836 0.020000
v 0.013142 0.003142 0.020000
v 0.007883 0.004423 0.020000
v 0.008905 0.004459 0.020000
v 0.009925 0.004493 0.020000
v 0.010925 0.004538 0.020000
v 0.009505 0.003859 0.020000
v 0.010268 0.003946 0.020000
v 0.011029 0.004026 0.020000
v 0.011772 0.004114 0.020000
v 0.011120 0.003298 0.020000
v 0.011607 0.003447 0.020000
v 0.012089 0.003582 0.020000
v 0.012566 0.003717 0.020000
v 0.008333 0.001667 0.020000
v 0.006153 0.003847 0.020000
v 0.007882 0.003318 0.020000
v 0.009599 0.002791 0.020000
v 0.011344 0.002269 0.020000
v 0.005482 0.003318 0.020000
v 0.007107 0.002893 0.020000
v 0.008684 0.002473 0.020000
v 0.010285 0.002057 0.020000
v 0.004820 0.002791 0.020000
v 0.006371 0.002473 0.020000
v 0.007836 0.002164 0.020000
v 0.009292 0.001858 0.020000
v 0.015964 0.000577 0.020000
v 0.013812 0.000541 0.020000
v 0.011671 0.000507 0.020000
v 0.009538 0.000462 0.020000
v 0.014412 0.001141 0.020000
v 0.012624 0.001054 0.020000
v 0.010866 0.000974 0.020000
v 0.009114 0.000886 0.020000
v 0.012866 0.001702 0.020000
v 0.011444 0.001553 0.020000
v 0.010075 0.001418 0.020000
v 0.008717 0.001283 0.020000
v 0.002883 0.000577 0.020000
v 0.003305 0.001141 0.020000
v 0.003731 0.001702 0.020000
v 0.004118 0.002269 0.020000
v 0.005106 0.000541 0.020000
v 0.005268 0.001054 0.020000
v 0.005450 0.001553 0.020000
v 0.005601 0.002057 0.020000
v 0.007315 0.000507 0.020000
v 0.007185 0.000974 0.020000
v 0.007089 0.001418 0.020000
v 0.006991 0.001858 0.020000
v 0.001667 0.011667 0.020000
v 0.003847 0.007307 0.020000
v 0.003318 0.006564 0.020000
v 0.002791 0.005834 0.020000
v 0.002269 0.005043 0.020000
v 0.003318 0.010165 0.020000
v 0.002893 0.009215 0.020000
v 0.002473 0.008319 0.020000
v 0.002057 0.007372 0.020000
v 0.002791 0.013002 0.020000
v 0.002473 0.011789 0.020000
v 0.002164 0.010672 0.020000
v 0.001858 0.009557 0.020000
v 0.000577 0.004036 0.020000
v 0.000541 0.007388 0.020000
v 0.000507 0.010719 0.020000
v 0.000462 0.014075 0.020000
v 0.001141 0.004388 0.020000
v 0.001054 0.007376 0.020000
v 0.000974 0.010291 0.020000
v 0.000886 0.013228 0.020000
v 0.001702 0.004745 0.020000
v 0.001553 0.007399 0.020000
v 0.001418 0.009925 0.020000
v 0.001283 0.012434 0.020000
v 0.000577 0.023657 0.020000
v 0.001141 0.021048 0.020000
v 0.001702 0.018448 0.020000
v 0.002269 0.015882 0.020000
v 0.000541 0.020448 0.020000
v 0.001054 0.018409 0.020000
v 0.001553 0.016390 0.020000
v 0.002057 0.014399 0.020000
v 0.000507 0.017253 0.020000
v 0.000974 0.015812 0.020000
v 0.001418 0.014403 0.020000
v 0.001858 0.013009 0.020000
v 0.016667 0.010000 0.020000
v 0.015577 0.006730 0.020000
v 0.015541 0.009023 0.020000
v 0.015507 0.011300 0.020000
v 0.015462 0.013613 0.020000
v 0.016141 0.006023 0.020000
v 0.016054 0.008161 0.020000
v 0.015974 0.010236 0.020000
v 0.015886 0.012342 0.020000
v 0.016702 0.005327 0.020000
v 0.016553 0.007345 0.020000
v 0.016418 0.009254 0.020000
v 0.016283 0.011151 0.020000
v 0.015577 0.019810 0.020000
v 0.016141 0.017130 0.020000
v 0.016702 0.014462 0.020000
v 0.017269 0.011806 0.020000
v 0.015541 0.017730 0.020000
v 0.016054 0.015517 0.020000
v 0.016553 0.013339 0.020000
v 0.017057 0.011171 0.020000
v 0.015507 0.015657 0.020000
v 0.015974 0.013917 0.020000
v 0.016418 0.012239 0.020000
v 0.016858 0.010575 0.020000
v 0.018847 0.003460 0.020000
v 0.018318 0.003846 0.020000
v 0.017791 0.004238 0.020000
v 0.017269 0.004581 0.020000
v 0.018318 0.006247 0.020000
v 0.017893 0.006322 0.020000
v 0.017473 0.006425 0.020000
v 0.017057 0.006486 0.020000
v 0.017791 0.009017 0.020000
v 0.017473 0.008738 0.020000
v 0.017164 0.008507 0.020000
v 0.016858 0.008274 0.020000
v 0.018333 0.018333 0.020000
v 0.019423 0.006343 0.020000
v 0.018859 0.008952 0.020000
v 0.018298 0.011552 0.020000
v 0.017731 0.014118 0.020000
v 0.019459 0.009552 0.020000
v 0.018946 0.011591 0.020000
v 0.018447 0.013610 0.020000
v 0.017943 0.015601 0.020000
v 0.019493 0.012747 0.020000
v 0.019026 0.014188 0.020000
v 0.018582 0.015597 0.020000
v 0.018142 0.016991 0.020000
v 0.016153 0.022693 0.020000
v 0.016682 0.023436 0.020000
v 0.017209 0.024166 0.020000
v 0.017731 0.024957 0.020000
v 0.016682 0.019835 0.020000
v 0.017107 0.020785 0.020000
v 0.017527 0.021681 0.020000
v 0.017943 0.022628 0.020000
v 0.017209 0.016998 0.020000
v 0.017527 0.018211 0.020000
v 0.017836 0.019328 0.020000
v 0.018142 0.020443 0.020000
v 0.019423 0.025964 0.020000
v 0.019459 0.022612 0.020000
v 0.019493 0.019281 0.020000
v 0.019538 0.015925 0.020000
v 0.018859 0.025612 0.020000
v 0.018946 0.022624 0.020000
v 0.019026 0.019709 0.020000
v 0.019114 0.016772 0.020000
v 0.018298 0.025255 0.020000
v 0.018447 0.022601 0.020000
v 0.018582 0.020075 0.020000
v 0.018717 0.017566 0.020000
v 0.013333 0.026667 0.020000
v 0.017693 0.028847 0.020000
v 0.017236 0.028318 0.020000
v 0.016777 0.027791 0.020000
v 0.016344 0.027269 0.020000
v 0.016036 0.028318 0.020000
v 0.015785 0.027893 0.020000
v 0.015524 0.027473 0.020000
v 0.015285 0.027057 0.020000
v 0.014387 0.027791 0.020000
v 0.014367 0.027473 0.020000
v 0.014328 0.027164 0.020000
v 0.014292 0.026858 0.020000
v 0.014423 0.025577 0.020000
v 0.013259 0.025541 0.020000
v 0.012103 0.025507 0.020000
v 0.010925 0.025462 0.020000
v 0.015059 0.026141 0.020000
v 0.013946 0.026054 0.020000
v 0.012869 0.025974 0.020000
v 0.011772 0.025886 0.020000
v 0.015688 0.026702 0.020000
v 0.014604 0.026553 0.020000
v 0.013582 0.026418 0.020000
v 0.012566 0.026283 0.020000
v 0.007883 0.025577 0.020000
v 0.009505 0.026141 0.020000
v 0.011120 0.026702 0.020000
v 0.012731 0.027269 0.020000
v 0.008905 0.025541 0.020000
v 0.010268 0.026054 0.020000
v 0.011607 0.026553 0.020000
v 0.012943 0.027057 0.020000
v 0.009925 0.025507 0.020000
v 0.011029 0.025974 0.020000
v 0.012089 0.026418 0.020000
v 0.013142 0.026858 0.020000
v 0.008333 0.028333 0.020000
v 0.015964 0.029423 0.020000
v 0.014412 0.028859 0.020000
v 0.012866 0.028298 0.020000
v 0.011344 0.027731 0.020000
v 0.013812 0.029459 0.020000
v 0.012624 0.028946 0.020000
v 0.011444 0.028447 0.020000
v 0.010285 0.027943 0.020000
v 0.011671 0.029493 0.020000
v 0.010866 0.029026 0.020000
v 0.010075 0.028582 0.020000
v 0.009292 0.028142 0.020000
v 0.006153 0.026153 0.020000
v 0.005482 0.026682 0.020000
v 0.004820 0.027209 0.020000
v 0.004118 0.027731 0.020000
v 0.007882 0.026682 0.020000
v 0.007107 0.027107 0.020000
v 0.006371 0.027527 0.020000
v 0.005601 0.027943 0.020000
v 0.009599 0.027209 0.020000
v 0.008684 0.027527 0.020000
v 0.007836 0.027836 0.020000
v 0.006991 0.028142 0.020000
v 0.002883 0.029423 0.020000
v 0.005106 0.029459 0.020000
v 0.007315 0.029493 0.020000
v 0.009538 0.029538 0.020000
v 0.003305 0.028859 0.020000
v 0.005268 0.028946 0.020000
v 0.007185 0.029026 0.020000
v 0.009114 0.029114 0.020000
v 0.003731 0.028298 0.020000
v 0.005450 0.028447 0.020000
v 0.007089 0.028582 0.020000
v 0.008717 0.028717 0.020000
v 0.003333 0.020000 0.020000
v 0.001153 0.026540 0.020000
v 0.001682 0.026154 0.020000
v 0.002209 0.025762 0.020000
v 0.002731 0.025419 0.020000
v 0.001682 0.023753 0.020000
v 0.002107 0.023678 0.020000
v 0.002527 0.023575 0.020000
v 0.002943 0.023514 0.020000
v 0.002209 0.020983 0.020000
v 0.002527 0.021262 0.020000
v 0.002836 0.021493 0.020000
v 0.003142 0.021726 0.020000
v 0.004423 0.023270 0.020000
v 0.004459 0.020977 0.020000
v 0.004493 0.018700 0.020000
v 0.004538 0.016387 0.020000
v 0.003859 0.023977 0.020000
v 0.003946 0.021839 0.020000
v 0.004026 0.019764 0.020000
v 0.004114 0.017658 0.020000
v 0.003298 0.024673 0.020000
v 0.003447 0.022655 0.020000
v 0.003582 0.020746 0.020000
v 0.003717 0.018849 0.020000
v 0.004423 0.010190 0.020000
v 0.003859 0.012870 0.020000
v 0.003298 0.015538 0.020000
v 0.002731 0.018194 0.020000
v 0.004459 0.012270 0.020000
v 0.003946 0.014483 0.020000
v 0.003447 0.016661 0.020000
v 0.002943 0.018829 0.020000
v 0.004493 0.014343 0.020000
v 0.004026 0.016083 0.020000
v 0.003582 0.017761 0.020000
v 0.003142 0.019425 0.020000
vn -0.0000 -0.0000 1.0000
vn 1.0000 -0.0000 -0.0000
vn -0.0000 -1.0000 -0.0000
vn -0.0000 1.0000 -0.0000
vn -1.0000 -0.0000 -0.0000
vn -0.0000 -0.0000 -1.0000
s 0
usemtl Material
f 610//1 611//1 615//1 614//1
f 611//1 612//1 616//1 615//1
f 612//1 613//1 617//1 616//1
f 614//1 615//1 619//1 618//1
f 615//1 616//1 620//1 619//1
f 616//1 617//1 621//1 620//1
f 622//1 623//1 627//1 626//1
f 623//1 624//1 628//1 627//1
f 624//1 625//1 629//1 628//1
f 626//1 627//1 631//1 630//1
f 627//1 628//1 632//1 631//1
f 628//1 629//1 633//1 632//1
f 634//1 635//1 639//1 638//1
f 635//1 636//1 640//1 639//1
f 636//1 637//1 641//1 640//1
f 638//1 639//1 643//1 642//1
f 639//1 640//1 644//1 643//1
f 640//1 641//1 645//1 644//1
f 630//1 631//1 617//1 613//1
f 631//1 632//1 621//1 617//1
f 642//1 643//1 629//1 625//1
f 643//1 644//1 633//1 629//1
f 618//1 619//1 641//1 637//1
f 619//1 620//1 645//1 641//1
f 620//1 621//1 609//1 645//1
f 632//1 633//1 609//1 621//1
f 644//1 645//1 609//1 633//1
f 1//1 35//1 610//1 28//1
f 35//1 36//1 611//1 610//1
f 36//1 37//1 612//1 611//1
f 37//1 38//1 613//1 612//1
f 28//1 610//1 614//1 29//1
f 29//1 614//1 618//1 30//1
f 30//1 618//1 637//1 31//1
f 2//1 42//1 622//1 41//1
f 42//1 43//1 623//1 622//1
f 43//1 44//1 624//1 623//1
f 44//1 45//1 625//1 624//1
f 41//1 622//1 626//1 40//1
f 40//1 626//1 630//1 39//1
f 39//1 630//1 613//1 38//1
f 3//1 34//1 634//1 48//1
f 34//1 33//1 635//1 634//1
f 33//1 32//1 636//1 635//1
f 32//1 31//1 637//1 636//1
f 48//1 634//1 638//1 47//1
f 47//1 638//1 642//1 46//1
f 46//1 642//1 625//1 45//1
f 647//1 648//1 652//1 651//1
f 648//1 649//1 653//1 652//1
f 649//1 650//1 654//1 653//1
f 651//1 652//1 656//1 655//1
f 652//1 653//1 657//1 656//1
f 653//1 654//1 658//1 657//1
f 659//1 660//1 664//1 663//1
f 660//1 661//1 665//1 664//1
f 661//1 662//1 666//1 665//1
f 663//1 664//1 668//1 667//1
f 664//1 665//1 669//1 668//1
f 665//1 666//1 670//1 669//1
f 671//1 672//1 676//1 675//1
f 672//1 673//1 677//1 676//1
f 673//1 674//1 678//1 677//1
f 675//1 676//1 680//1 679//1
f 676//1 677//1 681//1 680//1
f 677//1 678//1 682//1 681//1
f 667//1 668//1 654//1 650//1
f 668//1 669//1 658//1 654//1
f 679//1 680//1 666//1 662//1
f 680//1 681//1 670//1 666//1
f 655//1 656//1 678//1 674//1
f 656//1 657//1 682//1 678//1
f 657//1 658//1 646//1 682//1
f 669//1 670//1 646//1 658//1
f 681//1 682//1 646//1 670//1
f 3//1 48//1 647//1 49//1
f 48//1 47//1 648//1 647//1
f 47//1 46//1 649//1 648//1
f 46//1 45//1 650//1 649//1
f 49//1 647//1 651//1 50//1
f 50//1 651//1 655//1 51//1
f 51//1 655//1 674//1 52//1
f 2//1 56//1 659//1 42//1
f 56//1 57//1 660//1 659//1
f 57//1 58//1 661//1 660//1
f 58//1 59//1 662//1 661//1
f 42//1 659//1 663//1 43//1
f 43//1 663//1 667//1 44//1
f 44//1 667//1 650//1 45//1
f 4//1 55//1 671//1 62//1
f 55//1 54//1 672//1 671//1
f 54//1 53//1 673//1 672//1
f 53//1 52//1 674//1 673//1
f 62//1 671//1 675//1 61//1
f 61//1 675//1 679//1 60//1
f 60//1 679//1 662//1 59//1
f 684//2 685//2 689//2 688//2
f 685//2 686//2 690//2 689//2
f 686//2 687//2 691//2 690//2
f 688//2 689//2 693//2 692//2
f 689//2 690//2 694//2 693//2
f 690//2 691//2 695//2 694//2
f 696//2 697//2 701//2 700//2
f 697//2 698//2 702//2 701//2
f 698//2 699//2 703//2 702//2
f 700//2 701//2 705//2 704//2
f 701//2 702//2 706//2 705//2
f 702//2 703//2 707//2 706//2
f 708//2 709//2 713//2 712//2
f 709//2 710//2 714//2 713//2
f 710//2 711//2 715//2 714//2
f 712//2 713//2 717//2 716//2
f 713//2 714//2 718//2 717//2
f 714//2 715//2 719//2 718//2
f 704//2 705//2 691//2 687//2
f 705//2 706//2 695//2 691//2
f 716//2 717//2 703//2 699//2
f 717//2 718//2 707//2 703//2
f 692//2 693//2 715//2 711//2
f 693//2 694//2 719//2 715//2
f 694//2 695//2 683//2 719//2
f 706//2 707//2 683//2 695//2
f 718//2 719//2 683//2 707//2
f 3//2 49//2 684//2 63//2
f 49//2 50//2 685//2 684//2
f 50//2 51//2 686//2 685//2
f 51//2 52//2 687//2 686//2
f 63//2 684//2 688//2 64//2
f 64//2 688//2 692//2 65//2
f 65//2 692//2 711//2 66//2
f 4//2 70//2 696//2 55//2
f 70//2 71//2 697//2 696//2
f 71//2 72//2 698//2 697//2
f 72//2 73//2 699//2 698//2
f 55//2 696//2 700//2 54//2
f 54//2 700//2 704//2 53//2
f 53//2 704//2 687//2 52//2
f 5//2 69//2 708//2 76//2
f 69//2 68//2 709//2 708//2
f 68//2 67//2 710//2 709//2
f 67//2 66//2 711//2 710//2
f 76//2 708//2 712//2 75//2
f 75//2 712//2 716//2 74//2
f 74//2 716//2 699//2 73//2
f 721//2 722//2 726//2 725//2
f 722//2 723//2 727//2 726//2
f 723//2 724//2 728//2 727//2
f 725//2 726//2 730//2 729//2
f 726//2 727//2 731//2 730//2
f 727//2 728//2 732//2 731//2
f 733//2 734//2 738//2 737//2
f 734//2 735//2 739//2 738//2
f 735//2 736//2 740//2 739//2
f 737//2 738//2 742//2 741//2
f 738//2 739//2 743//2 742//2
f 739//2 740//2 744//2 743//2
f 745//2 746//2 750//2 749//2
f 746//2 747//2 751//2 750//2
f 747//2 748//2 752//2 751//2
f 749//2 750//2 754//2 753//2
f 750//2 751//2 755//2 754//2
f 751//2 752//2 756//2 755//2
f 741//2 742//2 728//2 724//2
f 742//2 743//2 732//2 728//2
f 753//2 754//2 740//2 736//2
f 754//2 755//2 744//2 740//2
f 729//2 730//2 752//2 748//2
f 730//2 731//2 756//2 752//2
f 731//2 732//2 720//2 756//2
f 743//2 744//2 720//2 732//2
f 755//2 756//2 720//2 744//2
f 5//2 76//2 721//2 77//2
f 76//2 75//2 722//2 721//2
f 75//2 74//2 723//2 722//2
f 74//2 73//2 724//2 723//2
f 77//2 721//2 725//2 78//2
f 78//2 725//2 729//2 79//2
f 79//2 729//2 748//2 80//2
f 4//2 84//2 733//2 70//2
f 84//2 85//2 734//2 733//2
f 85//2 86//2 735//2 734//2
f 86//2 87//2 736//2 735//2
f 70//2 733//2 737//2 71//2
f 71//2 737//2 741//2 72//2
f 72//2 741//2 724//2 73//2
f 6//2 83//2 745//2 90//2
f 83//2 82//2 746//2 745//2
f 82//2 81//2 747//2 746//2
f 81//2 80//2 748//2 747//2
f 90//2 745//2 749//2 89//2
f 89//2 749//2 753//2 88//2
f 88//2 753//2 736//2 87//2
f 758//3 759//3 763//3 762//3
f 759//3 760//3 764//3 763//3
f 760//3 761//3 765//3 764//3
f 762//3 763//3 767//3 766//3
f 763//3 764//3 768//3 767//3
f 764//3 765//3 769//3 768//3
f 770//3 771//3 775//3 774//3
f 771//3 772//3 776//3 775//3
f 772//3 773//3 777//3 776//3
f 774//3 775//3 779//3 778//3
f 775//3 776//3 780//3 779//3
f 776//3 777//3 781//3 780//3
f 782//3 783//3 787//3 786//3
f 783//3 784//3 788//3 787//3
f 784//3 785//3 789//3 788//3
f 786//3 787//3 791//3 790//3
f 787//3 788//3 792//3 791//3
f 788//3 789//3 793//3 792//3
f 778//3 779//3 765//3 761//3
f 779//3 780//3 769//3 765//3
f 790//3 791//3 777//3 773//3
f 791//3 792//3 781//3 777//3
f 766//3 767//3 789//3 785//3
f 767//3 768//3 793//3 789//3
f 768//3 769//3 757//3 793//3
f 780//3 781//3 757//3 769//3
f 792//3 793//3 757//3 781//3
f 4//3 62//3 758//3 84//3
f 62//3 61//3 759//3 758//3
f 61//3 60//3 760//3 759//3
f 60//3 59//3 761//3 760//3
f 84//3 758//3 762//3 85//3
f 85//3 762//3 766//3 86//3
f 86//3 766//3 785//3 87//3
f 2//3 91//3 770//3 56//3
f 91//3 92//3 771//3 770//3
f 92//3 93//3 772//3 771//3
f 93//3 94//3 773//3 772//3
f 56//3 770//3 774//3 57//3
f 57//3 774//3 778//3 58//3
f 58//3 778//3 761//3 59//3
f 6//3 90//3 782//3 97//3
f 90//3 89//3 783//3 782//3
f 89//3 88//3 784//3 783//3
f 88//3 87//3 785//3 784//3
f 97//3 782//3 786//3 96//3
f 96//3 786//3 790//3 95//3
f 95//3 790//3 773//3 94//3
f 795//3 796//3 800//3 799//3
f 796//3 797//3 801//3 800//3
f 797//3 798//3 802//3 801//3
f 799//3 800//3 804//3 803//3
f 800//3 801//3 805//3 804//3
f 801//3 802//3 806//3 805//3
f 807//3 808//3 812//3 811//3
f 808//3 809//3 813//3 812//3
f 809//3 810//3 814//3 813//3
f 811//3 812//3 816//3 815//3
f 812//3 813//3 817//3 816//3
f 813//3 814//3 818//3 817//3
f 819//3 820//3 824//3 823//3
f 820//3 821//3 825//3 824//3
f 821//3 822//3 826//3 825//3
f 823//3 824//3 828//3 827//3
f 824//3 825//3 829//3 828//3
f 825//3 826//3 830//3 829//3
f 815//3 816//3 802//3 798//3
f 816//3 817//3 806//3 802//3
f 827//3 828//3 814//3 810//3
f 828//3 829//3 818//3 814//3
f 803//3 804//3 826//3 822//3
f 804//3 805//3 830//3 826//3
f 805//3 806//3 794//3 830//3
f 817//3 818//3 794//3 806//3
f 829//3 830//3 794//3 818//3
f 6//3 97//3 795//3 98//3
f 97//3 96//3 796//3 795//3
f 96//3 95//3 797//3 796//3
f 95//3 94//3 798//3 797//3
f 98//3 795//3 799//3 99//3
f 99//3 799//3 803//3 100//3
f 100//3 803//3 822//3 101//3
f 2//3 105//3 807//3 91//3
f 105//3 106//3 808//3 807//3
f 106//3 107//3 809//3 808//3
f 107//3 108//3 810//3 809//3
f 91//3 807//3 811//3 92//3
f 92//3 811//3 815//3 93//3
f 93//3 815//3 798//3 94//3
f 7//3 104//3 819//3 111//3
f 104//3 103//3 820//3 819//3
f 103//3 102//3 821//3 820//3
f 102//3 101//3 822//3 821//3
f 111//3 819//3 823//3 110//3
f 110//3 823//3 827//3 109//3
f 109//3 827//3 810//3 108//3
f 832//4 833//4 837//4 836//4
f 833//4 834//4 838//4 837//4
f 834//4 835//4 839//4 838//4
f 836//4 837//4 841//4 840//4
f 837//4 838//4 842//4 841//4
f 838//4 839//4 843//4 842//4
f 844//4 845//4 849//4 848//4
f 845//4 846//4 850//4 849//4
f 846//4 847//4 851//4 850//4
f 848//4 849//4 853//4 852//4
f 849//4 850//4 854//4 853//4
f 850//4 851//4 855//4 854//4
f 856//4 857//4 861//4 860//4
f 857//4 858//4 862//4 861//4
f 858//4 859//4 863//4 862//4
f 860//4 861//4 865//4 864//4
f 861//4 862//4 866//4 865//4
f 862//4 863//4 867//4 866//4
f 852//4 853//4 839//4 835//4
f 853//4 854//4 843//4 839//4
f 864//4 865//4 851//4 847//4
f 865//4 866//4 855//4 851//4
f 840//4 841//4 863//4 859//4
f 841//4 842//4 867//4 863//4
f 842//4 843//4 831//4 867//4
f 854//4 855//4 831//4 843//4
f 866//4 867//4 831//4 855//4
f 1//4 28//4 832//4 112//4
f 28//4 29//4 833//4 832//4
f 29//4 30//4 834//4 833//4
f 30//4 31//4 835//4 834//4
f 112//4 832//4 836//4 113//4
f 113//4 836//4 840//4 114//4
f 114//4 840//4 859//4 115//4
f 3//4 119//4 844//4 34//4
f 119//4 120//4 845//4 844//4
f 120//4 121//4 846//4 845//4
f 121//4 122//4 847//4 846//4
f 34//4 844//4 848//4 33//4
f 33//4 848//4 852//4 32//4
f 32//4 852//4 835//4 31//4
f 8//4 118//4 856//4 125//4
f 118//4 117//4 857//4 856//4
f 117//4 116//4 858//4 857//4
f 116//4 115//4 859//4 858//4
f 125//4 856//4 860//4 124//4
f 124//4 860//4 864//4 123//4
f 123//4 864//4 847//4 122//4
f 869//4 870//4 874//4 873//4
f 870//4 871//4 875//4 874//4
f 871//4 872//4 876//4 875//4
f 873//4 874//4 878//4 877//4
f 874//4 875//4 879//4 878//4
f 875//4 876//4 880//4 879//4
f 881//4 882//4 886//4 885//4
f 882//4 883//4 887//4 886//4
f 883//4 884//4 888//4 887//4
f 885//4 886//4 890//4 889//4
f 886//4 887//4 891//4 890//4
f 887//4 888//4 892//4 891//4
f 893//4 894//4 898//4 897//4
f 894//4 895//4 899//4 898//4
f 895//4 896//4 900//4 899//4
f 897//4 898//4 902//4 901//4
f 898//4 899//4 903//4 902//4
f 899//4 900//4 904//4 903//4
f 889//4 890//4 876//4 872//4
f 890//4 891//4 880//4 876//4
f 901//4 902//4 888//4 884//4
f 902//4 903//4 892//4 888//4
f 877//4 878//4 900//4 896//4
f 878//4 879//4 904//4 900//4
f 879//4 880//4 868//4 904//4
f 891//4 892//4 868//4 880//4
f 903//4 904//4 868//4 892//4
f 8//4 125//4 869//4 132//4
f 125//4 124//4 870//4 869//4
f 124//4 123//4 871//4 870//4
f 123//4 122//4 872//4 871//4
f 132//4 869//4 873//4 131//4
f 131//4 873//4 877//4 130//4
f 130//4 877//4 896//4 129//4
f 3//4 63//4 881//4 119//4
f 63//4 64//4 882//4 881//4
f 64//4 65//4 883//4 882//4
f 65//4 66//4 884//4 883//4
f 119//4 881//4 885//4 120//4
f 120//4 885//4 889//4 121//4
f 121//4 889//4 872//4 122//4
f 5//4 126//4 893//4 69//4
f 126//4 127//4 894//4 893//4
f 127//4 128//4 895//4 894//4
f 128//4 129//4 896//4 895//4
f 69//4 893//4 897//4 68//4
f 68//4 897//4 901//4 67//4
f 67//4 901//4 884//4 66//4
f 906//5 907//5 911//5 910//5
f 907//5 908//5 912//5 911//5
f 908//5 909//5 913//5 912//5
f 910//5 911//5 915//5 914//5
f 911//5 912//5 916//5 915//5
f 912//5 913//5 917//5 916//5
f 918//5 919//5 923//5 922//5
f 919//5 920//5 924//5 923//5
f 920//5 921//5 925//5 924//5
f 922//5 923//5 927//5 926//5
f 923//5 924//5 928//5 927//5
f 924//5 925//5 929//5 928//5
f 930//5 931//5 935//5 934//5
f 931//5 932//5 936//5 935//5
f 932//5 933//5 937//5 936//5
f 934//5 935//5 939//5 938//5
f 935//5 936//5 940//5 939//5
f 936//5 937//5 941//5 940//5
f 926//5 927//5 913//5 909//5
f 927//5 928//5 917//5 913//5
f 938//5 939//5 925//5 921//5
f 939//5 940//5 929//5 925//5
f 914//5 915//5 937//5 933//5
f 915//5 916//5 941//5 937//5
f 916//5 917//5 905//5 941//5
f 928//5 929//5 905//5 917//5
f 940//5 941//5 905//5 929//5
f 2//5 41//5 906//5 105//5
f 41//5 40//5 907//5 906//5
f 40//5 39//5 908//5 907//5
f 39//5 38//5 909//5 908//5
f 105//5 906//5 910//5 106//5
f 106//5 910//5 914//5 107//5
f 107//5 914//5 933//5 108//5
f 1//5 133//5 918//5 35//5
f 133//5 134//5 919//5 918//5
f 134//5 135//5 920//5 919//5
f 135//5 136//5 921//5 920//5
f 35//5 918//5 922//5 36//5
f 36//5 922//5 926//5 37//5
f 37//5 926//5 909//5 38//5
f 7//5 111//5 930//5 139//5
f 111//5 110//5 931//5 930//5
f 110//5 109//5 932//5 931//5
f 109//5 108//5 933//5 932//5
f 139//5 930//5 934//5 138//5
f 138//5 934//5 938//5 137//5
f 137//5 938//5 921//5 136//5
f 943//5 944//5 948//5 947//5
f 944//5 945//5 949//5 948//5
f 945//5 946//5 950//5 949//5
f 947//5 948//5 952//5 951//5
f 948//5 949//5 953//5 952//5
f 949//5 950//5 954//5 953//5
f 955//5 956//5 960//5 959//5
f 956//5 957//5 961//5 960//5
f 957//5 958//5 962//5 961//5
f 959//5 960//5 964//5 963//5
f 960//5 961//5 965//5 964//5
f 961//5 962//5 966//5 965//5
f 967//5 968//5 972//5 971//5
f 968//5 969//5 973//5 972//5
f 969//5 970//5 974//5 973//5
f 971//5 972//5 976//5 975//5
f 972//5 973//5 977//5 976//5
f 973//5 974//5 978//5 977//5
f 963//5 964//5 950//5 946//5
f 964//5 965//5 954//5 950//5
f 975//5 976//5 962//5 958//5
f 976//5 977//5 966//5 962//5
f 951//5 952//5 974//5 970//5
f 952//5 953//5 978//5 974//5
f 953//5 954//5 942//5 978//5
f 965//5 966//5 942//5 954//5
f 977//5 978//5 942//5 966//5
f 7//5 139//5 943//5 140//5
f 139//5 138//5 944//5 943//5
f 138//5 137//5 945//5 944//5
f 137//5 136//5 946//5 945//5
f 140//5 943//5 947//5 141//5
f 141//5 947//5 951//5 142//5
f 142//5 951//5 970//5 143//5
f 1//5 112//5 955//5 133//5
f 112//5 113//5 956//5 955//5
f 113//5 114//5 957//5 956//5
f 114//5 115//5 958//5 957//5
f 133//5 955//5 959//5 134//5
f 134//5 959//5 963//5 135//5
f 135//5 963//5 946//5 136//5
f 8//5 146//5 967//5 118//5
f 146//5 145//5 968//5 967//5
f 145//5 144//5 969//5 968//5
f 144//5 143//5 970//5 969//5
f 118//5 967//5 971//5 117//5
f 117//5 971//5 975//5 116//5
f 116//5 975//5 958//5 115//5
f 980//5 981//5 985//5 984//5
f 981//5 982//5 986//5 985//5
f 982//5 983//5 987//5 986//5
f 984//5 985//5 989//5 988//5
f 985//5 986//5 990//5 989//5
f 986//5 987//5 991//5 990//5
f 992//5 993//5 997//5 996//5
f 993//5 994//5 998//5 997//5
f 994//5 995//5 999//5 998//5
f 996//5 997//5 1001//5 1000//5
f 997//5 998//5 1002//5 1001//5
f 998//5 999//5 1003//5 1002//5
f 1004//5 1005//5 1009//5 1008//5
f 1005//5 1006//5 1010//5 1009//5
f 1006//5 1007//5 1011//5 1010//5
f 1008//5 1009//5 1013//5 1012//5
f 1009//5 1010//5 1014//5 1013//5
f 1010//5 1011//5 1015//5 1014//5
f 1000//5 1001//5 987//5 983//5
f 1001//5 1002//5 991//5 987//5
f 1012//5 1013//5 999//5 995//5
f 1013//5 1014//5 1003//5 999//5
f 988//5 989//5 1011//5 1007//5
f 989//5 990//5 1015//5 1011//5
f 990//5 991//5 979//5 1015//5
f 1002//5 1003//5 979//5 991//5
f 1014//5 1015//5 979//5 1003//5
f 9//5 154//5 980//5 147//5
f 154//5 155//5 981//5 980//5
f 155//5 156//5 982//5 981//5
f 156//5 157//5 983//5 982//5
f 147//5 980//5 984//5 148//5
f 148//5 984//5 988//5 149//5
f 149//5 988//5 1007//5 150//5
f 10//5 161//5 992//5 160//5
f 161//5 162//5 993//5 992//5
f 162//5 163//5 994//5 993//5
f 163//5 164//5 995//5 994//5
f 160//5 992//5 996//5 159//5
f 159//5 996//5 1000//5 158//5
f 158//5 1000//5 983//5 157//5
f 11//5 153//5 1004//5 167//5
f 153//5 152//5 1005//5 1004//5
f 152//5 151//5 1006//5 1005//5
f 151//5 150//5 1007//5 1006//5
f 167//5 1004//5 1008//5 166//5
f 166//5 1008//5 1012//5 165//5
f 165//5 1012//5 995//5 164//5
f 1017//5 1018//5 1022//5 1021//5
f 1018//5 1019//5 1023//5 1022//5
f 1019//5 1020//5 1024//5 1023//5
f 1021//5 1022//5 1026//5 1025//5
f 1022//5 1023//5 1027//5 1026//5
f 1023//5 1024//5 1028//5 1027//5
f 1029//5 1030//5 1034//5 1033//5
f 1030//5 1031//5 1035//5 1034//5
f 1031//5 1032//5 1036//5 1035//5
f 1033//5 1034//5 1038//5 1037//5
f 1034//5 1035//5 1039//5 1038//5
f 1035//5 1036//5 1040//5 1039//5
f 1041//5 1042//5 1046//5 1045//5
f 1042//5 1043//5 1047//5 1046//5
f 1043//5 1044//5 1048//5 1047//5
f 1045//5 1046//5 1050//5 1049//5
f 1046//5 1047//5 1051//5 1050//5
f 1047//5 1048//5 1052//5 1051//5
f 1037//5 1038//5 1024//5 1020//5
f 1038//5 1039//5 1028//5 1024//5
f 1049//5 1050//5 1036//5 1032//5
f 1050//5 1051//5 1040//5 1036//5
f 1025//5 1026//5 1048//5 1044//5
f 1026//5 1027//5 1052//5 1048//5
f 1027//5 1028//5 1016//5 1052//5
f 1039//5 1040//5 1016//5 1028//5
f 1051//5 1052//5 1016//5 1040//5
f 11//5 167//5 1017//5 168//5
f 167//5 166//5 1018//5 1017//5
f 166//5 165//5 1019//5 1018//5
f 165//5 164//5 1020//5 1019//5
f 168//5 1017//5 1021//5 169//5
f 169//5 1021//5 1025//5 170//5
f 170//5 1025//5 1044//5 171//5
f 10//5 175//5 1029//5 161//5
f 175//5 176//5 1030//5 1029//5
f 176//5 177//5 1031//5 1030//5
f 177//5 178//5 1032//5 1031//5
f 161//5 1029//5 1033//5 162//5
f 162//5 1033//5 1037//5 163//5
f 163//5 1037//5 1020//5 164//5
f 12//5 174//5 1041//5 181//5
f 174//5 173//5 1042//5 1041//5
f 173//5 172//5 1043//5 1042//5
f 172//5 171//5 1044//5 1043//5
f 181//5 1041//5 1045//5 180//5
f 180//5 1045//5 1049//5 179//5
f 179//5 1049//5 1032//5 178//5
f 1054//4 1055//4 1059//4 1058//4
f 1055//4 1056//4 1060//4 1059//4
f 1056//4 1057//4 1061//4 1060//4
f 1058//4 1059//4 1063//4 1062//4
f 1059//4 1060//4 1064//4 1063//4
f 1060//4 1061//4 1065//4 1064//4
f 1066//4 1067//4 1071//4 1070//4
f 1067//4 1068//4 1072//4 1071//4
f 1068//4 1069//4 1073//4 1072//4
f 1070//4 1071//4 1075//4 1074//4
f 1071//4 1072//4 1076//4 1075//4
f 1072//4 1073//4 1077//4 1076//4
f 1078//4 1079//4 1083//4 1082//4
f 1079//4 1080//4 1084//4 1083//4
f 1080//4 1081//4 1085//4 1084//4
f 1082//4 1083//4 1087//4 1086//4
f 1083//4 1084//4 1088//4 1087//4
f 1084//4 1085//4 1089//4 1088//4
f 1074//4 1075//4 1061//4 1057//4
f 1075//4 1076//4 1065//4 1061//4
f 1086//4 1087//4 1073//4 1069//4
f 1087//4 1088//4 1077//4 1073//4
f 1062//4 1063//4 1085//4 1081//4
f 1063//4 1064//4 1089//4 1085//4
f 1064//4 1065//4 1053//4 1089//4
f 1076//4 1077//4 1053//4 1065//4
f 1088//4 1089//4 1053//4 1077//4
f 13//4 195//4 1054//4 182//4
f 195//4 194//4 1055//4 1054//4
f 194//4 193//4 1056//4 1055//4
f 193//4 192//4 1057//4 1056//4
f 182//4 1054//4 1058//4 183//4
f 183//4 1058//4 1062//4 184//4
f 184//4 1062//4 1081//4 185//4
f 9//4 196//4 1066//4 189//4
f 196//4 197//4 1067//4 1066//4
f 197//4 198//4 1068//4 1067//4
f 198//4 199//4 1069//4 1068//4
f 189//4 1066//4 1070//4 190//4
f 190//4 1070//4 1074//4 191//4
f 191//4 1074//4 1057//4 192//4
f 14//4 188//4 1078//4 202//4
f 188//4 187//4 1079//4 1078//4
f 187//4 186//4 1080//4 1079//4
f 186//4 185//4 1081//4 1080//4
f 202//4 1078//4 1082//4 201//4
f 201//4 1082//4 1086//4 200//4
f 200//4 1086//4 1069//4 199//4
f 1091//4 1092//4 1096//4 1095//4
f 1092//4 1093//4 1097//4 1096//4
f 1093//4 1094//4 1098//4 1097//4
f 1095//4 1096//4 1100//4 1099//4
f 1096//4 1097//4 1101//4 1100//4
f 1097//4 1098//4 1102//4 1101//4
f 1103//4 1104//4 1108//4 1107//4
f 1104//4 1105//4 1109//4 1108//4
f 1105//4 1106//4 1110//4 1109//4
f 1107//4 1108//4 1112//4 1111//4
f 1108//4 1109//4 1113//4 1112//4
f 1109//4 1110//4 1114//4 1113//4
f 1115//4 1116//4 1120//4 1119//4
f 1116//4 1117//4 1121//4 1120//4
f 1117//4 1118//4 1122//4 1121//4
f 1119//4 1120//4 1124//4 1123//4
f 1120//4 1121//4 1125//4 1124//4
f 1121//4 1122//4 1126//4 1125//4
f 1111//4 1112//4 1098//4 1094//4
f 1112//4 1113//4 1102//4 1098//4
f 1123//4 1124//4 1110//4 1106//4
f 1124//4 1125//4 1114//4 1110//4
f 1099//4 1100//4 1122//4 1118//4
f 1100//4 1101//4 1126//4 1122//4
f 1101//4 1102//4 1090//4 1126//4
f 1113//4 1114//4 1090//4 1102//4
f 1125//4 1126//4 1090//4 1114//4
f 14//4 202//4 1091//4 209//4
f 202//4 201//4 1092//4 1091//4
f 201//4 200//4 1093//4 1092//4
f 200//4 199//4 1094//4 1093//4
f 209//4 1091//4 1095//4 208//4
f 208//4 1095//4 1099//4 207//4
f 207//4 1099//4 1118//4 206//4
f 9//4 147//4 1103//4 196//4
f 147//4 148//4 1104//4 1103//4
f 148//4 149//4 1105//4 1104//4
f 149//4 150//4 1106//4 1105//4
f 196//4 1103//4 1107//4 197//4
f 197//4 1107//4 1111//4 198//4
f 198//4 1111//4 1094//4 199//4
f 11//4 203//4 1115//4 153//4
f 203//4 204//4 1116//4 1115//4
f 204//4 205//4 1117//4 1116//4
f 205//4 206//4 1118//4 1117//4
f 153//4 1115//4 1119//4 152//4
f 152//4 1119//4 1123//4 151//4
f 151//4 1123//4 1106//4 150//4
f 1128//2 1129//2 1133//2 1132//2
f 1129//2 1130//2 1134//2 1133//2
f 1130//2 1131//2 1135//2 1134//2
f 1132//2 1133//2 1137//2 1136//2
f 1133//2 1134//2 1138//2 1137//2
f 1134//2 1135//2 1139//2 1138//2
f 1140//2 1141//2 1145//2 1144//2
f 1141//2 1142//2 1146//2 1145//2
f 1142//2 1143//2 1147//2 1146//2
f 1144//2 1145//2 1149//2 1148//2
f 1145//2 1146//2 1150//2 1149//2
f 1146//2 1147//2 1151//2 1150//2
f 1152//2 1153//2 1157//2 1156//2
f 1153//2 1154//2 1158//2 1157//2
f 1154//2 1155//2 1159//2 1158//2
f 1156//2 1157//2 1161//2 1160//2
f 1157//2 1158//2 1162//2 1161//2
f 1158//2 1159//2 1163//2 1162//2
f 1148//2 1149//2 1135//2 1131//2
f 1149//2 1150//2 1139//2 1135//2
f 1160//2 1161//2 1147//2 1143//2
f 1161//2 1162//2 1151//2 1147//2
f 1136//2 1137//2 1159//2 1155//2
f 1137//2 1138//2 1163//2 1159//2
f 1138//2 1139//2 1127//2 1163//2
f 1150//2 1151//2 1127//2 1139//2
f 1162//2 1163//2 1127//2 1151//2
f 15//2 223//2 1128//2 210//2
f 223//2 222//2 1129//2 1128//2
f 222//2 221//2 1130//2 1129//2
f 221//2 220//2 1131//2 1130//2
f 210//2 1128//2 1132//2 211//2
f 211//2 1132//2 1136//2 212//2
f 212//2 1136//2 1155//2 213//2
f 13//2 224//2 1140//2 217//2
f 224//2 225//2 1141//2 1140//2
f 225//2 226//2 1142//2 1141//2
f 226//2 227//2 1143//2 1142//2
f 217//2 1140//2 1144//2 218//2
f 218//2 1144//2 1148//2 219//2
f 219//2 1148//2 1131//2 220//2
f 16//2 216//2 1152//2 230//2
f 216//2 215//2 1153//2 1152//2
f 215//2 214//2 1154//2 1153//2
f 214//2 213//2 1155//2 1154//2
f 230//2 1152//2 1156//2 229//2
f 229//2 1156//2 1160//2 228//2
f 228//2 1160//2 1143//2 227//2
f 1165//2 1166//2 1170//2 1169//2
f 1166//2 1167//2 1171//2 1170//2
f 1167//2 1168//2 1172//2 1171//2
f 1169//2 1170//2 1174//2 1173//2
f 1170//2 1171//2 1175//2 1174//2
f 1171//2 1172//2 1176//2 1175//2
f 1177//2 1178//2 1182//2 1181//2
f 1178//2 1179//2 1183//2 1182//2
f 1179//2 1180//2 1184//2 1183//2
f 1181//2 1182//2 1186//2 1185//2
f 1182//2 1183//2 1187//2 1186//2
f 1183//2 1184//2 1188//2 1187//2
f 1189//2 1190//2 1194//2 1193//2
f 1190//2 1191//2 1195//2 1194//2
f 1191//2 1192//2 1196//2 1195//2
f 1193//2 1194//2 1198//2 1197//2
f 1194//2 1195//2 1199//2 1198//2
f 1195//2 1196//2 1200//2 1199//2
f 1185//2 1186//2 1172//2 1168//2
f 1186//2 1187//2 1176//2 1172//2
f 1197//2 1198//2 1184//2 1180//2
f 1198//2 1199//2 1188//2 1184//2
f 1173//2 1174//2 1196//2 1192//2
f 1174//2 1175//2 1200//2 1196//2
f 1175//2 1176//2 1164//2 1200//2
f 1187//2 1188//2 1164//2 1176//2
f 1199//2 1200//2 1164//2 1188//2
f 16//2 230//2 1165//2 237//2
f 230//2 229//2 1166//2 1165//2
f 229//2 228//2 1167//2 1166//2
f 228//2 227//2 1168//2 1167//2
f 237//2 1165//2 1169//2 236//2
f 236//2 1169//2 1173//2 235//2
f 235//2 1173//2 1192//2 234//2
f 13//2 182//2 1177//2 224//2
f 182//2 183//2 1178//2 1177//2
f 183//2 184//2 1179//2 1178//2
f 184//2 185//2 1180//2 1179//2
f 224//2 1177//2 1181//2 225//2
f 225//2 1181//2 1185//2 226//2
f 226//2 1185//2 1168//2 227//2
f 14//2 231//2 1189//2 188//2
f 231//2 232//2 1190//2 1189//2
f 232//2 233//2 1191//2 1190//2
f 233//2 234//2 1192//2 1191//2
f 188//2 1189//2 1193//2 187//2
f 187//2 1193//2 1197//2 186//2
f 186//2 1197//2 1180//2 185//2
f 1202//4 1203//4 1207//4 1206//4
f 1203//4 1204//4 1208//4 1207//4
f 1204//4 1205//4 1209//4 1208//4
f 1206//4 1207//4 1211//4 1210//4
f 1207//4 1208//4 1212//4 1211//4
f 1208//4 1209//4 1213//4 1212//4
f 1214//4 1215//4 1219//4 1218//4
f 1215//4 1216//4 1220//4 1219//4
f 1216//4 1217//4 1221//4 1220//4
f 1218//4 1219//4 1223//4 1222//4
f 1219//4 1220//4 1224//4 1223//4
f 1220//4 1221//4 1225//4 1224//4
f 1226//4 1227//4 1231//4 1230//4
f 1227//4 1228//4 1232//4 1231//4
f 1228//4 1229//4 1233//4 1232//4
f 1230//4 1231//4 1235//4 1234//4
f 1231//4 1232//4 1236//4 1235//4
f 1232//4 1233//4 1237//4 1236//4
f 1222//4 1223//4 1209//4 1205//4
f 1223//4 1224//4 1213//4 1209//4
f 1234//4 1235//4 1221//4 1217//4
f 1235//4 1236//4 1225//4 1221//4
f 1210//4 1211//4 1233//4 1229//4
f 1211//4 1212//4 1237//4 1233//4
f 1212//4 1213//4 1201//4 1237//4
f 1224//4 1225//4 1201//4 1213//4
f 1236//4 1237//4 1201//4 1225//4
f 17//4 251//4 1202//4 238//4
f 251//4 250//4 1203//4 1202//4
f 250//4 249//4 1204//4 1203//4
f 249//4 248//4 1205//4 1204//4
f 238//4 1202//4 1206//4 239//4
f 239//4 1206//4 1210//4 240//4
f 240//4 1210//4 1229//4 241//4
f 15//4 252//4 1214//4 245//4
f 252//4 253//4 1215//4 1214//4
f 253//4 254//4 1216//4 1215//4
f 254//4 255//4 1217//4 1216//4
f 245//4 1214//4 1218//4 246//4
f 246//4 1218//4 1222//4 247//4
f 247//4 1222//4 1205//4 248//4
f 18//4 244//4 1226//4 258//4
f 244//4 243//4 1227//4 1226//4
f 243//4 242//4 1228//4 1227//4
f 242//4 241//4 1229//4 1228//4
f 258//4 1226//4 1230//4 257//4
f 257//4 1230//4 1234//4 256//4
f 256//4 1234//4 1217//4 255//4
f 1239//4 1240//4 1244//4 1243//4
f 1240//4 1241//4 1245//4 1244//4
f 1241//4 1242//4 1246//4 1245//4
f 1243//4 1244//4 1248//4 1247//4
f 1244//4 1245//4 1249//4 1248//4
f 1245//4 1246//4 1250//4 1249//4
f 1251//4 1252//4 1256//4 1255//4
f 1252//4 1253//4 1257//4 1256//4
f 1253//4 1254//4 1258//4 1257//4
f 1255//4 1256//4 1260//4 1259//4
f 1256//4 1257//4 1261//4 1260//4
f 1257//4 1258//4 1262//4 1261//4
f 1263//4 1264//4 1268//4 1267//4
f 1264//4 1265//4 1269//4 1268//4
f 1265//4 1266//4 1270//4 1269//4
f 1267//4 1268//4 1272//4 1271//4
f 1268//4 1269//4 1273//4 1272//4
f 1269//4 1270//4 1274//4 1273//4
f 1259//4 1260//4 1246//4 1242//4
f 1260//4 1261//4 1250//4 1246//4
f 1271//4 1272//4 1258//4 1254//4
f 1272//4 1273//4 1262//4 1258//4
f 1247//4 1248//4 1270//4 1266//4
f 1248//4 1249//4 1274//4 1270//4
f 1249//4 1250//4 1238//4 1274//4
f 1261//4 1262//4 1238//4 1250//4
f 1273//4 1274//4 1238//4 1262//4
f 18//4 258//4 1239//4 265//4
f 258//4 257//4 1240//4 1239//4
f 257//4 256//4 1241//4 1240//4
f 256//4 255//4 1242//4 1241//4
f 265//4 1239//4 1243//4 264//4
f 264//4 1243//4 1247//4 263//4
f 263//4 1247//4 1266//4 262//4
f 15//4 210//4 1251//4 252//4
f 210//4 211//4 1252//4 1251//4
f 211//4 212//4 1253//4 1252//4
f 212//4 213//4 1254//4 1253//4
f 252//4 1251//4 1255//4 253//4
f 253//4 1255//4 1259//4 254//4
f 254//4 1259//4 1242//4 255//4
f 16//4 259//4 1263//4 216//4
f 259//4 260//4 1264//4 1263//4
f 260//4 261//4 1265//4 1264//4
f 261//4 262//4 1266//4 1265//4
f 216//4 1263//4 1267//4 215//4
f 215//4 1267//4 1271//4 214//4
f 214//4 1271//4 1254//4 213//4
f 1276//2 1277//2 1281//2 1280//2
f 1277//2 1278//2 1282//2 1281//2
f 1278//2 1279//2 1283//2 1282//2
f 1280//2 1281//2 1285//2 1284//2
f 1281//2 1282//2 1286//2 1285//2
f 1282//2 1283//2 1287//2 1286//2
f 1288//2 1289//2 1293//2 1292//2
f 1289//2 1290//2 1294//2 1293//2
f 1290//2 1291//2 1295//2 1294//2
f 1292//2 1293//2 1297//2 1296//2
f 1293//2 1294//2 1298//2 1297//2
f 1294//2 1295//2 1299//2 1298//2
f 1300//2 1301//2 1305//2 1304//2
f 1301//2 1302//2 1306//2 1305//2
f 1302//2 1303//2 1307//2 1306//2
f 1304//2 1305//2 1309//2 1308//2
f 1305//2 1306//2 1310//2 1309//2
f 1306//2 1307//2 1311//2 1310//2
f 1296//2 1297//2 1283//2 1279//2
f 1297//2 1298//2 1287//2 1283//2
f 1308//2 1309//2 1295//2 1291//2
f 1309//2 1310//2 1299//2 1295//2
f 1284//2 1285//2 1307//2 1303//2
f 1285//2 1286//2 1311//2 1307//2
f 1286//2 1287//2 1275//2 1311//2
f 1298//2 1299//2 1275//2 1287//2
f 1310//2 1311//2 1275//2 1299//2
f 19//2 279//2 1276//2 266//2
f 279//2 278//2 1277//2 1276//2
f 278//2 277//2 1278//2 1277//2
f 277//2 276//2 1279//2 1278//2
f 266//2 1276//2 1280//2 267//2
f 267//2 1280//2 1284//2 268//2
f 268//2 1284//2 1303//2 269//2
f 17//2 280//2 1288//2 273//2
f 280//2 281//2 1289//2 1288//2
f 281//2 282//2 1290//2 1289//2
f 282//2 283//2 1291//2 1290//2
f 273//2 1288//2 1292//2 274//2
f 274//2 1292//2 1296//2 275//2
f 275//2 1296//2 1279//2 276//2
f 20//2 272//2 1300//2 286//2
f 272//2 271//2 1301//2 1300//2
f 271//2 270//2 1302//2 1301//2
f 270//2 269//2 1303//2 1302//2
f 286//2 1300//2 1304//2 285//2
f 285//2 1304//2 1308//2 284//2
f 284//2 1308//2 1291//2 283//2
f 1313//2 1314//2 1318//2 1317//2
f 1314//2 1315//2 1319//2 1318//2
f 1315//2 1316//2 1320//2 1319//2
f 1317//2 1318//2 1322//2 1321//2
f 1318//2 1319//2 1323//2 1322//2
f 1319//2 1320//2 1324//2 1323//2
f 1325//2 1326//2 1330//2 1329//2
f 1326//2 1327//2 1331//2 1330//2
f 1327//2 1328//2 1332//2 1331//2
f 1329//2 1330//2 1334//2 1333//2
f 1330//2 1331//2 1335//2 1334//2
f 1331//2 1332//2 1336//2 1335//2
f 1337//2 1338//2 1342//2 1341//2
f 1338//2 1339//2 1343//2 1342//2
f 1339//2 1340//2 1344//2 1343//2
f 1341//2 1342//2 1346//2 1345//2
f 1342//2 1343//2 1347//2 1346//2
f 1343//2 1344//2 1348//2 1347//2
f 1333//2 1334//2 1320//2 1316//2
f 1334//2 1335//2 1324//2 1320//2
f 1345//2 1346//2 1332//2 1328//2
f 1346//2 1347//2 1336//2 1332//2
f 1321//2 1322//2 1344//2 1340//2
f 1322//2 1323//2 1348//2 1344//2
f 1323//2 1324//2 1312//2 1348//2
f 1335//2 1336//2 1312//2 1324//2
f 1347//2 1348//2 1312//2 1336//2
f 20//2 286//2 1313//2 293//2
f 286//2 285//2 1314//2 1313//2
f 285//2 284//2 1315//2 1314//2
f 284//2 283//2 1316//2 1315//2
f 293//2 1313//2 1317//2 292//2
f 292//2 1317//2 1321//2 291//2
f 291//2 1321//2 1340//2 290//2
f 17//2 238//2 1325//2 280//2
f 238//2 239//2 1326//2 1325//2
f 239//2 240//2 1327//2 1326//2
f 240//2 241//2 1328//2 1327//2
f 280//2 1325//2 1329//2 281//2
f 281//2 1329//2 1333//2 282//2
f 282//2 1333//2 1316//2 283//2
f 18//2 287//2 1337//2 244//2
f 287//2 288//2 1338//2 1337//2
f 288//2 289//2 1339//2 1338//2
f 289//2 290//2 1340//2 1339//2
f 244//2 1337//2 1341//2 243//2
f 243//2 1341//2 1345//2 242//2
f 242//2 1345//2 1328//2 241//2
f 1350//3 1351//3 1355//3 1354//3
f 1351//3 1352//3 1356//3 1355//3
f 1352//3 1353//3 1357//3 1356//3
f 1354//3 1355//3 1359//3 1358//3
f 1355//3 1356//3 1360//3 1359//3
f 1356//3 1357//3 1361//3 1360//3
f 1362//3 1363//3 1367//3 1366//3
f 1363//3 1364//3 1368//3 1367//3
f 1364//3 1365//3 1369//3 1368//3
f 1366//3 1367//3 1371//3 1370//3
f 1367//3 1368//3 1372//3 1371//3
f 1368//3 1369//3 1373//3 1372//3
f 1374//3 1375//3 1379//3 1378//3
f 1375//3 1376//3 1380//3 1379//3
f 1376//3 1377//3 1381//3 1380//3
f 1378//3 1379//3 1383//3 1382//3
f 1379//3 1380//3 1384//3 1383//3
f 1380//3 1381//3 1385//3 1384//3
f 1370//3 1371//3 1357//3 1353//3
f 1371//3 1372//3 1361//3 1357//3
f 1382//3 1383//3 1369//3 1365//3
f 1383//3 1384//3 1373//3 1369//3
f 1358//3 1359//3 1381//3 1377//3
f 1359//3 1360//3 1385//3 1381//3
f 1360//3 1361//3 1349//3 1385//3
f 1372//3 1373//3 1349//3 1361//3
f 1384//3 1385//3 1349//3 1373//3
f 10//3 294//3 1350//3 175//3
f 294//3 295//3 1351//3 1350//3
f 295//3 296//3 1352//3 1351//3
f 296//3 297//3 1353//3 1352//3
f 175//3 1350//3 1354//3 176//3
f 176//3 1354//3 1358//3 177//3
f 177//3 1358//3 1377//3 178//3
f 19//3 307//3 1362//3 300//3
f 307//3 306//3 1363//3 1362//3
f 306//3 305//3 1364//3 1363//3
f 305//3 304//3 1365//3 1364//3
f 300//3 1362//3 1366//3 299//3
f 299//3 1366//3 1370//3 298//3
f 298//3 1370//3 1353//3 297//3
f 12//3 181//3 1374//3 301//3
f 181//3 180//3 1375//3 1374//3
f 180//3 179//3 1376//3 1375//3
f 179//3 178//3 1377//3 1376//3
f 301//3 1374//3 1378//3 302//3
f 302//3 1378//3 1382//3 303//3
f 303//3 1382//3 1365//3 304//3
f 1387//3 1388//3 1392//3 1391//3
f 1388//3 1389//3 1393//3 1392//3
f 1389//3 1390//3 1394//3 1393//3
f 1391//3 1392//3 1396//3 1395//3
f 1392//3 1393//3 1397//3 1396//3
f 1393//3 1394//3 1398//3 1397//3
f 1399//3 1400//3 1404//3 1403//3
f 1400//3 1401//3 1405//3 1404//3
f 1401//3 1402//3 1406//3 1405//3
f 1403//3 1404//3 1408//3 1407//3
f 1404//3 1405//3 1409//3 1408//3
f 1405//3 1406//3 1410//3 1409//3
f 1411//3 1412//3 1416//3 1415//3
f 1412//3 1413//3 1417//3 1416//3
f 1413//3 1414//3 1418//3 1417//3
f 1415//3 1416//3 1420//3 1419//3
f 1416//3 1417//3 1421//3 1420//3
f 1417//3 1418//3 1422//3 1421//3
f 1407//3 1408//3 1394//3 1390//3
f 1408//3 1409//3 1398//3 1394//3
f 1419//3 1420//3 1406//3 1402//3
f 1420//3 1421//3 1410//3 1406//3
f 1395//3 1396//3 1418//3 1414//3
f 1396//3 1397//3 1422//3 1418//3
f 1397//3 1398//3 1386//3 1422//3
f 1409//3 1410//3 1386//3 1398//3
f 1421//3 1422//3 1386//3 1410//3
f 12//3 301//3 1387//3 308//3
f 301//3 302//3 1388//3 1387//3
f 302//3 303//3 1389//3 1388//3
f 303//3 304//3 1390//3 1389//3
f 308//3 1387//3 1391//3 309//3
f 309//3 1391//3 1395//3 310//3
f 310//3 1395//3 1414//3 311//3
f 19//3 266//3 1399//3 307//3
f 266//3 267//3 1400//3 1399//3
f 267//3 268//3 1401//3 1400//3
f 268//3 269//3 1402//3 1401//3
f 307//3 1399//3 1403//3 306//3
f 306//3 1403//3 1407//3 305//3
f 305//3 1407//3 1390//3 304//3
f 20//3 314//3 1411//3 272//3
f 314//3 313//3 1412//3 1411//3
f 313//3 312//3 1413//3 1412//3
f 312//3 311//3 1414//3 1413//3
f 272//3 1411//3 1415//3 271//3
f 271//3 1415//3 1419//3 270//3
f 270//3 1419//3 1402//3 269//3
f 1424//1 1425//1 1429//1 1428//1
f 1425//1 1426//1 1430//1 1429//1
f 1426//1 1427//1 1431//1 1430//1
f 1428//1 1429//1 1433//1 1432//1
f 1429//1 1430//1 1434//1 1433//1
f 1430//1 1431//1 1435//1 1434//1
f 1436//1 1437//1 1441//1 1440//1
f 1437//1 1438//1 1442//1 1441//1
f 1438//1 1439//1 1443//1 1442//1
f 1440//1 1441//1 1445//1 1444//1
f 1441//1 1442//1 1446//1 1445//1
f 1442//1 1443//1 1447//1 1446//1
f 1448//1 1449//1 1453//1 1452//1
f 1449//1 1450//1 1454//1 1453//1
f 1450//1 1451//1 1455//1 1454//1
f 1452//1 1453//1 1457//1 1456//1
f 1453//1 1454//1 1458//1 1457//1
f 1454//1 1455//1 1459//1 1458//1
f 1444//1 1445//1 1431//1 1427//1
f 1445//1 1446//1 1435//1 1431//1
f 1456//1 1457//1 1443//1 1439//1
f 1457//1 1458//1 1447//1 1443//1
f 1432//1 1433//1 1455//1 1451//1
f 1433//1 1434//1 1459//1 1455//1
f 1434//1 1435//1 1423//1 1459//1
f 1446//1 1447//1 1423//1 1435//1
f 1458//1 1459//1 1423//1 1447//1
f 6//1 98//1 1424//1 315//1
f 98//1 99//1 1425//1 1424//1
f 99//1 100//1 1426//1 1425//1
f 100//1 101//1 1427//1 1426//1
f 315//1 1424//1 1428//1 316//1
f 316//1 1428//1 1432//1 317//1
f 317//1 1432//1 1451//1 318//1
f 7//1 322//1 1436//1 104//1
f 322//1 323//1 1437//1 1436//1
f 323//1 324//1 1438//1 1437//1
f 324//1 325//1 1439//1 1438//1
f 104//1 1436//1 1440//1 103//1
f 103//1 1440//1 1444//1 102//1
f 102//1 1444//1 1427//1 101//1
f 16//1 321//1 1448//1 328//1
f 321//1 320//1 1449//1 1448//1
f 320//1 319//1 1450//1 1449//1
f 319//1 318//1 1451//1 1450//1
f 328//1 1448//1 1452//1 327//1
f 327//1 1452//1 1456//1 326//1
f 326//1 1456//1 1439//1 325//1
f 1461//1 1462//1 1466//1 1465//1
f 1462//1 1463//1 1467//1 1466//1
f 1463//1 1464//1 1468//1 1467//1
f 1465//1 1466//1 1470//1 1469//1
f 1466//1 1467//1 1471//1 1470//1
f 1467//1 1468//1 1472//1 1471//1
f 1473//1 1474//1 1478//1 1477//1
f 1474//1 1475//1 1479//1 1478//1
f 1475//1 1476//1 1480//1 1479//1
f 1477//1 1478//1 1482//1 1481//1
f 1478//1 1479//1 1483//1 1482//1
f 1479//1 1480//1 1484//1 1483//1
f 1485//1 1486//1 1490//1 1489//1
f 1486//1 1487//1 1491//1 1490//1
f 1487//1 1488//1 1492//1 1491//1
f 1489//1 1490//1 1494//1 1493//1
f 1490//1 1491//1 1495//1 1494//1
f 1491//1 1492//1 1496//1 1495//1
f 1481//1 1482//1 1468//1 1464//1
f 1482//1 1483//1 1472//1 1468//1
f 1493//1 1494//1 1480//1 1476//1
f 1494//1 1495//1 1484//1 1480//1
f 1469//1 1470//1 1492//1 1488//1
f 1470//1 1471//1 1496//1 1492//1
f 1471//1 1472//1 1460//1 1496//1
f 1483//1 1484//1 1460//1 1472//1
f 1495//1 1496//1 1460//1 1484//1
f 16//1 328//1 1461//1 335//1
f 328//1 327//1 1462//1 1461//1
f 327//1 326//1 1463//1 1462//1
f 326//1 325//1 1464//1 1463//1
f 335//1 1461//1 1465//1 334//1
f 334//1 1465//1 1469//1 333//1
f 333//1 1469//1 1488//1 332//1
f 7//1 140//1 1473//1 322//1
f 140//1 141//1 1474//1 1473//1
f 141//1 142//1 1475//1 1474//1
f 142//1 143//1 1476//1 1475//1
f 322//1 1473//1 1477//1 323//1
f 323//1 1477//1 1481//1 324//1
f 324//1 1481//1 1464//1 325//1
f 8//1 329//1 1485//1 146//1
f 329//1 330//1 1486//1 1485//1
f 330//1 331//1 1487//1 1486//1
f 331//1 332//1 1488//1 1487//1
f 146//1 1485//1 1489//1 145//1
f 145//1 1489//1 1493//1 144//1
f 144//1 1493//1 1476//1 143//1
f 1498//1 1499//1 1503//1 1502//1
f 1499//1 1500//1 1504//1 1503//1
f 1500//1 1501//1 1505//1 1504//1
f 1502//1 1503//1 1507//1 1506//1
f 1503//1 1504//1 1508//1 1507//1
f 1504//1 1505//1 1509//1 1508//1
f 1510//1 1511//1 1515//1 1514//1
f 1511//1 1512//1 1516//1 1515//1
f 1512//1 1513//1 1517//1 1516//1
f 1514//1 1515//1 1519//1 1518//1
f 1515//1 1516//1 1520//1 1519//1
f 1516//1 1517//1 1521//1 1520//1
f 1522//1 1523//1 1527//1 1526//1
f 1523//1 1524//1 1528//1 1527//1
f 1524//1 1525//1 1529//1 1528//1
f 1526//1 1527//1 1531//1 1530//1
f 1527//1 1528//1 1532//1 1531//1
f 1528//1 1529//1 1533//1 1532//1
f 1518//1 1519//1 1505//1 1501//1
f 1519//1 1520//1 1509//1 1505//1
f 1530//1 1531//1 1517//1 1513//1
f 1531//1 1532//1 1521//1 1517//1
f 1506//1 1507//1 1529//1 1525//1
f 1507//1 1508//1 1533//1 1529//1
f 1508//1 1509//1 1497//1 1533//1
f 1520//1 1521//1 1497//1 1509//1
f 1532//1 1533//1 1497//1 1521//1
f 16//1 335//1 1498//1 336//1
f 335//1 334//1 1499//1 1498//1
f 334//1 333//1 1500//1 1499//1
f 333//1 332//1 1501//1 1500//1
f 336//1 1498//1 1502//1 337//1
f 337//1 1502//1 1506//1 338//1
f 338//1 1506//1 1525//1 339//1
f 8//1 343//1 1510//1 329//1
f 343//1 344//1 1511//1 1510//1
f 344//1 345//1 1512//1 1511//1
f 345//1 346//1 1513//1 1512//1
f 329//1 1510//1 1514//1 330//1
f 330//1 1514//1 1518//1 331//1
f 331//1 1518//1 1501//1 332//1
f 20//1 342//1 1522//1 349//1
f 342//1 341//1 1523//1 1522//1
f 341//1 340//1 1524//1 1523//1
f 340//1 339//1 1525//1 1524//1
f 349//1 1522//1 1526//1 348//1
f 348//1 1526//1 1530//1 347//1
f 347//1 1530//1 1513//1 346//1
f 1535//1 1536//1 1540//1 1539//1
f 1536//1 1537//1 1541//1 1540//1
f 1537//1 1538//1 1542//1 1541//1
f 1539//1 1540//1 1544//1 1543//1
f 1540//1 1541//1 1545//1 1544//1
f 1541//1 1542//1 1546//1 1545//1
f 1547//1 1548//1 1552//1 1551//1
f 1548//1 1549//1 1553//1 1552//1
f 1549//1 1550//1 1554//1 1553//1
f 1551//1 1552//1 1556//1 1555//1
f 1552//1 1553//1 1557//1 1556//1
f 1553//1 1554//1 1558//1 1557//1
f 1559//1 1560//1 1564//1 1563//1
f 1560//1 1561//1 1565//1 1564//1
f 1561//1 1562//1 1566//1 1565//1
f 1563//1 1564//1 1568//1 1567//1
f 1564//1 1565//1 1569//1 1568//1
f 1565//1 1566//1 1570//1 1569//1
f 1555//1 1556//1 1542//1 1538//1
f 1556//1 1557//1 1546//1 1542//1
f 1567//1 1568//1 1554//1 1550//1
f 1568//1 1569//1 1558//1 1554//1
f 1543//1 1544//1 1566//1 1562//1
f 1544//1 1545//1 1570//1 1566//1
f 1545//1 1546//1 1534//1 1570//1
f 1557//1 1558//1 1534//1 1546//1
f 1569//1 1570//1 1534//1 1558//1
f 20//1 349//1 1535//1 314//1
f 349//1 348//1 1536//1 1535//1
f 348//1 347//1 1537//1 1536//1
f 347//1 346//1 1538//1 1537//1
f 314//1 1535//1 1539//1 313//1
f 313//1 1539//1 1543//1 312//1
f 312//1 1543//1 1562//1 311//1
f 8//1 350//1 1547//1 343//1
f 350//1 351//1 1548//1 1547//1
f 351//1 352//1 1549//1 1548//1
f 352//1 353//1 1550//1 1549//1
f 343//1 1547//1 1551//1 344//1
f 344//1 1551//1 1555//1 345//1
f 345//1 1555//1 1538//1 346//1
f 12//1 308//1 1559//1 356//1
f 308//1 309//1 1560//1 1559//1
f 309//1 310//1 1561//1 1560//1
f 310//1 311//1 1562//1 1561//1
f 356//1 1559//1 1563//1 355//1
f 355//1 1563//1 1567//1 354//1
f 354//1 1567//1 1550//1 353//1
f 1572//1 1573//1 1577//1 1576//1
f 1573//1 1574//1 1578//1 1577//1
f 1574//1 1575//1 1579//1 1578//1
f 1576//1 1577//1 1581//1 1580//1
f 1577//1 1578//1 1582//1 1581//1
f 1578//1 1579//1 1583//1 1582//1
f 1584//1 1585//1 1589//1 1588//1
f 1585//1 1586//1 1590//1 1589//1
f 1586//1 1587//1 1591//1 1590//1
f 1588//1 1589//1 1593//1 1592//1
f 1589//1 1590//1 1594//1 1593//1
f 1590//1 1591//1 1595//1 1594//1
f 1596//1 1597//1 1601//1 1600//1
f 1597//1 1598//1 1602//1 1601//1
f 1598//1 1599//1 1603//1 1602//1
f 1600//1 1601//1 1605//1 1604//1
f 1601//1 1602//1 1606//1 1605//1
f 1602//1 1603//1 1607//1 1606//1
f 1592//1 1593//1 1579//1 1575//1
f 1593//1 1594//1 1583//1 1579//1
f 1604//1 1605//1 1591//1 1587//1
f 1605//1 1606//1 1595//1 1591//1
f 1580//1 1581//1 1603//1 1599//1
f 1581//1 1582//1 1607//1 1603//1
f 1582//1 1583//1 1571//1 1607//1
f 1594//1 1595//1 1571//1 1583//1
f 1606//1 1607//1 1571//1 1595//1
f 12//1 356//1 1572//1 363//1
f 356//1 355//1 1573//1 1572//1
f 355//1 354//1 1574//1 1573//1
f 354//1 353//1 1575//1 1574//1
f 363//1 1572//1 1576//1 362//1
f 362//1 1576//1 1580//1 361//1
f 361//1 1580//1 1599//1 360//1
f 8//1 132//1 1584//1 350//1
f 132//1 131//1 1585//1 1584//1
f 131//1 130//1 1586//1 1585//1
f 130//1 129//1 1587//1 1586//1
f 350//1 1584//1 1588//1 351//1
f 351//1 1588//1 1592//1 352//1
f 352//1 1592//1 1575//1 353//1
f 5//1 357//1 1596//1 126//1
f 357//1 358//1 1597//1 1596//1
f 358//1 359//1 1598//1 1597//1
f 359//1 360//1 1599//1 1598//1
f 126//1 1596//1 1600//1 127//1
f 127//1 1600//1 1604//1 128//1
f 128//1 1604//1 1587//1 129//1
f 1609//1 1610//1 1614//1 1613//1
f 1610//1 1611//1 1615//1 1614//1
f 1611//1 1612//1 1616//1 1615//1
f 1613//1 1614//1 1618//1 1617//1
f 1614//1 1615//1 1619//1 1618//1
f 1615//1 1616//1 1620//1 1619//1
f 1621//1 1622//1 1626//1 1625//1
f 1622//1 1623//1 1627//1 1626//1
f 1623//1 1624//1 1628//1 1627//1
f 1625//1 1626//1 1630//1 1629//1
f 1626//1 1627//1 1631//1 1630//1
f 1627//1 1628//1 1632//1 1631//1
f 1633//1 1634//1 1638//1 1637//1
f 1634//1 1635//1 1639//1 1638//1
f 1635//1 1636//1 1640//1 1639//1
f 1637//1 1638//1 1642//1 1641//1
f 1638//1 1639//1 1643//1 1642//1
f 1639//1 1640//1 1644//1 1643//1
f 1629//1 1630//1 1616//1 1612//1
f 1630//1 1631//1 1620//1 1616//1
f 1641//1 1642//1 1628//1 1624//1
f 1642//1 1643//1 1632//1 1628//1
f 1617//1 1618//1 1640//1 1636//1
f 1618//1 1619//1 1644//1 1640//1
f 1619//1 1620//1 1608//1 1644//1
f 1631//1 1632//1 1608//1 1620//1
f 1643//1 1644//1 1608//1 1632//1
f 12//1 363//1 1609//1 370//1
f 363//1 362//1 1610//1 1609//1
f 362//1 361//1 1611//1 1610//1
f 361//1 360//1 1612//1 1611//1
f 370//1 1609//1 1613//1 369//1
f 369//1 1613//1 1617//1 368//1
f 368//1 1617//1 1636//1 367//1
f 5//1 77//1 1621//1 357//1
f 77//1 78//1 1622//1 1621//1
f 78//1 79//1 1623//1 1622//1
f 79//1 80//1 1624//1 1623//1
f 357//1 1621//1 1625//1 358//1
f 358//1 1625//1 1629//1 359//1
f 359//1 1629//1 1612//1 360//1
f 6//1 364//1 1633//1 83//1
f 364//1 365//1 1634//1 1633//1
f 365//1 366//1 1635//1 1634//1
f 366//1 367//1 1636//1 1635//1
f 83//1 1633//1 1637//1 82//1
f 82//1 1637//1 1641//1 81//1
f 81//1 1641//1 1624//1 80//1
f 1646//1 1647//1 1651//1 1650//1
f 1647//1 1648//1 1652//1 1651//1
f 1648//1 1649//1 1653//1 1652//1
f 1650//1 1651//1 1655//1 1654//1
f 1651//1 1652//1 1656//1 1655//1
f 1652//1 1653//1 1657//1 1656//1
f 1658//1 1659//1 1663//1 1662//1
f 1659//1 1660//1 1664//1 1663//1
f 1660//1 1661//1 1665//1 1664//1
f 1662//1 1663//1 1667//1 1666//1
f 1663//1 1664//1 1668//1 1667//1
f 1664//1 1665//1 1669//1 1668//1
f 1670//1 1671//1 1675//1 1674//1
f 1671//1 1672//1 1676//1 1675//1
f 1672//1 1673//1 1677//1 1676//1
f 1674//1 1675//1 1679//1 1678//1
f 1675//1 1676//1 1680//1 1679//1
f 1676//1 1677//1 1681//1 1680//1
f 1666//1 1667//1 1653//1 1649//1
f 1667//1 1668//1 1657//1 1653//1
f 1678//1 1679//1 1665//1 1661//1
f 1679//1 1680//1 1669//1 1665//1
f 1654//1 1655//1 1677//1 1673//1
f 1655//1 1656//1 1681//1 1677//1
f 1656//1 1657//1 1645//1 1681//1
f 1668//1 1669//1 1645//1 1657//1
f 1680//1 1681//1 1645//1 1669//1
f 20//1 293//1 1646//1 342//1
f 293//1 292//1 1647//1 1646//1
f 292//1 291//1 1648//1 1647//1
f 291//1 290//1 1649//1 1648//1
f 342//1 1646//1 1650//1 341//1
f 341//1 1650//1 1654//1 340//1
f 340//1 1654//1 1673//1 339//1
f 18//1 265//1 1658//1 287//1
f 265//1 264//1 1659//1 1658//1
f 264//1 263//1 1660//1 1659//1
f 263//1 262//1 1661//1 1660//1
f 287//1 1658//1 1662//1 288//1
f 288//1 1662//1 1666//1 289//1
f 289//1 1666//1 1649//1 290//1
f 16//1 336//1 1670//1 259//1
f 336//1 337//1 1671//1 1670//1
f 337//1 338//1 1672//1 1671//1
f 338//1 339//1 1673//1 1672//1
f 259//1 1670//1 1674//1 260//1
f 260//1 1674//1 1678//1 261//1
f 261//1 1678//1 1661//1 262//1
f 1683//1 1684//1 1688//1 1687//1
f 1684//1 1685//1 1689//1 1688//1
f 1685//1 1686//1 1690//1 1689//1
f 1687//1 1688//1 1692//1 1691//1
f 1688//1 1689//1 1693//1 1692//1
f 1689//1 1690//1 1694//1 1693//1
f 1695//1 1696//1 1700//1 1699//1
f 1696//1 1697//1 1701//1 1700//1
f 1697//1 1698//1 1702//1 1701//1
f 1699//1 1700//1 1704//1 1703//1
f 1700//1 1701//1 1705//1 1704//1
f 1701//1 1702//1 1706//1 1705//1
f 1707//1 1708//1 1712//1 1711//1
f 1708//1 1709//1 1713//1 1712//1
f 1709//1 1710//1 1714//1 1713//1
f 1711//1 1712//1 1716//1 1715//1
f 1712//1 1713//1 1717//1 1716//1
f 1713//1 1714//1 1718//1 1717//1
f 1703//1 1704//1 1690//1 1686//1
f 1704//1 1705//1 1694//1 1690//1
f 1715//1 1716//1 1702//1 1698//1
f 1716//1 1717//1 1706//1 1702//1
f 1691//1 1692//1 1714//1 1710//1
f 1692//1 1693//1 1718//1 1714//1
f 1693//1 1694//1 1682//1 1718//1
f 1705//1 1706//1 1682//1 1694//1
f 1717//1 1718//1 1682//1 1706//1
f 14//1 209//1 1683//1 231//1
f 209//1 208//1 1684//1 1683//1
f 208//1 207//1 1685//1 1684//1
f 207//1 206//1 1686//1 1685//1
f 231//1 1683//1 1687//1 232//1
f 232//1 1687//1 1691//1 233//1
f 233//1 1691//1 1710//1 234//1
f 11//1 371//1 1695//1 203//1
f 371//1 372//1 1696//1 1695//1
f 372//1 373//1 1697//1 1696//1
f 373//1 374//1 1698//1 1697//1
f 203//1 1695//1 1699//1 204//1
f 204//1 1699//1 1703//1 205//1
f 205//1 1703//1 1686//1 206//1
f 16//1 237//1 1707//1 377//1
f 237//1 236//1 1708//1 1707//1
f 236//1 235//1 1709//1 1708//1
f 235//1 234//1 1710//1 1709//1
f 377//1 1707//1 1711//1 376//1
f 376//1 1711//1 1715//1 375//1
f 375//1 1715//1 1698//1 374//1
f 1720//1 1721//1 1725//1 1724//1
f 1721//1 1722//1 1726//1 1725//1
f 1722//1 1723//1 1727//1 1726//1
f 1724//1 1725//1 1729//1 1728//1
f 1725//1 1726//1 1730//1 1729//1
f 1726//1 1727//1 1731//1 1730//1
f 1732//1 1733//1 1737//1 1736//1
f 1733//1 1734//1 1738//1 1737//1
f 1734//1 1735//1 1739//1 1738//1
f 1736//1 1737//1 1741//1 1740//1
f 1737//1 1738//1 1742//1 1741//1
f 1738//1 1739//1 1743//1 1742//1
f 1744//1 1745//1 1749//1 1748//1
f 1745//1 1746//1 1750//1 1749//1
f 1746//1 1747//1 1751//1 1750//1
f 1748//1 1749//1 1753//1 1752//1
f 1749//1 1750//1 1754//1 1753//1
f 1750//1 1751//1 1755//1 1754//1
f 1740//1 1741//1 1727//1 1723//1
f 1741//1 1742//1 1731//1 1727//1
f 1752//1 1753//1 1739//1 1735//1
f 1753//1 1754//1 1743//1 1739//1
f 1728//1 1729//1 1751//1 1747//1
f 1729//1 1730//1 1755//1 1751//1
f 1730//1 1731//1 1719//1 1755//1
f 1742//1 1743//1 1719//1 1731//1
f 1754//1 1755//1 1719//1 1743//1
f 16//1 377//1 1720//1 321//1
f 377//1 376//1 1721//1 1720//1
f 376//1 375//1 1722//1 1721//1
f 375//1 374//1 1723//1 1722//1
f 321//1 1720//1 1724//1 320//1
f 320//1 1724//1 1728//1 319//1
f 319//1 1728//1 1747//1 318//1
f 11//1 384//1 1732//1 371//1
f 384//1 383//1 1733//1 1732//1
f 383//1 382//1 1734//1 1733//1
f 382//1 381//1 1735//1 1734//1
f 371//1 1732//1 1736//1 372//1
f 372//1 1736//1 1740//1 373//1
f 373//1 1740//1 1723//1 374//1
f 6//1 315//1 1744//1 378//1
f 315//1 316//1 1745//1 1744//1
f 316//1 317//1 1746//1 1745//1
f 317//1 318//1 1747//1 1746//1
f 378//1 1744//1 1748//1 379//1
f 379//1 1748//1 1752//1 380//1
f 380//1 1752//1 1735//1 381//1
f 1757//1 1758//1 1762//1 1761//1
f 1758//1 1759//1 1763//1 1762//1
f 1759//1 1760//1 1764//1 1763//1
f 1761//1 1762//1 1766//1 1765//1
f 1762//1 1763//1 1767//1 1766//1
f 1763//1 1764//1 1768//1 1767//1
f 1769//1 1770//1 1774//1 1773//1
f 1770//1 1771//1 1775//1 1774//1
f 1771//1 1772//1 1776//1 1775//1
f 1773//1 1774//1 1778//1 1777//1
f 1774//1 1775//1 1779//1 1778//1
f 1775//1 1776//1 1780//1 1779//1
f 1781//1 1782//1 1786//1 1785//1
f 1782//1 1783//1 1787//1 1786//1
f 1783//1 1784//1 1788//1 1787//1
f 1785//1 1786//1 1790//1 1789//1
f 1786//1 1787//1 1791//1 1790//1
f 1787//1 1788//1 1792//1 1791//1
f 1777//1 1778//1 1764//1 1760//1
f 1778//1 1779//1 1768//1 1764//1
f 1789//1 1790//1 1776//1 1772//1
f 1790//1 1791//1 1780//1 1776//1
f 1765//1 1766//1 1788//1 1784//1
f 1766//1 1767//1 1792//1 1788//1
f 1767//1 1768//1 1756//1 1792//1
f 1779//1 1780//1 1756//1 1768//1
f 1791//1 1792//1 1756//1 1780//1
f 11//1 168//1 1757//1 384//1
f 168//1 169//1 1758//1 1757//1
f 169//1 170//1 1759//1 1758//1
f 170//1 171//1 1760//1 1759//1
f 384//1 1757//1 1761//1 383//1
f 383//1 1761//1 1765//1 382//1
f 382//1 1765//1 1784//1 381//1
f 12//1 370//1 1769//1 174//1
f 370//1 369//1 1770//1 1769//1
f 369//1 368//1 1771//1 1770//1
f 368//1 367//1 1772//1 1771//1
f 174//1 1769//1 1773//1 173//1
f 173//1 1773//1 1777//1 172//1
f 172//1 1777//1 1760//1 171//1
f 6//1 378//1 1781//1 364//1
f 378//1 379//1 1782//1 1781//1
f 379//1 380//1 1783//1 1782//1
f 380//1 381//1 1784//1 1783//1
f 364//1 1781//1 1785//1 365//1
f 365//1 1785//1 1789//1 366//1
f 366//1 1789//1 1772//1 367//1
f 1794//6 1795//6 1799//6 1798//6
f 1795//6 1796//6 1800//6 1799//6
f 1796//6 1797//6 1801//6 1800//6
f 1798//6 1799//6 1803//6 1802//6
f 1799//6 1800//6 1804//6 1803//6
f 1800//6 1801//6 1805//6 1804//6
f 1806//6 1807//6 1811//6 1810//6
f 1807//6 1808//6 1812//6 1811//6
f 1808//6 1809//6 1813//6 1812//6
f 1810//6 1811//6 1815//6 1814//6
f 1811//6 1812//6 1816//6 1815//6
f 1812//6 1813//6 1817//6 1816//6
f 1818//6 1819//6 1823//6 1822//6
f 1819//6 1820//6 1824//6 1823//6
f 1820//6 1821//6 1825//6 1824//6
f 1822//6 1823//6 1827//6 1826//6
f 1823//6 1824//6 1828//6 1827//6
f 1824//6 1825//6 1829//6 1828//6
f 1814//6 1815//6 1801//6 1797//6
f 1815//6 1816//6 1805//6 1801//6
f 1826//6 1827//6 1813//6 1809//6
f 1827//6 1828//6 1817//6 1813//6
f 1802//6 1803//6 1825//6 1821//6
f 1803//6 1804//6 1829//6 1825//6
f 1804//6 1805//6 1793//6 1829//6
f 1816//6 1817//6 1793//6 1805//6
f 1828//6 1829//6 1793//6 1817//6
f 17//6 273//6 1794//6 251//6
f 273//6 274//6 1795//6 1794//6
f 274//6 275//6 1796//6 1795//6
f 275//6 276//6 1797//6 1796//6
f 251//6 1794//6 1798//6 250//6
f 250//6 1798//6 1802//6 249//6
f 249//6 1802//6 1821//6 248//6
f 19//6 391//6 1806//6 279//6
f 391//6 390//6 1807//6 1806//6
f 390//6 389//6 1808//6 1807//6
f 389//6 388//6 1809//6 1808//6
f 279//6 1806//6 1810//6 278//6
f 278//6 1810//6 1814//6 277//6
f 277//6 1814//6 1797//6 276//6
f 15//6 245//6 1818//6 385//6
f 245//6 246//6 1819//6 1818//6
f 246//6 247//6 1820//6 1819//6
f 247//6 248//6 1821//6 1820//6
f 385//6 1818//6 1822//6 386//6
f 386//6 1822//6 1826//6 387//6
f 387//6 1826//6 1809//6 388//6
f 1831//6 1832//6 1836//6 1835//6
f 1832//6 1833//6 1837//6 1836//6
f 1833//6 1834//6 1838//6 1837//6
f 1835//6 1836//6 1840//6 1839//6
f 1836//6 1837//6 1841//6 1840//6
f 1837//6 1838//6 1842//6 1841//6
f 1843//6 1844//6 1848//6 1847//6
f 1844//6 1845//6 1849//6 1848//6
f 1845//6 1846//6 1850//6 1849//6
f 1847//6 1848//6 1852//6 1851//6
f 1848//6 1849//6 1853//6 1852//6
f 1849//6 1850//6 1854//6 1853//6
f 1855//6 1856//6 1860//6 1859//6
f 1856//6 1857//6 1861//6 1860//6
f 1857//6 1858//6 1862//6 1861//6
f 1859//6 1860//6 1864//6 1863//6
f 1860//6 1861//6 1865//6 1864//6
f 1861//6 1862//6 1866//6 1865//6
f 1851//6 1852//6 1838//6 1834//6
f 1852//6 1853//6 1842//6 1838//6
f 1863//6 1864//6 1850//6 1846//6
f 1864//6 1865//6 1854//6 1850//6
f 1839//6 1840//6 1862//6 1858//6
f 1840//6 1841//6 1866//6 1862//6
f 1841//6 1842//6 1830//6 1866//6
f 1853//6 1854//6 1830//6 1842//6
f 1865//6 1866//6 1830//6 1854//6
f 15//6 385//6 1831//6 398//6
f 385//6 386//6 1832//6 1831//6
f 386//6 387//6 1833//6 1832//6
f 387//6 388//6 1834//6 1833//6
f 398//6 1831//6 1835//6 397//6
f 397//6 1835//6 1839//6 396//6
f 396//6 1839//6 1858//6 395//6
f 19//6 300//6 1843//6 391//6
f 300//6 299//6 1844//6 1843//6
f 299//6 298//6 1845//6 1844//6
f 298//6 297//6 1846//6 1845//6
f 391//6 1843//6 1847//6 390//6
f 390//6 1847//6 1851//6 389//6
f 389//6 1851//6 1834//6 388//6
f 10//6 392//6 1855//6 294//6
f 392//6 393//6 1856//6 1855//6
f 393//6 394//6 1857//6 1856//6
f 394//6 395//6 1858//6 1857//6
f 294//6 1855//6 1859//6 295//6
f 295//6 1859//6 1863//6 296//6
f 296//6 1863//6 1846//6 297//6
f 1868//6 1869//6 1873//6 1872//6
f 1869//6 1870//6 1874//6 1873//6
f 1870//6 1871//6 1875//6 1874//6
f 1872//6 1873//6 1877//6 1876//6
f 1873//6 1874//6 1878//6 1877//6
f 1874//6 1875//6 1879//6 1878//6
f 1880//6 1881//6 1885//6 1884//6
f 1881//6 1882//6 1886//6 1885//6
f 1882//6 1883//6 1887//6 1886//6
f 1884//6 1885//6 1889//6 1888//6
f 1885//6 1886//6 1890//6 1889//6
f 1886//6 1887//6 1891//6 1890//6
f 1892//6 1893//6 1897//6 1896//6
f 1893//6 1894//6 1898//6 1897//6
f 1894//6 1895//6 1899//6 1898//6
f 1896//6 1897//6 1901//6 1900//6
f 1897//6 1898//6 1902//6 1901//6
f 1898//6 1899//6 1903//6 1902//6
f 1888//6 1889//6 1875//6 1871//6
f 1889//6 1890//6 1879//6 1875//6
f 1900//6 1901//6 1887//6 1883//6
f 1901//6 1902//6 1891//6 1887//6
f 1876//6 1877//6 1899//6 1895//6
f 1877//6 1878//6 1903//6 1899//6
f 1878//6 1879//6 1867//6 1903//6
f 1890//6 1891//6 1867//6 1879//6
f 1902//6 1903//6 1867//6 1891//6
f 15//6 398//6 1868//6 405//6
f 398//6 397//6 1869//6 1868//6
f 397//6 396//6 1870//6 1869//6
f 396//6 395//6 1871//6 1870//6
f 405//6 1868//6 1872//6 404//6
f 404//6 1872//6 1876//6 403//6
f 403//6 1876//6 1895//6 402//6
f 10//6 160//6 1880//6 392//6
f 160//6 159//6 1881//6 1880//6
f 159//6 158//6 1882//6 1881//6
f 158//6 157//6 1883//6 1882//6
f 392//6 1880//6 1884//6 393//6
f 393//6 1884//6 1888//6 394//6
f 394//6 1888//6 1871//6 395//6
f 9//6 399//6 1892//6 154//6
f 399//6 400//6 1893//6 1892//6
f 400//6 401//6 1894//6 1893//6
f 401//6 402//6 1895//6 1894//6
f 154//6 1892//6 1896//6 155//6
f 155//6 1896//6 1900//6 156//6
f 156//6 1900//6 1883//6 157//6
f 1905//6 1906//6 1910//6 1909//6
f 1906//6 1907//6 1911//6 1910//6
f 1907//6 1908//6 1912//6 1911//6
f 1909//6 1910//6 1914//6 1913//6
f 1910//6 1911//6 1915//6 1914//6
f 1911//6 1912//6 1916//6 1915//6
f 1917//6 1918//6 1922//6 1921//6
f 1918//6 1919//6 1923//6 1922//6
f 1919//6 1920//6 1924//6 1923//6
f 1921//6 1922//6 1926//6 1925//6
f 1922//6 1923//6 1927//6 1926//6
f 1923//6 1924//6 1928//6 1927//6
f 1929//6 1930//6 1934//6 1933//6
f 1930//6 1931//6 1935//6 1934//6
f 1931//6 1932//6 1936//6 1935//6
f 1933//6 1934//6 1938//6 1937//6
f 1934//6 1935//6 1939//6 1938//6
f 1935//6 1936//6 1940//6 1939//6
f 1925//6 1926//6 1912//6 1908//6
f 1926//6 1927//6 1916//6 1912//6
f 1937//6 1938//6 1924//6 1920//6
f 1938//6 1939//6 1928//6 1924//6
f 1913//6 1914//6 1936//6 1932//6
f 1914//6 1915//6 1940//6 1936//6
f 1915//6 1916//6 1904//6 1940//6
f 1927//6 1928//6 1904//6 1916//6
f 1939//6 1940//6 1904//6 1928//6
f 9//6 189//6 1905//6 399//6
f 189//6 190//6 1906//6 1905//6
f 190//6 191//6 1907//6 1906//6
f 191//6 192//6 1908//6 1907//6
f 399//6 1905//6 1909//6 400//6
f 400//6 1909//6 1913//6 401//6
f 401//6 1913//6 1932//6 402//6
f 13//6 217//6 1917//6 195//6
f 217//6 218//6 1918//6 1917//6
f 218//6 219//6 1919//6 1918//6
f 219//6 220//6 1920//6 1919//6
f 195//6 1917//6 1921//6 194//6
f 194//6 1921//6 1925//6 193//6
f 193//6 1925//6 1908//6 192//6
f 15//6 405//6 1929//6 223//6
f 405//6 404//6 1930//6 1929//6
f 404//6 403//6 1931//6 1930//6
f 403//6 402//6 1932//6 1931//6
f 223//6 1929//6 1933//6 222//6
f 222//6 1933//6 1937//6 221//6
f 221//6 1937//6 1920//6 220//6
f 1942//3 1943//3 1947//3 1946//3
f 1943//3 1944//3 1948//3 1947//3
f 1944//3 1945//3 1949//3 1948//3
f 1946//3 1947//3 1951//3 1950//3
f 1947//3 1948//3 1952//3 1951//3
f 1948//3 1949//3 1953//3 1952//3
f 1954//3 1955//3 1959//3 1958//3
f 1955//3 1956//3 1960//3 1959//3
f 1956//3 1957//3 1961//3 1960//3
f 1958//3 1959//3 1963//3 1962//3
f 1959//3 1960//3 1964//3 1963//3
f 1960//3 1961//3 1965//3 1964//3
f 1966//3 1967//3 1971//3 1970//3
f 1967//3 1968//3 1972//3 1971//3
f 1968//3 1969//3 1973//3 1972//3
f 1970//3 1971//3 1975//3 1974//3
f 1971//3 1972//3 1976//3 1975//3
f 1972//3 1973//3 1977//3 1976//3
f 1962//3 1963//3 1949//3 1945//3
f 1963//3 1964//3 1953//3 1949//3
f 1974//3 1975//3 1961//3 1957//3
f 1975//3 1976//3 1965//3 1961//3
f 1950//3 1951//3 1973//3 1969//3
f 1951//3 1952//3 1977//3 1973//3
f 1952//3 1953//3 1941//3 1977//3
f 1964//3 1965//3 1941//3 1953//3
f 1976//3 1977//3 1941//3 1965//3
f 8//3 132//3 1942//3 118//3
f 132//3 131//3 1943//3 1942//3
f 131//3 130//3 1944//3 1943//3
f 130//3 129//3 1945//3 1944//3
f 118//3 1942//3 1946//3 117//3
f 117//3 1946//3 1950//3 116//3
f 116//3 1950//3 1969//3 115//3
f 5//3 412//3 1954//3 126//3
f 412//3 411//3 1955//3 1954//3
f 411//3 410//3 1956//3 1955//3
f 410//3 409//3 1957//3 1956//3
f 126//3 1954//3 1958//3 127//3
f 127//3 1958//3 1962//3 128//3
f 128//3 1962//3 1945//3 129//3
f 1//3 112//3 1966//3 406//3
f 112//3 113//3 1967//3 1966//3
f 113//3 114//3 1968//3 1967//3
f 114//3 115//3 1969//3 1968//3
f 406//3 1966//3 1970//3 407//3
f 407//3 1970//3 1974//3 408//3
f 408//3 1974//3 1957//3 409//3
f 1979//3 1980//3 1984//3 1983//3
f 1980//3 1981//3 1985//3 1984//3
f 1981//3 1982//3 1986//3 1985//3
f 1983//3 1984//3 1988//3 1987//3
f 1984//3 1985//3 1989//3 1988//3
f 1985//3 1986//3 1990//3 1989//3
f 1991//3 1992//3 1996//3 1995//3
f 1992//3 1993//3 1997//3 1996//3
f 1993//3 1994//3 1998//3 1997//3
f 1995//3 1996//3 2000//3 1999//3
f 1996//3 1997//3 2001//3 2000//3
f 1997//3 1998//3 2002//3 2001//3
f 2003//3 2004//3 2008//3 2007//3
f 2004//3 2005//3 2009//3 2008//3
f 2005//3 2006//3 2010//3 2009//3
f 2007//3 2008//3 2012//3 2011//3
f 2008//3 2009//3 2013//3 2012//3
f 2009//3 2010//3 2014//3 2013//3
f 1999//3 2000//3 1986//3 1982//3
f 2000//3 2001//3 1990//3 1986//3
f 2011//3 2012//3 1998//3 1994//3
f 2012//3 2013//3 2002//3 1998//3
f 1987//3 1988//3 2010//3 2006//3
f 1988//3 1989//3 2014//3 2010//3
f 1989//3 1990//3 1978//3 2014//3
f 2001//3 2002//3 1978//3 1990//3
f 2013//3 2014//3 1978//3 2002//3
f 1//3 406//3 1979//3 28//3
f 406//3 407//3 1980//3 1979//3
f 407//3 408//3 1981//3 1980//3
f 408//3 409//3 1982//3 1981//3
f 28//3 1979//3 1983//3 29//3
f 29//3 1983//3 1987//3 30//3
f 30//3 1987//3 2006//3 31//3
f 5//3 69//3 1991//3 412//3
f 69//3 68//3 1992//3 1991//3
f 68//3 67//3 1993//3 1992//3
f 67//3 66//3 1994//3 1993//3
f 412//3 1991//3 1995//3 411//3
f 411//3 1995//3 1999//3 410//3
f 410//3 1999//3 1982//3 409//3
f 3//3 34//3 2003//3 63//3
f 34//3 33//3 2004//3 2003//3
f 33//3 32//3 2005//3 2004//3
f 32//3 31//3 2006//3 2005//3
f 63//3 2003//3 2007//3 64//3
f 64//3 2007//3 2011//3 65//3
f 65//3 2011//3 1994//3 66//3
f 2016//5 2017//5 2021//5 2020//5
f 2017//5 2018//5 2022//5 2021//5
f 2018//5 2019//5 2023//5 2022//5
f 2020//5 2021//5 2025//5 2024//5
f 2021//5 2022//5 2026//5 2025//5
f 2022//5 2023//5 2027//5 2026//5
f 2028//5 2029//5 2033//5 2032//5
f 2029//5 2030//5 2034//5 2033//5
f 2030//5 2031//5 2035//5 2034//5
f 2032//5 2033//5 2037//5 2036//5
f 2033//5 2034//5 2038//5 2037//5
f 2034//5 2035//5 2039//5 2038//5
f 2040//5 2041//5 2045//5 2044//5
f 2041//5 2042//5 2046//5 2045//5
f 2042//5 2043//5 2047//5 2046//5
f 2044//5 2045//5 2049//5 2048//5
f 2045//5 2046//5 2050//5 2049//5
f 2046//5 2047//5 2051//5 2050//5
f 2036//5 2037//5 2023//5 2019//5
f 2037//5 2038//5 2027//5 2023//5
f 2048//5 2049//5 2035//5 2031//5
f 2049//5 2050//5 2039//5 2035//5
f 2024//5 2025//5 2047//5 2043//5
f 2025//5 2026//5 2051//5 2047//5
f 2026//5 2027//5 2015//5 2051//5
f 2038//5 2039//5 2015//5 2027//5
f 2050//5 2051//5 2015//5 2039//5
f 5//5 77//5 2016//5 69//5
f 77//5 78//5 2017//5 2016//5
f 78//5 79//5 2018//5 2017//5
f 79//5 80//5 2019//5 2018//5
f 69//5 2016//5 2020//5 68//5
f 68//5 2020//5 2024//5 67//5
f 67//5 2024//5 2043//5 66//5
f 6//5 419//5 2028//5 83//5
f 419//5 418//5 2029//5 2028//5
f 418//5 417//5 2030//5 2029//5
f 417//5 416//5 2031//5 2030//5
f 83//5 2028//5 2032//5 82//5
f 82//5 2032//5 2036//5 81//5
f 81//5 2036//5 2019//5 80//5
f 3//5 63//5 2040//5 413//5
f 63//5 64//5 2041//5 2040//5
f 64//5 65//5 2042//5 2041//5
f 65//5 66//5 2043//5 2042//5
f 413//5 2040//5 2044//5 414//5
f 414//5 2044//5 2048//5 415//5
f 415//5 2048//5 2031//5 416//5
f 2053//5 2054//5 2058//5 2057//5
f 2054//5 2055//5 2059//5 2058//5
f 2055//5 2056//5 2060//5 2059//5
f 2057//5 2058//5 2062//5 2061//5
f 2058//5 2059//5 2063//5 2062//5
f 2059//5 2060//5 2064//5 2063//5
f 2065//5 2066//5 2070//5 2069//5
f 2066//5 2067//5 2071//5 2070//5
f 2067//5 2068//5 2072//5 2071//5
f 2069//5 2070//5 2074//5 2073//5
f 2070//5 2071//5 2075//5 2074//5
f 2071//5 2072//5 2076//5 2075//5
f 2077//5 2078//5 2082//5 2081//5
f 2078//5 2079//5 2083//5 2082//5
f 2079//5 2080//5 2084//5 2083//5
f 2081//5 2082//5 2086//5 2085//5
f 2082//5 2083//5 2087//5 2086//5
f 2083//5 2084//5 2088//5 2087//5
f 2073//5 2074//5 2060//5 2056//5
f 2074//5 2075//5 2064//5 2060//5
f 2085//5 2086//5 2072//5 2068//5
f 2086//5 2087//5 2076//5 2072//5
f 2061//5 2062//5 2084//5 2080//5
f 2062//5 2063//5 2088//5 2084//5
f 2063//5 2064//5 2052//5 2088//5
f 2075//5 2076//5 2052//5 2064//5
f 2087//5 2088//5 2052//5 2076//5
f 3//5 413//5 2053//5 49//5
f 413//5 414//5 2054//5 2053//5
f 414//5 415//5 2055//5 2054//5
f 415//5 416//5 2056//5 2055//5
f 49//5 2053//5 2057//5 50//5
f 50//5 2057//5 2061//5 51//5
f 51//5 2061//5 2080//5 52//5
f 6//5 90//5 2065//5 419//5
f 90//5 89//5 2066//5 2065//5
f 89//5 88//5 2067//5 2066//5
f 88//5 87//5 2068//5 2067//5
f 419//5 2065//5 2069//5 418//5
f 418//5 2069//5 2073//5 417//5
f 417//5 2073//5 2056//5 416//5
f 4//5 55//5 2077//5 84//5
f 55//5 54//5 2078//5 2077//5
f 54//5 53//5 2079//5 2078//5
f 53//5 52//5 2080//5 2079//5
f 84//5 2077//5 2081//5 85//5
f 85//5 2081//5 2085//5 86//5
f 86//5 2085//5 2068//5 87//5
f 2090//6 2091//6 2095//6 2094//6
f 2091//6 2092//6 2096//6 2095//6
f 2092//6 2093//6 2097//6 2096//6
f 2094//6 2095//6 2099//6 2098//6
f 2095//6 2096//6 2100//6 2099//6
f 2096//6 2097//6 2101//6 2100//6
f 2102//6 2103//6 2107//6 2106//6
f 2103//6 2104//6 2108//6 2107//6
f 2104//6 2105//6 2109//6 2108//6
f 2106//6 2107//6 2111//6 2110//6
f 2107//6 2108//6 2112//6 2111//6
f 2108//6 2109//6 2113//6 2112//6
f 2114//6 2115//6 2119//6 2118//6
f 2115//6 2116//6 2120//6 2119//6
f 2116//6 2117//6 2121//6 2120//6
f 2118//6 2119//6 2123//6 2122//6
f 2119//6 2120//6 2124//6 2123//6
f 2120//6 2121//6 2125//6 2124//6
f 2110//6 2111//6 2097//6 2093//6
f 2111//6 2112//6 2101//6 2097//6
f 2122//6 2123//6 2109//6 2105//6
f 2123//6 2124//6 2113//6 2109//6
f 2098//6 2099//6 2121//6 2117//6
f 2099//6 2100//6 2125//6 2121//6
f 2100//6 2101//6 2089//6 2125//6
f 2112//6 2113//6 2089//6 2101//6
f 2124//6 2125//6 2089//6 2113//6
f 2//6 41//6 2090//6 56//6
f 41//6 40//6 2091//6 2090//6
f 40//6 39//6 2092//6 2091//6
f 39//6 38//6 2093//6 2092//6
f 56//6 2090//6 2094//6 57//6
f 57//6 2094//6 2098//6 58//6
f 58//6 2098//6 2117//6 59//6
f 1//6 420//6 2102//6 35//6
f 420//6 421//6 2103//6 2102//6
f 421//6 422//6 2104//6 2103//6
f 422//6 423//6 2105//6 2104//6
f 35//6 2102//6 2106//6 36//6
f 36//6 2106//6 2110//6 37//6
f 37//6 2110//6 2093//6 38//6
f 4//6 62//6 2114//6 426//6
f 62//6 61//6 2115//6 2114//6
f 61//6 60//6 2116//6 2115//6
f 60//6 59//6 2117//6 2116//6
f 426//6 2114//6 2118//6 425//6
f 425//6 2118//6 2122//6 424//6
f 424//6 2122//6 2105//6 423//6
f 2127//6 2128//6 2132//6 2131//6
f 2128//6 2129//6 2133//6 2132//6
f 2129//6 2130//6 2134//6 2133//6
f 2131//6 2132//6 2136//6 2135//6
f 2132//6 2133//6 2137//6 2136//6
f 2133//6 2134//6 2138//6 2137//6
f 2139//6 2140//6 2144//6 2143//6
f 2140//6 2141//6 2145//6 2144//6
f 2141//6 2142//6 2146//6 2145//6
f 2143//6 2144//6 2148//6 2147//6
f 2144//6 2145//6 2149//6 2148//6
f 2145//6 2146//6 2150//6 2149//6
f 2151//6 2152//6 2156//6 2155//6
f 2152//6 2153//6 2157//6 2156//6
f 2153//6 2154//6 2158//6 2157//6
f 2155//6 2156//6 2160//6 2159//6
f 2156//6 2157//6 2161//6 2160//6
f 2157//6 2158//6 2162//6 2161//6
f 2147//6 2148//6 2134//6 2130//6
f 2148//6 2149//6 2138//6 2134//6
f 2159//6 2160//6 2146//6 2142//6
f 2160//6 2161//6 2150//6 2146//6
f 2135//6 2136//6 2158//6 2154//6
f 2136//6 2137//6 2162//6 2158//6
f 2137//6 2138//6 2126//6 2162//6
f 2149//6 2150//6 2126//6 2138//6
f 2161//6 2162//6 2126//6 2150//6
f 4//6 426//6 2127//6 55//6
f 426//6 425//6 2128//6 2127//6
f 425//6 424//6 2129//6 2128//6
f 424//6 423//6 2130//6 2129//6
f 55//6 2127//6 2131//6 54//6
f 54//6 2131//6 2135//6 53//6
f 53//6 2135//6 2154//6 52//6
f 1//6 28//6 2139//6 420//6
f 28//6 29//6 2140//6 2139//6
f 29//6 30//6 2141//6 2140//6
f 30//6 31//6 2142//6 2141//6
f 420//6 2139//6 2143//6 421//6
f 421//6 2143//6 2147//6 422//6
f 422//6 2147//6 2130//6 423//6
f 3//6 49//6 2151//6 34//6
f 49//6 50//6 2152//6 2151//6
f 50//6 51//6 2153//6 2152//6
f 51//6 52//6 2154//6 2153//6
f 34//6 2151//6 2155//6 33//6
f 33//6 2155//6 2159//6 32//6
f 32//6 2159//6 2142//6 31//6
f 2164//2 2165//2 2169//2 2168//2
f 2165//2 2166//2 2170//2 2169//2
f 2166//2 2167//2 2171//2 2170//2
f 2168//2 2169//2 2173//2 2172//2
f 2169//2 2170//2 2174//2 2173//2
f 2170//2 2171//2 2175//2 2174//2
f 2176//2 2177//2 2181//2 2180//2
f 2177//2 2178//2 2182//2 2181//2
f 2178//2 2179//2 2183//2 2182//2
f 2180//2 2181//2 2185//2 2184//2
f 2181//2 2182//2 2186//2 2185//2
f 2182//2 2183//2 2187//2 2186//2
f 2188//2 2189//2 2193//2 2192//2
f 2189//2 2190//2 2194//2 2193//2
f 2190//2 2191//2 2195//2 2194//2
f 2192//2 2193//2 2197//2 2196//2
f 2193//2 2194//2 2198//2 2197//2
f 2194//2 2195//2 2199//2 2198//2
f 2184//2 2185//2 2171//2 2167//2
f 2185//2 2186//2 2175//2 2171//2
f 2196//2 2197//2 2183//2 2179//2
f 2197//2 2198//2 2187//2 2183//2
f 2172//2 2173//2 2195//2 2191//2
f 2173//2 2174//2 2199//2 2195//2
f 2174//2 2175//2 2163//2 2199//2
f 2186//2 2187//2 2163//2 2175//2
f 2198//2 2199//2 2163//2 2187//2
f 7//2 140//2 2164//2 111//2
f 140//2 141//2 2165//2 2164//2
f 141//2 142//2 2166//2 2165//2
f 142//2 143//2 2167//2 2166//2
f 111//2 2164//2 2168//2 110//2
f 110//2 2168//2 2172//2 109//2
f 109//2 2172//2 2191//2 108//2
f 8//2 433//2 2176//2 146//2
f 433//2 432//2 2177//2 2176//2
f 432//2 431//2 2178//2 2177//2
f 431//2 430//2 2179//2 2178//2
f 146//2 2176//2 2180//2 145//2
f 145//2 2180//2 2184//2 144//2
f 144//2 2184//2 2167//2 143//2
f 2//2 105//2 2188//2 427//2
f 105//2 106//2 2189//2 2188//2
f 106//2 107//2 2190//2 2189//2
f 107//2 108//2 2191//2 2190//2
f 427//2 2188//2 2192//2 428//2
f 428//2 2192//2 2196//2 429//2
f 429//2 2196//2 2179//2 430//2
f 2201//2 2202//2 2206//2 2205//2
f 2202//2 2203//2 2207//2 2206//2
f 2203//2 2204//2 2208//2 2207//2
f 2205//2 2206//2 2210//2 2209//2
f 2206//2 2207//2 2211//2 2210//2
f 2207//2 2208//2 2212//2 2211//2
f 2213//2 2214//2 2218//2 2217//2
f 2214//2 2215//2 2219//2 2218//2
f 2215//2 2216//2 2220//2 2219//2
f 2217//2 2218//2 2222//2 2221//2
f 2218//2 2219//2 2223//2 2222//2
f 2219//2 2220//2 2224//2 2223//2
f 2225//2 2226//2 2230//2 2229//2
f 2226//2 2227//2 2231//2 2230//2
f 2227//2 2228//2 2232//2 2231//2
f 2229//2 2230//2 2234//2 2233//2
f 2230//2 2231//2 2235//2 2234//2
f 2231//2 2232//2 2236//2 2235//2
f 2221//2 2222//2 2208//2 2204//2
f 2222//2 2223//2 2212//2 2208//2
f 2233//2 2234//2 2220//2 2216//2
f 2234//2 2235//2 2224//2 2220//2
f 2209//2 2210//2 2232//2 2228//2
f 2210//2 2211//2 2236//2 2232//2
f 2211//2 2212//2 2200//2 2236//2
f 2223//2 2224//2 2200//2 2212//2
f 2235//2 2236//2 2200//2 2224//2
f 2//2 427//2 2201//2 41//2
f 427//2 428//2 2202//2 2201//2
f 428//2 429//2 2203//2 2202//2
f 429//2 430//2 2204//2 2203//2
f 41//2 2201//2 2205//2 40//2
f 40//2 2205//2 2209//2 39//2
f 39//2 2209//2 2228//2 38//2
f 8//2 118//2 2213//2 433//2
f 118//2 117//2 2214//2 2213//2
f 117//2 116//2 2215//2 2214//2
f 116//2 115//2 2216//2 2215//2
f 433//2 2213//2 2217//2 432//2
f 432//2 2217//2 2221//2 431//2
f 431//2 2221//2 2204//2 430//2
f 1//2 35//2 2225//2 112//2
f 35//2 36//2 2226//2 2225//2
f 36//2 37//2 2227//2 2226//2
f 37//2 38//2 2228//2 2227//2
f 112//2 2225//2 2229//2 113//2
f 113//2 2229//2 2233//2 114//2
f 114//2 2233//2 2216//2 115//2
f 2238//4 2239//4 2243//4 2242//4
f 2239//4 2240//4 2244//4 2243//4
f 2240//4 2241//4 2245//4 2244//4
f 2242//4 2243//4 2247//4 2246//4
f 2243//4 2244//4 2248//4 2247//4
f 2244//4 2245//4 2249//4 2248//4
f 2250//4 2251//4 2255//4 2254//4
f 2251//4 2252//4 2256//4 2255//4
f 2252//4 2253//4 2257//4 2256//4
f 2254//4 2255//4 2259//4 2258//4
f 2255//4 2256//4 2260//4 2259//4
f 2256//4 2257//4 2261//4 2260//4
f 2262//4 2263//4 2267//4 2266//4
f 2263//4 2264//4 2268//4 2267//4
f 2264//4 2265//4 2269//4 2268//4
f 2266//4 2267//4 2271//4 2270//4
f 2267//4 2268//4 2272//4 2271//4
f 2268//4 2269//4 2273//4 2272//4
f 2258//4 2259//4 2245//4 2241//4
f 2259//4 2260//4 2249//4 2245//4
f 2270//4 2271//4 2257//4 2253//4
f 2271//4 2272//4 2261//4 2257//4
f 2246//4 2247//4 2269//4 2265//4
f 2247//4 2248//4 2273//4 2269//4
f 2248//4 2249//4 2237//4 2273//4
f 2260//4 2261//4 2237//4 2249//4
f 2272//4 2273//4 2237//4 2261//4
f 6//4 98//4 2238//4 90//4
f 98//4 99//4 2239//4 2238//4
f 99//4 100//4 2240//4 2239//4
f 100//4 101//4 2241//4 2240//4
f 90//4 2238//4 2242//4 89//4
f 89//4 2242//4 2246//4 88//4
f 88//4 2246//4 2265//4 87//4
f 7//4 440//4 2250//4 104//4
f 440//4 439//4 2251//4 2250//4
f 439//4 438//4 2252//4 2251//4
f 438//4 437//4 2253//4 2252//4
f 104//4 2250//4 2254//4 103//4
f 103//4 2254//4 2258//4 102//4
f 102//4 2258//4 2241//4 101//4
f 4//4 84//4 2262//4 434//4
f 84//4 85//4 2263//4 2262//4
f 85//4 86//4 2264//4 2263//4
f 86//4 87//4 2265//4 2264//4
f 434//4 2262//4 2266//4 435//4
f 435//4 2266//4 2270//4 436//4
f 436//4 2270//4 2253//4 437//4
f 2275//4 2276//4 2280//4 2279//4
f 2276//4 2277//4 2281//4 2280//4
f 2277//4 2278//4 2282//4 2281//4
f 2279//4 2280//4 2284//4 2283//4
f 2280//4 2281//4 2285//4 2284//4
f 2281//4 2282//4 2286//4 2285//4
f 2287//4 2288//4 2292//4 2291//4
f 2288//4 2289//4 2293//4 2292//4
f 2289//4 2290//4 2294//4 2293//4
f 2291//4 2292//4 2296//4 2295//4
f 2292//4 2293//4 2297//4 2296//4
f 2293//4 2294//4 2298//4 2297//4
f 2299//4 2300//4 2304//4 2303//4
f 2300//4 2301//4 2305//4 2304//4
f 2301//4 2302//4 2306//4 2305//4
f 2303//4 2304//4 2308//4 2307//4
f 2304//4 2305//4 2309//4 2308//4
f 2305//4 2306//4 2310//4 2309//4
f 2295//4 2296//4 2282//4 2278//4
f 2296//4 2297//4 2286//4 2282//4
f 2307//4 2308//4 2294//4 2290//4
f 2308//4 2309//4 2298//4 2294//4
f 2283//4 2284//4 2306//4 2302//4
f 2284//4 2285//4 2310//4 2306//4
f 2285//4 2286//4 2274//4 2310//4
f 2297//4 2298//4 2274//4 2286//4
f 2309//4 2310//4 2274//4 2298//4
f 4//4 434//4 2275//4 62//4
f 434//4 435//4 2276//4 2275//4
f 435//4 436//4 2277//4 2276//4
f 436//4 437//4 2278//4 2277//4
f 62//4 2275//4 2279//4 61//4
f 61//4 2279//4 2283//4 60//4
f 60//4 2283//4 2302//4 59//4
f 7//4 111//4 2287//4 440//4
f 111//4 110//4 2288//4 2287//4
f 110//4 109//4 2289//4 2288//4
f 109//4 108//4 2290//4 2289//4
f 440//4 2287//4 2291//4 439//4
f 439//4 2291//4 2295//4 438//4
f 438//4 2295//4 2278//4 437//4
f 2//4 56//4 2299//4 105//4
f 56//4 57//4 2300//4 2299//4
f 57//4 58//4 2301//4 2300//4
f 58//4 59//4 2302//4 2301//4
f 105//4 2299//4 2303//4 106//4
f 106//4 2303//4 2307//4 107//4
f 107//4 2307//4 2290//4 108//4
f 2312//1 2313//1 2317//1 2316//1
f 2313//1 2314//1 2318//1 2317//1
f 2314//1 2315//1 2319//1 2318//1
f 2316//1 2317//1 2321//1 2320//1
f 2317//1 2318//1 2322//1 2321//1
f 2318//1 2319//1 2323//1 2322//1
f 2324//1 2325//1 2329//1 2328//1
f 2325//1 2326//1 2330//1 2329//1
f 2326//1 2327//1 2331//1 2330//1
f 2328//1 2329//1 2333//1 2332//1
f 2329//1 2330//1 2334//1 2333//1
f 2330//1 2331//1 2335//1 2334//1
f 2336//1 2337//1 2341//1 2340//1
f 2337//1 2338//1 2342//1 2341//1
f 2338//1 2339//1 2343//1 2342//1
f 2340//1 2341//1 2345//1 2344//1
f 2341//1 2342//1 2346//1 2345//1
f 2342//1 2343//1 2347//1 2346//1
f 2332//1 2333//1 2319//1 2315//1
f 2333//1 2334//1 2323//1 2319//1
f 2344//1 2345//1 2331//1 2327//1
f 2345//1 2346//1 2335//1 2331//1
f 2320//1 2321//1 2343//1 2339//1
f 2321//1 2322//1 2347//1 2343//1
f 2322//1 2323//1 2311//1 2347//1
f 2334//1 2335//1 2311//1 2323//1
f 2346//1 2347//1 2311//1 2335//1
f 21//1 448//1 2312//1 441//1
f 448//1 449//1 2313//1 2312//1
f 449//1 450//1 2314//1 2313//1
f 450//1 451//1 2315//1 2314//1
f 441//1 2312//1 2316//1 442//1
f 442//1 2316//1 2320//1 443//1
f 443//1 2320//1 2339//1 444//1
f 22//1 455//1 2324//1 454//1
f 455//1 456//1 2325//1 2324//1
f 456//1 457//1 2326//1 2325//1
f 457//1 458//1 2327//1 2326//1
f 454//1 2324//1 2328//1 453//1
f 453//1 2328//1 2332//1 452//1
f 452//1 2332//1 2315//1 451//1
f 23//1 447//1 2336//1 461//1
f 447//1 446//1 2337//1 2336//1
f 446//1 445//1 2338//1 2337//1
f 445//1 444//1 2339//1 2338//1
f 461//1 2336//1 2340//1 460//1
f 460//1 2340//1 2344//1 459//1
f 459//1 2344//1 2327//1 458//1
f 2349//1 2350//1 2354//1 2353//1
f 2350//1 2351//1 2355//1 2354//1
f 2351//1 2352//1 2356//1 2355//1
f 2353//1 2354//1 2358//1 2357//1
f 2354//1 2355//1 2359//1 2358//1
f 2355//1 2356//1 2360//1 2359//1
f 2361//1 2362//1 2366//1 2365//1
f 2362//1 2363//1 2367//1 2366//1
f 2363//1 2364//1 2368//1 2367//1
f 2365//1 2366//1 2370//1 2369//1
f 2366//1 2367//1 2371//1 2370//1
f 2367//1 2368//1 2372//1 2371//1
f 2373//1 2374//1 2378//1 2377//1
f 2374//1 2375//1 2379//1 2378//1
f 2375//1 2376//1 2380//1 2379//1
f 2377//1 2378//1 2382//1 2381//1
f 2378//1 2379//1 2383//1 2382//1
f 2379//1 2380//1 2384//1 2383//1
f 2369//1 2370//1 2356//1 2352//1
f 2370//1 2371//1 2360//1 2356//1
f 2381//1 2382//1 2368//1 2364//1
f 2382//1 2383//1 2372//1 2368//1
f 2357//1 2358//1 2380//1 2376//1
f 2358//1 2359//1 2384//1 2380//1
f 2359//1 2360//1 2348//1 2384//1
f 2371//1 2372//1 2348//1 2360//1
f 2383//1 2384//1 2348//1 2372//1
f 23//1 461//1 2349//1 462//1
f 461//1 460//1 2350//1 2349//1
f 460//1 459//1 2351//1 2350//1
f 459//1 458//1 2352//1 2351//1
f 462//1 2349//1 2353//1 463//1
f 463//1 2353//1 2357//1 464//1
f 464//1 2357//1 2376//1 465//1
f 22//1 469//1 2361//1 455//1
f 469//1 470//1 2362//1 2361//1
f 470//1 471//1 2363//1 2362//1
f 471//1 472//1 2364//1 2363//1
f 455//1 2361//1 2365//1 456//1
f 456//1 2365//1 2369//1 457//1
f 457//1 2369//1 2352//1 458//1
f 24//1 468//1 2373//1 475//1
f 468//1 467//1 2374//1 2373//1
f 467//1 466//1 2375//1 2374//1
f 466//1 465//1 2376//1 2375//1
f 475//1 2373//1 2377//1 474//1
f 474//1 2377//1 2381//1 473//1
f 473//1 2381//1 2364//1 472//1
f 2386//3 2387//3 2391//3 2390//3
f 2387//3 2388//3 2392//3 2391//3
f 2388//3 2389//3 2393//3 2392//3
f 2390//3 2391//3 2395//3 2394//3
f 2391//3 2392//3 2396//3 2395//3
f 2392//3 2393//3 2397//3 2396//3
f 2398//3 2399//3 2403//3 2402//3
f 2399//3 2400//3 2404//3 2403//3
f 2400//3 2401//3 2405//3 2404//3
f 2402//3 2403//3 2407//3 2406//3
f 2403//3 2404//3 2408//3 2407//3
f 2404//3 2405//3 2409//3 2408//3
f 2410//3 2411//3 2415//3 2414//3
f 2411//3 2412//3 2416//3 2415//3
f 2412//3 2413//3 2417//3 2416//3
f 2414//3 2415//3 2419//3 2418//3
f 2415//3 2416//3 2420//3 2419//3
f 2416//3 2417//3 2421//3 2420//3
f 2406//3 2407//3 2393//3 2389//3
f 2407//3 2408//3 2397//3 2393//3
f 2418//3 2419//3 2405//3 2401//3
f 2419//3 2420//3 2409//3 2405//3
f 2394//3 2395//3 2417//3 2413//3
f 2395//3 2396//3 2421//3 2417//3
f 2396//3 2397//3 2385//3 2421//3
f 2408//3 2409//3 2385//3 2397//3
f 2420//3 2421//3 2385//3 2409//3
f 12//3 483//3 2386//3 476//3
f 483//3 484//3 2387//3 2386//3
f 484//3 485//3 2388//3 2387//3
f 485//3 486//3 2389//3 2388//3
f 476//3 2386//3 2390//3 477//3
f 477//3 2390//3 2394//3 478//3
f 478//3 2394//3 2413//3 479//3
f 25//3 496//3 2398//3 489//3
f 496//3 495//3 2399//3 2398//3
f 495//3 494//3 2400//3 2399//3
f 494//3 493//3 2401//3 2400//3
f 489//3 2398//3 2402//3 488//3
f 488//3 2402//3 2406//3 487//3
f 487//3 2406//3 2389//3 486//3
f 23//3 482//3 2410//3 490//3
f 482//3 481//3 2411//3 2410//3
f 481//3 480//3 2412//3 2411//3
f 480//3 479//3 2413//3 2412//3
f 490//3 2410//3 2414//3 491//3
f 491//3 2414//3 2418//3 492//3
f 492//3 2418//3 2401//3 493//3
f 2423//3 2424//3 2428//3 2427//3
f 2424//3 2425//3 2429//3 2428//3
f 2425//3 2426//3 2430//3 2429//3
f 2427//3 2428//3 2432//3 2431//3
f 2428//3 2429//3 2433//3 2432//3
f 2429//3 2430//3 2434//3 2433//3
f 2435//3 2436//3 2440//3 2439//3
f 2436//3 2437//3 2441//3 2440//3
f 2437//3 2438//3 2442//3 2441//3
f 2439//3 2440//3 2444//3 2443//3
f 2440//3 2441//3 2445//3 2444//3
f 2441//3 2442//3 2446//3 2445//3
f 2447//3 2448//3 2452//3 2451//3
f 2448//3 2449//3 2453//3 2452//3
f 2449//3 2450//3 2454//3 2453//3
f 2451//3 2452//3 2456//3 2455//3
f 2452//3 2453//3 2457//3 2456//3
f 2453//3 2454//3 2458//3 2457//3
f 2443//3 2444//3 2430//3 2426//3
f 2444//3 2445//3 2434//3 2430//3
f 2455//3 2456//3 2442//3 2438//3
f 2456//3 2457//3 2446//3 2442//3
f 2431//3 2432//3 2454//3 2450//3
f 2432//3 2433//3 2458//3 2454//3
f 2433//3 2434//3 2422//3 2458//3
f 2445//3 2446//3 2422//3 2434//3
f 2457//3 2458//3 2422//3 2446//3
f 23//3 490//3 2423//3 447//3
f 490//3 491//3 2424//3 2423//3
f 491//3 492//3 2425//3 2424//3
f 492//3 493//3 2426//3 2425//3
f 447//3 2423//3 2427//3 446//3
f 446//3 2427//3 2431//3 445//3
f 445//3 2431//3 2450//3 444//3
f 25//3 503//3 2435//3 496//3
f 503//3 502//3 2436//3 2435//3
f 502//3 501//3 2437//3 2436//3
f 501//3 500//3 2438//3 2437//3
f 496//3 2435//3 2439//3 495//3
f 495//3 2439//3 2443//3 494//3
f 494//3 2443//3 2426//3 493//3
f 21//3 441//3 2447//3 497//3
f 441//3 442//3 2448//3 2447//3
f 442//3 443//3 2449//3 2448//3
f 443//3 444//3 2450//3 2449//3
f 497//3 2447//3 2451//3 498//3
f 498//3 2451//3 2455//3 499//3
f 499//3 2455//3 2438//3 500//3
f 2460//2 2461//2 2465//2 2464//2
f 2461//2 2462//2 2466//2 2465//2
f 2462//2 2463//2 2467//2 2466//2
f 2464//2 2465//2 2469//2 2468//2
f 2465//2 2466//2 2470//2 2469//2
f 2466//2 2467//2 2471//2 2470//2
f 2472//2 2473//2 2477//2 2476//2
f 2473//2 2474//2 2478//2 2477//2
f 2474//2 2475//2 2479//2 2478//2
f 2476//2 2477//2 2481//2 2480//2
f 2477//2 2478//2 2482//2 2481//2
f 2478//2 2479//2 2483//2 2482//2
f 2484//2 2485//2 2489//2 2488//2
f 2485//2 2486//2 2490//2 2489//2
f 2486//2 2487//2 2491//2 2490//2
f 2488//2 2489//2 2493//2 2492//2
f 2489//2 2490//2 2494//2 2493//2
f 2490//2 2491//2 2495//2 2494//2
f 2480//2 2481//2 2467//2 2463//2
f 2481//2 2482//2 2471//2 2467//2
f 2492//2 2493//2 2479//2 2475//2
f 2493//2 2494//2 2483//2 2479//2
f 2468//2 2469//2 2491//2 2487//2
f 2469//2 2470//2 2495//2 2491//2
f 2470//2 2471//2 2459//2 2495//2
f 2482//2 2483//2 2459//2 2471//2
f 2494//2 2495//2 2459//2 2483//2
f 25//2 504//2 2460//2 503//2
f 504//2 505//2 2461//2 2460//2
f 505//2 506//2 2462//2 2461//2
f 506//2 507//2 2463//2 2462//2
f 503//2 2460//2 2464//2 502//2
f 502//2 2464//2 2468//2 501//2
f 501//2 2468//2 2487//2 500//2
f 26//2 517//2 2472//2 510//2
f 517//2 516//2 2473//2 2472//2
f 516//2 515//2 2474//2 2473//2
f 515//2 514//2 2475//2 2474//2
f 510//2 2472//2 2476//2 509//2
f 509//2 2476//2 2480//2 508//2
f 508//2 2480//2 2463//2 507//2
f 21//2 497//2 2484//2 511//2
f 497//2 498//2 2485//2 2484//2
f 498//2 499//2 2486//2 2485//2
f 499//2 500//2 2487//2 2486//2
f 511//2 2484//2 2488//2 512//2
f 512//2 2488//2 2492//2 513//2
f 513//2 2492//2 2475//2 514//2
f 2497//2 2498//2 2502//2 2501//2
f 2498//2 2499//2 2503//2 2502//2
f 2499//2 2500//2 2504//2 2503//2
f 2501//2 2502//2 2506//2 2505//2
f 2502//2 2503//2 2507//2 2506//2
f 2503//2 2504//2 2508//2 2507//2
f 2509//2 2510//2 2514//2 2513//2
f 2510//2 2511//2 2515//2 2514//2
f 2511//2 2512//2 2516//2 2515//2
f 2513//2 2514//2 2518//2 2517//2
f 2514//2 2515//2 2519//2 2518//2
f 2515//2 2516//2 2520//2 2519//2
f 2521//2 2522//2 2526//2 2525//2
f 2522//2 2523//2 2527//2 2526//2
f 2523//2 2524//2 2528//2 2527//2
f 2525//2 2526//2 2530//2 2529//2
f 2526//2 2527//2 2531//2 2530//2
f 2527//2 2528//2 2532//2 2531//2
f 2517//2 2518//2 2504//2 2500//2
f 2518//2 2519//2 2508//2 2504//2
f 2529//2 2530//2 2516//2 2512//2
f 2530//2 2531//2 2520//2 2516//2
f 2505//2 2506//2 2528//2 2524//2
f 2506//2 2507//2 2532//2 2528//2
f 2507//2 2508//2 2496//2 2532//2
f 2519//2 2520//2 2496//2 2508//2
f 2531//2 2532//2 2496//2 2520//2
f 21//2 511//2 2497//2 448//2
f 511//2 512//2 2498//2 2497//2
f 512//2 513//2 2499//2 2498//2
f 513//2 514//2 2500//2 2499//2
f 448//2 2497//2 2501//2 449//2
f 449//2 2501//2 2505//2 450//2
f 450//2 2505//2 2524//2 451//2
f 26//2 524//2 2509//2 517//2
f 524//2 523//2 2510//2 2509//2
f 523//2 522//2 2511//2 2510//2
f 522//2 521//2 2512//2 2511//2
f 517//2 2509//2 2513//2 516//2
f 516//2 2513//2 2517//2 515//2
f 515//2 2517//2 2500//2 514//2
f 22//2 454//2 2521//2 518//2
f 454//2 453//2 2522//2 2521//2
f 453//2 452//2 2523//2 2522//2
f 452//2 451//2 2524//2 2523//2
f 518//2 2521//2 2525//2 519//2
f 519//2 2525//2 2529//2 520//2
f 520//2 2529//2 2512//2 521//2
f 2534//4 2535//4 2539//4 2538//4
f 2535//4 2536//4 2540//4 2539//4
f 2536//4 2537//4 2541//4 2540//4
f 2538//4 2539//4 2543//4 2542//4
f 2539//4 2540//4 2544//4 2543//4
f 2540//4 2541//4 2545//4 2544//4
f 2546//4 2547//4 2551//4 2550//4
f 2547//4 2548//4 2552//4 2551//4
f 2548//4 2549//4 2553//4 2552//4
f 2550//4 2551//4 2555//4 2554//4
f 2551//4 2552//4 2556//4 2555//4
f 2552//4 2553//4 2557//4 2556//4
f 2558//4 2559//4 2563//4 2562//4
f 2559//4 2560//4 2564//4 2563//4
f 2560//4 2561//4 2565//4 2564//4
f 2562//4 2563//4 2567//4 2566//4
f 2563//4 2564//4 2568//4 2567//4
f 2564//4 2565//4 2569//4 2568//4
f 2554//4 2555//4 2541//4 2537//4
f 2555//4 2556//4 2545//4 2541//4
f 2566//4 2567//4 2553//4 2549//4
f 2567//4 2568//4 2557//4 2553//4
f 2542//4 2543//4 2565//4 2561//4
f 2543//4 2544//4 2569//4 2565//4
f 2544//4 2545//4 2533//4 2569//4
f 2556//4 2557//4 2533//4 2545//4
f 2568//4 2569//4 2533//4 2557//4
f 26//4 525//4 2534//4 524//4
f 525//4 526//4 2535//4 2534//4
f 526//4 527//4 2536//4 2535//4
f 527//4 528//4 2537//4 2536//4
f 524//4 2534//4 2538//4 523//4
f 523//4 2538//4 2542//4 522//4
f 522//4 2542//4 2561//4 521//4
f 27//4 538//4 2546//4 531//4
f 538//4 537//4 2547//4 2546//4
f 537//4 536//4 2548//4 2547//4
f 536//4 535//4 2549//4 2548//4
f 531//4 2546//4 2550//4 530//4
f 530//4 2550//4 2554//4 529//4
f 529//4 2554//4 2537//4 528//4
f 22//4 518//4 2558//4 532//4
f 518//4 519//4 2559//4 2558//4
f 519//4 520//4 2560//4 2559//4
f 520//4 521//4 2561//4 2560//4
f 532//4 2558//4 2562//4 533//4
f 533//4 2562//4 2566//4 534//4
f 534//4 2566//4 2549//4 535//4
f 2571//4 2572//4 2576//4 2575//4
f 2572//4 2573//4 2577//4 2576//4
f 2573//4 2574//4 2578//4 2577//4
f 2575//4 2576//4 2580//4 2579//4
f 2576//4 2577//4 2581//4 2580//4
f 2577//4 2578//4 2582//4 2581//4
f 2583//4 2584//4 2588//4 2587//4
f 2584//4 2585//4 2589//4 2588//4
f 2585//4 2586//4 2590//4 2589//4
f 2587//4 2588//4 2592//4 2591//4
f 2588//4 2589//4 2593//4 2592//4
f 2589//4 2590//4 2594//4 2593//4
f 2595//4 2596//4 2600//4 2599//4
f 2596//4 2597//4 2601//4 2600//4
f 2597//4 2598//4 2602//4 2601//4
f 2599//4 2600//4 2604//4 2603//4
f 2600//4 2601//4 2605//4 2604//4
f 2601//4 2602//4 2606//4 2605//4
f 2591//4 2592//4 2578//4 2574//4
f 2592//4 2593//4 2582//4 2578//4
f 2603//4 2604//4 2590//4 2586//4
f 2604//4 2605//4 2594//4 2590//4
f 2579//4 2580//4 2602//4 2598//4
f 2580//4 2581//4 2606//4 2602//4
f 2581//4 2582//4 2570//4 2606//4
f 2593//4 2594//4 2570//4 2582//4
f 2605//4 2606//4 2570//4 2594//4
f 22//4 532//4 2571//4 469//4
f 532//4 533//4 2572//4 2571//4
f 533//4 534//4 2573//4 2572//4
f 534//4 535//4 2574//4 2573//4
f 469//4 2571//4 2575//4 470//4
f 470//4 2575//4 2579//4 471//4
f 471//4 2579//4 2598//4 472//4
f 27//4 545//4 2583//4 538//4
f 545//4 544//4 2584//4 2583//4
f 544//4 543//4 2585//4 2584//4
f 543//4 542//4 2586//4 2585//4
f 538//4 2583//4 2587//4 537//4
f 537//4 2587//4 2591//4 536//4
f 536//4 2591//4 2574//4 535//4
f 24//4 475//4 2595//4 539//4
f 475//4 474//4 2596//4 2595//4
f 474//4 473//4 2597//4 2596//4
f 473//4 472//4 2598//4 2597//4
f 539//4 2595//4 2599//4 540//4
f 540//4 2599//4 2603//4 541//4
f 541//4 2603//4 2586//4 542//4
f 2608//5 2609//5 2613//5 2612//5
f 2609//5 2610//5 2614//5 2613//5
f 2610//5 2611//5 2615//5 2614//5
f 2612//5 2613//5 2617//5 2616//5
f 2613//5 2614//5 2618//5 2617//5
f 2614//5 2615//5 2619//5 2618//5
f 2620//5 2621//5 2625//5 2624//5
f 2621//5 2622//5 2626//5 2625//5
f 2622//5 2623//5 2627//5 2626//5
f 2624//5 2625//5 2629//5 2628//5
f 2625//5 2626//5 2630//5 2629//5
f 2626//5 2627//5 2631//5 2630//5
f 2632//5 2633//5 2637//5 2636//5
f 2633//5 2634//5 2638//5 2637//5
f 2634//5 2635//5 2639//5 2638//5
f 2636//5 2637//5 2641//5 2640//5
f 2637//5 2638//5 2642//5 2641//5
f 2638//5 2639//5 2643//5 2642//5
f 2628//5 2629//5 2615//5 2611//5
f 2629//5 2630//5 2619//5 2615//5
f 2640//5 2641//5 2627//5 2623//5
f 2641//5 2642//5 2631//5 2627//5
f 2616//5 2617//5 2639//5 2635//5
f 2617//5 2618//5 2643//5 2639//5
f 2618//5 2619//5 2607//5 2643//5
f 2630//5 2631//5 2607//5 2619//5
f 2642//5 2643//5 2607//5 2631//5
f 27//5 552//5 2608//5 545//5
f 552//5 551//5 2609//5 2608//5
f 551//5 550//5 2610//5 2609//5
f 550//5 549//5 2611//5 2610//5
f 545//5 2608//5 2612//5 544//5
f 544//5 2612//5 2616//5 543//5
f 543//5 2616//5 2635//5 542//5
f 12//5 553//5 2620//5 546//5
f 553//5 554//5 2621//5 2620//5
f 554//5 555//5 2622//5 2621//5
f 555//5 556//5 2623//5 2622//5
f 546//5 2620//5 2624//5 547//5
f 547//5 2624//5 2628//5 548//5
f 548//5 2628//5 2611//5 549//5
f 24//5 539//5 2632//5 559//5
f 539//5 540//5 2633//5 2632//5
f 540//5 541//5 2634//5 2633//5
f 541//5 542//5 2635//5 2634//5
f 559//5 2632//5 2636//5 558//5
f 558//5 2636//5 2640//5 557//5
f 557//5 2640//5 2623//5 556//5
f 2645//5 2646//5 2650//5 2649//5
f 2646//5 2647//5 2651//5 2650//5
f 2647//5 2648//5 2652//5 2651//5
f 2649//5 2650//5 2654//5 2653//5
f 2650//5 2651//5 2655//5 2654//5
f 2651//5 2652//5 2656//5 2655//5
f 2657//5 2658//5 2662//5 2661//5
f 2658//5 2659//5 2663//5 2662//5
f 2659//5 2660//5 2664//5 2663//5
f 2661//5 2662//5 2666//5 2665//5
f 2662//5 2663//5 2667//5 2666//5
f 2663//5 2664//5 2668//5 2667//5
f 2669//5 2670//5 2674//5 2673//5
f 2670//5 2671//5 2675//5 2674//5
f 2671//5 2672//5 2676//5 2675//5
f 2673//5 2674//5 2678//5 2677//5
f 2674//5 2675//5 2679//5 2678//5
f 2675//5 2676//5 2680//5 2679//5
f 2665//5 2666//5 2652//5 2648//5
f 2666//5 2667//5 2656//5 2652//5
f 2677//5 2678//5 2664//5 2660//5
f 2678//5 2679//5 2668//5 2664//5
f 2653//5 2654//5 2676//5 2672//5
f 2654//5 2655//5 2680//5 2676//5
f 2655//5 2656//5 2644//5 2680//5
f 2667//5 2668//5 2644//5 2656//5
f 2679//5 2680//5 2644//5 2668//5
f 24//5 559//5 2645//5 468//5
f 559//5 558//5 2646//5 2645//5
f 558//5 557//5 2647//5 2646//5
f 557//5 556//5 2648//5 2647//5
f 468//5 2645//5 2649//5 467//5
f 467//5 2649//5 2653//5 466//5
f 466//5 2653//5 2672//5 465//5
f 12//5 476//5 2657//5 553//5
f 476//5 477//5 2658//5 2657//5
f 477//5 478//5 2659//5 2658//5
f 478//5 479//5 2660//5 2659//5
f 553//5 2657//5 2661//5 554//5
f 554//5 2661//5 2665//5 555//5
f 555//5 2665//5 2648//5 556//5
f 23//5 462//5 2669//5 482//5
f 462//5 463//5 2670//5 2669//5
f 463//5 464//5 2671//5 2670//5
f 464//5 465//5 2672//5 2671//5
f 482//5 2669//5 2673//5 481//5
f 481//5 2673//5 2677//5 480//5
f 480//5 2677//5 2660//5 479//5
f 2682//6 2683//6 2687//6 2686//6
f 2683//6 2684//6 2688//6 2687//6
f 2684//6 2685//6 2689//6 2688//6
f 2686//6 2687//6 2691//6 2690//6
f 2687//6 2688//6 2692//6 2691//6
f 2688//6 2689//6 2693//6 2692//6
f 2694//6 2695//6 2699//6 2698//6
f 2695//6 2696//6 2700//6 2699//6
f 2696//6 2697//6 2701//6 2700//6
f 2698//6 2699//6 2703//6 2702//6
f 2699//6 2700//6 2704//6 2703//6
f 2700//6 2701//6 2705//6 2704//6
f 2706//6 2707//6 2711//6 2710//6
f 2707//6 2708//6 2712//6 2711//6
f 2708//6 2709//6 2713//6 2712//6
f 2710//6 2711//6 2715//6 2714//6
f 2711//6 2712//6 2716//6 2715//6
f 2712//6 2713//6 2717//6 2716//6
f 2702//6 2703//6 2689//6 2685//6
f 2703//6 2704//6 2693//6 2689//6
f 2714//6 2715//6 2701//6 2697//6
f 2715//6 2716//6 2705//6 2701//6
f 2690//6 2691//6 2713//6 2709//6
f 2691//6 2692//6 2717//6 2713//6
f 2692//6 2693//6 2681//6 2717//6
f 2704//6 2705//6 2681//6 2693//6
f 2716//6 2717//6 2681//6 2705//6
f 8//6 560//6 2682//6 132//6
f 560//6 561//6 2683//6 2682//6
f 561//6 562//6 2684//6 2683//6
f 562//6 563//6 2685//6 2684//6
f 132//6 2682//6 2686//6 131//6
f 131//6 2686//6 2690//6 130//6
f 130//6 2690//6 2709//6 129//6
f 25//6 573//6 2694//6 566//6
f 573//6 572//6 2695//6 2694//6
f 572//6 571//6 2696//6 2695//6
f 571//6 570//6 2697//6 2696//6
f 566//6 2694//6 2698//6 565//6
f 565//6 2698//6 2702//6 564//6
f 564//6 2702//6 2685//6 563//6
f 5//6 126//6 2706//6 567//6
f 126//6 127//6 2707//6 2706//6
f 127//6 128//6 2708//6 2707//6
f 128//6 129//6 2709//6 2708//6
f 567//6 2706//6 2710//6 568//6
f 568//6 2710//6 2714//6 569//6
f 569//6 2714//6 2697//6 570//6
f 2719//6 2720//6 2724//6 2723//6
f 2720//6 2721//6 2725//6 2724//6
f 2721//6 2722//6 2726//6 2725//6
f 2723//6 2724//6 2728//6 2727//6
f 2724//6 2725//6 2729//6 2728//6
f 2725//6 2726//6 2730//6 2729//6
f 2731//6 2732//6 2736//6 2735//6
f 2732//6 2733//6 2737//6 2736//6
f 2733//6 2734//6 2738//6 2737//6
f 2735//6 2736//6 2740//6 2739//6
f 2736//6 2737//6 2741//6 2740//6
f 2737//6 2738//6 2742//6 2741//6
f 2743//6 2744//6 2748//6 2747//6
f 2744//6 2745//6 2749//6 2748//6
f 2745//6 2746//6 2750//6 2749//6
f 2747//6 2748//6 2752//6 2751//6
f 2748//6 2749//6 2753//6 2752//6
f 2749//6 2750//6 2754//6 2753//6
f 2739//6 2740//6 2726//6 2722//6
f 2740//6 2741//6 2730//6 2726//6
f 2751//6 2752//6 2738//6 2734//6
f 2752//6 2753//6 2742//6 2738//6
f 2727//6 2728//6 2750//6 2746//6
f 2728//6 2729//6 2754//6 2750//6
f 2729//6 2730//6 2718//6 2754//6
f 2741//6 2742//6 2718//6 2730//6
f 2753//6 2754//6 2718//6 2742//6
f 5//6 567//6 2719//6 357//6
f 567//6 568//6 2720//6 2719//6
f 568//6 569//6 2721//6 2720//6
f 569//6 570//6 2722//6 2721//6
f 357//6 2719//6 2723//6 358//6
f 358//6 2723//6 2727//6 359//6
f 359//6 2727//6 2746//6 360//6
f 25//6 489//6 2731//6 573//6
f 489//6 488//6 2732//6 2731//6
f 488//6 487//6 2733//6 2732//6
f 487//6 486//6 2734//6 2733//6
f 573//6 2731//6 2735//6 572//6
f 572//6 2735//6 2739//6 571//6
f 571//6 2739//6 2722//6 570//6
f 12//6 363//6 2743//6 483//6
f 363//6 362//6 2744//6 2743//6
f 362//6 361//6 2745//6 2744//6
f 361//6 360//6 2746//6 2745//6
f 483//6 2743//6 2747//6 484//6
f 484//6 2747//6 2751//6 485//6
f 485//6 2751//6 2734//6 486//6
f 2756//6 2757//6 2761//6 2760//6
f 2757//6 2758//6 2762//6 2761//6
f 2758//6 2759//6 2763//6 2762//6
f 2760//6 2761//6 2765//6 2764//6
f 2761//6 2762//6 2766//6 2765//6
f 2762//6 2763//6 2767//6 2766//6
f 2768//6 2769//6 2773//6 2772//6
f 2769//6 2770//6 2774//6 2773//6
f 2770//6 2771//6 2775//6 2774//6
f 2772//6 2773//6 2777//6 2776//6
f 2773//6 2774//6 2778//6 2777//6
f 2774//6 2775//6 2779//6 2778//6
f 2780//6 2781//6 2785//6 2784//6
f 2781//6 2782//6 2786//6 2785//6
f 2782//6 2783//6 2787//6 2786//6
f 2784//6 2785//6 2789//6 2788//6
f 2785//6 2786//6 2790//6 2789//6
f 2786//6 2787//6 2791//6 2790//6
f 2776//6 2777//6 2763//6 2759//6
f 2777//6 2778//6 2767//6 2763//6
f 2788//6 2789//6 2775//6 2771//6
f 2789//6 2790//6 2779//6 2775//6
f 2764//6 2765//6 2787//6 2783//6
f 2765//6 2766//6 2791//6 2787//6
f 2766//6 2767//6 2755//6 2791//6
f 2778//6 2779//6 2755//6 2767//6
f 2790//6 2791//6 2755//6 2779//6
f 5//6 357//6 2756//6 574//6
f 357//6 358//6 2757//6 2756//6
f 358//6 359//6 2758//6 2757//6
f 359//6 360//6 2759//6 2758//6
f 574//6 2756//6 2760//6 575//6
f 575//6 2760//6 2764//6 576//6
f 576//6 2764//6 2783//6 577//6
f 12//6 546//6 2768//6 363//6
f 546//6 547//6 2769//6 2768//6
f 547//6 548//6 2770//6 2769//6
f 548//6 549//6 2771//6 2770//6
f 363//6 2768//6 2772//6 362//6
f 362//6 2772//6 2776//6 361//6
f 361//6 2776//6 2759//6 360//6
f 27//6 580//6 2780//6 552//6
f 580//6 579//6 2781//6 2780//6
f 579//6 578//6 2782//6 2781//6
f 578//6 577//6 2783//6 2782//6
f 552//6 2780//6 2784//6 551//6
f 551//6 2784//6 2788//6 550//6
f 550//6 2788//6 2771//6 549//6
f 2793//6 2794//6 2798//6 2797//6
f 2794//6 2795//6 2799//6 2798//6
f 2795//6 2796//6 2800//6 2799//6
f 2797//6 2798//6 2802//6 2801//6
f 2798//6 2799//6 2803//6 2802//6
f 2799//6 2800//6 2804//6 2803//6
f 2805//6 2806//6 2810//6 2809//6
f 2806//6 2807//6 2811//6 2810//6
f 2807//6 2808//6 2812//6 2811//6
f 2809//6 2810//6 2814//6 2813//6
f 2810//6 2811//6 2815//6 2814//6
f 2811//6 2812//6 2816//6 2815//6
f 2817//6 2818//6 2822//6 2821//6
f 2818//6 2819//6 2823//6 2822//6
f 2819//6 2820//6 2824//6 2823//6
f 2821//6 2822//6 2826//6 2825//6
f 2822//6 2823//6 2827//6 2826//6
f 2823//6 2824//6 2828//6 2827//6
f 2813//6 2814//6 2800//6 2796//6
f 2814//6 2815//6 2804//6 2800//6
f 2825//6 2826//6 2812//6 2808//6
f 2826//6 2827//6 2816//6 2812//6
f 2801//6 2802//6 2824//6 2820//6
f 2802//6 2803//6 2828//6 2824//6
f 2803//6 2804//6 2792//6 2828//6
f 2815//6 2816//6 2792//6 2804//6
f 2827//6 2828//6 2792//6 2816//6
f 8//6 146//6 2793//6 560//6
f 146//6 145//6 2794//6 2793//6
f 145//6 144//6 2795//6 2794//6
f 144//6 143//6 2796//6 2795//6
f 560//6 2793//6 2797//6 561//6
f 561//6 2797//6 2801//6 562//6
f 562//6 2801//6 2820//6 563//6
f 7//6 581//6 2805//6 140//6
f 581//6 582//6 2806//6 2805//6
f 582//6 583//6 2807//6 2806//6
f 583//6 584//6 2808//6 2807//6
f 140//6 2805//6 2809//6 141//6
f 141//6 2809//6 2813//6 142//6
f 142//6 2813//6 2796//6 143//6
f 25//6 566//6 2817//6 587//6
f 566//6 565//6 2818//6 2817//6
f 565//6 564//6 2819//6 2818//6
f 564//6 563//6 2820//6 2819//6
f 587//6 2817//6 2821//6 586//6
f 586//6 2821//6 2825//6 585//6
f 585//6 2825//6 2808//6 584//6
f 2830//6 2831//6 2835//6 2834//6
f 2831//6 2832//6 2836//6 2835//6
f 2832//6 2833//6 2837//6 2836//6
f 2834//6 2835//6 2839//6 2838//6
f 2835//6 2836//6 2840//6 2839//6
f 2836//6 2837//6 2841//6 2840//6
f 2842//6 2843//6 2847//6 2846//6
f 2843//6 2844//6 2848//6 2847//6
f 2844//6 2845//6 2849//6 2848//6
f 2846//6 2847//6 2851//6 2850//6
f 2847//6 2848//6 2852//6 2851//6
f 2848//6 2849//6 2853//6 2852//6
f 2854//6 2855//6 2859//6 2858//6
f 2855//6 2856//6 2860//6 2859//6
f 2856//6 2857//6 2861//6 2860//6
f 2858//6 2859//6 2863//6 2862//6
f 2859//6 2860//6 2864//6 2863//6
f 2860//6 2861//6 2865//6 2864//6
f 2850//6 2851//6 2837//6 2833//6
f 2851//6 2852//6 2841//6 2837//6
f 2862//6 2863//6 2849//6 2845//6
f 2863//6 2864//6 2853//6 2849//6
f 2838//6 2839//6 2861//6 2857//6
f 2839//6 2840//6 2865//6 2861//6
f 2840//6 2841//6 2829//6 2865//6
f 2852//6 2853//6 2829//6 2841//6
f 2864//6 2865//6 2829//6 2853//6
f 25//6 587//6 2830//6 504//6
f 587//6 586//6 2831//6 2830//6
f 586//6 585//6 2832//6 2831//6
f 585//6 584//6 2833//6 2832//6
f 504//6 2830//6 2834//6 505//6
f 505//6 2834//6 2838//6 506//6
f 506//6 2838//6 2857//6 507//6
f 7//6 588//6 2842//6 581//6
f 588//6 589//6 2843//6 2842//6
f 589//6 590//6 2844//6 2843//6
f 590//6 591//6 2845//6 2844//6
f 581//6 2842//6 2846//6 582//6
f 582//6 2846//6 2850//6 583//6
f 583//6 2850//6 2833//6 584//6
f 26//6 510//6 2854//6 594//6
f 510//6 509//6 2855//6 2854//6
f 509//6 508//6 2856//6 2855//6
f 508//6 507//6 2857//6 2856//6
f 594//6 2854//6 2858//6 593//6
f 593//6 2858//6 2862//6 592//6
f 592//6 2862//6 2845//6 591//6
f 2867//6 2868//6 2872//6 2871//6
f 2868//6 2869//6 2873//6 2872//6
f 2869//6 2870//6 2874//6 2873//6
f 2871//6 2872//6 2876//6 2875//6
f 2872//6 2873//6 2877//6 2876//6
f 2873//6 2874//6 2878//6 2877//6
f 2879//6 2880//6 2884//6 2883//6
f 2880//6 2881//6 2885//6 2884//6
f 2881//6 2882//6 2886//6 2885//6
f 2883//6 2884//6 2888//6 2887//6
f 2884//6 2885//6 2889//6 2888//6
f 2885//6 2886//6 2890//6 2889//6
f 2891//6 2892//6 2896//6 2895//6
f 2892//6 2893//6 2897//6 2896//6
f 2893//6 2894//6 2898//6 2897//6
f 2895//6 2896//6 2900//6 2899//6
f 2896//6 2897//6 2901//6 2900//6
f 2897//6 2898//6 2902//6 2901//6
f 2887//6 2888//6 2874//6 2870//6
f 2888//6 2889//6 2878//6 2874//6
f 2899//6 2900//6 2886//6 2882//6
f 2900//6 2901//6 2890//6 2886//6
f 2875//6 2876//6 2898//6 2894//6
f 2876//6 2877//6 2902//6 2898//6
f 2877//6 2878//6 2866//6 2902//6
f 2889//6 2890//6 2866//6 2878//6
f 2901//6 2902//6 2866//6 2890//6
f 26//6 594//6 2867//6 601//6
f 594//6 593//6 2868//6 2867//6
f 593//6 592//6 2869//6 2868//6
f 592//6 591//6 2870//6 2869//6
f 601//6 2867//6 2871//6 600//6
f 600//6 2871//6 2875//6 599//6
f 599//6 2875//6 2894//6 598//6
f 7//6 104//6 2879//6 588//6
f 104//6 103//6 2880//6 2879//6
f 103//6 102//6 2881//6 2880//6
f 102//6 101//6 2882//6 2881//6
f 588//6 2879//6 2883//6 589//6
f 589//6 2883//6 2887//6 590//6
f 590//6 2887//6 2870//6 591//6
f 6//6 595//6 2891//6 98//6
f 595//6 596//6 2892//6 2891//6
f 596//6 597//6 2893//6 2892//6
f 597//6 598//6 2894//6 2893//6
f 98//6 2891//6 2895//6 99//6
f 99//6 2895//6 2899//6 100//6
f 100//6 2899//6 2882//6 101//6
f 2904//6 2905//6 2909//6 2908//6
f 2905//6 2906//6 2910//6 2909//6
f 2906//6 2907//6 2911//6 2910//6
f 2908//6 2909//6 2913//6 2912//6
f 2909//6 2910//6 2914//6 2913//6
f 2910//6 2911//6 2915//6 2914//6
f 2916//6 2917//6 2921//6 2920//6
f 2917//6 2918//6 2922//6 2921//6
f 2918//6 2919//6 2923//6 2922//6
f 2920//6 2921//6 2925//6 2924//6
f 2921//6 2922//6 2926//6 2925//6
f 2922//6 2923//6 2927//6 2926//6
f 2928//6 2929//6 2933//6 2932//6
f 2929//6 2930//6 2934//6 2933//6
f 2930//6 2931//6 2935//6 2934//6
f 2932//6 2933//6 2937//6 2936//6
f 2933//6 2934//6 2938//6 2937//6
f 2934//6 2935//6 2939//6 2938//6
f 2924//6 2925//6 2911//6 2907//6
f 2925//6 2926//6 2915//6 2911//6
f 2936//6 2937//6 2923//6 2919//6
f 2937//6 2938//6 2927//6 2923//6
f 2912//6 2913//6 2935//6 2931//6
f 2913//6 2914//6 2939//6 2935//6
f 2914//6 2915//6 2903//6 2939//6
f 2926//6 2927//6 2903//6 2915//6
f 2938//6 2939//6 2903//6 2927//6
f 26//6 601//6 2904//6 525//6
f 601//6 600//6 2905//6 2904//6
f 600//6 599//6 2906//6 2905//6
f 599//6 598//6 2907//6 2906//6
f 525//6 2904//6 2908//6 526//6
f 526//6 2908//6 2912//6 527//6
f 527//6 2912//6 2931//6 528//6
f 6//6 602//6 2916//6 595//6
f 602//6 603//6 2917//6 2916//6
f 603//6 604//6 2918//6 2917//6
f 604//6 605//6 2919//6 2918//6
f 595//6 2916//6 2920//6 596//6
f 596//6 2920//6 2924//6 597//6
f 597//6 2924//6 2907//6 598//6
f 27//6 531//6 2928//6 608//6
f 531//6 530//6 2929//6 2928//6
f 530//6 529//6 2930//6 2929//6
f 529//6 528//6 2931//6 2930//6
f 608//6 2928//6 2932//6 607//6
f 607//6 2932//6 2936//6 606//6
f 606//6 2936//6 2919//6 605//6
f 2941//6 2942//6 2946//6 2945//6
f 2942//6 2943//6 2947//6 2946//6
f 2943//6 2944//6 2948//6 2947//6
f 2945//6 2946//6 2950//6 2949//6
f 2946//6 2947//6 2951//6 2950//6
f 2947//6 2948//6 2952//6 2951//6
f 2953//6 2954//6 2958//6 2957//6
f 2954//6 2955//6 2959//6 2958//6
f 2955//6 2956//6 2960//6 2959//6
f 2957//6 2958//6 2962//6 2961//6
f 2958//6 2959//6 2963//6 2962//6
f 2959//6 2960//6 2964//6 2963//6
f 2965//6 2966//6 2970//6 2969//6
f 2966//6 2967//6 2971//6 2970//6
f 2967//6 2968//6 2972//6 2971//6
f 2969//6 2970//6 2974//6 2973//6
f 2970//6 2971//6 2975//6 2974//6
f 2971//6 2972//6 2976//6 2975//6
f 2961//6 2962//6 2948//6 2944//6
f 2962//6 2963//6 2952//6 2948//6
f 2973//6 2974//6 2960//6 2956//6
f 2974//6 2975//6 2964//6 2960//6
f 2949//6 2950//6 2972//6 2968//6
f 2950//6 2951//6 2976//6 2972//6
f 2951//6 2952//6 2940//6 2976//6
f 2963//6 2964//6 2940//6 2952//6
f 2975//6 2976//6 2940//6 2964//6
f 27//6 608//6 2941//6 580//6
f 608//6 607//6 2942//6 2941//6
f 607//6 606//6 2943//6 2942//6
f 606//6 605//6 2944//6 2943//6
f 580//6 2941//6 2945//6 579//6
f 579//6 2945//6 2949//6 578//6
f 578//6 2949//6 2968//6 577//6
f 6//6 83//6 2953//6 602//6
f 83//6 82//6 2954//6 2953//6
f 82//6 81//6 2955//6 2954//6
f 81//6 80//6 2956//6 2955//6
f 602//6 2953//6 2957//6 603//6
f 603//6 2957//6 2961//6 604//6
f 604//6 2961//6 2944//6 605//6
f 5//6 574//6 2965//6 77//6
f 574//6 575//6 2966//6 2965//6
f 575//6 576//6 2967//6 2966//6
f 576//6 577//6 2968//6 2967//6
f 77//6 2965//6 2969//6 78//6
f 78//6 2969//6 2973//6 79//6
f 79//6 2973//6 2956//6 80//6
