# Blender 5.1.2
# www.blender.org
mtllib BaselineArrow.mtl
o arrow_fiducial
v 0.005000 0.050000 -0.037500
v 0.005000 0.050000 0.037500
v 0.005000 -0.050000 -0.037500
v 0.005000 -0.050000 0.037500
v -0.005000 0.050000 -0.037500
v -0.005000 0.050000 0.037500
v -0.005000 -0.050000 -0.037500
v -0.005000 -0.050000 0.037500
v 0.005000 -0.038889 -0.037500
v 0.005000 -0.027778 -0.037500
v 0.005000 -0.016667 -0.037500
v 0.005000 -0.005556 -0.037500
v 0.005000 0.005556 -0.037500
v 0.005000 0.016667 -0.037500
v 0.005000 0.027778 -0.037500
v 0.005000 0.038889 -0.037500
v 0.005000 0.050000 -0.029167
v 0.005000 0.050000 -0.020833
v 0.005000 0.050000 -0.012500
v 0.005000 0.050000 -0.004167
v 0.005000 0.050000 0.004167
v 0.005000 0.050000 0.012500
v 0.005000 0.050000 0.020833
v 0.005000 0.050000 0.029167
v 0.005000 0.038889 0.037500
v 0.005000 0.027778 0.037500
v 0.005000 0.016667 0.037500
v 0.005000 0.005556 0.037500
v 0.005000 -0.005556 0.037500
v 0.005000 -0.016667 0.037500
v 0.005000 -0.027778 0.037500
v 0.005000 -0.038889 0.037500
v 0.005000 -0.050000 0.029167
v 0.005000 -0.050000 0.020833
v 0.005000 -0.050000 0.012500
v 0.005000 -0.050000 0.004167
v 0.005000 -0.050000 -0.004167
v 0.005000 -0.050000 -0.012500
v 0.005000 -0.050000 -0.020833
v 0.005000 -0.050000 -0.029167
v -0.003889 -0.050000 -0.037500
v -0.002778 -0.050000 -0.037500
v -0.001667 -0.050000 -0.037500
v -0.000556 -0.050000 -0.037500
v 0.000556 -0.050000 -0.037500
v 0.001667 -0.050000 -0.037500
v 0.002778 -0.050000 -0.037500
v 0.003889 -0.050000 -0.037500
v 0.003889 -0.050000 0.037500
v 0.002778 -0.050000 0.037500
v 0.001667 -0.050000 0.037500
v 0.000556 -0.050000 0.037500
v -0.000556 -0.050000 0.037500
v -0.001667 -0.050000 0.037500
v -0.002778 -0.050000 0.037500
v -0.003889 -0.050000 0.037500
v -0.005000 -0.050000 0.029167
v -0.005000 -0.050000 0.020833
v -0.005000 -0.050000 0.012500
v -0.005000 -0.050000 0.004167
v -0.005000 -0.050000 -0.004167
v -0.005000 -0.050000 -0.012500
v -0.005000 -0.050000 -0.020833
v -0.005000 -0.050000 -0.029167
v -0.005000 0.038889 -0.037500
v -0.005000 0.027778 -0.037500
v -0.005000 0.016667 -0.037500
v -0.005000 0.005556 -0.037500
v -0.005000 -0.005556 -0.037500
v -0.005000 -0.016667 -0.037500
v -0.005000 -0.027778 -0.037500
v -0.005000 -0.038889 -0.037500
v -0.005000 -0.038889 0.037500
v -0.005000 -0.027778 0.037500
v -0.005000 -0.016667 0.037500
v -0.005000 -0.005556 0.037500
v -0.005000 0.005556 0.037500
v -0.005000 0.016667 0.037500
v -0.005000 0.027778 0.037500
v -0.005000 0.038889 0.037500
v -0.005000 0.050000 0.029167
v -0.005000 0.050000 0.020833
v -0.005000 0.050000 0.012500
v -0.005000 0.050000 0.004167
v -0.005000 0.050000 -0.004167
v -0.005000 0.050000 -0.012500
v -0.005000 0.050000 -0.020833
v -0.005000 0.050000 -0.029167
v 0.003889 0.050000 -0.037500
v 0.002778 0.050000 -0.037500
v 0.001667 0.050000 -0.037500
v 0.000556 0.050000 -0.037500
v -0.000556 0.050000 -0.037500
v -0.001667 0.050000 -0.037500
v -0.002778 0.050000 -0.037500
v -0.003889 0.050000 -0.037500
v -0.003889 0.050000 0.037500
v -0.002778 0.050000 0.037500
v -0.001667 0.050000 0.037500
v -0.000556 0.050000 0.037500
v 0.000556 0.050000 0.037500
v 0.001667 0.050000 0.037500
v 0.002778 0.050000 0.037500
v 0.003889 0.050000 0.037500
v -0.003889 -0.038889 0.037500
v -0.003889 -0.027778 0.037500
v -0.003889 -0.016667 0.037500
v -0.003889 -0.005556 0.037500
v -0.003889 0.005556 0.037500
v -0.003889 0.016667 0.037500
v -0.003889 0.027778 0.037500
v -0.003889 0.038889 0.037500
v -0.002778 -0.038889 0.037500
v -0.002778 -0.027778 0.037500
v -0.002778 -0.016667 0.037500
v -0.002778 -0.005556 0.037500
v -0.002778 0.005556 0.037500
v -0.002778 0.016667 0.037500
v -0.002778 0.027778 0.037500
v -0.002778 0.038889 0.037500
v -0.001667 -0.038889 0.037500
v -0.001667 -0.027778 0.037500
v -0.001667 -0.016667 0.037500
v -0.001667 -0.005556 0.037500
v -0.001667 0.005556 0.037500
v -0.001667 0.016667 0.037500
v -0.001667 0.027778 0.037500
v -0.001667 0.038889 0.037500
v -0.000556 -0.038889 0.037500
v -0.000556 -0.027778 0.037500
v -0.000556 -0.016667 0.037500
v -0.000556 -0.005556 0.037500
v -0.000556 0.005556 0.037500
v -0.000556 0.016667 0.037500
v -0.000556 0.027778 0.037500
v -0.000556 0.038889 0.037500
v 0.000556 -0.038889 0.037500
v 0.000556 -0.027778 0.037500
v 0.000556 -0.016667 0.037500
v 0.000556 -0.005556 0.037500
v 0.000556 0.005556 0.037500
v 0.000556 0.016667 0.037500
v 0.000556 0.027778 0.037500
v 0.000556 0.038889 0.037500
v 0.001667 -0.038889 0.037500
v 0.001667 -0.027778 0.037500
v 0.001667 -0.016667 0.037500
v 0.001667 -0.005556 0.037500
v 0.001667 0.005556 0.037500
v 0.001667 0.016667 0.037500
v 0.001667 0.027778 0.037500
v 0.001667 0.038889 0.037500
v 0.002778 -0.038889 0.037500
v 0.002778 -0.027778 0.037500
v 0.002778 -0.016667 0.037500
v 0.002778 -0.005556 0.037500
v 0.002778 0.005556 0.037500
v 0.002778 0.016667 0.037500
v 0.002778 0.027778 0.037500
v 0.002778 0.038889 0.037500
v 0.003889 -0.038889 0.037500
v 0.003889 -0.027778 0.037500
v 0.003889 -0.016667 0.037500
v 0.003889 -0.005556 0.037500
v 0.003889 0.005556 0.037500
v 0.003889 0.016667 0.037500
v 0.003889 0.027778 0.037500
v 0.003889 0.038889 0.037500
v 0.003889 -0.038889 -0.037500
v 0.003889 -0.027778 -0.037500
v 0.003889 -0.016667 -0.037500
v 0.003889 -0.005556 -0.037500
v 0.003889 0.005556 -0.037500
v 0.003889 0.016667 -0.037500
v 0.003889 0.027778 -0.037500
v 0.003889 0.038889 -0.037500
v 0.002778 -0.038889 -0.037500
v 0.002778 -0.027778 -0.037500
v 0.002778 -0.016667 -0.037500
v 0.002778 -0.005556 -0.037500
v 0.002778 0.005556 -0.037500
v 0.002778 0.016667 -0.037500
v 0.002778 0.027778 -0.037500
v 0.002778 0.038889 -0.037500
v 0.001667 -0.038889 -0.037500
v 0.001667 -0.027778 -0.037500
v 0.001667 -0.016667 -0.037500
v 0.001667 -0.005556 -0.037500
v 0.001667 0.005556 -0.037500
v 0.001667 0.016667 -0.037500
v 0.001667 0.027778 -0.037500
v 0.001667 0.038889 -0.037500
v 0.000556 -0.038889 -0.037500
v 0.000556 -0.027778 -0.037500
v 0.000556 -0.016667 -0.037500
v 0.000556 -0.005556 -0.037500
v 0.000556 0.005556 -0.037500
v 0.000556 0.016667 -0.037500
v 0.000556 0.027778 -0.037500
v 0.000556 0.038889 -0.037500
v -0.000556 -0.038889 -0.037500
v -0.000556 -0.027778 -0.037500
v -0.000556 -0.016667 -0.037500
v -0.000556 -0.005556 -0.037500
v -0.000556 0.005556 -0.037500
v -0.000556 0.016667 -0.037500
v -0.000556 0.027778 -0.037500
v -0.000556 0.038889 -0.037500
v -0.001667 -0.038889 -0.037500
v -0.001667 -0.027778 -0.037500
v -0.001667 -0.016667 -0.037500
v -0.001667 -0.005556 -0.037500
v -0.001667 0.005556 -0.037500
v -0.001667 0.016667 -0.037500
v -0.001667 0.027778 -0.037500
v -0.001667 0.038889 -0.037500
v -0.002778 -0.038889 -0.037500
v -0.002778 -0.027778 -0.037500
v -0.002778 -0.016667 -0.037500
v -0.002778 -0.005556 -0.037500
v -0.002778 0.005556 -0.037500
v -0.002778 0.016667 -0.037500
v -0.002778 0.027778 -0.037500
v -0.002778 0.038889 -0.037500
v -0.003889 -0.038889 -0.037500
v -0.003889 -0.027778 -0.037500
v -0.003889 -0.016667 -0.037500
v -0.003889 -0.005556 -0.037500
v -0.003889 0.005556 -0.037500
v -0.003889 0.016667 -0.037500
v -0.003889 0.027778 -0.037500
v -0.003889 0.038889 -0.037500
v -0.003889 0.050000 -0.029167
v -0.002778 0.050000 -0.029167
v -0.001667 0.050000 -0.029167
v -0.000556 0.050000 -0.029167
v 0.000556 0.050000 -0.029167
v 0.001667 0.050000 -0.029167
v 0.002778 0.050000 -0.029167
v 0.003889 0.050000 -0.029167
v -0.003889 0.050000 -0.020833
v -0.002778 0.050000 -0.020833
v -0.001667 0.050000 -0.020833
v -0.000556 0.050000 -0.020833
v 0.000556 0.050000 -0.020833
v 0.001667 0.050000 -0.020833
v 0.002778 0.050000 -0.020833
v 0.003889 0.050000 -0.020833
v -0.003889 0.050000 -0.012500
v -0.002778 0.050000 -0.012500
v -0.001667 0.050000 -0.012500
v -0.000556 0.050000 -0.012500
v 0.000556 0.050000 -0.012500
v 0.001667 0.050000 -0.012500
v 0.002778 0.050000 -0.012500
v 0.003889 0.050000 -0.012500
v -0.003889 0.050000 -0.004167
v -0.002778 0.050000 -0.004167
v -0.001667 0.050000 -0.004167
v -0.000556 0.050000 -0.004167
v 0.000556 0.050000 -0.004167
v 0.001667 0.050000 -0.004167
v 0.002778 0.050000 -0.004167
v 0.003889 0.050000 -0.004167
v -0.003889 0.050000 0.004167
v -0.002778 0.050000 0.004167
v -0.001667 0.050000 0.004167
v -0.000556 0.050000 0.004167
v 0.000556 0.050000 0.004167
v 0.001667 0.050000 0.004167
v 0.002778 0.050000 0.004167
v 0.003889 0.050000 0.004167
v -0.003889 0.050000 0.012500
v -0.002778 0.050000 0.012500
v -0.001667 0.050000 0.012500
v -0.000556 0.050000 0.012500
v 0.000556 0.050000 0.012500
v 0.001667 0.050000 0.012500
v 0.002778 0.050000 0.012500
v 0.003889 0.050000 0.012500
v -0.003889 0.050000 0.020833
v -0.002778 0.050000 0.020833
v -0.001667 0.050000 0.020833
v -0.000556 0.050000 0.020833
v 0.000556 0.050000 0.020833
v 0.001667 0.050000 0.020833
v 0.002778 0.050000 0.020833
v 0.003889 0.050000 0.020833
v -0.003889 0.050000 0.029167
v -0.002778 0.050000 0.029167
v -0.001667 0.050000 0.029167
v -0.000556 0.050000 0.029167
v 0.000556 0.050000 0.029167
v 0.001667 0.050000 0.029167
v 0.002778 0.050000 0.029167
v 0.003889 0.050000 0.029167
v -0.005000 -0.038889 -0.029167
v -0.005000 -0.027778 -0.029167
v -0.005000 -0.016667 -0.029167
v -0.005000 -0.005556 -0.029167
v -0.005000 0.005556 -0.029167
v -0.005000 0.016667 -0.029167
v -0.005000 0.027778 -0.029167
v -0.005000 0.038889 -0.029167
v -0.005000 -0.038889 -0.020833
v -0.005000 -0.027778 -0.020833
v -0.005000 -0.016667 -0.020833
v -0.005000 -0.005556 -0.020833
v -0.005000 0.005556 -0.020833
v -0.005000 0.016667 -0.020833
v -0.005000 0.027778 -0.020833
v -0.005000 0.038889 -0.020833
v -0.005000 -0.038889 -0.012500
v -0.005000 -0.027778 -0.012500
v -0.005000 -0.016667 -0.012500
v -0.005000 -0.005556 -0.012500
v -0.005000 0.005556 -0.012500
v -0.005000 0.016667 -0.012500
v -0.005000 0.027778 -0.012500
v -0.005000 0.038889 -0.012500
v -0.005000 -0.038889 -0.004167
v -0.005000 -0.027778 -0.004167
v -0.005000 -0.016667 -0.004167
v -0.005000 -0.005556 -0.004167
v -0.005000 0.005556 -0.004167
v -0.005000 0.016667 -0.004167
v -0.005000 0.027778 -0.004167
v -0.005000 0.038889 -0.004167
v -0.005000 -0.038889 0.004167
v -0.005000 -0.027778 0.004167
v -0.005000 -0.016667 0.004167
v -0.005000 -0.005556 0.004167
v -0.005000 0.005556 0.004167
v -0.005000 0.016667 0.004167
v -0.005000 0.027778 0.004167
v -0.005000 0.038889 0.004167
v -0.005000 -0.038889 0.012500
v -0.005000 -0.027778 0.012500
v -0.005000 -0.016667 0.012500
v -0.005000 -0.005556 0.012500
v -0.005000 0.005556 0.012500
v -0.005000 0.016667 0.012500
v -0.005000 0.027778 0.012500
v -0.005000 0.038889 0.012500
v -0.005000 -0.038889 0.020833
v -0.005000 -0.027778 0.020833
v -0.005000 -0.016667 0.020833
v -0.005000 -0.005556 0.020833
v -0.005000 0.005556 0.020833
v -0.005000 0.016667 0.020833
v -0.005000 0.027778 0.020833
v -0.005000 0.038889 0.020833
v -0.005000 -0.038889 0.029167
v -0.005000 -0.027778 0.029167
v -0.005000 -0.016667 0.029167
v -0.005000 -0.005556 0.029167
v -0.005000 0.005556 0.029167
v -0.005000 0.016667 0.029167
v -0.005000 0.027778 0.029167
v -0.005000 0.038889 0.029167
v 0.003889 -0.050000 -0.029167
v 0.002778 -0.050000 -0.029167
v 0.001667 -0.050000 -0.029167
v 0.000556 -0.050000 -0.029167
v -0.000556 -0.050000 -0.029167
v -0.001667 -0.050000 -0.029167
v -0.002778 -0.050000 -0.029167
v -0.003889 -0.050000 -0.029167
v 0.003889 -0.050000 -0.020833
v 0.002778 -0.050000 -0.020833
v 0.001667 -0.050000 -0.020833
v 0.000556 -0.050000 -0.020833
v -0.000556 -0.050000 -0.020833
v -0.001667 -0.050000 -0.020833
v -0.002778 -0.050000 -0.020833
v -0.003889 -0.050000 -0.020833
v 0.003889 -0.050000 -0.012500
v 0.002778 -0.050000 -0.012500
v 0.001667 -0.050000 -0.012500
v 0.000556 -0.050000 -0.012500
v -0.000556 -0.050000 -0.012500
v -0.001667 -0.050000 -0.012500
v -0.002778 -0.050000 -0.012500
v -0.003889 -0.050000 -0.012500
v 0.003889 -0.050000 -0.004167
v 0.002778 -0.050000 -0.004167
v 0.001667 -0.050000 -0.004167
v 0.000556 -0.050000 -0.004167
v -0.000556 -0.050000 -0.004167
v -0.001667 -0.050000 -0.004167
v -0.002778 -0.050000 -0.004167
v -0.003889 -0.050000 -0.004167
v 0.003889 -0.050000 0.004167
v 0.002778 -0.050000 0.004167
v 0.001667 -0.050000 0.004167
v 0.000556 -0.050000 0.004167
v -0.000556 -0.050000 0.004167
v -0.001667 -0.050000 0.004167
v -0.002778 -0.050000 0.004167
v -0.003889 -0.050000 0.004167
v 0.003889 -0.050000 0.012500
v 0.002778 -0.050000 0.012500
v 0.001667 -0.050000 0.012500
v 0.000556 -0.050000 0.012500
v -0.000556 -0.050000 0.012500
v -0.001667 -0.050000 0.012500
v -0.002778 -0.050000 0.012500
v -0.003889 -0.050000 0.012500
v 0.003889 -0.050000 0.020833
v 0.002778 -0.050000 0.020833
v 0.001667 -0.050000 0.020833
v 0.000556 -0.050000 0.020833
v -0.000556 -0.050000 0.020833
v -0.001667 -0.050000 0.020833
v -0.002778 -0.050000 0.020833
v -0.003889 -0.050000 0.020833
v 0.003889 -0.050000 0.029167
v 0.002778 -0.050000 0.029167
v 0.001667 -0.050000 0.029167
v 0.000556 -0.050000 0.029167
v -0.000556 -0.050000 0.029167
v -0.001667 -0.050000 0.029167
v -0.002778 -0.050000 0.029167
v -0.003889 -0.050000 0.029167
v 0.005000 0.038889 -0.029167
v 0.005000 0.027778 -0.029167
v 0.005000 0.016667 -0.029167
v 0.005000 0.005556 -0.029167
v 0.005000 -0.005556 -0.029167
v 0.005000 -0.016667 -0.029167
v 0.005000 -0.027778 -0.029167
v 0.005000 -0.038889 -0.029167
v 0.005000 0.038889 -0.020833
v 0.005000 0.027778 -0.020833
v 0.005000 0.016667 -0.020833
v 0.005000 0.005556 -0.020833
v 0.005000 -0.005556 -0.020833
v 0.005000 -0.016667 -0.020833
v 0.005000 -0.027778 -0.020833
v 0.005000 -0.038889 -0.020833
v 0.005000 0.038889 -0.012500
v 0.005000 0.027778 -0.012500
v 0.005000 0.016667 -0.012500
v 0.005000 0.005556 -0.012500
v 0.005000 -0.005556 -0.012500
v 0.005000 -0.016667 -0.012500
v 0.005000 -0.027778 -0.012500
v 0.005000 -0.038889 -0.012500
v 0.005000 0.038889 -0.004167
v 0.005000 0.027778 -0.004167
v 0.005000 0.016667 -0.004167
v 0.005000 0.005556 -0.004167
v 0.005000 -0.005556 -0.004167
v 0.005000 -0.016667 -0.004167
v 0.005000 -0.027778 -0.004167
v 0.005000 -0.038889 -0.004167
v 0.005000 0.038889 0.004167
v 0.005000 0.027778 0.004167
v 0.005000 0.016667 0.004167
v 0.005000 0.005556 0.004167
v 0.005000 -0.005556 0.004167
v 0.005000 -0.016667 0.004167
v 0.005000 -0.027778 0.004167
v 0.005000 -0.038889 0.004167
v 0.005000 0.038889 0.012500
v 0.005000 0.027778 0.012500
v 0.005000 0.016667 0.012500
v 0.005000 0.005556 0.012500
v 0.005000 -0.005556 0.012500
v 0.005000 -0.016667 0.012500
v 0.005000 -0.027778 0.012500
v 0.005000 -0.038889 0.012500
v 0.005000 0.038889 0.020833
v 0.005000 0.027778 0.020833
v 0.005000 0.016667 0.020833
v 0.005000 0.005556 0.020833
v 0.005000 -0.005556 0.020833
v 0.005000 -0.016667 0.020833
v 0.005000 -0.027778 0.020833
v 0.005000 -0.038889 0.020833
v 0.005000 0.038889 0.029167
v 0.005000 0.027778 0.029167
v 0.005000 0.016667 0.029167
v 0.005000 0.005556 0.029167
v 0.005000 -0.005556 0.029167
v 0.005000 -0.016667 0.029167
v 0.005000 -0.027778 0.029167
v 0.005000 -0.038889 0.029167
v 0.003536 0.046464 -0.037500
v 0.003536 0.046464 0.037500
v -0.031820 0.011109 -0.037500
v -0.031820 0.011109 0.037500
v -0.003536 0.053536 -0.037500
v -0.003536 0.053536 0.037500
v -0.038891 0.018180 -0.037500
v -0.038891 0.018180 0.037500
v -0.027891 0.015038 -0.037500
v -0.023963 0.018966 -0.037500
v -0.020035 0.022894 -0.037500
v -0.016106 0.026823 -0.037500
v -0.012178 0.030751 -0.037500
v -0.008250 0.034679 -0.037500
v -0.004321 0.038608 -0.037500
v -0.000393 0.042536 -0.037500
v 0.003536 0.046464 -0.029167
v 0.003536 0.046464 -0.020833
v 0.003536 0.046464 -0.012500
v 0.003536 0.046464 -0.004167
v 0.003536 0.046464 0.004167
v 0.003536 0.046464 0.012500
v 0.003536 0.046464 0.020833
v 0.003536 0.046464 0.029167
v -0.000393 0.042536 0.037500
v -0.004321 0.038608 0.037500
v -0.008250 0.034679 0.037500
v -0.012178 0.030751 0.037500
v -0.016106 0.026823 0.037500
v -0.020035 0.022894 0.037500
v -0.023963 0.018966 0.037500
v -0.027891 0.015038 0.037500
v -0.031820 0.011109 0.029167
v -0.031820 0.011109 0.020833
v -0.031820 0.011109 0.012500
v -0.031820 0.011109 0.004167
v -0.031820 0.011109 -0.004167
v -0.031820 0.011109 -0.012500
v -0.031820 0.011109 -0.020833
v -0.031820 0.011109 -0.029167
v -0.038105 0.017395 -0.037500
v -0.037320 0.016609 -0.037500
v -0.036534 0.015823 -0.037500
v -0.035748 0.015038 -0.037500
v -0.034963 0.014252 -0.037500
v -0.034177 0.013466 -0.037500
v -0.033391 0.012680 -0.037500
v -0.032605 0.011895 -0.037500
v -0.032605 0.011895 0.037500
v -0.033391 0.012680 0.037500
v -0.034177 0.013466 0.037500
v -0.034963 0.014252 0.037500
v -0.035748 0.015038 0.037500
v -0.036534 0.015823 0.037500
v -0.037320 0.016609 0.037500
v -0.038105 0.017395 0.037500
v -0.038891 0.018180 0.029167
v -0.038891 0.018180 0.020833
v -0.038891 0.018180 0.012500
v -0.038891 0.018180 0.004167
v -0.038891 0.018180 -0.004167
v -0.038891 0.018180 -0.012500
v -0.038891 0.018180 -0.020833
v -0.038891 0.018180 -0.029167
v -0.007464 0.049607 -0.037500
v -0.011392 0.045679 -0.037500
v -0.015321 0.041750 -0.037500
v -0.019249 0.037822 -0.037500
v -0.023177 0.033894 -0.037500
v -0.027106 0.029965 -0.037500
v -0.031034 0.026037 -0.037500
v -0.034962 0.022109 -0.037500
v -0.034962 0.022109 0.037500
v -0.031034 0.026037 0.037500
v -0.027106 0.029965 0.037500
v -0.023177 0.033894 0.037500
v -0.019249 0.037822 0.037500
v -0.015321 0.041750 0.037500
v -0.011392 0.045679 0.037500
v -0.007464 0.049607 0.037500
v -0.003536 0.053536 0.029167
v -0.003536 0.053536 0.020833
v -0.003536 0.053536 0.012500
v -0.003536 0.053536 0.004167
v -0.003536 0.053536 -0.004167
v -0.003536 0.053536 -0.012500
v -0.003536 0.053536 -0.020833
v -0.003536 0.053536 -0.029167
v 0.002750 0.047250 -0.037500
v 0.001964 0.048036 -0.037500
v 0.001179 0.048821 -0.037500
v 0.000393 0.049607 -0.037500
v -0.000393 0.050393 -0.037500
v -0.001179 0.051179 -0.037500
v -0.001964 0.051964 -0.037500
v -0.002750 0.052750 -0.037500
v -0.002750 0.052750 0.037500
v -0.001964 0.051964 0.037500
v -0.001179 0.051179 0.037500
v -0.000393 0.050393 0.037500
v 0.000393 0.049607 0.037500
v 0.001179 0.048821 0.037500
v 0.001964 0.048036 0.037500
v 0.002750 0.047250 0.037500
v -0.034177 0.021323 0.037500
v -0.030248 0.025251 0.037500
v -0.026320 0.029180 0.037500
v -0.022392 0.033108 0.037500
v -0.018463 0.037036 0.037500
v -0.014535 0.040965 0.037500
v -0.010607 0.044893 0.037500
v -0.006678 0.048821 0.037500
v -0.033391 0.020537 0.037500
v -0.029463 0.024466 0.037500
v -0.025534 0.028394 0.037500
v -0.021606 0.032322 0.037500
v -0.017678 0.036251 0.037500
v -0.013749 0.040179 0.037500
v -0.009821 0.044107 0.037500
v -0.005893 0.048036 0.037500
v -0.032605 0.019752 0.037500
v -0.028677 0.023680 0.037500
v -0.024749 0.027608 0.037500
v -0.020820 0.031537 0.037500
v -0.016892 0.035465 0.037500
v -0.012964 0.039393 0.037500
v -0.009035 0.043322 0.037500
v -0.005107 0.047250 0.037500
v -0.031820 0.018966 0.037500
v -0.027891 0.022894 0.037500
v -0.023963 0.026823 0.037500
v -0.020035 0.030751 0.037500
v -0.016106 0.034679 0.037500
v -0.012178 0.038608 0.037500
v -0.008250 0.042536 0.037500
v -0.004321 0.046464 0.037500
v -0.031034 0.018180 0.037500
v -0.027106 0.022109 0.037500
v -0.023177 0.026037 0.037500
v -0.019249 0.029965 0.037500
v -0.015321 0.033894 0.037500
v -0.011392 0.037822 0.037500
v -0.007464 0.041750 0.037500
v -0.003536 0.045679 0.037500
v -0.030248 0.017395 0.037500
v -0.026320 0.021323 0.037500
v -0.022392 0.025251 0.037500
v -0.018463 0.029180 0.037500
v -0.014535 0.033108 0.037500
v -0.010607 0.037036 0.037500
v -0.006678 0.040965 0.037500
v -0.002750 0.044893 0.037500
v -0.029463 0.016609 0.037500
v -0.025534 0.020537 0.037500
v -0.021606 0.024466 0.037500
v -0.017678 0.028394 0.037500
v -0.013749 0.032322 0.037500
v -0.009821 0.036251 0.037500
v -0.005893 0.040179 0.037500
v -0.001964 0.044107 0.037500
v -0.028677 0.015823 0.037500
v -0.024749 0.019752 0.037500
v -0.020820 0.023680 0.037500
v -0.016892 0.027608 0.037500
v -0.012964 0.031537 0.037500
v -0.009035 0.035465 0.037500
v -0.005107 0.039393 0.037500
v -0.001179 0.043322 0.037500
v -0.028677 0.015823 -0.037500
v -0.024749 0.019752 -0.037500
v -0.020820 0.023680 -0.037500
v -0.016892 0.027608 -0.037500
v -0.012964 0.031537 -0.037500
v -0.009035 0.035465 -0.037500
v -0.005107 0.039393 -0.037500
v -0.001179 0.043322 -0.037500
v -0.029463 0.016609 -0.037500
v -0.025534 0.020537 -0.037500
v -0.021606 0.024466 -0.037500
v -0.017678 0.028394 -0.037500
v -0.013749 0.032322 -0.037500
v -0.009821 0.036251 -0.037500
v -0.005893 0.040179 -0.037500
v -0.001964 0.044107 -0.037500
v -0.030248 0.017395 -0.037500
v -0.026320 0.021323 -0.037500
v -0.022392 0.025251 -0.037500
v -0.018463 0.029180 -0.037500
v -0.014535 0.033108 -0.037500
v -0.010607 0.037036 -0.037500
v -0.006678 0.040965 -0.037500
v -0.002750 0.044893 -0.037500
v -0.031034 0.018180 -0.037500
v -0.027106 0.022109 -0.037500
v -0.023177 0.026037 -0.037500
v -0.019249 0.029965 -0.037500
v -0.015321 0.033894 -0.037500
v -0.011392 0.037822 -0.037500
v -0.007464 0.041750 -0.037500
v -0.003536 0.045679 -0.037500
v -0.031820 0.018966 -0.037500
v -0.027891 0.022894 -0.037500
v -0.023963 0.026823 -0.037500
v -0.020035 0.030751 -0.037500
v -0.016106 0.034679 -0.037500
v -0.012178 0.038608 -0.037500
v -0.008250 0.042536 -0.037500
v -0.004321 0.046464 -0.037500
v -0.032605 0.019752 -0.037500
v -0.028677 0.023680 -0.037500
v -0.024749 0.027608 -0.037500
v -0.020820 0.031537 -0.037500
v -0.016892 0.035465 -0.037500
v -0.012964 0.039393 -0.037500
v -0.009035 0.043322 -0.037500
v -0.005107 0.047250 -0.037500
v -0.033391 0.020537 -0.037500
v -0.029463 0.024466 -0.037500
v -0.025534 0.028394 -0.037500
v -0.021606 0.032322 -0.037500
v -0.017678 0.036251 -0.037500
v -0.013749 0.040179 -0.037500
v -0.009821 0.044107 -0.037500
v -0.005893 0.048036 -0.037500
v -0.034177 0.021323 -0.037500
v -0.030248 0.025251 -0.037500
v -0.026320 0.029180 -0.037500
v -0.022392 0.033108 -0.037500
v -0.018463 0.037036 -0.037500
v -0.014535 0.040965 -0.037500
v -0.010607 0.044893 -0.037500
v -0.006678 0.048821 -0.037500
v -0.002750 0.052750 -0.029167
v -0.001964 0.051964 -0.029167
v -0.001179 0.051179 -0.029167
v -0.000393 0.050393 -0.029167
v 0.000393 0.049607 -0.029167
v 0.001179 0.048821 -0.029167
v 0.001964 0.048036 -0.029167
v 0.002750 0.047250 -0.029167
v -0.002750 0.052750 -0.020833
v -0.001964 0.051964 -0.020833
v -0.001179 0.051179 -0.020833
v -0.000393 0.050393 -0.020833
v 0.000393 0.049607 -0.020833
v 0.001179 0.048821 -0.020833
v 0.001964 0.048036 -0.020833
v 0.002750 0.047250 -0.020833
v -0.002750 0.052750 -0.012500
v -0.001964 0.051964 -0.012500
v -0.001179 0.051179 -0.012500
v -0.000393 0.050393 -0.012500
v 0.000393 0.049607 -0.012500
v 0.001179 0.048821 -0.012500
v 0.001964 0.048036 -0.012500
v 0.002750 0.047250 -0.012500
v -0.002750 0.052750 -0.004167
v -0.001964 0.051964 -0.004167
v -0.001179 0.051179 -0.004167
v -0.000393 0.050393 -0.004167
v 0.000393 0.049607 -0.004167
v 0.001179 0.048821 -0.004167
v 0.001964 0.048036 -0.004167
v 0.002750 0.047250 -0.004167
v -0.002750 0.052750 0.004167
v -0.001964 0.051964 0.004167
v -0.001179 0.051179 0.004167
v -0.000393 0.050393 0.004167
v 0.000393 0.049607 0.004167
v 0.001179 0.048821 0.004167
v 0.001964 0.048036 0.004167
v 0.002750 0.047250 0.004167
v -0.002750 0.052750 0.012500
v -0.001964 0.051964 0.012500
v -0.001179 0.051179 0.012500
v -0.000393 0.050393 0.012500
v 0.000393 0.049607 0.012500
v 0.001179 0.048821 0.012500
v 0.001964 0.048036 0.012500
v 0.002750 0.047250 0.012500
v -0.002750 0.052750 0.020833
v -0.001964 0.051964 0.020833
v -0.001179 0.051179 0.020833
v -0.000393 0.050393 0.020833
v 0.000393 0.049607 0.020833
v 0.001179 0.048821 0.020833
v 0.001964 0.048036 0.020833
v 0.002750 0.047250 0.020833
v -0.002750 0.052750 0.029167
v -0.001964 0.051964 0.029167
v -0.001179 0.051179 0.029167
v -0.000393 0.050393 0.029167
v 0.000393 0.049607 0.029167
v 0.001179 0.048821 0.029167
v 0.001964 0.048036 0.029167
v 0.002750 0.047250 0.029167
v -0.034962 0.022109 -0.029167
v -0.031034 0.026037 -0.029167
v -0.027106 0.029965 -0.029167
v -0.023177 0.033894 -0.029167
v -0.019249 0.037822 -0.029167
v -0.015321 0.041750 -0.029167
v -0.011392 0.045679 -0.029167
v -0.007464 0.049607 -0.029167
v -0.034962 0.022109 -0.020833
v -0.031034 0.026037 -0.020833
v -0.027106 0.029965 -0.020833
v -0.023177 0.033894 -0.020833
v -0.019249 0.037822 -0.020833
v -0.015321 0.041750 -0.020833
v -0.011392 0.045679 -0.020833
v -0.007464 0.049607 -0.020833
v -0.034962 0.022109 -0.012500
v -0.031034 0.026037 -0.012500
v -0.027106 0.029965 -0.012500
v -0.023177 0.033894 -0.012500
v -0.019249 0.037822 -0.012500
v -0.015321 0.041750 -0.012500
v -0.011392 0.045679 -0.012500
v -0.007464 0.049607 -0.012500
v -0.034962 0.022109 -0.004167
v -0.031034 0.026037 -0.004167
v -0.027106 0.029965 -0.004167
v -0.023177 0.033894 -0.004167
v -0.019249 0.037822 -0.004167
v -0.015321 0.041750 -0.004167
v -0.011392 0.045679 -0.004167
v -0.007464 0.049607 -0.004167
v -0.034962 0.022109 0.004167
v -0.031034 0.026037 0.004167
v -0.027106 0.029965 0.004167
v -0.023177 0.033894 0.004167
v -0.019249 0.037822 0.004167
v -0.015321 0.041750 0.004167
v -0.011392 0.045679 0.004167
v -0.007464 0.049607 0.004167
v -0.034962 0.022109 0.012500
v -0.031034 0.026037 0.012500
v -0.027106 0.029965 0.012500
v -0.023177 0.033894 0.012500
v -0.019249 0.037822 0.012500
v -0.015321 0.041750 0.012500
v -0.011392 0.045679 0.012500
v -0.007464 0.049607 0.012500
v -0.034962 0.022109 0.020833
v -0.031034 0.026037 0.020833
v -0.027106 0.029965 0.020833
v -0.023177 0.033894 0.020833
v -0.019249 0.037822 0.020833
v -0.015321 0.041750 0.020833
v -0.011392 0.045679 0.020833
v -0.007464 0.049607 0.020833
v -0.034962 0.022109 0.029167
v -0.031034 0.026037 0.029167
v -0.027106 0.029965 0.029167
v -0.023177 0.033894 0.029167
v -0.019249 0.037822 0.029167
v -0.015321 0.041750 0.029167
v -0.011392 0.045679 0.029167
v -0.007464 0.049607 0.029167
v -0.032605 0.011895 -0.029167
v -0.033391 0.012680 -0.029167
v -0.034177 0.013466 -0.029167
v -0.034963 0.014252 -0.029167
v -0.035748 0.015038 -0.029167
v -0.036534 0.015823 -0.029167
v -0.037320 0.016609 -0.029167
v -0.038105 0.017395 -0.029167
v -0.032605 0.011895 -0.020833
v -0.033391 0.012680 -0.020833
v -0.034177 0.013466 -0.020833
v -0.034963 0.014252 -0.020833
v -0.035748 0.015038 -0.020833
v -0.036534 0.015823 -0.020833
v -0.037320 0.016609 -0.020833
v -0.038105 0.017395 -0.020833
v -0.032605 0.011895 -0.012500
v -0.033391 0.012680 -0.012500
v -0.034177 0.013466 -0.012500
v -0.034963 0.014252 -0.012500
v -0.035748 0.015038 -0.012500
v -0.036534 0.015823 -0.012500
v -0.037320 0.016609 -0.012500
v -0.038105 0.017395 -0.012500
v -0.032605 0.011895 -0.004167
v -0.033391 0.012680 -0.004167
v -0.034177 0.013466 -0.004167
v -0.034963 0.014252 -0.004167
v -0.035748 0.015038 -0.004167
v -0.036534 0.015823 -0.004167
v -0.037320 0.016609 -0.004167
v -0.038105 0.017395 -0.004167
v -0.032605 0.011895 0.004167
v -0.033391 0.012680 0.004167
v -0.034177 0.013466 0.004167
v -0.034963 0.014252 0.004167
v -0.035748 0.015038 0.004167
v -0.036534 0.015823 0.004167
v -0.037320 0.016609 0.004167
v -0.038105 0.017395 0.004167
v -0.032605 0.011895 0.012500
v -0.033391 0.012680 0.012500
v -0.034177 0.013466 0.012500
v -0.034963 0.014252 0.012500
v -0.035748 0.015038 0.012500
v -0.036534 0.015823 0.012500
v -0.037320 0.016609 0.012500
v -0.038105 0.017395 0.012500
v -0.032605 0.011895 0.020833
v -0.033391 0.012680 0.020833
v -0.034177 0.013466 0.020833
v -0.034963 0.014252 0.020833
v -0.035748 0.015038 0.020833
v -0.036534 0.015823 0.020833
v -0.037320 0.016609 0.020833
v -0.038105 0.017395 0.020833
v -0.032605 0.011895 0.029167
v -0.033391 0.012680 0.029167
v -0.034177 0.013466 0.029167
v -0.034963 0.014252 0.029167
v -0.035748 0.015038 0.029167
v -0.036534 0.015823 0.029167
v -0.037320 0.016609 0.029167
v -0.038105 0.017395 0.029167
v -0.000393 0.042536 -0.029167
v -0.004321 0.038608 -0.029167
v -0.008250 0.034679 -0.029167
v -0.012178 0.030751 -0.029167
v -0.016106 0.026823 -0.029167
v -0.020035 0.022894 -0.029167
v -0.023963 0.018966 -0.029167
v -0.027891 0.015038 -0.029167
v -0.000393 0.042536 -0.020833
v -0.004321 0.038608 -0.020833
v -0.008250 0.034679 -0.020833
v -0.012178 0.030751 -0.020833
v -0.016106 0.026823 -0.020833
v -0.020035 0.022894 -0.020833
v -0.023963 0.018966 -0.020833
v -0.027891 0.015038 -0.020833
v -0.000393 0.042536 -0.012500
v -0.004321 0.038608 -0.012500
v -0.008250 0.034679 -0.012500
v -0.012178 0.030751 -0.012500
v -0.016106 0.026823 -0.012500
v -0.020035 0.022894 -0.012500
v -0.023963 0.018966 -0.012500
v -0.027891 0.015038 -0.012500
v -0.000393 0.042536 -0.004167
v -0.004321 0.038608 -0.004167
v -0.008250 0.034679 -0.004167
v -0.012178 0.030751 -0.004167
v -0.016106 0.026823 -0.004167
v -0.020035 0.022894 -0.004167
v -0.023963 0.018966 -0.004167
v -0.027891 0.015038 -0.004167
v -0.000393 0.042536 0.004167
v -0.004321 0.038608 0.004167
v -0.008250 0.034679 0.004167
v -0.012178 0.030751 0.004167
v -0.016106 0.026823 0.004167
v -0.020035 0.022894 0.004167
v -0.023963 0.018966 0.004167
v -0.027891 0.015038 0.004167
v -0.000393 0.042536 0.012500
v -0.004321 0.038608 0.012500
v -0.008250 0.034679 0.012500
v -0.012178 0.030751 0.012500
v -0.016106 0.026823 0.012500
v -0.020035 0.022894 0.012500
v -0.023963 0.018966 0.012500
v -0.027891 0.015038 0.012500
v -0.000393 0.042536 0.020833
v -0.004321 0.038608 0.020833
v -0.008250 0.034679 0.020833
v -0.012178 0.030751 0.020833
v -0.016106 0.026823 0.020833
v -0.020035 0.022894 0.020833
v -0.023963 0.018966 0.020833
v -0.027891 0.015038 0.020833
v -0.000393 0.042536 0.029167
v -0.004321 0.038608 0.029167
v -0.008250 0.034679 0.029167
v -0.012178 0.030751 0.029167
v -0.016106 0.026823 0.029167
v -0.020035 0.022894 0.029167
v -0.023963 0.018966 0.029167
v -0.027891 0.015038 0.029167
v 0.040801 0.020670 -0.037500
v 0.040801 0.020670 0.037500
v -0.002500 0.045670 -0.037500
v -0.002500 0.045670 0.037500
v 0.045801 0.029330 -0.037500
v 0.045801 0.029330 0.037500
v 0.002500 0.054330 -0.037500
v 0.002500 0.054330 0.037500
v 0.002311 0.042892 -0.037500
v 0.007123 0.040114 -0.037500
v 0.011934 0.037337 -0.037500
v 0.016745 0.034559 -0.037500
v 0.021556 0.031781 -0.037500
v 0.026368 0.029003 -0.037500
v 0.031179 0.026225 -0.037500
v 0.035990 0.023448 -0.037500
v 0.040801 0.020670 -0.029167
v 0.040801 0.020670 -0.020833
v 0.040801 0.020670 -0.012500
v 0.040801 0.020670 -0.004167
v 0.040801 0.020670 0.004167
v 0.040801 0.020670 0.012500
v 0.040801 0.020670 0.020833
v 0.040801 0.020670 0.029167
v 0.035990 0.023448 0.037500
v 0.031179 0.026225 0.037500
v 0.026368 0.029003 0.037500
v 0.021556 0.031781 0.037500
v 0.016745 0.034559 0.037500
v 0.011934 0.037337 0.037500
v 0.007123 0.040114 0.037500
v 0.002311 0.042892 0.037500
v -0.002500 0.045670 0.029167
v -0.002500 0.045670 0.020833
v -0.002500 0.045670 0.012500
v -0.002500 0.045670 0.004167
v -0.002500 0.045670 -0.004167
v -0.002500 0.045670 -0.012500
v -0.002500 0.045670 -0.020833
v -0.002500 0.045670 -0.029167
v 0.001944 0.053368 -0.037500
v 0.001389 0.052406 -0.037500
v 0.000833 0.051443 -0.037500
v 0.000278 0.050481 -0.037500
v -0.000278 0.049519 -0.037500
v -0.000833 0.048557 -0.037500
v -0.001389 0.047594 -0.037500
v -0.001944 0.046632 -0.037500
v -0.001944 0.046632 0.037500
v -0.001389 0.047594 0.037500
v -0.000833 0.048557 0.037500
v -0.000278 0.049519 0.037500
v 0.000278 0.050481 0.037500
v 0.000833 0.051443 0.037500
v 0.001389 0.052406 0.037500
v 0.001944 0.053368 0.037500
v 0.002500 0.054330 0.029167
v 0.002500 0.054330 0.020833
v 0.002500 0.054330 0.012500
v 0.002500 0.054330 0.004167
v 0.002500 0.054330 -0.004167
v 0.002500 0.054330 -0.012500
v 0.002500 0.054330 -0.020833
v 0.002500 0.054330 -0.029167
v 0.040990 0.032108 -0.037500
v 0.036179 0.034886 -0.037500
v 0.031368 0.037663 -0.037500
v 0.026556 0.040441 -0.037500
v 0.021745 0.043219 -0.037500
v 0.016934 0.045997 -0.037500
v 0.012123 0.048775 -0.037500
v 0.007311 0.051552 -0.037500
v 0.007311 0.051552 0.037500
v 0.012123 0.048775 0.037500
v 0.016934 0.045997 0.037500
v 0.021745 0.043219 0.037500
v 0.026556 0.040441 0.037500
v 0.031368 0.037663 0.037500
v 0.036179 0.034886 0.037500
v 0.040990 0.032108 0.037500
v 0.045801 0.029330 0.029167
v 0.045801 0.029330 0.020833
v 0.045801 0.029330 0.012500
v 0.045801 0.029330 0.004167
v 0.045801 0.029330 -0.004167
v 0.045801 0.029330 -0.012500
v 0.045801 0.029330 -0.020833
v 0.045801 0.029330 -0.029167
v 0.041357 0.021632 -0.037500
v 0.041912 0.022594 -0.037500
v 0.042468 0.023557 -0.037500
v 0.043023 0.024519 -0.037500
v 0.043579 0.025481 -0.037500
v 0.044135 0.026443 -0.037500
v 0.044690 0.027406 -0.037500
v 0.045246 0.028368 -0.037500
v 0.045246 0.028368 0.037500
v 0.044690 0.027406 0.037500
v 0.044135 0.026443 0.037500
v 0.043579 0.025481 0.037500
v 0.043023 0.024519 0.037500
v 0.042468 0.023557 0.037500
v 0.041912 0.022594 0.037500
v 0.041357 0.021632 0.037500
v 0.006756 0.050590 0.037500
v 0.011567 0.047812 0.037500
v 0.016378 0.045035 0.037500
v 0.021189 0.042257 0.037500
v 0.026001 0.039479 0.037500
v 0.030812 0.036701 0.037500
v 0.035623 0.033923 0.037500
v 0.040434 0.031146 0.037500
v 0.006200 0.049628 0.037500
v 0.011011 0.046850 0.037500
v 0.015823 0.044072 0.037500
v 0.020634 0.041295 0.037500
v 0.025445 0.038517 0.037500
v 0.030256 0.035739 0.037500
v 0.035068 0.032961 0.037500
v 0.039879 0.030183 0.037500
v 0.005645 0.048666 0.037500
v 0.010456 0.045888 0.037500
v 0.015267 0.043110 0.037500
v 0.020078 0.040332 0.037500
v 0.024890 0.037554 0.037500
v 0.029701 0.034777 0.037500
v 0.034512 0.031999 0.037500
v 0.039323 0.029221 0.037500
v 0.005089 0.047703 0.037500
v 0.009900 0.044926 0.037500
v 0.014712 0.042148 0.037500
v 0.019523 0.039370 0.037500
v 0.024334 0.036592 0.037500
v 0.029145 0.033814 0.037500
v 0.033957 0.031037 0.037500
v 0.038768 0.028259 0.037500
v 0.004533 0.046741 0.037500
v 0.009345 0.043963 0.037500
v 0.014156 0.041186 0.037500
v 0.018967 0.038408 0.037500
v 0.023778 0.035630 0.037500
v 0.028590 0.032852 0.037500
v 0.033401 0.030074 0.037500
v 0.038212 0.027297 0.037500
v 0.003978 0.045779 0.037500
v 0.008789 0.043001 0.037500
v 0.013600 0.040223 0.037500
v 0.018412 0.037446 0.037500
v 0.023223 0.034668 0.037500
v 0.028034 0.031890 0.037500
v 0.032845 0.029112 0.037500
v 0.037657 0.026334 0.037500
v 0.003422 0.044817 0.037500
v 0.008234 0.042039 0.037500
v 0.013045 0.039261 0.037500
v 0.017856 0.036483 0.037500
v 0.022667 0.033705 0.037500
v 0.027479 0.030928 0.037500
v 0.032290 0.028150 0.037500
v 0.037101 0.025372 0.037500
v 0.002867 0.043854 0.037500
v 0.007678 0.041077 0.037500
v 0.012489 0.038299 0.037500
v 0.017301 0.035521 0.037500
v 0.022112 0.032743 0.037500
v 0.026923 0.029965 0.037500
v 0.031734 0.027188 0.037500
v 0.036546 0.024410 0.037500
v 0.002867 0.043854 -0.037500
v 0.007678 0.041077 -0.037500
v 0.012489 0.038299 -0.037500
v 0.017301 0.035521 -0.037500
v 0.022112 0.032743 -0.037500
v 0.026923 0.029965 -0.037500
v 0.031734 0.027188 -0.037500
v 0.036546 0.024410 -0.037500
v 0.003422 0.044817 -0.037500
v 0.008234 0.042039 -0.037500
v 0.013045 0.039261 -0.037500
v 0.017856 0.036483 -0.037500
v 0.022667 0.033705 -0.037500
v 0.027479 0.030928 -0.037500
v 0.032290 0.028150 -0.037500
v 0.037101 0.025372 -0.037500
v 0.003978 0.045779 -0.037500
v 0.008789 0.043001 -0.037500
v 0.013600 0.040223 -0.037500
v 0.018412 0.037446 -0.037500
v 0.023223 0.034668 -0.037500
v 0.028034 0.031890 -0.037500
v 0.032845 0.029112 -0.037500
v 0.037657 0.026334 -0.037500
v 0.004533 0.046741 -0.037500
v 0.009345 0.043963 -0.037500
v 0.014156 0.041186 -0.037500
v 0.018967 0.038408 -0.037500
v 0.023778 0.035630 -0.037500
v 0.028590 0.032852 -0.037500
v 0.033401 0.030074 -0.037500
v 0.038212 0.027297 -0.037500
v 0.005089 0.047703 -0.037500
v 0.009900 0.044926 -0.037500
v 0.014712 0.042148 -0.037500
v 0.019523 0.039370 -0.037500
v 0.024334 0.036592 -0.037500
v 0.029145 0.033814 -0.037500
v 0.033957 0.031037 -0.037500
v 0.038768 0.028259 -0.037500
v 0.005645 0.048666 -0.037500
v 0.010456 0.045888 -0.037500
v 0.015267 0.043110 -0.037500
v 0.020078 0.040332 -0.037500
v 0.024890 0.037554 -0.037500
v 0.029701 0.034777 -0.037500
v 0.034512 0.031999 -0.037500
v 0.039323 0.029221 -0.037500
v 0.006200 0.049628 -0.037500
v 0.011011 0.046850 -0.037500
v 0.015823 0.044072 -0.037500
v 0.020634 0.041295 -0.037500
v 0.025445 0.038517 -0.037500
v 0.030256 0.035739 -0.037500
v 0.035068 0.032961 -0.037500
v 0.039879 0.030183 -0.037500
v 0.006756 0.050590 -0.037500
v 0.011567 0.047812 -0.037500
v 0.016378 0.045035 -0.037500
v 0.021189 0.042257 -0.037500
v 0.026001 0.039479 -0.037500
v 0.030812 0.036701 -0.037500
v 0.035623 0.033923 -0.037500
v 0.040434 0.031146 -0.037500
v 0.045246 0.028368 -0.029167
v 0.044690 0.027406 -0.029167
v 0.044135 0.026443 -0.029167
v 0.043579 0.025481 -0.029167
v 0.043023 0.024519 -0.029167
v 0.042468 0.023557 -0.029167
v 0.041912 0.022594 -0.029167
v 0.041357 0.021632 -0.029167
v 0.045246 0.028368 -0.020833
v 0.044690 0.027406 -0.020833
v 0.044135 0.026443 -0.020833
v 0.043579 0.025481 -0.020833
v 0.043023 0.024519 -0.020833
v 0.042468 0.023557 -0.020833
v 0.041912 0.022594 -0.020833
v 0.041357 0.021632 -0.020833
v 0.045246 0.028368 -0.012500
v 0.044690 0.027406 -0.012500
v 0.044135 0.026443 -0.012500
v 0.043579 0.025481 -0.012500
v 0.043023 0.024519 -0.012500
v 0.042468 0.023557 -0.012500
v 0.041912 0.022594 -0.012500
v 0.041357 0.021632 -0.012500
v 0.045246 0.028368 -0.004167
v 0.044690 0.027406 -0.004167
v 0.044135 0.026443 -0.004167
v 0.043579 0.025481 -0.004167
v 0.043023 0.024519 -0.004167
v 0.042468 0.023557 -0.004167
v 0.041912 0.022594 -0.004167
v 0.041357 0.021632 -0.004167
v 0.045246 0.028368 0.004167
v 0.044690 0.027406 0.004167
v 0.044135 0.026443 0.004167
v 0.043579 0.025481 0.004167
v 0.043023 0.024519 0.004167
v 0.042468 0.023557 0.004167
v 0.041912 0.022594 0.004167
v 0.041357 0.021632 0.004167
v 0.045246 0.028368 0.012500
v 0.044690 0.027406 0.012500
v 0.044135 0.026443 0.012500
v 0.043579 0.025481 0.012500
v 0.043023 0.024519 0.012500
v 0.042468 0.023557 0.012500
v 0.041912 0.022594 0.012500
v 0.041357 0.021632 0.012500
v 0.045246 0.028368 0.020833
v 0.044690 0.027406 0.020833
v 0.044135 0.026443 0.020833
v 0.043579 0.025481 0.020833
v 0.043023 0.024519 0.020833
v 0.042468 0.023557 0.020833
v 0.041912 0.022594 0.020833
v 0.041357 0.021632 0.020833
v 0.045246 0.028368 0.029167
v 0.044690 0.027406 0.029167
v 0.044135 0.026443 0.029167
v 0.043579 0.025481 0.029167
v 0.043023 0.024519 0.029167
v 0.042468 0.023557 0.029167
v 0.041912 0.022594 0.029167
v 0.041357 0.021632 0.029167
v 0.007311 0.051552 -0.029167
v 0.012123 0.048775 -0.029167
v 0.016934 0.045997 -0.029167
v 0.021745 0.043219 -0.029167
v 0.026556 0.040441 -0.029167
v 0.031368 0.037663 -0.029167
v 0.036179 0.034886 -0.029167
v 0.040990 0.032108 -0.029167
v 0.007311 0.051552 -0.020833
v 0.012123 0.048775 -0.020833
v 0.016934 0.045997 -0.020833
v 0.021745 0.043219 -0.020833
v 0.026556 0.040441 -0.020833
v 0.031368 0.037663 -0.020833
v 0.036179 0.034886 -0.020833
v 0.040990 0.032108 -0.020833
v 0.007311 0.051552 -0.012500
v 0.012123 0.048775 -0.012500
v 0.016934 0.045997 -0.012500
v 0.021745 0.043219 -0.012500
v 0.026556 0.040441 -0.012500
v 0.031368 0.037663 -0.012500
v 0.036179 0.034886 -0.012500
v 0.040990 0.032108 -0.012500
v 0.007311 0.051552 -0.004167
v 0.012123 0.048775 -0.004167
v 0.016934 0.045997 -0.004167
v 0.021745 0.043219 -0.004167
v 0.026556 0.040441 -0.004167
v 0.031368 0.037663 -0.004167
v 0.036179 0.034886 -0.004167
v 0.040990 0.032108 -0.004167
v 0.007311 0.051552 0.004167
v 0.012123 0.048775 0.004167
v 0.016934 0.045997 0.004167
v 0.021745 0.043219 0.004167
v 0.026556 0.040441 0.004167
v 0.031368 0.037663 0.004167
v 0.036179 0.034886 0.004167
v 0.040990 0.032108 0.004167
v 0.007311 0.051552 0.012500
v 0.012123 0.048775 0.012500
v 0.016934 0.045997 0.012500
v 0.021745 0.043219 0.012500
v 0.026556 0.040441 0.012500
v 0.031368 0.037663 0.012500
v 0.036179 0.034886 0.012500
v 0.040990 0.032108 0.012500
v 0.007311 0.051552 0.020833
v 0.012123 0.048775 0.020833
v 0.016934 0.045997 0.020833
v 0.021745 0.043219 0.020833
v 0.026556 0.040441 0.020833
v 0.031368 0.037663 0.020833
v 0.036179 0.034886 0.020833
v 0.040990 0.032108 0.020833
v 0.007311 0.051552 0.029167
v 0.012123 0.048775 0.029167
v 0.016934 0.045997 0.029167
v 0.021745 0.043219 0.029167
v 0.026556 0.040441 0.029167
v 0.031368 0.037663 0.029167
v 0.036179 0.034886 0.029167
v 0.040990 0.032108 0.029167
v -0.001944 0.046632 -0.029167
v -0.001389 0.047594 -0.029167
v -0.000833 0.048557 -0.029167
v -0.000278 0.049519 -0.029167
v 0.000278 0.050481 -0.029167
v 0.000833 0.051443 -0.029167
v 0.001389 0.052406 -0.029167
v 0.001944 0.053368 -0.029167
v -0.001944 0.046632 -0.020833
v -0.001389 0.047594 -0.020833
v -0.000833 0.048557 -0.020833
v -0.000278 0.049519 -0.020833
v 0.000278 0.050481 -0.020833
v 0.000833 0.051443 -0.020833
v 0.001389 0.052406 -0.020833
v 0.001944 0.053368 -0.020833
v -0.001944 0.046632 -0.012500
v -0.001389 0.047594 -0.012500
v -0.000833 0.048557 -0.012500
v -0.000278 0.049519 -0.012500
v 0.000278 0.050481 -0.012500
v 0.000833 0.051443 -0.012500
v 0.001389 0.052406 -0.012500
v 0.001944 0.053368 -0.012500
v -0.001944 0.046632 -0.004167
v -0.001389 0.047594 -0.004167
v -0.000833 0.048557 -0.004167
v -0.000278 0.049519 -0.004167
v 0.000278 0.050481 -0.004167
v 0.000833 0.051443 -0.004167
v 0.001389 0.052406 -0.004167
v 0.001944 0.053368 -0.004167
v -0.001944 0.046632 0.004167
v -0.001389 0.047594 0.004167
v -0.000833 0.048557 0.004167
v -0.000278 0.049519 0.004167
v 0.000278 0.050481 0.004167
v 0.000833 0.051443 0.004167
v 0.001389 0.052406 0.004167
v 0.001944 0.053368 0.004167
v -0.001944 0.046632 0.012500
v -0.001389 0.047594 0.012500
v -0.000833 0.048557 0.012500
v -0.000278 0.049519 0.012500
v 0.000278 0.050481 0.012500
v 0.000833 0.051443 0.012500
v 0.001389 0.052406 0.012500
v 0.001944 0.053368 0.012500
v -0.001944 0.046632 0.020833
v -0.001389 0.047594 0.020833
v -0.000833 0.048557 0.020833
v -0.000278 0.049519 0.020833
v 0.000278 0.050481 0.020833
v 0.000833 0.051443 0.020833
v 0.001389 0.052406 0.020833
v 0.001944 0.053368 0.020833
v -0.001944 0.046632 0.029167
v -0.001389 0.047594 0.029167
v -0.000833 0.048557 0.029167
v -0.000278 0.049519 0.029167
v 0.000278 0.050481 0.029167
v 0.000833 0.051443 0.029167
v 0.001389 0.052406 0.029167
v 0.001944 0.053368 0.029167
v 0.035990 0.023448 -0.029167
v 0.031179 0.026225 -0.029167
v 0.026368 0.029003 -0.029167
v 0.021556 0.031781 -0.029167
v 0.016745 0.034559 -0.029167
v 0.011934 0.037337 -0.029167
v 0.007123 0.040114 -0.029167
v 0.002311 0.042892 -0.029167
v 0.035990 0.023448 -0.020833
v 0.031179 0.026225 -0.020833
v 0.026368 0.029003 -0.020833
v 0.021556 0.031781 -0.020833
v 0.016745 0.034559 -0.020833
v 0.011934 0.037337 -0.020833
v 0.007123 0.040114 -0.020833
v 0.002311 0.042892 -0.020833
v 0.035990 0.023448 -0.012500
v 0.031179 0.026225 -0.012500
v 0.026368 0.029003 -0.012500
v 0.021556 0.031781 -0.012500
v 0.016745 0.034559 -0.012500
v 0.011934 0.037337 -0.012500
v 0.007123 0.040114 -0.012500
v 0.002311 0.042892 -0.012500
v 0.035990 0.023448 -0.004167
v 0.031179 0.026225 -0.004167
v 0.026368 0.029003 -0.004167
v 0.021556 0.031781 -0.004167
v 0.016745 0.034559 -0.004167
v 0.011934 0.037337 -0.004167
v 0.007123 0.040114 -0.004167
v 0.002311 0.042892 -0.004167
v 0.035990 0.023448 0.004167
v 0.031179 0.026225 0.004167
v 0.026368 0.029003 0.004167
v 0.021556 0.031781 0.004167
v 0.016745 0.034559 0.004167
v 0.011934 0.037337 0.004167
v 0.007123 0.040114 0.004167
v 0.002311 0.042892 0.004167
v 0.035990 0.023448 0.012500
v 0.031179 0.026225 0.012500
v 0.026368 0.029003 0.012500
v 0.021556 0.031781 0.012500
v 0.016745 0.034559 0.012500
v 0.011934 0.037337 0.012500
v 0.007123 0.040114 0.012500
v 0.002311 0.042892 0.012500
v 0.035990 0.023448 0.020833
v 0.031179 0.026225 0.020833
v 0.026368 0.029003 0.020833
v 0.021556 0.031781 0.020833
v 0.016745 0.034559 0.020833
v 0.011934 0.037337 0.020833
v 0.007123 0.040114 0.020833
v 0.002311 0.042892 0.020833
v 0.035990 0.023448 0.029167
v 0.031179 0.026225 0.029167
v 0.026368 0.029003 0.029167
v 0.021556 0.031781 0.029167
v 0.016745 0.034559 0.029167
v 0.011934 0.037337 0.029167
v 0.007123 0.040114 0.029167
v 0.002311 0.042892 0.029167
vn 1.0000 -0.0000 -0.0000
vn -0.0000 -1.0000 -0.0000
vn -1.0000 -0.0000 -0.0000
vn -0.0000 1.0000 -0.0000
vn -0.0000 -0.0000 -1.0000
vn -0.0000 -0.0000 1.0000
vn 0.7071 -0.7071 -0.0000
vn -0.7071 -0.7071 -0.0000
vn -0.7071 0.7071 -0.0000
vn 0.7071 0.7071 -0.0000
vn -0.5000 -0.8660 -0.0000
vn -0.8660 0.5000 -0.0000
vn 0.5000 0.8660 -0.0000
vn 0.8660 -0.5000 -0.0000
vt 0.597222 0.222222
vt 0.625000 0.222222
vt 0.625000 0.250000
vt 0.597222 0.250000
vt 0.597222 0.472222
vt 0.625000 0.472222
vt 0.625000 0.500000
vt 0.597222 0.500000
vt 0.597222 0.722222
vt 0.625000 0.722222
vt 0.625000 0.750000
vt 0.597222 0.750000
vt 0.597222 0.972222
vt 0.625000 0.972222
vt 0.625000 1.000000
vt 0.597222 1.000000
vt 0.347222 0.722222
vt 0.375000 0.722222
vt 0.375000 0.750000
vt 0.347222 0.750000
vt 0.847222 0.722222
vt 0.875000 0.722222
vt 0.875000 0.750000
vt 0.847222 0.750000
vt 0.652778 0.722222
vt 0.652778 0.750000
vt 0.680556 0.722222
vt 0.680556 0.750000
vt 0.708333 0.722222
vt 0.708333 0.750000
vt 0.736111 0.722222
vt 0.736111 0.750000
vt 0.763889 0.722222
vt 0.763889 0.750000
vt 0.791667 0.722222
vt 0.791667 0.750000
vt 0.819444 0.722222
vt 0.819444 0.750000
vt 0.652778 0.500000
vt 0.652778 0.527778
vt 0.625000 0.527778
vt 0.652778 0.555556
vt 0.625000 0.555556
vt 0.652778 0.583333
vt 0.625000 0.583333
vt 0.652778 0.611111
vt 0.625000 0.611111
vt 0.652778 0.638889
vt 0.625000 0.638889
vt 0.652778 0.666667
vt 0.625000 0.666667
vt 0.652778 0.694444
vt 0.625000 0.694444
vt 0.680556 0.500000
vt 0.680556 0.527778
vt 0.680556 0.555556
vt 0.680556 0.583333
vt 0.680556 0.611111
vt 0.680556 0.638889
vt 0.680556 0.666667
vt 0.680556 0.694444
vt 0.708333 0.500000
vt 0.708333 0.527778
vt 0.708333 0.555556
vt 0.708333 0.583333
vt 0.708333 0.611111
vt 0.708333 0.638889
vt 0.708333 0.666667
vt 0.708333 0.694444
vt 0.736111 0.500000
vt 0.736111 0.527778
vt 0.736111 0.555556
vt 0.736111 0.583333
vt 0.736111 0.611111
vt 0.736111 0.638889
vt 0.736111 0.666667
vt 0.736111 0.694444
vt 0.763889 0.500000
vt 0.763889 0.527778
vt 0.763889 0.555556
vt 0.763889 0.583333
vt 0.763889 0.611111
vt 0.763889 0.638889
vt 0.763889 0.666667
vt 0.763889 0.694444
vt 0.791667 0.500000
vt 0.791667 0.527778
vt 0.791667 0.555556
vt 0.791667 0.583333
vt 0.791667 0.611111
vt 0.791667 0.638889
vt 0.791667 0.666667
vt 0.791667 0.694444
vt 0.819444 0.500000
vt 0.819444 0.527778
vt 0.819444 0.555556
vt 0.819444 0.583333
vt 0.819444 0.611111
vt 0.819445 0.638889
vt 0.819444 0.666667
vt 0.819444 0.694444
vt 0.847222 0.500000
vt 0.847222 0.527778
vt 0.847222 0.555556
vt 0.847222 0.583333
vt 0.847222 0.611111
vt 0.847222 0.638889
vt 0.847222 0.666667
vt 0.847222 0.694444
vt 0.875000 0.500000
vt 0.875000 0.527778
vt 0.875000 0.555556
vt 0.875000 0.583333
vt 0.875000 0.611111
vt 0.875000 0.638889
vt 0.875000 0.666667
vt 0.875000 0.694444
vt 0.125000 0.722222
vt 0.152778 0.722222
vt 0.152778 0.750000
vt 0.125000 0.750000
vt 0.180556 0.722222
vt 0.180556 0.750000
vt 0.208333 0.722222
vt 0.208333 0.750000
vt 0.236111 0.722222
vt 0.236111 0.750000
vt 0.263889 0.722222
vt 0.263889 0.750000
vt 0.291667 0.722222
vt 0.291667 0.750000
vt 0.319444 0.722222
vt 0.319444 0.750000
vt 0.125000 0.500000
vt 0.152778 0.500000
vt 0.152778 0.527778
vt 0.125000 0.527778
vt 0.152778 0.555556
vt 0.125000 0.555556
vt 0.152778 0.583333
vt 0.125000 0.583333
vt 0.152778 0.611111
vt 0.125000 0.611111
vt 0.152778 0.638889
vt 0.125000 0.638889
vt 0.152778 0.666667
vt 0.125000 0.666667
vt 0.152778 0.694444
vt 0.125000 0.694444
vt 0.180556 0.500000
vt 0.180556 0.527778
vt 0.180556 0.555556
vt 0.180556 0.583333
vt 0.180556 0.611111
vt 0.180556 0.638889
vt 0.180556 0.666667
vt 0.180556 0.694444
vt 0.208333 0.500000
vt 0.208333 0.527778
vt 0.208333 0.555556
vt 0.208333 0.583333
vt 0.208333 0.611111
vt 0.208333 0.638889
vt 0.208333 0.666667
vt 0.208333 0.694444
vt 0.236111 0.500000
vt 0.236111 0.527778
vt 0.236111 0.555556
vt 0.236111 0.583333
vt 0.236111 0.611111
vt 0.236111 0.638889
vt 0.236111 0.666667
vt 0.236111 0.694444
vt 0.263889 0.500000
vt 0.263889 0.527778
vt 0.263889 0.555556
vt 0.263889 0.583333
vt 0.263889 0.611111
vt 0.263889 0.638889
vt 0.263889 0.666667
vt 0.263889 0.694444
vt 0.291667 0.500000
vt 0.291667 0.527778
vt 0.291667 0.555556
vt 0.291667 0.583333
vt 0.291667 0.611111
vt 0.291667 0.638889
vt 0.291667 0.666667
vt 0.291667 0.694444
vt 0.319444 0.500000
vt 0.319444 0.527778
vt 0.319444 0.555556
vt 0.319444 0.583333
vt 0.319444 0.611111
vt 0.319444 0.638889
vt 0.319444 0.666667
vt 0.319444 0.694444
vt 0.347222 0.500000
vt 0.347222 0.527778
vt 0.347222 0.555556
vt 0.347222 0.583333
vt 0.347222 0.611111
vt 0.347222 0.638889
vt 0.347222 0.666667
vt 0.347222 0.694444
vt 0.375000 0.500000
vt 0.375000 0.527778
vt 0.375000 0.555556
vt 0.375000 0.583333
vt 0.375000 0.611111
vt 0.375000 0.638889
vt 0.375000 0.666667
vt 0.375000 0.694444
vt 0.375000 0.972222
vt 0.402778 0.972222
vt 0.402778 1.000000
vt 0.375000 1.000000
vt 0.430556 0.972222
vt 0.430556 1.000000
vt 0.458333 0.972222
vt 0.458333 1.000000
vt 0.486111 0.972222
vt 0.486111 1.000000
vt 0.513889 0.972222
vt 0.513889 1.000000
vt 0.541667 0.972222
vt 0.541667 1.000000
vt 0.569445 0.972222
vt 0.569444 1.000000
vt 0.402778 0.750000
vt 0.402778 0.777778
vt 0.375000 0.777778
vt 0.402778 0.805556
vt 0.375000 0.805556
vt 0.402778 0.833333
vt 0.375000 0.833333
vt 0.402778 0.861111
vt 0.375000 0.861111
vt 0.402778 0.888889
vt 0.375000 0.888889
vt 0.402778 0.916667
vt 0.375000 0.916667
vt 0.402778 0.944444
vt 0.375000 0.944444
vt 0.430556 0.750000
vt 0.430556 0.777778
vt 0.430556 0.805556
vt 0.430556 0.833333
vt 0.430556 0.861111
vt 0.430556 0.888889
vt 0.430556 0.916667
vt 0.430556 0.944444
vt 0.458333 0.750000
vt 0.458333 0.777778
vt 0.458333 0.805556
vt 0.458333 0.833333
vt 0.458333 0.861111
vt 0.458333 0.888889
vt 0.458333 0.916667
vt 0.458333 0.944444
vt 0.486111 0.750000
vt 0.486111 0.777778
vt 0.486111 0.805556
vt 0.486111 0.833333
vt 0.486111 0.861111
vt 0.486111 0.888889
vt 0.486111 0.916667
vt 0.486111 0.944444
vt 0.513889 0.750000
vt 0.513889 0.777778
vt 0.513889 0.805556
vt 0.513889 0.833333
vt 0.513889 0.861111
vt 0.513889 0.888889
vt 0.513889 0.916667
vt 0.513889 0.944444
vt 0.541667 0.750000
vt 0.541667 0.777778
vt 0.541667 0.805556
vt 0.541667 0.833333
vt 0.541667 0.861111
vt 0.541667 0.888889
vt 0.541667 0.916667
vt 0.541667 0.944444
vt 0.569444 0.750000
vt 0.569445 0.777778
vt 0.569445 0.805556
vt 0.569445 0.833333
vt 0.569445 0.861111
vt 0.569445 0.888889
vt 0.569445 0.916667
vt 0.569445 0.944444
vt 0.597222 0.777778
vt 0.597222 0.805556
vt 0.597222 0.833333
vt 0.597222 0.861111
vt 0.597222 0.888889
vt 0.597222 0.916667
vt 0.597222 0.944444
vt 0.625000 0.777778
vt 0.625000 0.805556
vt 0.625000 0.833333
vt 0.625000 0.861111
vt 0.625000 0.888889
vt 0.625000 0.916667
vt 0.625000 0.944444
vt 0.402778 0.722222
vt 0.430556 0.722222
vt 0.458333 0.722222
vt 0.486111 0.722222
vt 0.513889 0.722222
vt 0.541667 0.722222
vt 0.569445 0.722222
vt 0.402778 0.500000
vt 0.402778 0.527778
vt 0.402778 0.555556
vt 0.402778 0.583333
vt 0.402778 0.611111
vt 0.402778 0.638889
vt 0.402778 0.666667
vt 0.402778 0.694444
vt 0.430556 0.500000
vt 0.430556 0.527778
vt 0.430556 0.555556
vt 0.430556 0.583333
vt 0.430556 0.611111
vt 0.430556 0.638889
vt 0.430556 0.666667
vt 0.430556 0.694444
vt 0.458333 0.500000
vt 0.458333 0.527778
vt 0.458333 0.555556
vt 0.458333 0.583333
vt 0.458333 0.611111
vt 0.458333 0.638889
vt 0.458333 0.666667
vt 0.458333 0.694444
vt 0.486111 0.500000
vt 0.486111 0.527778
vt 0.486111 0.555556
vt 0.486111 0.583333
vt 0.486111 0.611111
vt 0.486111 0.638889
vt 0.486111 0.666667
vt 0.486111 0.694444
vt 0.513889 0.500000
vt 0.513889 0.527778
vt 0.513889 0.555556
vt 0.513889 0.583333
vt 0.513889 0.611111
vt 0.513889 0.638889
vt 0.513889 0.666667
vt 0.513889 0.694444
vt 0.541667 0.500000
vt 0.541667 0.527778
vt 0.541667 0.555556
vt 0.541667 0.583333
vt 0.541667 0.611111
vt 0.541667 0.638889
vt 0.541667 0.666667
vt 0.541667 0.694444
vt 0.569444 0.500000
vt 0.569445 0.527778
vt 0.569445 0.555556
vt 0.569445 0.583333
vt 0.569445 0.611111
vt 0.569445 0.638889
vt 0.569445 0.666667
vt 0.569445 0.694444
vt 0.597222 0.527778
vt 0.597222 0.555556
vt 0.597222 0.583333
vt 0.597222 0.611111
vt 0.597222 0.638889
vt 0.597222 0.666667
vt 0.597222 0.694444
vt 0.375000 0.472222
vt 0.402778 0.472222
vt 0.430556 0.472222
vt 0.458333 0.472222
vt 0.486111 0.472222
vt 0.513889 0.472222
vt 0.541667 0.472222
vt 0.569445 0.472222
vt 0.375000 0.250000
vt 0.402778 0.250000
vt 0.402778 0.277778
vt 0.375000 0.277778
vt 0.402778 0.305556
vt 0.375000 0.305556
vt 0.402778 0.333333
vt 0.375000 0.333333
vt 0.402778 0.361111
vt 0.375000 0.361111
vt 0.402778 0.388889
vt 0.375000 0.388889
vt 0.402778 0.416667
vt 0.375000 0.416667
vt 0.402778 0.444444
vt 0.375000 0.444444
vt 0.430556 0.250000
vt 0.430556 0.277778
vt 0.430556 0.305556
vt 0.430556 0.333333
vt 0.430556 0.361111
vt 0.430556 0.388889
vt 0.430556 0.416667
vt 0.430556 0.444444
vt 0.458333 0.250000
vt 0.458333 0.277778
vt 0.458333 0.305556
vt 0.458333 0.333333
vt 0.458333 0.361111
vt 0.458333 0.388889
vt 0.458333 0.416667
vt 0.458333 0.444444
vt 0.486111 0.250000
vt 0.486111 0.277778
vt 0.486111 0.305556
vt 0.486111 0.333333
vt 0.486111 0.361111
vt 0.486111 0.388889
vt 0.486111 0.416667
vt 0.486111 0.444444
vt 0.513889 0.250000
vt 0.513889 0.277778
vt 0.513889 0.305556
vt 0.513889 0.333333
vt 0.513889 0.361111
vt 0.513889 0.388889
vt 0.513889 0.416667
vt 0.513889 0.444444
vt 0.541667 0.250000
vt 0.541667 0.277778
vt 0.541667 0.305556
vt 0.541667 0.333333
vt 0.541667 0.361111
vt 0.541667 0.388889
vt 0.541667 0.416667
vt 0.541667 0.444444
vt 0.569444 0.250000
vt 0.569445 0.277778
vt 0.569445 0.305556
vt 0.569445 0.333333
vt 0.569445 0.361111
vt 0.569445 0.388889
vt 0.569445 0.416667
vt 0.569445 0.444444
vt 0.597222 0.277778
vt 0.597222 0.305556
vt 0.597222 0.333333
vt 0.597222 0.361111
vt 0.597222 0.388889
vt 0.597222 0.416667
vt 0.597222 0.444444
vt 0.625000 0.277778
vt 0.625000 0.305556
vt 0.625000 0.333333
vt 0.625000 0.361111
vt 0.625000 0.388889
vt 0.625000 0.416667
vt 0.625000 0.444444
vt 0.375000 0.222222
vt 0.402778 0.222222
vt 0.430556 0.222222
vt 0.458333 0.222222
vt 0.486111 0.222222
vt 0.513889 0.222222
vt 0.541667 0.222222
vt 0.569445 0.222222
vt 0.375000 0.000000
vt 0.402778 0.000000
vt 0.402778 0.027778
vt 0.375000 0.027778
vt 0.402778 0.055556
vt 0.375000 0.055556
vt 0.402778 0.083333
vt 0.375000 0.083333
vt 0.402778 0.111111
vt 0.375000 0.111111
vt 0.402778 0.138889
vt 0.375000 0.138889
vt 0.402778 0.166667
vt 0.375000 0.166667
vt 0.402778 0.194444
vt 0.375000 0.194444
vt 0.430556 0.000000
vt 0.430556 0.027778
vt 0.430556 0.055556
vt 0.430556 0.083333
vt 0.430556 0.111111
vt 0.430556 0.138889
vt 0.430556 0.166667
vt 0.430556 0.194444
vt 0.458333 0.000000
vt 0.458333 0.027778
vt 0.458333 0.055556
vt 0.458333 0.083333
vt 0.458333 0.111111
vt 0.458333 0.138889
vt 0.458333 0.166667
vt 0.458333 0.194444
vt 0.486111 0.000000
vt 0.486111 0.027778
vt 0.486111 0.055556
vt 0.486111 0.083333
vt 0.486111 0.111111
vt 0.486111 0.138889
vt 0.486111 0.166667
vt 0.486111 0.194444
vt 0.513889 0.000000
vt 0.513889 0.027778
vt 0.513889 0.055556
vt 0.513889 0.083333
vt 0.513889 0.111111
vt 0.513889 0.138889
vt 0.513889 0.166667
vt 0.513889 0.194444
vt 0.541667 0.000000
vt 0.541667 0.027778
vt 0.541667 0.055556
vt 0.541667 0.083333
vt 0.541667 0.111111
vt 0.541667 0.138889
vt 0.541667 0.166667
vt 0.541667 0.194444
vt 0.569444 0.000000
vt 0.569445 0.027778
vt 0.569445 0.055556
vt 0.569445 0.083333
vt 0.569445 0.111111
vt 0.569445 0.138889
vt 0.569445 0.166667
vt 0.569445 0.194444
vt 0.597222 0.000000
vt 0.597222 0.027778
vt 0.597222 0.055556
vt 0.597222 0.083333
vt 0.597222 0.111111
vt 0.597222 0.138889
vt 0.597222 0.166667
vt 0.597222 0.194444
vt 0.625000 0.000000
vt 0.625000 0.027778
vt 0.625000 0.055556
vt 0.625000 0.083333
vt 0.625000 0.111111
vt 0.625000 0.138889
vt 0.625000 0.166667
vt 0.625000 0.194444
s 0
usemtl StandardPink
f 488/1/1 32/2/1 4/3/1 33/4/1
f 424/5/2 56/6/2 8/7/2 57/8/2
f 360/9/3 80/10/3 6/11/3 81/12/3
f 296/13/4 104/14/4 2/15/4 24/16/4
f 232/17/5 65/18/5 5/19/5 96/20/5
f 168/21/6 25/22/6 2/23/6 104/24/6
f 80/10/6 112/25/6 97/26/6 6/11/6
f 112/25/6 120/27/6 98/28/6 97/26/6
f 120/27/6 128/29/6 99/30/6 98/28/6
f 128/29/6 136/31/6 100/32/6 99/30/6
f 136/31/6 144/33/6 101/34/6 100/32/6
f 144/33/6 152/35/6 102/36/6 101/34/6
f 152/35/6 160/37/6 103/38/6 102/36/6
f 160/37/6 168/21/6 104/24/6 103/38/6
f 8/7/6 56/39/6 105/40/6 73/41/6
f 73/41/6 105/40/6 106/42/6 74/43/6
f 74/43/6 106/42/6 107/44/6 75/45/6
f 75/45/6 107/44/6 108/46/6 76/47/6
f 76/47/6 108/46/6 109/48/6 77/49/6
f 77/49/6 109/48/6 110/50/6 78/51/6
f 78/51/6 110/50/6 111/52/6 79/53/6
f 79/53/6 111/52/6 112/25/6 80/10/6
f 56/39/6 55/54/6 113/55/6 105/40/6
f 105/40/6 113/55/6 114/56/6 106/42/6
f 106/42/6 114/56/6 115/57/6 107/44/6
f 107/44/6 115/57/6 116/58/6 108/46/6
f 108/46/6 116/58/6 117/59/6 109/48/6
f 109/48/6 117/59/6 118/60/6 110/50/6
f 110/50/6 118/60/6 119/61/6 111/52/6
f 111/52/6 119/61/6 120/27/6 112/25/6
f 55/54/6 54/62/6 121/63/6 113/55/6
f 113/55/6 121/63/6 122/64/6 114/56/6
f 114/56/6 122/64/6 123/65/6 115/57/6
f 115/57/6 123/65/6 124/66/6 116/58/6
f 116/58/6 124/66/6 125/67/6 117/59/6
f 117/59/6 125/67/6 126/68/6 118/60/6
f 118/60/6 126/68/6 127/69/6 119/61/6
f 119/61/6 127/69/6 128/29/6 120/27/6
f 54/62/6 53/70/6 129/71/6 121/63/6
f 121/63/6 129/71/6 130/72/6 122/64/6
f 122/64/6 130/72/6 131/73/6 123/65/6
f 123/65/6 131/73/6 132/74/6 124/66/6
f 124/66/6 132/74/6 133/75/6 125/67/6
f 125/67/6 133/75/6 134/76/6 126/68/6
f 126/68/6 134/76/6 135/77/6 127/69/6
f 127/69/6 135/77/6 136/31/6 128/29/6
f 53/70/6 52/78/6 137/79/6 129/71/6
f 129/71/6 137/79/6 138/80/6 130/72/6
f 130/72/6 138/80/6 139/81/6 131/73/6
f 131/73/6 139/81/6 140/82/6 132/74/6
f 132/74/6 140/82/6 141/83/6 133/75/6
f 133/75/6 141/83/6 142/84/6 134/76/6
f 134/76/6 142/84/6 143/85/6 135/77/6
f 135/77/6 143/85/6 144/33/6 136/31/6
f 52/78/6 51/86/6 145/87/6 137/79/6
f 137/79/6 145/87/6 146/88/6 138/80/6
f 138/80/6 146/88/6 147/89/6 139/81/6
f 139/81/6 147/89/6 148/90/6 140/82/6
f 140/82/6 148/90/6 149/91/6 141/83/6
f 141/83/6 149/91/6 150/92/6 142/84/6
f 142/84/6 150/92/6 151/93/6 143/85/6
f 143/85/6 151/93/6 152/35/6 144/33/6
f 51/86/6 50/94/6 153/95/6 145/87/6
f 145/87/6 153/95/6 154/96/6 146/88/6
f 146/88/6 154/96/6 155/97/6 147/89/6
f 147/89/6 155/97/6 156/98/6 148/90/6
f 148/90/6 156/98/6 157/99/6 149/91/6
f 149/91/6 157/99/6 158/100/6 150/92/6
f 150/92/6 158/100/6 159/101/6 151/93/6
f 151/93/6 159/101/6 160/37/6 152/35/6
f 50/94/6 49/102/6 161/103/6 153/95/6
f 153/95/6 161/103/6 162/104/6 154/96/6
f 154/96/6 162/104/6 163/105/6 155/97/6
f 155/97/6 163/105/6 164/106/6 156/98/6
f 156/98/6 164/106/6 165/107/6 157/99/6
f 157/99/6 165/107/6 166/108/6 158/100/6
f 158/100/6 166/108/6 167/109/6 159/101/6
f 159/101/6 167/109/6 168/21/6 160/37/6
f 49/102/6 4/110/6 32/111/6 161/103/6
f 161/103/6 32/111/6 31/112/6 162/104/6
f 162/104/6 31/112/6 30/113/6 163/105/6
f 163/105/6 30/113/6 29/114/6 164/106/6
f 164/106/6 29/114/6 28/115/6 165/107/6
f 165/107/6 28/115/6 27/116/6 166/108/6
f 166/108/6 27/116/6 26/117/6 167/109/6
f 167/109/6 26/117/6 25/22/6 168/21/6
f 16/118/5 176/119/5 89/120/5 1/121/5
f 176/119/5 184/122/5 90/123/5 89/120/5
f 184/122/5 192/124/5 91/125/5 90/123/5
f 192/124/5 200/126/5 92/127/5 91/125/5
f 200/126/5 208/128/5 93/129/5 92/127/5
f 208/128/5 216/130/5 94/131/5 93/129/5
f 216/130/5 224/132/5 95/133/5 94/131/5
f 224/132/5 232/17/5 96/20/5 95/133/5
f 3/134/5 48/135/5 169/136/5 9/137/5
f 9/137/5 169/136/5 170/138/5 10/139/5
f 10/139/5 170/138/5 171/140/5 11/141/5
f 11/141/5 171/140/5 172/142/5 12/143/5
f 12/143/5 172/142/5 173/144/5 13/145/5
f 13/145/5 173/144/5 174/146/5 14/147/5
f 14/147/5 174/146/5 175/148/5 15/149/5
f 15/149/5 175/148/5 176/119/5 16/118/5
f 48/135/5 47/150/5 177/151/5 169/136/5
f 169/136/5 177/151/5 178/152/5 170/138/5
f 170/138/5 178/152/5 179/153/5 171/140/5
f 171/140/5 179/153/5 180/154/5 172/142/5
f 172/142/5 180/154/5 181/155/5 173/144/5
f 173/144/5 181/155/5 182/156/5 174/146/5
f 174/146/5 182/156/5 183/157/5 175/148/5
f 175/148/5 183/157/5 184/122/5 176/119/5
f 47/150/5 46/158/5 185/159/5 177/151/5
f 177/151/5 185/159/5 186/160/5 178/152/5
f 178/152/5 186/160/5 187/161/5 179/153/5
f 179/153/5 187/161/5 188/162/5 180/154/5
f 180/154/5 188/162/5 189/163/5 181/155/5
f 181/155/5 189/163/5 190/164/5 182/156/5
f 182/156/5 190/164/5 191/165/5 183/157/5
f 183/157/5 191/165/5 192/124/5 184/122/5
f 46/158/5 45/166/5 193/167/5 185/159/5
f 185/159/5 193/167/5 194/168/5 186/160/5
f 186/160/5 194/168/5 195/169/5 187/161/5
f 187/161/5 195/169/5 196/170/5 188/162/5
f 188/162/5 196/170/5 197/171/5 189/163/5
f 189/163/5 197/171/5 198/172/5 190/164/5
f 190/164/5 198/172/5 199/173/5 191/165/5
f 191/165/5 199/173/5 200/126/5 192/124/5
f 45/166/5 44/174/5 201/175/5 193/167/5
f 193/167/5 201/175/5 202/176/5 194/168/5
f 194/168/5 202/176/5 203/177/5 195/169/5
f 195/169/5 203/177/5 204/178/5 196/170/5
f 196/170/5 204/178/5 205/179/5 197/171/5
f 197/171/5 205/179/5 206/180/5 198/172/5
f 198/172/5 206/180/5 207/181/5 199/173/5
f 199/173/5 207/181/5 208/128/5 200/126/5
f 44/174/5 43/182/5 209/183/5 201/175/5
f 201/175/5 209/183/5 210/184/5 202/176/5
f 202/176/5 210/184/5 211/185/5 203/177/5
f 203/177/5 211/185/5 212/186/5 204/178/5
f 204/178/5 212/186/5 213/187/5 205/179/5
f 205/179/5 213/187/5 214/188/5 206/180/5
f 206/180/5 214/188/5 215/189/5 207/181/5
f 207/181/5 215/189/5 216/130/5 208/128/5
f 43/182/5 42/190/5 217/191/5 209/183/5
f 209/183/5 217/191/5 218/192/5 210/184/5
f 210/184/5 218/192/5 219/193/5 211/185/5
f 211/185/5 219/193/5 220/194/5 212/186/5
f 212/186/5 220/194/5 221/195/5 213/187/5
f 213/187/5 221/195/5 222/196/5 214/188/5
f 214/188/5 222/196/5 223/197/5 215/189/5
f 215/189/5 223/197/5 224/132/5 216/130/5
f 42/190/5 41/198/5 225/199/5 217/191/5
f 217/191/5 225/199/5 226/200/5 218/192/5
f 218/192/5 226/200/5 227/201/5 219/193/5
f 219/193/5 227/201/5 228/202/5 220/194/5
f 220/194/5 228/202/5 229/203/5 221/195/5
f 221/195/5 229/203/5 230/204/5 222/196/5
f 222/196/5 230/204/5 231/205/5 223/197/5
f 223/197/5 231/205/5 232/17/5 224/132/5
f 41/198/5 7/206/5 72/207/5 225/199/5
f 225/199/5 72/207/5 71/208/5 226/200/5
f 226/200/5 71/208/5 70/209/5 227/201/5
f 227/201/5 70/209/5 69/210/5 228/202/5
f 228/202/5 69/210/5 68/211/5 229/203/5
f 229/203/5 68/211/5 67/212/5 230/204/5
f 230/204/5 67/212/5 66/213/5 231/205/5
f 231/205/5 66/213/5 65/18/5 232/17/5
f 89/214/4 240/215/4 17/216/4 1/217/4
f 240/215/4 248/218/4 18/219/4 17/216/4
f 248/218/4 256/220/4 19/221/4 18/219/4
f 256/220/4 264/222/4 20/223/4 19/221/4
f 264/222/4 272/224/4 21/225/4 20/223/4
f 272/224/4 280/226/4 22/227/4 21/225/4
f 280/226/4 288/228/4 23/229/4 22/227/4
f 288/228/4 296/13/4 24/16/4 23/229/4
f 5/19/4 88/230/4 233/231/4 96/232/4
f 96/232/4 233/231/4 234/233/4 95/234/4
f 95/234/4 234/233/4 235/235/4 94/236/4
f 94/236/4 235/235/4 236/237/4 93/238/4
f 93/238/4 236/237/4 237/239/4 92/240/4
f 92/240/4 237/239/4 238/241/4 91/242/4
f 91/242/4 238/241/4 239/243/4 90/244/4
f 90/244/4 239/243/4 240/215/4 89/214/4
f 88/230/4 87/245/4 241/246/4 233/231/4
f 233/231/4 241/246/4 242/247/4 234/233/4
f 234/233/4 242/247/4 243/248/4 235/235/4
f 235/235/4 243/248/4 244/249/4 236/237/4
f 236/237/4 244/249/4 245/250/4 237/239/4
f 237/239/4 245/250/4 246/251/4 238/241/4
f 238/241/4 246/251/4 247/252/4 239/243/4
f 239/243/4 247/252/4 248/218/4 240/215/4
f 87/245/4 86/253/4 249/254/4 241/246/4
f 241/246/4 249/254/4 250/255/4 242/247/4
f 242/247/4 250/255/4 251/256/4 243/248/4
f 243/248/4 251/256/4 252/257/4 244/249/4
f 244/249/4 252/257/4 253/258/4 245/250/4
f 245/250/4 253/258/4 254/259/4 246/251/4
f 246/251/4 254/259/4 255/260/4 247/252/4
f 247/252/4 255/260/4 256/220/4 248/218/4
f 86/253/4 85/261/4 257/262/4 249/254/4
f 249/254/4 257/262/4 258/263/4 250/255/4
f 250/255/4 258/263/4 259/264/4 251/256/4
f 251/256/4 259/264/4 260/265/4 252/257/4
f 252/257/4 260/265/4 261/266/4 253/258/4
f 253/258/4 261/266/4 262/267/4 254/259/4
f 254/259/4 262/267/4 263/268/4 255/260/4
f 255/260/4 263/268/4 264/222/4 256/220/4
f 85/261/4 84/269/4 265/270/4 257/262/4
f 257/262/4 265/270/4 266/271/4 258/263/4
f 258/263/4 266/271/4 267/272/4 259/264/4
f 259/264/4 267/272/4 268/273/4 260/265/4
f 260/265/4 268/273/4 269/274/4 261/266/4
f 261/266/4 269/274/4 270/275/4 262/267/4
f 262/267/4 270/275/4 271/276/4 263/268/4
f 263/268/4 271/276/4 272/224/4 264/222/4
f 84/269/4 83/277/4 273/278/4 265/270/4
f 265/270/4 273/278/4 274/279/4 266/271/4
f 266/271/4 274/279/4 275/280/4 267/272/4
f 267/272/4 275/280/4 276/281/4 268/273/4
f 268/273/4 276/281/4 277/282/4 269/274/4
f 269/274/4 277/282/4 278/283/4 270/275/4
f 270/275/4 278/283/4 279/284/4 271/276/4
f 271/276/4 279/284/4 280/226/4 272/224/4
f 83/277/4 82/285/4 281/286/4 273/278/4
f 273/278/4 281/286/4 282/287/4 274/279/4
f 274/279/4 282/287/4 283/288/4 275/280/4
f 275/280/4 283/288/4 284/289/4 276/281/4
f 276/281/4 284/289/4 285/290/4 277/282/4
f 277/282/4 285/290/4 286/291/4 278/283/4
f 278/283/4 286/291/4 287/292/4 279/284/4
f 279/284/4 287/292/4 288/228/4 280/226/4
f 82/285/4 81/12/4 289/293/4 281/286/4
f 281/286/4 289/293/4 290/294/4 282/287/4
f 282/287/4 290/294/4 291/295/4 283/288/4
f 283/288/4 291/295/4 292/296/4 284/289/4
f 284/289/4 292/296/4 293/297/4 285/290/4
f 285/290/4 293/297/4 294/298/4 286/291/4
f 286/291/4 294/298/4 295/299/4 287/292/4
f 287/292/4 295/299/4 296/13/4 288/228/4
f 81/12/4 6/11/4 97/300/4 289/293/4
f 289/293/4 97/300/4 98/301/4 290/294/4
f 290/294/4 98/301/4 99/302/4 291/295/4
f 291/295/4 99/302/4 100/303/4 292/296/4
f 292/296/4 100/303/4 101/304/4 293/297/4
f 293/297/4 101/304/4 102/305/4 294/298/4
f 294/298/4 102/305/4 103/306/4 295/299/4
f 295/299/4 103/306/4 104/14/4 296/13/4
f 65/18/3 304/307/3 88/230/3 5/19/3
f 304/307/3 312/308/3 87/245/3 88/230/3
f 312/308/3 320/309/3 86/253/3 87/245/3
f 320/309/3 328/310/3 85/261/3 86/253/3
f 328/310/3 336/311/3 84/269/3 85/261/3
f 336/311/3 344/312/3 83/277/3 84/269/3
f 344/312/3 352/313/3 82/285/3 83/277/3
f 352/313/3 360/9/3 81/12/3 82/285/3
f 7/206/3 64/314/3 297/315/3 72/207/3
f 72/207/3 297/315/3 298/316/3 71/208/3
f 71/208/3 298/316/3 299/317/3 70/209/3
f 70/209/3 299/317/3 300/318/3 69/210/3
f 69/210/3 300/318/3 301/319/3 68/211/3
f 68/211/3 301/319/3 302/320/3 67/212/3
f 67/212/3 302/320/3 303/321/3 66/213/3
f 66/213/3 303/321/3 304/307/3 65/18/3
f 64/314/3 63/322/3 305/323/3 297/315/3
f 297/315/3 305/323/3 306/324/3 298/316/3
f 298/316/3 306/324/3 307/325/3 299/317/3
f 299/317/3 307/325/3 308/326/3 300/318/3
f 300/318/3 308/326/3 309/327/3 301/319/3
f 301/319/3 309/327/3 310/328/3 302/320/3
f 302/320/3 310/328/3 311/329/3 303/321/3
f 303/321/3 311/329/3 312/308/3 304/307/3
f 63/322/3 62/330/3 313/331/3 305/323/3
f 305/323/3 313/331/3 314/332/3 306/324/3
f 306/324/3 314/332/3 315/333/3 307/325/3
f 307/325/3 315/333/3 316/334/3 308/326/3
f 308/326/3 316/334/3 317/335/3 309/327/3
f 309/327/3 317/335/3 318/336/3 310/328/3
f 310/328/3 318/336/3 319/337/3 311/329/3
f 311/329/3 319/337/3 320/309/3 312/308/3
f 62/330/3 61/338/3 321/339/3 313/331/3
f 313/331/3 321/339/3 322/340/3 314/332/3
f 314/332/3 322/340/3 323/341/3 315/333/3
f 315/333/3 323/341/3 324/342/3 316/334/3
f 316/334/3 324/342/3 325/343/3 317/335/3
f 317/335/3 325/343/3 326/344/3 318/336/3
f 318/336/3 326/344/3 327/345/3 319/337/3
f 319/337/3 327/345/3 328/310/3 320/309/3
f 61/338/3 60/346/3 329/347/3 321/339/3
f 321/339/3 329/347/3 330/348/3 322/340/3
f 322/340/3 330/348/3 331/349/3 323/341/3
f 323/341/3 331/349/3 332/350/3 324/342/3
f 324/342/3 332/350/3 333/351/3 325/343/3
f 325/343/3 333/351/3 334/352/3 326/344/3
f 326/344/3 334/352/3 335/353/3 327/345/3
f 327/345/3 335/353/3 336/311/3 328/310/3
f 60/346/3 59/354/3 337/355/3 329/347/3
f 329/347/3 337/355/3 338/356/3 330/348/3
f 330/348/3 338/356/3 339/357/3 331/349/3
f 331/349/3 339/357/3 340/358/3 332/350/3
f 332/350/3 340/358/3 341/359/3 333/351/3
f 333/351/3 341/359/3 342/360/3 334/352/3
f 334/352/3 342/360/3 343/361/3 335/353/3
f 335/353/3 343/361/3 344/312/3 336/311/3
f 59/354/3 58/362/3 345/363/3 337/355/3
f 337/355/3 345/363/3 346/364/3 338/356/3
f 338/356/3 346/364/3 347/365/3 339/357/3
f 339/357/3 347/365/3 348/366/3 340/358/3
f 340/358/3 348/366/3 349/367/3 341/359/3
f 341/359/3 349/367/3 350/368/3 342/360/3
f 342/360/3 350/368/3 351/369/3 343/361/3
f 343/361/3 351/369/3 352/313/3 344/312/3
f 58/362/3 57/8/3 353/370/3 345/363/3
f 345/363/3 353/370/3 354/371/3 346/364/3
f 346/364/3 354/371/3 355/372/3 347/365/3
f 347/365/3 355/372/3 356/373/3 348/366/3
f 348/366/3 356/373/3 357/374/3 349/367/3
f 349/367/3 357/374/3 358/375/3 350/368/3
f 350/368/3 358/375/3 359/376/3 351/369/3
f 351/369/3 359/376/3 360/9/3 352/313/3
f 57/8/3 8/7/3 73/41/3 353/370/3
f 353/370/3 73/41/3 74/43/3 354/371/3
f 354/371/3 74/43/3 75/45/3 355/372/3
f 355/372/3 75/45/3 76/47/3 356/373/3
f 356/373/3 76/47/3 77/49/3 357/374/3
f 357/374/3 77/49/3 78/51/3 358/375/3
f 358/375/3 78/51/3 79/53/3 359/376/3
f 359/376/3 79/53/3 80/10/3 360/9/3
f 41/377/2 368/378/2 64/314/2 7/206/2
f 368/378/2 376/379/2 63/322/2 64/314/2
f 376/379/2 384/380/2 62/330/2 63/322/2
f 384/380/2 392/381/2 61/338/2 62/330/2
f 392/381/2 400/382/2 60/346/2 61/338/2
f 400/382/2 408/383/2 59/354/2 60/346/2
f 408/383/2 416/384/2 58/362/2 59/354/2
f 416/384/2 424/5/2 57/8/2 58/362/2
f 3/385/2 40/386/2 361/387/2 48/388/2
f 48/388/2 361/387/2 362/389/2 47/390/2
f 47/390/2 362/389/2 363/391/2 46/392/2
f 46/392/2 363/391/2 364/393/2 45/394/2
f 45/394/2 364/393/2 365/395/2 44/396/2
f 44/396/2 365/395/2 366/397/2 43/398/2
f 43/398/2 366/397/2 367/399/2 42/400/2
f 42/400/2 367/399/2 368/378/2 41/377/2
f 40/386/2 39/401/2 369/402/2 361/387/2
f 361/387/2 369/402/2 370/403/2 362/389/2
f 362/389/2 370/403/2 371/404/2 363/391/2
f 363/391/2 371/404/2 372/405/2 364/393/2
f 364/393/2 372/405/2 373/406/2 365/395/2
f 365/395/2 373/406/2 374/407/2 366/397/2
f 366/397/2 374/407/2 375/408/2 367/399/2
f 367/399/2 375/408/2 376/379/2 368/378/2
f 39/401/2 38/409/2 377/410/2 369/402/2
f 369/402/2 377/410/2 378/411/2 370/403/2
f 370/403/2 378/411/2 379/412/2 371/404/2
f 371/404/2 379/412/2 380/413/2 372/405/2
f 372/405/2 380/413/2 381/414/2 373/406/2
f 373/406/2 381/414/2 382/415/2 374/407/2
f 374/407/2 382/415/2 383/416/2 375/408/2
f 375/408/2 383/416/2 384/380/2 376/379/2
f 38/409/2 37/417/2 385/418/2 377/410/2
f 377/410/2 385/418/2 386/419/2 378/411/2
f 378/411/2 386/419/2 387/420/2 379/412/2
f 379/412/2 387/420/2 388/421/2 380/413/2
f 380/413/2 388/421/2 389/422/2 381/414/2
f 381/414/2 389/422/2 390/423/2 382/415/2
f 382/415/2 390/423/2 391/424/2 383/416/2
f 383/416/2 391/424/2 392/381/2 384/380/2
f 37/417/2 36/425/2 393/426/2 385/418/2
f 385/418/2 393/426/2 394/427/2 386/419/2
f 386/419/2 394/427/2 395/428/2 387/420/2
f 387/420/2 395/428/2 396/429/2 388/421/2
f 388/421/2 396/429/2 397/430/2 389/422/2
f 389/422/2 397/430/2 398/431/2 390/423/2
f 390/423/2 398/431/2 399/432/2 391/424/2
f 391/424/2 399/432/2 400/382/2 392/381/2
f 36/425/2 35/433/2 401/434/2 393/426/2
f 393/426/2 401/434/2 402/435/2 394/427/2
f 394/427/2 402/435/2 403/436/2 395/428/2
f 395/428/2 403/436/2 404/437/2 396/429/2
f 396/429/2 404/437/2 405/438/2 397/430/2
f 397/430/2 405/438/2 406/439/2 398/431/2
f 398/431/2 406/439/2 407/440/2 399/432/2
f 399/432/2 407/440/2 408/383/2 400/382/2
f 35/433/2 34/441/2 409/442/2 401/434/2
f 401/434/2 409/442/2 410/443/2 402/435/2
f 402/435/2 410/443/2 411/444/2 403/436/2
f 403/436/2 411/444/2 412/445/2 404/437/2
f 404/437/2 412/445/2 413/446/2 405/438/2
f 405/438/2 413/446/2 414/447/2 406/439/2
f 406/439/2 414/447/2 415/448/2 407/440/2
f 407/440/2 415/448/2 416/384/2 408/383/2
f 34/441/2 33/4/2 417/449/2 409/442/2
f 409/442/2 417/449/2 418/450/2 410/443/2
f 410/443/2 418/450/2 419/451/2 411/444/2
f 411/444/2 419/451/2 420/452/2 412/445/2
f 412/445/2 420/452/2 421/453/2 413/446/2
f 413/446/2 421/453/2 422/454/2 414/447/2
f 414/447/2 422/454/2 423/455/2 415/448/2
f 415/448/2 423/455/2 424/5/2 416/384/2
f 33/4/2 4/3/2 49/456/2 417/449/2
f 417/449/2 49/456/2 50/457/2 418/450/2
f 418/450/2 50/457/2 51/458/2 419/451/2
f 419/451/2 51/458/2 52/459/2 420/452/2
f 420/452/2 52/459/2 53/460/2 421/453/2
f 421/453/2 53/460/2 54/461/2 422/454/2
f 422/454/2 54/461/2 55/462/2 423/455/2
f 423/455/2 55/462/2 56/6/2 424/5/2
f 9/463/1 432/464/1 40/386/1 3/385/1
f 432/464/1 440/465/1 39/401/1 40/386/1
f 440/465/1 448/466/1 38/409/1 39/401/1
f 448/466/1 456/467/1 37/417/1 38/409/1
f 456/467/1 464/468/1 36/425/1 37/417/1
f 464/468/1 472/469/1 35/433/1 36/425/1
f 472/469/1 480/470/1 34/441/1 35/433/1
f 480/470/1 488/1/1 33/4/1 34/441/1
f 1/471/1 17/472/1 425/473/1 16/474/1
f 16/474/1 425/473/1 426/475/1 15/476/1
f 15/476/1 426/475/1 427/477/1 14/478/1
f 14/478/1 427/477/1 428/479/1 13/480/1
f 13/480/1 428/479/1 429/481/1 12/482/1
f 12/482/1 429/481/1 430/483/1 11/484/1
f 11/484/1 430/483/1 431/485/1 10/486/1
f 10/486/1 431/485/1 432/464/1 9/463/1
f 17/472/1 18/487/1 433/488/1 425/473/1
f 425/473/1 433/488/1 434/489/1 426/475/1
f 426/475/1 434/489/1 435/490/1 427/477/1
f 427/477/1 435/490/1 436/491/1 428/479/1
f 428/479/1 436/491/1 437/492/1 429/481/1
f 429/481/1 437/492/1 438/493/1 430/483/1
f 430/483/1 438/493/1 439/494/1 431/485/1
f 431/485/1 439/494/1 440/465/1 432/464/1
f 18/487/1 19/495/1 441/496/1 433/488/1
f 433/488/1 441/496/1 442/497/1 434/489/1
f 434/489/1 442/497/1 443/498/1 435/490/1
f 435/490/1 443/498/1 444/499/1 436/491/1
f 436/491/1 444/499/1 445/500/1 437/492/1
f 437/492/1 445/500/1 446/501/1 438/493/1
f 438/493/1 446/501/1 447/502/1 439/494/1
f 439/494/1 447/502/1 448/466/1 440/465/1
f 19/495/1 20/503/1 449/504/1 441/496/1
f 441/496/1 449/504/1 450/505/1 442/497/1
f 442/497/1 450/505/1 451/506/1 443/498/1
f 443/498/1 451/506/1 452/507/1 444/499/1
f 444/499/1 452/507/1 453/508/1 445/500/1
f 445/500/1 453/508/1 454/509/1 446/501/1
f 446/501/1 454/509/1 455/510/1 447/502/1
f 447/502/1 455/510/1 456/467/1 448/466/1
f 20/503/1 21/511/1 457/512/1 449/504/1
f 449/504/1 457/512/1 458/513/1 450/505/1
f 450/505/1 458/513/1 459/514/1 451/506/1
f 451/506/1 459/514/1 460/515/1 452/507/1
f 452/507/1 460/515/1 461/516/1 453/508/1
f 453/508/1 461/516/1 462/517/1 454/509/1
f 454/509/1 462/517/1 463/518/1 455/510/1
f 455/510/1 463/518/1 464/468/1 456/467/1
f 21/511/1 22/519/1 465/520/1 457/512/1
f 457/512/1 465/520/1 466/521/1 458/513/1
f 458/513/1 466/521/1 467/522/1 459/514/1
f 459/514/1 467/522/1 468/523/1 460/515/1
f 460/515/1 468/523/1 469/524/1 461/516/1
f 461/516/1 469/524/1 470/525/1 462/517/1
f 462/517/1 470/525/1 471/526/1 463/518/1
f 463/518/1 471/526/1 472/469/1 464/468/1
f 22/519/1 23/527/1 473/528/1 465/520/1
f 465/520/1 473/528/1 474/529/1 466/521/1
f 466/521/1 474/529/1 475/530/1 467/522/1
f 467/522/1 475/530/1 476/531/1 468/523/1
f 468/523/1 476/531/1 477/532/1 469/524/1
f 469/524/1 477/532/1 478/533/1 470/525/1
f 470/525/1 478/533/1 479/534/1 471/526/1
f 471/526/1 479/534/1 480/470/1 472/469/1
f 23/527/1 24/535/1 481/536/1 473/528/1
f 473/528/1 481/536/1 482/537/1 474/529/1
f 474/529/1 482/537/1 483/538/1 475/530/1
f 475/530/1 483/538/1 484/539/1 476/531/1
f 476/531/1 484/539/1 485/540/1 477/532/1
f 477/532/1 485/540/1 486/541/1 478/533/1
f 478/533/1 486/541/1 487/542/1 479/534/1
f 479/534/1 487/542/1 488/1/1 480/470/1
f 24/535/1 2/543/1 25/544/1 481/536/1
f 481/536/1 25/544/1 26/545/1 482/537/1
f 482/537/1 26/545/1 27/546/1 483/538/1
f 483/538/1 27/546/1 28/547/1 484/539/1
f 484/539/1 28/547/1 29/548/1 485/540/1
f 485/540/1 29/548/1 30/549/1 486/541/1
f 486/541/1 30/549/1 31/550/1 487/542/1
f 487/542/1 31/550/1 32/2/1 488/1/1
f 976/1/7 520/2/7 492/3/7 521/4/7
f 912/5/8 544/6/8 496/7/8 545/8/8
f 848/9/9 568/10/9 494/11/9 569/12/9
f 784/13/10 592/14/10 490/15/10 512/16/10
f 720/17/5 553/18/5 493/19/5 584/20/5
f 656/21/6 513/22/6 490/23/6 592/24/6
f 568/10/6 600/25/6 585/26/6 494/11/6
f 600/25/6 608/27/6 586/28/6 585/26/6
f 608/27/6 616/29/6 587/30/6 586/28/6
f 616/29/6 624/31/6 588/32/6 587/30/6
f 624/31/6 632/33/6 589/34/6 588/32/6
f 632/33/6 640/35/6 590/36/6 589/34/6
f 640/35/6 648/37/6 591/38/6 590/36/6
f 648/37/6 656/21/6 592/24/6 591/38/6
f 496/7/6 544/39/6 593/40/6 561/41/6
f 561/41/6 593/40/6 594/42/6 562/43/6
f 562/43/6 594/42/6 595/44/6 563/45/6
f 563/45/6 595/44/6 596/46/6 564/47/6
f 564/47/6 596/46/6 597/48/6 565/49/6
f 565/49/6 597/48/6 598/50/6 566/51/6
f 566/51/6 598/50/6 599/52/6 567/53/6
f 567/53/6 599/52/6 600/25/6 568/10/6
f 544/39/6 543/54/6 601/55/6 593/40/6
f 593/40/6 601/55/6 602/56/6 594/42/6
f 594/42/6 602/56/6 603/57/6 595/44/6
f 595/44/6 603/57/6 604/58/6 596/46/6
f 596/46/6 604/58/6 605/59/6 597/48/6
f 597/48/6 605/59/6 606/60/6 598/50/6
f 598/50/6 606/60/6 607/61/6 599/52/6
f 599/52/6 607/61/6 608/27/6 600/25/6
f 543/54/6 542/62/6 609/63/6 601/55/6
f 601/55/6 609/63/6 610/64/6 602/56/6
f 602/56/6 610/64/6 611/65/6 603/57/6
f 603/57/6 611/65/6 612/66/6 604/58/6
f 604/58/6 612/66/6 613/67/6 605/59/6
f 605/59/6 613/67/6 614/68/6 606/60/6
f 606/60/6 614/68/6 615/69/6 607/61/6
f 607/61/6 615/69/6 616/29/6 608/27/6
f 542/62/6 541/70/6 617/71/6 609/63/6
f 609/63/6 617/71/6 618/72/6 610/64/6
f 610/64/6 618/72/6 619/73/6 611/65/6
f 611/65/6 619/73/6 620/74/6 612/66/6
f 612/66/6 620/74/6 621/75/6 613/67/6
f 613/67/6 621/75/6 622/76/6 614/68/6
f 614/68/6 622/76/6 623/77/6 615/69/6
f 615/69/6 623/77/6 624/31/6 616/29/6
f 541/70/6 540/78/6 625/79/6 617/71/6
f 617/71/6 625/79/6 626/80/6 618/72/6
f 618/72/6 626/80/6 627/81/6 619/73/6
f 619/73/6 627/81/6 628/82/6 620/74/6
f 620/74/6 628/82/6 629/83/6 621/75/6
f 621/75/6 629/83/6 630/84/6 622/76/6
f 622/76/6 630/84/6 631/85/6 623/77/6
f 623/77/6 631/85/6 632/33/6 624/31/6
f 540/78/6 539/86/6 633/87/6 625/79/6
f 625/79/6 633/87/6 634/88/6 626/80/6
f 626/80/6 634/88/6 635/89/6 627/81/6
f 627/81/6 635/89/6 636/90/6 628/82/6
f 628/82/6 636/90/6 637/91/6 629/83/6
f 629/83/6 637/91/6 638/92/6 630/84/6
f 630/84/6 638/92/6 639/93/6 631/85/6
f 631/85/6 639/93/6 640/35/6 632/33/6
f 539/86/6 538/94/6 641/95/6 633/87/6
f 633/87/6 641/95/6 642/96/6 634/88/6
f 634/88/6 642/96/6 643/97/6 635/89/6
f 635/89/6 643/97/6 644/98/6 636/90/6
f 636/90/6 644/98/6 645/99/6 637/91/6
f 637/91/6 645/99/6 646/100/6 638/92/6
f 638/92/6 646/100/6 647/101/6 639/93/6
f 639/93/6 647/101/6 648/37/6 640/35/6
f 538/94/6 537/102/6 649/103/6 641/95/6
f 641/95/6 649/103/6 650/104/6 642/96/6
f 642/96/6 650/104/6 651/105/6 643/97/6
f 643/97/6 651/105/6 652/106/6 644/98/6
f 644/98/6 652/106/6 653/107/6 645/99/6
f 645/99/6 653/107/6 654/108/6 646/100/6
f 646/100/6 654/108/6 655/109/6 647/101/6
f 647/101/6 655/109/6 656/21/6 648/37/6
f 537/102/6 492/110/6 520/111/6 649/103/6
f 649/103/6 520/111/6 519/112/6 650/104/6
f 650/104/6 519/112/6 518/113/6 651/105/6
f 651/105/6 518/113/6 517/114/6 652/106/6
f 652/106/6 517/114/6 516/115/6 653/107/6
f 653/107/6 516/115/6 515/116/6 654/108/6
f 654/108/6 515/116/6 514/117/6 655/109/6
f 655/109/6 514/117/6 513/22/6 656/21/6
f 504/118/5 664/119/5 577/120/5 489/121/5
f 664/119/5 672/122/5 578/123/5 577/120/5
f 672/122/5 680/124/5 579/125/5 578/123/5
f 680/124/5 688/126/5 580/127/5 579/125/5
f 688/126/5 696/128/5 581/129/5 580/127/5
f 696/128/5 704/130/5 582/131/5 581/129/5
f 704/130/5 712/132/5 583/133/5 582/131/5
f 712/132/5 720/17/5 584/20/5 583/133/5
f 491/134/5 536/135/5 657/136/5 497/137/5
f 497/137/5 657/136/5 658/138/5 498/139/5
f 498/139/5 658/138/5 659/140/5 499/141/5
f 499/141/5 659/140/5 660/142/5 500/143/5
f 500/143/5 660/142/5 661/144/5 501/145/5
f 501/145/5 661/144/5 662/146/5 502/147/5
f 502/147/5 662/146/5 663/148/5 503/149/5
f 503/149/5 663/148/5 664/119/5 504/118/5
f 536/135/5 535/150/5 665/151/5 657/136/5
f 657/136/5 665/151/5 666/152/5 658/138/5
f 658/138/5 666/152/5 667/153/5 659/140/5
f 659/140/5 667/153/5 668/154/5 660/142/5
f 660/142/5 668/154/5 669/155/5 661/144/5
f 661/144/5 669/155/5 670/156/5 662/146/5
f 662/146/5 670/156/5 671/157/5 663/148/5
f 663/148/5 671/157/5 672/122/5 664/119/5
f 535/150/5 534/158/5 673/159/5 665/151/5
f 665/151/5 673/159/5 674/160/5 666/152/5
f 666/152/5 674/160/5 675/161/5 667/153/5
f 667/153/5 675/161/5 676/162/5 668/154/5
f 668/154/5 676/162/5 677/163/5 669/155/5
f 669/155/5 677/163/5 678/164/5 670/156/5
f 670/156/5 678/164/5 679/165/5 671/157/5
f 671/157/5 679/165/5 680/124/5 672/122/5
f 534/158/5 533/166/5 681/167/5 673/159/5
f 673/159/5 681/167/5 682/168/5 674/160/5
f 674/160/5 682/168/5 683/169/5 675/161/5
f 675/161/5 683/169/5 684/170/5 676/162/5
f 676/162/5 684/170/5 685/171/5 677/163/5
f 677/163/5 685/171/5 686/172/5 678/164/5
f 678/164/5 686/172/5 687/173/5 679/165/5
f 679/165/5 687/173/5 688/126/5 680/124/5
f 533/166/5 532/174/5 689/175/5 681/167/5
f 681/167/5 689/175/5 690/176/5 682/168/5
f 682/168/5 690/176/5 691/177/5 683/169/5
f 683/169/5 691/177/5 692/178/5 684/170/5
f 684/170/5 692/178/5 693/179/5 685/171/5
f 685/171/5 693/179/5 694/180/5 686/172/5
f 686/172/5 694/180/5 695/181/5 687/173/5
f 687/173/5 695/181/5 696/128/5 688/126/5
f 532/174/5 531/182/5 697/183/5 689/175/5
f 689/175/5 697/183/5 698/184/5 690/176/5
f 690/176/5 698/184/5 699/185/5 691/177/5
f 691/177/5 699/185/5 700/186/5 692/178/5
f 692/178/5 700/186/5 701/187/5 693/179/5
f 693/179/5 701/187/5 702/188/5 694/180/5
f 694/180/5 702/188/5 703/189/5 695/181/5
f 695/181/5 703/189/5 704/130/5 696/128/5
f 531/182/5 530/190/5 705/191/5 697/183/5
f 697/183/5 705/191/5 706/192/5 698/184/5
f 698/184/5 706/192/5 707/193/5 699/185/5
f 699/185/5 707/193/5 708/194/5 700/186/5
f 700/186/5 708/194/5 709/195/5 701/187/5
f 701/187/5 709/195/5 710/196/5 702/188/5
f 702/188/5 710/196/5 711/197/5 703/189/5
f 703/189/5 711/197/5 712/132/5 704/130/5
f 530/190/5 529/198/5 713/199/5 705/191/5
f 705/191/5 713/199/5 714/200/5 706/192/5
f 706/192/5 714/200/5 715/201/5 707/193/5
f 707/193/5 715/201/5 716/202/5 708/194/5
f 708/194/5 716/202/5 717/203/5 709/195/5
f 709/195/5 717/203/5 718/204/5 710/196/5
f 710/196/5 718/204/5 719/205/5 711/197/5
f 711/197/5 719/205/5 720/17/5 712/132/5
f 529/198/5 495/206/5 560/207/5 713/199/5
f 713/199/5 560/207/5 559/208/5 714/200/5
f 714/200/5 559/208/5 558/209/5 715/201/5
f 715/201/5 558/209/5 557/210/5 716/202/5
f 716/202/5 557/210/5 556/211/5 717/203/5
f 717/203/5 556/211/5 555/212/5 718/204/5
f 718/204/5 555/212/5 554/213/5 719/205/5
f 719/205/5 554/213/5 553/18/5 720/17/5
f 577/214/10 728/215/10 505/216/10 489/217/10
f 728/215/10 736/218/10 506/219/10 505/216/10
f 736/218/10 744/220/10 507/221/10 506/219/10
f 744/220/10 752/222/10 508/223/10 507/221/10
f 752/222/10 760/224/10 509/225/10 508/223/10
f 760/224/10 768/226/10 510/227/10 509/225/10
f 768/226/10 776/228/10 511/229/10 510/227/10
f 776/228/10 784/13/10 512/16/10 511/229/10
f 493/19/10 576/230/10 721/231/10 584/232/10
f 584/232/10 721/231/10 722/233/10 583/234/10
f 583/234/10 722/233/10 723/235/10 582/236/10
f 582/236/10 723/235/10 724/237/10 581/238/10
f 581/238/10 724/237/10 725/239/10 580/240/10
f 580/240/10 725/239/10 726/241/10 579/242/10
f 579/242/10 726/241/10 727/243/10 578/244/10
f 578/244/10 727/243/10 728/215/10 577/214/10
f 576/230/10 575/245/10 729/246/10 721/231/10
f 721/231/10 729/246/10 730/247/10 722/233/10
f 722/233/10 730/247/10 731/248/10 723/235/10
f 723/235/10 731/248/10 732/249/10 724/237/10
f 724/237/10 732/249/10 733/250/10 725/239/10
f 725/239/10 733/250/10 734/251/10 726/241/10
f 726/241/10 734/251/10 735/252/10 727/243/10
f 727/243/10 735/252/10 736/218/10 728/215/10
f 575/245/10 574/253/10 737/254/10 729/246/10
f 729/246/10 737/254/10 738/255/10 730/247/10
f 730/247/10 738/255/10 739/256/10 731/248/10
f 731/248/10 739/256/10 740/257/10 732/249/10
f 732/249/10 740/257/10 741/258/10 733/250/10
f 733/250/10 741/258/10 742/259/10 734/251/10
f 734/251/10 742/259/10 743/260/10 735/252/10
f 735/252/10 743/260/10 744/220/10 736/218/10
f 574/253/10 573/261/10 745/262/10 737/254/10
f 737/254/10 745/262/10 746/263/10 738/255/10
f 738/255/10 746/263/10 747/264/10 739/256/10
f 739/256/10 747/264/10 748/265/10 740/257/10
f 740/257/10 748/265/10 749/266/10 741/258/10
f 741/258/10 749/266/10 750/267/10 742/259/10
f 742/259/10 750/267/10 751/268/10 743/260/10
f 743/260/10 751/268/10 752/222/10 744/220/10
f 573/261/10 572/269/10 753/270/10 745/262/10
f 745/262/10 753/270/10 754/271/10 746/263/10
f 746/263/10 754/271/10 755/272/10 747/264/10
f 747/264/10 755/272/10 756/273/10 748/265/10
f 748/265/10 756/273/10 757/274/10 749/266/10
f 749/266/10 757/274/10 758/275/10 750/267/10
f 750/267/10 758/275/10 759/276/10 751/268/10
f 751/268/10 759/276/10 760/224/10 752/222/10
f 572/269/10 571/277/10 761/278/10 753/270/10
f 753/270/10 761/278/10 762/279/10 754/271/10
f 754/271/10 762/279/10 763/280/10 755/272/10
f 755/272/10 763/280/10 764/281/10 756/273/10
f 756/273/10 764/281/10 765/282/10 757/274/10
f 757/274/10 765/282/10 766/283/10 758/275/10
f 758/275/10 766/283/10 767/284/10 759/276/10
f 759/276/10 767/284/10 768/226/10 760/224/10
f 571/277/10 570/285/10 769/286/10 761/278/10
f 761/278/10 769/286/10 770/287/10 762/279/10
f 762/279/10 770/287/10 771/288/10 763/280/10
f 763/280/10 771/288/10 772/289/10 764/281/10
f 764/281/10 772/289/10 773/290/10 765/282/10
f 765/282/10 773/290/10 774/291/10 766/283/10
f 766/283/10 774/291/10 775/292/10 767/284/10
f 767/284/10 775/292/10 776/228/10 768/226/10
f 570/285/10 569/12/10 777/293/10 769/286/10
f 769/286/10 777/293/10 778/294/10 770/287/10
f 770/287/10 778/294/10 779/295/10 771/288/10
f 771/288/10 779/295/10 780/296/10 772/289/10
f 772/289/10 780/296/10 781/297/10 773/290/10
f 773/290/10 781/297/10 782/298/10 774/291/10
f 774/291/10 782/298/10 783/299/10 775/292/10
f 775/292/10 783/299/10 784/13/10 776/228/10
f 569/12/10 494/11/10 585/300/10 777/293/10
f 777/293/10 585/300/10 586/301/10 778/294/10
f 778/294/10 586/301/10 587/302/10 779/295/10
f 779/295/10 587/302/10 588/303/10 780/296/10
f 780/296/10 588/303/10 589/304/10 781/297/10
f 781/297/10 589/304/10 590/305/10 782/298/10
f 782/298/10 590/305/10 591/306/10 783/299/10
f 783/299/10 591/306/10 592/14/10 784/13/10
f 553/18/9 792/307/9 576/230/9 493/19/9
f 792/307/9 800/308/9 575/245/9 576/230/9
f 800/308/9 808/309/9 574/253/9 575/245/9
f 808/309/9 816/310/9 573/261/9 574/253/9
f 816/310/9 824/311/9 572/269/9 573/261/9
f 824/311/9 832/312/9 571/277/9 572/269/9
f 832/312/9 840/313/9 570/285/9 571/277/9
f 840/313/9 848/9/9 569/12/9 570/285/9
f 495/206/9 552/314/9 785/315/9 560/207/9
f 560/207/9 785/315/9 786/316/9 559/208/9
f 559/208/9 786/316/9 787/317/9 558/209/9
f 558/209/9 787/317/9 788/318/9 557/210/9
f 557/210/9 788/318/9 789/319/9 556/211/9
f 556/211/9 789/319/9 790/320/9 555/212/9
f 555/212/9 790/320/9 791/321/9 554/213/9
f 554/213/9 791/321/9 792/307/9 553/18/9
f 552/314/9 551/322/9 793/323/9 785/315/9
f 785/315/9 793/323/9 794/324/9 786/316/9
f 786/316/9 794/324/9 795/325/9 787/317/9
f 787/317/9 795/325/9 796/326/9 788/318/9
f 788/318/9 796/326/9 797/327/9 789/319/9
f 789/319/9 797/327/9 798/328/9 790/320/9
f 790/320/9 798/328/9 799/329/9 791/321/9
f 791/321/9 799/329/9 800/308/9 792/307/9
f 551/322/9 550/330/9 801/331/9 793/323/9
f 793/323/9 801/331/9 802/332/9 794/324/9
f 794/324/9 802/332/9 803/333/9 795/325/9
f 795/325/9 803/333/9 804/334/9 796/326/9
f 796/326/9 804/334/9 805/335/9 797/327/9
f 797/327/9 805/335/9 806/336/9 798/328/9
f 798/328/9 806/336/9 807/337/9 799/329/9
f 799/329/9 807/337/9 808/309/9 800/308/9
f 550/330/9 549/338/9 809/339/9 801/331/9
f 801/331/9 809/339/9 810/340/9 802/332/9
f 802/332/9 810/340/9 811/341/9 803/333/9
f 803/333/9 811/341/9 812/342/9 804/334/9
f 804/334/9 812/342/9 813/343/9 805/335/9
f 805/335/9 813/343/9 814/344/9 806/336/9
f 806/336/9 814/344/9 815/345/9 807/337/9
f 807/337/9 815/345/9 816/310/9 808/309/9
f 549/338/9 548/346/9 817/347/9 809/339/9
f 809/339/9 817/347/9 818/348/9 810/340/9
f 810/340/9 818/348/9 819/349/9 811/341/9
f 811/341/9 819/349/9 820/350/9 812/342/9
f 812/342/9 820/350/9 821/351/9 813/343/9
f 813/343/9 821/351/9 822/352/9 814/344/9
f 814/344/9 822/352/9 823/353/9 815/345/9
f 815/345/9 823/353/9 824/311/9 816/310/9
f 548/346/9 547/354/9 825/355/9 817/347/9
f 817/347/9 825/355/9 826/356/9 818/348/9
f 818/348/9 826/356/9 827/357/9 819/349/9
f 819/349/9 827/357/9 828/358/9 820/350/9
f 820/350/9 828/358/9 829/359/9 821/351/9
f 821/351/9 829/359/9 830/360/9 822/352/9
f 822/352/9 830/360/9 831/361/9 823/353/9
f 823/353/9 831/361/9 832/312/9 824/311/9
f 547/354/9 546/362/9 833/363/9 825/355/9
f 825/355/9 833/363/9 834/364/9 826/356/9
f 826/356/9 834/364/9 835/365/9 827/357/9
f 827/357/9 835/365/9 836/366/9 828/358/9
f 828/358/9 836/366/9 837/367/9 829/359/9
f 829/359/9 837/367/9 838/368/9 830/360/9
f 830/360/9 838/368/9 839/369/9 831/361/9
f 831/361/9 839/369/9 840/313/9 832/312/9
f 546/362/9 545/8/9 841/370/9 833/363/9
f 833/363/9 841/370/9 842/371/9 834/364/9
f 834/364/9 842/371/9 843/372/9 835/365/9
f 835/365/9 843/372/9 844/373/9 836/366/9
f 836/366/9 844/373/9 845/374/9 837/367/9
f 837/367/9 845/374/9 846/375/9 838/368/9
f 838/368/9 846/375/9 847/376/9 839/369/9
f 839/369/9 847/376/9 848/9/9 840/313/9
f 545/8/9 496/7/9 561/41/9 841/370/9
f 841/370/9 561/41/9 562/43/9 842/371/9
f 842/371/9 562/43/9 563/45/9 843/372/9
f 843/372/9 563/45/9 564/47/9 844/373/9
f 844/373/9 564/47/9 565/49/9 845/374/9
f 845/374/9 565/49/9 566/51/9 846/375/9
f 846/375/9 566/51/9 567/53/9 847/376/9
f 847/376/9 567/53/9 568/10/9 848/9/9
f 529/377/8 856/378/8 552/314/8 495/206/8
f 856/378/8 864/379/8 551/322/8 552/314/8
f 864/379/8 872/380/8 550/330/8 551/322/8
f 872/380/8 880/381/8 549/338/8 550/330/8
f 880/381/8 888/382/8 548/346/8 549/338/8
f 888/382/8 896/383/8 547/354/8 548/346/8
f 896/383/8 904/384/8 546/362/8 547/354/8
f 904/384/8 912/5/8 545/8/8 546/362/8
f 491/385/8 528/386/8 849/387/8 536/388/8
f 536/388/8 849/387/8 850/389/8 535/390/8
f 535/390/8 850/389/8 851/391/8 534/392/8
f 534/392/8 851/391/8 852/393/8 533/394/8
f 533/394/8 852/393/8 853/395/8 532/396/8
f 532/396/8 853/395/8 854/397/8 531/398/8
f 531/398/8 854/397/8 855/399/8 530/400/8
f 530/400/8 855/399/8 856/378/8 529/377/8
f 528/386/8 527/401/8 857/402/8 849/387/8
f 849/387/8 857/402/8 858/403/8 850/389/8
f 850/389/8 858/403/8 859/404/8 851/391/8
f 851/391/8 859/404/8 860/405/8 852/393/8
f 852/393/8 860/405/8 861/406/8 853/395/8
f 853/395/8 861/406/8 862/407/8 854/397/8
f 854/397/8 862/407/8 863/408/8 855/399/8
f 855/399/8 863/408/8 864/379/8 856/378/8
f 527/401/8 526/409/8 865/410/8 857/402/8
f 857/402/8 865/410/8 866/411/8 858/403/8
f 858/403/8 866/411/8 867/412/8 859/404/8
f 859/404/8 867/412/8 868/413/8 860/405/8
f 860/405/8 868/413/8 869/414/8 861/406/8
f 861/406/8 869/414/8 870/415/8 862/407/8
f 862/407/8 870/415/8 871/416/8 863/408/8
f 863/408/8 871/416/8 872/380/8 864/379/8
f 526/409/8 525/417/8 873/418/8 865/410/8
f 865/410/8 873/418/8 874/419/8 866/411/8
f 866/411/8 874/419/8 875/420/8 867/412/8
f 867/412/8 875/420/8 876/421/8 868/413/8
f 868/413/8 876/421/8 877/422/8 869/414/8
f 869/414/8 877/422/8 878/423/8 870/415/8
f 870/415/8 878/423/8 879/424/8 871/416/8
f 871/416/8 879/424/8 880/381/8 872/380/8
f 525/417/8 524/425/8 881/426/8 873/418/8
f 873/418/8 881/426/8 882/427/8 874/419/8
f 874/419/8 882/427/8 883/428/8 875/420/8
f 875/420/8 883/428/8 884/429/8 876/421/8
f 876/421/8 884/429/8 885/430/8 877/422/8
f 877/422/8 885/430/8 886/431/8 878/423/8
f 878/423/8 886/431/8 887/432/8 879/424/8
f 879/424/8 887/432/8 888/382/8 880/381/8
f 524/425/8 523/433/8 889/434/8 881/426/8
f 881/426/8 889/434/8 890/435/8 882/427/8
f 882/427/8 890/435/8 891/436/8 883/428/8
f 883/428/8 891/436/8 892/437/8 884/429/8
f 884/429/8 892/437/8 893/438/8 885/430/8
f 885/430/8 893/438/8 894/439/8 886/431/8
f 886/431/8 894/439/8 895/440/8 887/432/8
f 887/432/8 895/440/8 896/383/8 888/382/8
f 523/433/8 522/441/8 897/442/8 889/434/8
f 889/434/8 897/442/8 898/443/8 890/435/8
f 890/435/8 898/443/8 899/444/8 891/436/8
f 891/436/8 899/444/8 900/445/8 892/437/8
f 892/437/8 900/445/8 901/446/8 893/438/8
f 893/438/8 901/446/8 902/447/8 894/439/8
f 894/439/8 902/447/8 903/448/8 895/440/8
f 895/440/8 903/448/8 904/384/8 896/383/8
f 522/441/8 521/4/8 905/449/8 897/442/8
f 897/442/8 905/449/8 906/450/8 898/443/8
f 898/443/8 906/450/8 907/451/8 899/444/8
f 899/444/8 907/451/8 908/452/8 900/445/8
f 900/445/8 908/452/8 909/453/8 901/446/8
f 901/446/8 909/453/8 910/454/8 902/447/8
f 902/447/8 910/454/8 911/455/8 903/448/8
f 903/448/8 911/455/8 912/5/8 904/384/8
f 521/4/8 492/3/8 537/456/8 905/449/8
f 905/449/8 537/456/8 538/457/8 906/450/8
f 906/450/8 538/457/8 539/458/8 907/451/8
f 907/451/8 539/458/8 540/459/8 908/452/8
f 908/452/8 540/459/8 541/460/8 909/453/8
f 909/453/8 541/460/8 542/461/8 910/454/8
f 910/454/8 542/461/8 543/462/8 911/455/8
f 911/455/8 543/462/8 544/6/8 912/5/8
f 497/463/7 920/464/7 528/386/7 491/385/7
f 920/464/7 928/465/7 527/401/7 528/386/7
f 928/465/7 936/466/7 526/409/7 527/401/7
f 936/466/7 944/467/7 525/417/7 526/409/7
f 944/467/7 952/468/7 524/425/7 525/417/7
f 952/468/7 960/469/7 523/433/7 524/425/7
f 960/469/7 968/470/7 522/441/7 523/433/7
f 968/470/7 976/1/7 521/4/7 522/441/7
f 489/471/7 505/472/7 913/473/7 504/474/7
f 504/474/7 913/473/7 914/475/7 503/476/7
f 503/476/7 914/475/7 915/477/7 502/478/7
f 502/478/7 915/477/7 916/479/7 501/480/7
f 501/480/7 916/479/7 917/481/7 500/482/7
f 500/482/7 917/481/7 918/483/7 499/484/7
f 499/484/7 918/483/7 919/485/7 498/486/7
f 498/486/7 919/485/7 920/464/7 497/463/7
f 505/472/7 506/487/7 921/488/7 913/473/7
f 913/473/7 921/488/7 922/489/7 914/475/7
f 914/475/7 922/489/7 923/490/7 915/477/7
f 915/477/7 923/490/7 924/491/7 916/479/7
f 916/479/7 924/491/7 925/492/7 917/481/7
f 917/481/7 925/492/7 926/493/7 918/483/7
f 918/483/7 926/493/7 927/494/7 919/485/7
f 919/485/7 927/494/7 928/465/7 920/464/7
f 506/487/7 507/495/7 929/496/7 921/488/7
f 921/488/7 929/496/7 930/497/7 922/489/7
f 922/489/7 930/497/7 931/498/7 923/490/7
f 923/490/7 931/498/7 932/499/7 924/491/7
f 924/491/7 932/499/7 933/500/7 925/492/7
f 925/492/7 933/500/7 934/501/7 926/493/7
f 926/493/7 934/501/7 935/502/7 927/494/7
f 927/494/7 935/502/7 936/466/7 928/465/7
f 507/495/7 508/503/7 937/504/7 929/496/7
f 929/496/7 937/504/7 938/505/7 930/497/7
f 930/497/7 938/505/7 939/506/7 931/498/7
f 931/498/7 939/506/7 940/507/7 932/499/7
f 932/499/7 940/507/7 941/508/7 933/500/7
f 933/500/7 941/508/7 942/509/7 934/501/7
f 934/501/7 942/509/7 943/510/7 935/502/7
f 935/502/7 943/510/7 944/467/7 936/466/7
f 508/503/7 509/511/7 945/512/7 937/504/7
f 937/504/7 945/512/7 946/513/7 938/505/7
f 938/505/7 946/513/7 947/514/7 939/506/7
f 939/506/7 947/514/7 948/515/7 940/507/7
f 940/507/7 948/515/7 949/516/7 941/508/7
f 941/508/7 949/516/7 950/517/7 942/509/7
f 942/509/7 950/517/7 951/518/7 943/510/7
f 943/510/7 951/518/7 952/468/7 944/467/7
f 509/511/7 510/519/7 953/520/7 945/512/7
f 945/512/7 953/520/7 954/521/7 946/513/7
f 946/513/7 954/521/7 955/522/7 947/514/7
f 947/514/7 955/522/7 956/523/7 948/515/7
f 948/515/7 956/523/7 957/524/7 949/516/7
f 949/516/7 957/524/7 958/525/7 950/517/7
f 950/517/7 958/525/7 959/526/7 951/518/7
f 951/518/7 959/526/7 960/469/7 952/468/7
f 510/519/7 511/527/7 961/528/7 953/520/7
f 953/520/7 961/528/7 962/529/7 954/521/7
f 954/521/7 962/529/7 963/530/7 955/522/7
f 955/522/7 963/530/7 964/531/7 956/523/7
f 956/523/7 964/531/7 965/532/7 957/524/7
f 957/524/7 965/532/7 966/533/7 958/525/7
f 958/525/7 966/533/7 967/534/7 959/526/7
f 959/526/7 967/534/7 968/470/7 960/469/7
f 511/527/7 512/535/7 969/536/7 961/528/7
f 961/528/7 969/536/7 970/537/7 962/529/7
f 962/529/7 970/537/7 971/538/7 963/530/7
f 963/530/7 971/538/7 972/539/7 964/531/7
f 964/531/7 972/539/7 973/540/7 965/532/7
f 965/532/7 973/540/7 974/541/7 966/533/7
f 966/533/7 974/541/7 975/542/7 967/534/7
f 967/534/7 975/542/7 976/1/7 968/470/7
f 512/535/7 490/543/7 513/544/7 969/536/7
f 969/536/7 513/544/7 514/545/7 970/537/7
f 970/537/7 514/545/7 515/546/7 971/538/7
f 971/538/7 515/546/7 516/547/7 972/539/7
f 972/539/7 516/547/7 517/548/7 973/540/7
f 973/540/7 517/548/7 518/549/7 974/541/7
f 974/541/7 518/549/7 519/550/7 975/542/7
f 975/542/7 519/550/7 520/2/7 976/1/7
f 1464/1/11 1008/2/11 980/3/11 1009/4/11
f 1400/5/12 1032/6/12 984/7/12 1033/8/12
f 1336/9/13 1056/10/13 982/11/13 1057/12/13
f 1272/13/14 1080/14/14 978/15/14 1000/16/14
f 1208/17/5 1041/18/5 981/19/5 1072/20/5
f 1144/21/6 1001/22/6 978/23/6 1080/24/6
f 1056/10/6 1088/25/6 1073/26/6 982/11/6
f 1088/25/6 1096/27/6 1074/28/6 1073/26/6
f 1096/27/6 1104/29/6 1075/30/6 1074/28/6
f 1104/29/6 1112/31/6 1076/32/6 1075/30/6
f 1112/31/6 1120/33/6 1077/34/6 1076/32/6
f 1120/33/6 1128/35/6 1078/36/6 1077/34/6
f 1128/35/6 1136/37/6 1079/38/6 1078/36/6
f 1136/37/6 1144/21/6 1080/24/6 1079/38/6
f 984/7/6 1032/39/6 1081/40/6 1049/41/6
f 1049/41/6 1081/40/6 1082/42/6 1050/43/6
f 1050/43/6 1082/42/6 1083/44/6 1051/45/6
f 1051/45/6 1083/44/6 1084/46/6 1052/47/6
f 1052/47/6 1084/46/6 1085/48/6 1053/49/6
f 1053/49/6 1085/48/6 1086/50/6 1054/51/6
f 1054/51/6 1086/50/6 1087/52/6 1055/53/6
f 1055/53/6 1087/52/6 1088/25/6 1056/10/6
f 1032/39/6 1031/54/6 1089/55/6 1081/40/6
f 1081/40/6 1089/55/6 1090/56/6 1082/42/6
f 1082/42/6 1090/56/6 1091/57/6 1083/44/6
f 1083/44/6 1091/57/6 1092/58/6 1084/46/6
f 1084/46/6 1092/58/6 1093/59/6 1085/48/6
f 1085/48/6 1093/59/6 1094/60/6 1086/50/6
f 1086/50/6 1094/60/6 1095/61/6 1087/52/6
f 1087/52/6 1095/61/6 1096/27/6 1088/25/6
f 1031/54/6 1030/62/6 1097/63/6 1089/55/6
f 1089/55/6 1097/63/6 1098/64/6 1090/56/6
f 1090/56/6 1098/64/6 1099/65/6 1091/57/6
f 1091/57/6 1099/65/6 1100/66/6 1092/58/6
f 1092/58/6 1100/66/6 1101/67/6 1093/59/6
f 1093/59/6 1101/67/6 1102/68/6 1094/60/6
f 1094/60/6 1102/68/6 1103/69/6 1095/61/6
f 1095/61/6 1103/69/6 1104/29/6 1096/27/6
f 1030/62/6 1029/70/6 1105/71/6 1097/63/6
f 1097/63/6 1105/71/6 1106/72/6 1098/64/6
f 1098/64/6 1106/72/6 1107/73/6 1099/65/6
f 1099/65/6 1107/73/6 1108/74/6 1100/66/6
f 1100/66/6 1108/74/6 1109/75/6 1101/67/6
f 1101/67/6 1109/75/6 1110/76/6 1102/68/6
f 1102/68/6 1110/76/6 1111/77/6 1103/69/6
f 1103/69/6 1111/77/6 1112/31/6 1104/29/6
f 1029/70/6 1028/78/6 1113/79/6 1105/71/6
f 1105/71/6 1113/79/6 1114/80/6 1106/72/6
f 1106/72/6 1114/80/6 1115/81/6 1107/73/6
f 1107/73/6 1115/81/6 1116/82/6 1108/74/6
f 1108/74/6 1116/82/6 1117/83/6 1109/75/6
f 1109/75/6 1117/83/6 1118/84/6 1110/76/6
f 1110/76/6 1118/84/6 1119/85/6 1111/77/6
f 1111/77/6 1119/85/6 1120/33/6 1112/31/6
f 1028/78/6 1027/86/6 1121/87/6 1113/79/6
f 1113/79/6 1121/87/6 1122/88/6 1114/80/6
f 1114/80/6 1122/88/6 1123/89/6 1115/81/6
f 1115/81/6 1123/89/6 1124/90/6 1116/82/6
f 1116/82/6 1124/90/6 1125/91/6 1117/83/6
f 1117/83/6 1125/91/6 1126/92/6 1118/84/6
f 1118/84/6 1126/92/6 1127/93/6 1119/85/6
f 1119/85/6 1127/93/6 1128/35/6 1120/33/6
f 1027/86/6 1026/94/6 1129/95/6 1121/87/6
f 1121/87/6 1129/95/6 1130/96/6 1122/88/6
f 1122/88/6 1130/96/6 1131/97/6 1123/89/6
f 1123/89/6 1131/97/6 1132/98/6 1124/90/6
f 1124/90/6 1132/98/6 1133/99/6 1125/91/6
f 1125/91/6 1133/99/6 1134/100/6 1126/92/6
f 1126/92/6 1134/100/6 1135/101/6 1127/93/6
f 1127/93/6 1135/101/6 1136/37/6 1128/35/6
f 1026/94/6 1025/102/6 1137/103/6 1129/95/6
f 1129/95/6 1137/103/6 1138/104/6 1130/96/6
f 1130/96/6 1138/104/6 1139/105/6 1131/97/6
f 1131/97/6 1139/105/6 1140/106/6 1132/98/6
f 1132/98/6 1140/106/6 1141/107/6 1133/99/6
f 1133/99/6 1141/107/6 1142/108/6 1134/100/6
f 1134/100/6 1142/108/6 1143/109/6 1135/101/6
f 1135/101/6 1143/109/6 1144/21/6 1136/37/6
f 1025/102/6 980/110/6 1008/111/6 1137/103/6
f 1137/103/6 1008/111/6 1007/112/6 1138/104/6
f 1138/104/6 1007/112/6 1006/113/6 1139/105/6
f 1139/105/6 1006/113/6 1005/114/6 1140/106/6
f 1140/106/6 1005/114/6 1004/115/6 1141/107/6
f 1141/107/6 1004/115/6 1003/116/6 1142/108/6
f 1142/108/6 1003/116/6 1002/117/6 1143/109/6
f 1143/109/6 1002/117/6 1001/22/6 1144/21/6
f 992/118/5 1152/119/5 1065/120/5 977/121/5
f 1152/119/5 1160/122/5 1066/123/5 1065/120/5
f 1160/122/5 1168/124/5 1067/125/5 1066/123/5
f 1168/124/5 1176/126/5 1068/127/5 1067/125/5
f 1176/126/5 1184/128/5 1069/129/5 1068/127/5
f 1184/128/5 1192/130/5 1070/131/5 1069/129/5
f 1192/130/5 1200/132/5 1071/133/5 1070/131/5
f 1200/132/5 1208/17/5 1072/20/5 1071/133/5
f 979/134/5 1024/135/5 1145/136/5 985/137/5
f 985/137/5 1145/136/5 1146/138/5 986/139/5
f 986/139/5 1146/138/5 1147/140/5 987/141/5
f 987/141/5 1147/140/5 1148/142/5 988/143/5
f 988/143/5 1148/142/5 1149/144/5 989/145/5
f 989/145/5 1149/144/5 1150/146/5 990/147/5
f 990/147/5 1150/146/5 1151/148/5 991/149/5
f 991/149/5 1151/148/5 1152/119/5 992/118/5
f 1024/135/5 1023/150/5 1153/151/5 1145/136/5
f 1145/136/5 1153/151/5 1154/152/5 1146/138/5
f 1146/138/5 1154/152/5 1155/153/5 1147/140/5
f 1147/140/5 1155/153/5 1156/154/5 1148/142/5
f 1148/142/5 1156/154/5 1157/155/5 1149/144/5
f 1149/144/5 1157/155/5 1158/156/5 1150/146/5
f 1150/146/5 1158/156/5 1159/157/5 1151/148/5
f 1151/148/5 1159/157/5 1160/122/5 1152/119/5
f 1023/150/5 1022/158/5 1161/159/5 1153/151/5
f 1153/151/5 1161/159/5 1162/160/5 1154/152/5
f 1154/152/5 1162/160/5 1163/161/5 1155/153/5
f 1155/153/5 1163/161/5 1164/162/5 1156/154/5
f 1156/154/5 1164/162/5 1165/163/5 1157/155/5
f 1157/155/5 1165/163/5 1166/164/5 1158/156/5
f 1158/156/5 1166/164/5 1167/165/5 1159/157/5
f 1159/157/5 1167/165/5 1168/124/5 1160/122/5
f 1022/158/5 1021/166/5 1169/167/5 1161/159/5
f 1161/159/5 1169/167/5 1170/168/5 1162/160/5
f 1162/160/5 1170/168/5 1171/169/5 1163/161/5
f 1163/161/5 1171/169/5 1172/170/5 1164/162/5
f 1164/162/5 1172/170/5 1173/171/5 1165/163/5
f 1165/163/5 1173/171/5 1174/172/5 1166/164/5
f 1166/164/5 1174/172/5 1175/173/5 1167/165/5
f 1167/165/5 1175/173/5 1176/126/5 1168/124/5
f 1021/166/5 1020/174/5 1177/175/5 1169/167/5
f 1169/167/5 1177/175/5 1178/176/5 1170/168/5
f 1170/168/5 1178/176/5 1179/177/5 1171/169/5
f 1171/169/5 1179/177/5 1180/178/5 1172/170/5
f 1172/170/5 1180/178/5 1181/179/5 1173/171/5
f 1173/171/5 1181/179/5 1182/180/5 1174/172/5
f 1174/172/5 1182/180/5 1183/181/5 1175/173/5
f 1175/173/5 1183/181/5 1184/128/5 1176/126/5
f 1020/174/5 1019/182/5 1185/183/5 1177/175/5
f 1177/175/5 1185/183/5 1186/184/5 1178/176/5
f 1178/176/5 1186/184/5 1187/185/5 1179/177/5
f 1179/177/5 1187/185/5 1188/186/5 1180/178/5
f 1180/178/5 1188/186/5 1189/187/5 1181/179/5
f 1181/179/5 1189/187/5 1190/188/5 1182/180/5
f 1182/180/5 1190/188/5 1191/189/5 1183/181/5
f 1183/181/5 1191/189/5 1192/130/5 1184/128/5
f 1019/182/5 1018/190/5 1193/191/5 1185/183/5
f 1185/183/5 1193/191/5 1194/192/5 1186/184/5
f 1186/184/5 1194/192/5 1195/193/5 1187/185/5
f 1187/185/5 1195/193/5 1196/194/5 1188/186/5
f 1188/186/5 1196/194/5 1197/195/5 1189/187/5
f 1189/187/5 1197/195/5 1198/196/5 1190/188/5
f 1190/188/5 1198/196/5 1199/197/5 1191/189/5
f 1191/189/5 1199/197/5 1200/132/5 1192/130/5
f 1018/190/5 1017/198/5 1201/199/5 1193/191/5
f 1193/191/5 1201/199/5 1202/200/5 1194/192/5
f 1194/192/5 1202/200/5 1203/201/5 1195/193/5
f 1195/193/5 1203/201/5 1204/202/5 1196/194/5
f 1196/194/5 1204/202/5 1205/203/5 1197/195/5
f 1197/195/5 1205/203/5 1206/204/5 1198/196/5
f 1198/196/5 1206/204/5 1207/205/5 1199/197/5
f 1199/197/5 1207/205/5 1208/17/5 1200/132/5
f 1017/198/5 983/206/5 1048/207/5 1201/199/5
f 1201/199/5 1048/207/5 1047/208/5 1202/200/5
f 1202/200/5 1047/208/5 1046/209/5 1203/201/5
f 1203/201/5 1046/209/5 1045/210/5 1204/202/5
f 1204/202/5 1045/210/5 1044/211/5 1205/203/5
f 1205/203/5 1044/211/5 1043/212/5 1206/204/5
f 1206/204/5 1043/212/5 1042/213/5 1207/205/5
f 1207/205/5 1042/213/5 1041/18/5 1208/17/5
f 1065/214/14 1216/215/14 993/216/14 977/217/14
f 1216/215/14 1224/218/14 994/219/14 993/216/14
f 1224/218/14 1232/220/14 995/221/14 994/219/14
f 1232/220/14 1240/222/14 996/223/14 995/221/14
f 1240/222/14 1248/224/14 997/225/14 996/223/14
f 1248/224/14 1256/226/14 998/227/14 997/225/14
f 1256/226/14 1264/228/14 999/229/14 998/227/14
f 1264/228/14 1272/13/14 1000/16/14 999/229/14
f 981/19/14 1064/230/14 1209/231/14 1072/232/14
f 1072/232/14 1209/231/14 1210/233/14 1071/234/14
f 1071/234/14 1210/233/14 1211/235/14 1070/236/14
f 1070/236/14 1211/235/14 1212/237/14 1069/238/14
f 1069/238/14 1212/237/14 1213/239/14 1068/240/14
f 1068/240/14 1213/239/14 1214/241/14 1067/242/14
f 1067/242/14 1214/241/14 1215/243/14 1066/244/14
f 1066/244/14 1215/243/14 1216/215/14 1065/214/14
f 1064/230/14 1063/245/14 1217/246/14 1209/231/14
f 1209/231/14 1217/246/14 1218/247/14 1210/233/14
f 1210/233/14 1218/247/14 1219/248/14 1211/235/14
f 1211/235/14 1219/248/14 1220/249/14 1212/237/14
f 1212/237/14 1220/249/14 1221/250/14 1213/239/14
f 1213/239/14 1221/250/14 1222/251/14 1214/241/14
f 1214/241/14 1222/251/14 1223/252/14 1215/243/14
f 1215/243/14 1223/252/14 1224/218/14 1216/215/14
f 1063/245/14 1062/253/14 1225/254/14 1217/246/14
f 1217/246/14 1225/254/14 1226/255/14 1218/247/14
f 1218/247/14 1226/255/14 1227/256/14 1219/248/14
f 1219/248/14 1227/256/14 1228/257/14 1220/249/14
f 1220/249/14 1228/257/14 1229/258/14 1221/250/14
f 1221/250/14 1229/258/14 1230/259/14 1222/251/14
f 1222/251/14 1230/259/14 1231/260/14 1223/252/14
f 1223/252/14 1231/260/14 1232/220/14 1224/218/14
f 1062/253/14 1061/261/14 1233/262/14 1225/254/14
f 1225/254/14 1233/262/14 1234/263/14 1226/255/14
f 1226/255/14 1234/263/14 1235/264/14 1227/256/14
f 1227/256/14 1235/264/14 1236/265/14 1228/257/14
f 1228/257/14 1236/265/14 1237/266/14 1229/258/14
f 1229/258/14 1237/266/14 1238/267/14 1230/259/14
f 1230/259/14 1238/267/14 1239/268/14 1231/260/14
f 1231/260/14 1239/268/14 1240/222/14 1232/220/14
f 1061/261/14 1060/269/14 1241/270/14 1233/262/14
f 1233/262/14 1241/270/14 1242/271/14 1234/263/14
f 1234/263/14 1242/271/14 1243/272/14 1235/264/14
f 1235/264/14 1243/272/14 1244/273/14 1236/265/14
f 1236/265/14 1244/273/14 1245/274/14 1237/266/14
f 1237/266/14 1245/274/14 1246/275/14 1238/267/14
f 1238/267/14 1246/275/14 1247/276/14 1239/268/14
f 1239/268/14 1247/276/14 1248/224/14 1240/222/14
f 1060/269/14 1059/277/14 1249/278/14 1241/270/14
f 1241/270/14 1249/278/14 1250/279/14 1242/271/14
f 1242/271/14 1250/279/14 1251/280/14 1243/272/14
f 1243/272/14 1251/280/14 1252/281/14 1244/273/14
f 1244/273/14 1252/281/14 1253/282/14 1245/274/14
f 1245/274/14 1253/282/14 1254/283/14 1246/275/14
f 1246/275/14 1254/283/14 1255/284/14 1247/276/14
f 1247/276/14 1255/284/14 1256/226/14 1248/224/14
f 1059/277/14 1058/285/14 1257/286/14 1249/278/14
f 1249/278/14 1257/286/14 1258/287/14 1250/279/14
f 1250/279/14 1258/287/14 1259/288/14 1251/280/14
f 1251/280/14 1259/288/14 1260/289/14 1252/281/14
f 1252/281/14 1260/289/14 1261/290/14 1253/282/14
f 1253/282/14 1261/290/14 1262/291/14 1254/283/14
f 1254/283/14 1262/291/14 1263/292/14 1255/284/14
f 1255/284/14 1263/292/14 1264/228/14 1256/226/14
f 1058/285/14 1057/12/14 1265/293/14 1257/286/14
f 1257/286/14 1265/293/14 1266/294/14 1258/287/14
f 1258/287/14 1266/294/14 1267/295/14 1259/288/14
f 1259/288/14 1267/295/14 1268/296/14 1260/289/14
f 1260/289/14 1268/296/14 1269/297/14 1261/290/14
f 1261/290/14 1269/297/14 1270/298/14 1262/291/14
f 1262/291/14 1270/298/14 1271/299/14 1263/292/14
f 1263/292/14 1271/299/14 1272/13/14 1264/228/14
f 1057/12/14 982/11/14 1073/300/14 1265/293/14
f 1265/293/14 1073/300/14 1074/301/14 1266/294/14
f 1266/294/14 1074/301/14 1075/302/14 1267/295/14
f 1267/295/14 1075/302/14 1076/303/14 1268/296/14
f 1268/296/14 1076/303/14 1077/304/14 1269/297/14
f 1269/297/14 1077/304/14 1078/305/14 1270/298/14
f 1270/298/14 1078/305/14 1079/306/14 1271/299/14
f 1271/299/14 1079/306/14 1080/14/14 1272/13/14
f 1041/18/13 1280/307/13 1064/230/13 981/19/13
f 1280/307/13 1288/308/13 1063/245/13 1064/230/13
f 1288/308/13 1296/309/13 1062/253/13 1063/245/13
f 1296/309/13 1304/310/13 1061/261/13 1062/253/13
f 1304/310/13 1312/311/13 1060/269/13 1061/261/13
f 1312/311/13 1320/312/13 1059/277/13 1060/269/13
f 1320/312/13 1328/313/13 1058/285/13 1059/277/13
f 1328/313/13 1336/9/13 1057/12/13 1058/285/13
f 983/206/13 1040/314/13 1273/315/13 1048/207/13
f 1048/207/13 1273/315/13 1274/316/13 1047/208/13
f 1047/208/13 1274/316/13 1275/317/13 1046/209/13
f 1046/209/13 1275/317/13 1276/318/13 1045/210/13
f 1045/210/13 1276/318/13 1277/319/13 1044/211/13
f 1044/211/13 1277/319/13 1278/320/13 1043/212/13
f 1043/212/13 1278/320/13 1279/321/13 1042/213/13
f 1042/213/13 1279/321/13 1280/307/13 1041/18/13
f 1040/314/13 1039/322/13 1281/323/13 1273/315/13
f 1273/315/13 1281/323/13 1282/324/13 1274/316/13
f 1274/316/13 1282/324/13 1283/325/13 1275/317/13
f 1275/317/13 1283/325/13 1284/326/13 1276/318/13
f 1276/318/13 1284/326/13 1285/327/13 1277/319/13
f 1277/319/13 1285/327/13 1286/328/13 1278/320/13
f 1278/320/13 1286/328/13 1287/329/13 1279/321/13
f 1279/321/13 1287/329/13 1288/308/13 1280/307/13
f 1039/322/13 1038/330/13 1289/331/13 1281/323/13
f 1281/323/13 1289/331/13 1290/332/13 1282/324/13
f 1282/324/13 1290/332/13 1291/333/13 1283/325/13
f 1283/325/13 1291/333/13 1292/334/13 1284/326/13
f 1284/326/13 1292/334/13 1293/335/13 1285/327/13
f 1285/327/13 1293/335/13 1294/336/13 1286/328/13
f 1286/328/13 1294/336/13 1295/337/13 1287/329/13
f 1287/329/13 1295/337/13 1296/309/13 1288/308/13
f 1038/330/13 1037/338/13 1297/339/13 1289/331/13
f 1289/331/13 1297/339/13 1298/340/13 1290/332/13
f 1290/332/13 1298/340/13 1299/341/13 1291/333/13
f 1291/333/13 1299/341/13 1300/342/13 1292/334/13
f 1292/334/13 1300/342/13 1301/343/13 1293/335/13
f 1293/335/13 1301/343/13 1302/344/13 1294/336/13
f 1294/336/13 1302/344/13 1303/345/13 1295/337/13
f 1295/337/13 1303/345/13 1304/310/13 1296/309/13
f 1037/338/13 1036/346/13 1305/347/13 1297/339/13
f 1297/339/13 1305/347/13 1306/348/13 1298/340/13
f 1298/340/13 1306/348/13 1307/349/13 1299/341/13
f 1299/341/13 1307/349/13 1308/350/13 1300/342/13
f 1300/342/13 1308/350/13 1309/351/13 1301/343/13
f 1301/343/13 1309/351/13 1310/352/13 1302/344/13
f 1302/344/13 1310/352/13 1311/353/13 1303/345/13
f 1303/345/13 1311/353/13 1312/311/13 1304/310/13
f 1036/346/13 1035/354/13 1313/355/13 1305/347/13
f 1305/347/13 1313/355/13 1314/356/13 1306/348/13
f 1306/348/13 1314/356/13 1315/357/13 1307/349/13
f 1307/349/13 1315/357/13 1316/358/13 1308/350/13
f 1308/350/13 1316/358/13 1317/359/13 1309/351/13
f 1309/351/13 1317/359/13 1318/360/13 1310/352/13
f 1310/352/13 1318/360/13 1319/361/13 1311/353/13
f 1311/353/13 1319/361/13 1320/312/13 1312/311/13
f 1035/354/13 1034/362/13 1321/363/13 1313/355/13
f 1313/355/13 1321/363/13 1322/364/13 1314/356/13
f 1314/356/13 1322/364/13 1323/365/13 1315/357/13
f 1315/357/13 1323/365/13 1324/366/13 1316/358/13
f 1316/358/13 1324/366/13 1325/367/13 1317/359/13
f 1317/359/13 1325/367/13 1326/368/13 1318/360/13
f 1318/360/13 1326/368/13 1327/369/13 1319/361/13
f 1319/361/13 1327/369/13 1328/313/13 1320/312/13
f 1034/362/13 1033/8/13 1329/370/13 1321/363/13
f 1321/363/13 1329/370/13 1330/371/13 1322/364/13
f 1322/364/13 1330/371/13 1331/372/13 1323/365/13
f 1323/365/13 1331/372/13 1332/373/13 1324/366/13
f 1324/366/13 1332/373/13 1333/374/13 1325/367/13
f 1325/367/13 1333/374/13 1334/375/13 1326/368/13
f 1326/368/13 1334/375/13 1335/376/13 1327/369/13
f 1327/369/13 1335/376/13 1336/9/13 1328/313/13
f 1033/8/13 984/7/13 1049/41/13 1329/370/13
f 1329/370/13 1049/41/13 1050/43/13 1330/371/13
f 1330/371/13 1050/43/13 1051/45/13 1331/372/13
f 1331/372/13 1051/45/13 1052/47/13 1332/373/13
f 1332/373/13 1052/47/13 1053/49/13 1333/374/13
f 1333/374/13 1053/49/13 1054/51/13 1334/375/13
f 1334/375/13 1054/51/13 1055/53/13 1335/376/13
f 1335/376/13 1055/53/13 1056/10/13 1336/9/13
f 1017/377/12 1344/378/12 1040/314/12 983/206/12
f 1344/378/12 1352/379/12 1039/322/12 1040/314/12
f 1352/379/12 1360/380/12 1038/330/12 1039/322/12
f 1360/380/12 1368/381/12 1037/338/12 1038/330/12
f 1368/381/12 1376/382/12 1036/346/12 1037/338/12
f 1376/382/12 1384/383/12 1035/354/12 1036/346/12
f 1384/383/12 1392/384/12 1034/362/12 1035/354/12
f 1392/384/12 1400/5/12 1033/8/12 1034/362/12
f 979/385/12 1016/386/12 1337/387/12 1024/388/12
f 1024/388/12 1337/387/12 1338/389/12 1023/390/12
f 1023/390/12 1338/389/12 1339/391/12 1022/392/12
f 1022/392/12 1339/391/12 1340/393/12 1021/394/12
f 1021/394/12 1340/393/12 1341/395/12 1020/396/12
f 1020/396/12 1341/395/12 1342/397/12 1019/398/12
f 1019/398/12 1342/397/12 1343/399/12 1018/400/12
f 1018/400/12 1343/399/12 1344/378/12 1017/377/12
f 1016/386/12 1015/401/12 1345/402/12 1337/387/12
f 1337/387/12 1345/402/12 1346/403/12 1338/389/12
f 1338/389/12 1346/403/12 1347/404/12 1339/391/12
f 1339/391/12 1347/404/12 1348/405/12 1340/393/12
f 1340/393/12 1348/405/12 1349/406/12 1341/395/12
f 1341/395/12 1349/406/12 1350/407/12 1342/397/12
f 1342/397/12 1350/407/12 1351/408/12 1343/399/12
f 1343/399/12 1351/408/12 1352/379/12 1344/378/12
f 1015/401/12 1014/409/12 1353/410/12 1345/402/12
f 1345/402/12 1353/410/12 1354/411/12 1346/403/12
f 1346/403/12 1354/411/12 1355/412/12 1347/404/12
f 1347/404/12 1355/412/12 1356/413/12 1348/405/12
f 1348/405/12 1356/413/12 1357/414/12 1349/406/12
f 1349/406/12 1357/414/12 1358/415/12 1350/407/12
f 1350/407/12 1358/415/12 1359/416/12 1351/408/12
f 1351/408/12 1359/416/12 1360/380/12 1352/379/12
f 1014/409/12 1013/417/12 1361/418/12 1353/410/12
f 1353/410/12 1361/418/12 1362/419/12 1354/411/12
f 1354/411/12 1362/419/12 1363/420/12 1355/412/12
f 1355/412/12 1363/420/12 1364/421/12 1356/413/12
f 1356/413/12 1364/421/12 1365/422/12 1357/414/12
f 1357/414/12 1365/422/12 1366/423/12 1358/415/12
f 1358/415/12 1366/423/12 1367/424/12 1359/416/12
f 1359/416/12 1367/424/12 1368/381/12 1360/380/12
f 1013/417/12 1012/425/12 1369/426/12 1361/418/12
f 1361/418/12 1369/426/12 1370/427/12 1362/419/12
f 1362/419/12 1370/427/12 1371/428/12 1363/420/12
f 1363/420/12 1371/428/12 1372/429/12 1364/421/12
f 1364/421/12 1372/429/12 1373/430/12 1365/422/12
f 1365/422/12 1373/430/12 1374/431/12 1366/423/12
f 1366/423/12 1374/431/12 1375/432/12 1367/424/12
f 1367/424/12 1375/432/12 1376/382/12 1368/381/12
f 1012/425/12 1011/433/12 1377/434/12 1369/426/12
f 1369/426/12 1377/434/12 1378/435/12 1370/427/12
f 1370/427/12 1378/435/12 1379/436/12 1371/428/12
f 1371/428/12 1379/436/12 1380/437/12 1372/429/12
f 1372/429/12 1380/437/12 1381/438/12 1373/430/12
f 1373/430/12 1381/438/12 1382/439/12 1374/431/12
f 1374/431/12 1382/439/12 1383/440/12 1375/432/12
f 1375/432/12 1383/440/12 1384/383/12 1376/382/12
f 1011/433/12 1010/441/12 1385/442/12 1377/434/12
f 1377/434/12 1385/442/12 1386/443/12 1378/435/12
f 1378/435/12 1386/443/12 1387/444/12 1379/436/12
f 1379/436/12 1387/444/12 1388/445/12 1380/437/12
f 1380/437/12 1388/445/12 1389/446/12 1381/438/12
f 1381/438/12 1389/446/12 1390/447/12 1382/439/12
f 1382/439/12 1390/447/12 1391/448/12 1383/440/12
f 1383/440/12 1391/448/12 1392/384/12 1384/383/12
f 1010/441/12 1009/4/12 1393/449/12 1385/442/12
f 1385/442/12 1393/449/12 1394/450/12 1386/443/12
f 1386/443/12 1394/450/12 1395/451/12 1387/444/12
f 1387/444/12 1395/451/12 1396/452/12 1388/445/12
f 1388/445/12 1396/452/12 1397/453/12 1389/446/12
f 1389/446/12 1397/453/12 1398/454/12 1390/447/12
f 1390/447/12 1398/454/12 1399/455/12 1391/448/12
f 1391/448/12 1399/455/12 1400/5/12 1392/384/12
f 1009/4/12 980/3/12 1025/456/12 1393/449/12
f 1393/449/12 1025/456/12 1026/457/12 1394/450/12
f 1394/450/12 1026/457/12 1027/458/12 1395/451/12
f 1395/451/12 1027/458/12 1028/459/12 1396/452/12
f 1396/452/12 1028/459/12 1029/460/12 1397/453/12
f 1397/453/12 1029/460/12 1030/461/12 1398/454/12
f 1398/454/12 1030/461/12 1031/462/12 1399/455/12
f 1399/455/12 1031/462/12 1032/6/12 1400/5/12
f 985/463/11 1408/464/11 1016/386/11 979/385/11
f 1408/464/11 1416/465/11 1015/401/11 1016/386/11
f 1416/465/11 1424/466/11 1014/409/11 1015/401/11
f 1424/466/11 1432/467/11 1013/417/11 1014/409/11
f 1432/467/11 1440/468/11 1012/425/11 1013/417/11
f 1440/468/11 1448/469/11 1011/433/11 1012/425/11
f 1448/469/11 1456/470/11 1010/441/11 1011/433/11
f 1456/470/11 1464/1/11 1009/4/11 1010/441/11
f 977/471/11 993/472/11 1401/473/11 992/474/11
f 992/474/11 1401/473/11 1402/475/11 991/476/11
f 991/476/11 1402/475/11 1403/477/11 990/478/11
f 990/478/11 1403/477/11 1404/479/11 989/480/11
f 989/480/11 1404/479/11 1405/481/11 988/482/11
f 988/482/11 1405/481/11 1406/483/11 987/484/11
f 987/484/11 1406/483/11 1407/485/11 986/486/11
f 986/486/11 1407/485/11 1408/464/11 985/463/11
f 993/472/11 994/487/11 1409/488/11 1401/473/11
f 1401/473/11 1409/488/11 1410/489/11 1402/475/11
f 1402/475/11 1410/489/11 1411/490/11 1403/477/11
f 1403/477/11 1411/490/11 1412/491/11 1404/479/11
f 1404/479/11 1412/491/11 1413/492/11 1405/481/11
f 1405/481/11 1413/492/11 1414/493/11 1406/483/11
f 1406/483/11 1414/493/11 1415/494/11 1407/485/11
f 1407/485/11 1415/494/11 1416/465/11 1408/464/11
f 994/487/11 995/495/11 1417/496/11 1409/488/11
f 1409/488/11 1417/496/11 1418/497/11 1410/489/11
f 1410/489/11 1418/497/11 1419/498/11 1411/490/11
f 1411/490/11 1419/498/11 1420/499/11 1412/491/11
f 1412/491/11 1420/499/11 1421/500/11 1413/492/11
f 1413/492/11 1421/500/11 1422/501/11 1414/493/11
f 1414/493/11 1422/501/11 1423/502/11 1415/494/11
f 1415/494/11 1423/502/11 1424/466/11 1416/465/11
f 995/495/11 996/503/11 1425/504/11 1417/496/11
f 1417/496/11 1425/504/11 1426/505/11 1418/497/11
f 1418/497/11 1426/505/11 1427/506/11 1419/498/11
f 1419/498/11 1427/506/11 1428/507/11 1420/499/11
f 1420/499/11 1428/507/11 1429/508/11 1421/500/11
f 1421/500/11 1429/508/11 1430/509/11 1422/501/11
f 1422/501/11 1430/509/11 1431/510/11 1423/502/11
f 1423/502/11 1431/510/11 1432/467/11 1424/466/11
f 996/503/11 997/511/11 1433/512/11 1425/504/11
f 1425/504/11 1433/512/11 1434/513/11 1426/505/11
f 1426/505/11 1434/513/11 1435/514/11 1427/506/11
f 1427/506/11 1435/514/11 1436/515/11 1428/507/11
f 1428/507/11 1436/515/11 1437/516/11 1429/508/11
f 1429/508/11 1437/516/11 1438/517/11 1430/509/11
f 1430/509/11 1438/517/11 1439/518/11 1431/510/11
f 1431/510/11 1439/518/11 1440/468/11 1432/467/11
f 997/511/11 998/519/11 1441/520/11 1433/512/11
f 1433/512/11 1441/520/11 1442/521/11 1434/513/11
f 1434/513/11 1442/521/11 1443/522/11 1435/514/11
f 1435/514/11 1443/522/11 1444/523/11 1436/515/11
f 1436/515/11 1444/523/11 1445/524/11 1437/516/11
f 1437/516/11 1445/524/11 1446/525/11 1438/517/11
f 1438/517/11 1446/525/11 1447/526/11 1439/518/11
f 1439/518/11 1447/526/11 1448/469/11 1440/468/11
f 998/519/11 999/527/11 1449/528/11 1441/520/11
f 1441/520/11 1449/528/11 1450/529/11 1442/521/11
f 1442/521/11 1450/529/11 1451/530/11 1443/522/11
f 1443/522/11 1451/530/11 1452/531/11 1444/523/11
f 1444/523/11 1452/531/11 1453/532/11 1445/524/11
f 1445/524/11 1453/532/11 1454/533/11 1446/525/11
f 1446/525/11 1454/533/11 1455/534/11 1447/526/11
f 1447/526/11 1455/534/11 1456/470/11 1448/469/11
f 999/527/11 1000/535/11 1457/536/11 1449/528/11
f 1449/528/11 1457/536/11 1458/537/11 1450/529/11
f 1450/529/11 1458/537/11 1459/538/11 1451/530/11
f 1451/530/11 1459/538/11 1460/539/11 1452/531/11
f 1452/531/11 1460/539/11 1461/540/11 1453/532/11
f 1453/532/11 1461/540/11 1462/541/11 1454/533/11
f 1454/533/11 1462/541/11 1463/542/11 1455/534/11
f 1455/534/11 1463/542/11 1464/1/11 1456/470/11
f 1000/535/11 978/543/11 1001/544/11 1457/536/11
f 1457/536/11 1001/544/11 1002/545/11 1458/537/11
f 1458/537/11 1002/545/11 1003/546/11 1459/538/11
f 1459/538/11 1003/546/11 1004/547/11 1460/539/11
f 1460/539/11 1004/547/11 1005/548/11 1461/540/11
f 1461/540/11 1005/548/11 1006/549/11 1462/541/11
f 1462/541/11 1006/549/11 1007/550/11 1463/542/11
f 1463/542/11 1007/550/11 1008/2/11 1464/1/11
