# Blender 5.1.2
# www.blender.org
mtllib BaselinePointer.mtl
o pointer_fiducial
v 0.025000 0.100000 0.000000
v 0.025000 -0.100000 -0.000000
v 0.024992 0.100000 -0.000614
v 0.024992 -0.100000 -0.000614
v 0.024970 0.100000 -0.001227
v 0.024970 -0.100000 -0.001227
v 0.024932 0.100000 -0.001839
v 0.024932 -0.100000 -0.001839
v 0.024880 0.100000 -0.002450
v 0.024880 -0.100000 -0.002450
v 0.024812 0.100000 -0.003060
v 0.024812 -0.100000 -0.003060
v 0.024729 0.100000 -0.003668
v 0.024729 -0.100000 -0.003668
v 0.024632 0.100000 -0.004274
v 0.024632 -0.100000 -0.004274
v 0.024520 0.100000 -0.004877
v 0.024520 -0.100000 -0.004877
v 0.024393 0.100000 -0.005478
v 0.024393 -0.100000 -0.005478
v 0.024251 0.100000 -0.006075
v 0.024251 -0.100000 -0.006075
v 0.024094 0.100000 -0.006668
v 0.024094 -0.100000 -0.006668
v 0.023924 0.100000 -0.007257
v 0.023924 -0.100000 -0.007257
v 0.023738 0.100000 -0.007842
v 0.023738 -0.100000 -0.007842
v 0.023539 0.100000 -0.008422
v 0.023539 -0.100000 -0.008422
v 0.023325 0.100000 -0.008997
v 0.023325 -0.100000 -0.008997
v 0.023097 0.100000 -0.009567
v 0.023097 -0.100000 -0.009567
v 0.022855 0.100000 -0.010131
v 0.022855 -0.100000 -0.010131
v 0.022600 0.100000 -0.010689
v 0.022600 -0.100000 -0.010689
v 0.022331 0.100000 -0.011240
v 0.022331 -0.100000 -0.011240
v 0.022048 0.100000 -0.011785
v 0.022048 -0.100000 -0.011785
v 0.021752 0.100000 -0.012322
v 0.021752 -0.100000 -0.012322
v 0.021443 0.100000 -0.012853
v 0.021443 -0.100000 -0.012853
v 0.021121 0.100000 -0.013375
v 0.021121 -0.100000 -0.013375
v 0.020787 0.100000 -0.013889
v 0.020787 -0.100000 -0.013889
v 0.020440 0.100000 -0.014395
v 0.020440 -0.100000 -0.014395
v 0.020080 0.100000 -0.014892
v 0.020080 -0.100000 -0.014892
v 0.019709 0.100000 -0.015381
v 0.019709 -0.100000 -0.015381
v 0.019325 0.100000 -0.015860
v 0.019325 -0.100000 -0.015860
v 0.018930 0.100000 -0.016329
v 0.018930 -0.100000 -0.016329
v 0.018524 0.100000 -0.016789
v 0.018524 -0.100000 -0.016789
v 0.018106 0.100000 -0.017239
v 0.018106 -0.100000 -0.017239
v 0.017678 0.100000 -0.017678
v 0.017678 -0.100000 -0.017678
v 0.017239 0.100000 -0.018106
v 0.017239 -0.100000 -0.018106
v 0.016789 0.100000 -0.018524
v 0.016789 -0.100000 -0.018524
v 0.016329 0.100000 -0.018930
v 0.016329 -0.100000 -0.018930
v 0.015860 0.100000 -0.019325
v 0.015860 -0.100000 -0.019325
v 0.015381 0.100000 -0.019709
v 0.015381 -0.100000 -0.019709
v 0.014892 0.100000 -0.020080
v 0.014892 -0.100000 -0.020080
v 0.014395 0.100000 -0.020440
v 0.014395 -0.100000 -0.020440
v 0.013889 0.100000 -0.020787
v 0.013889 -0.100000 -0.020787
v 0.013375 0.100000 -0.021121
v 0.013375 -0.100000 -0.021121
v 0.012853 0.100000 -0.021443
v 0.012853 -0.100000 -0.021443
v 0.012322 0.100000 -0.021752
v 0.012322 -0.100000 -0.021752
v 0.011785 0.100000 -0.022048
v 0.011785 -0.100000 -0.022048
v 0.011240 0.100000 -0.022331
v 0.011240 -0.100000 -0.022331
v 0.010689 0.100000 -0.022600
v 0.010689 -0.100000 -0.022600
v 0.010131 0.100000 -0.022855
v 0.010131 -0.100000 -0.022855
v 0.009567 0.100000 -0.023097
v 0.009567 -0.100000 -0.023097
v 0.008997 0.100000 -0.023325
v 0.008997 -0.100000 -0.023325
v 0.008422 0.100000 -0.023539
v 0.008422 -0.100000 -0.023539
v 0.007842 0.100000 -0.023738
v 0.007842 -0.100000 -0.023738
v 0.007257 0.100000 -0.023924
v 0.007257 -0.100000 -0.023924
v 0.006668 0.100000 -0.024094
v 0.006668 -0.100000 -0.024094
v 0.006075 0.100000 -0.024251
v 0.006075 -0.100000 -0.024251
v 0.005478 0.100000 -0.024393
v 0.005478 -0.100000 -0.024393
v 0.004877 0.100000 -0.024520
v 0.004877 -0.100000 -0.024520
v 0.004274 0.100000 -0.024632
v 0.004274 -0.100000 -0.024632
v 0.003668 0.100000 -0.024729
v 0.003668 -0.100000 -0.024729
v 0.003060 0.100000 -0.024812
v 0.003060 -0.100000 -0.024812
v 0.002450 0.100000 -0.024880
v 0.002450 -0.100000 -0.024880
v 0.001839 0.100000 -0.024932
v 0.001839 -0.100000 -0.024932
v 0.001227 0.100000 -0.024970
v 0.001227 -0.100000 -0.024970
v 0.000614 0.100000 -0.024992
v 0.000614 -0.100000 -0.024992
v 0.000000 0.100000 -0.025000
v -0.000000 -0.100000 -0.025000
v -0.000614 0.100000 -0.024992
v -0.000614 -0.100000 -0.024992
v -0.001227 0.100000 -0.024970
v -0.001227 -0.100000 -0.024970
v -0.001839 0.100000 -0.024932
v -0.001839 -0.100000 -0.024932
v -0.002450 0.100000 -0.024880
v -0.002450 -0.100000 -0.024880
v -0.003060 0.100000 -0.024812
v -0.003060 -0.100000 -0.024812
v -0.003668 0.100000 -0.024729
v -0.003668 -0.100000 -0.024729
v -0.004274 0.100000 -0.024632
v -0.004274 -0.100000 -0.024632
v -0.004877 0.100000 -0.024520
v -0.004877 -0.100000 -0.024520
v -0.005478 0.100000 -0.024393
v -0.005478 -0.100000 -0.024393
v -0.006075 0.100000 -0.024251
v -0.006075 -0.100000 -0.024251
v -0.006668 0.100000 -0.024094
v -0.006668 -0.100000 -0.024094
v -0.007257 0.100000 -0.023924
v -0.007257 -0.100000 -0.023924
v -0.007842 0.100000 -0.023738
v -0.007842 -0.100000 -0.023738
v -0.008422 0.100000 -0.023539
v -0.008422 -0.100000 -0.023539
v -0.008997 0.100000 -0.023325
v -0.008997 -0.100000 -0.023325
v -0.009567 0.100000 -0.023097
v -0.009567 -0.100000 -0.023097
v -0.010131 0.100000 -0.022855
v -0.010131 -0.100000 -0.022855
v -0.010689 0.100000 -0.022600
v -0.010689 -0.100000 -0.022600
v -0.011240 0.100000 -0.022331
v -0.011240 -0.100000 -0.022331
v -0.011785 0.100000 -0.022048
v -0.011785 -0.100000 -0.022048
v -0.012322 0.100000 -0.021752
v -0.012322 -0.100000 -0.021752
v -0.012853 0.100000 -0.021443
v -0.012853 -0.100000 -0.021443
v -0.013375 0.100000 -0.021121
v -0.013375 -0.100000 -0.021121
v -0.013889 0.100000 -0.020787
v -0.013889 -0.100000 -0.020787
v -0.014395 0.100000 -0.020440
v -0.014395 -0.100000 -0.020440
v -0.014892 0.100000 -0.020080
v -0.014892 -0.100000 -0.020080
v -0.015381 0.100000 -0.019709
v -0.015381 -0.100000 -0.019709
v -0.015860 0.100000 -0.019325
v -0.015860 -0.100000 -0.019325
v -0.016329 0.100000 -0.018930
v -0.016329 -0.100000 -0.018930
v -0.016789 0.100000 -0.018524
v -0.016789 -0.100000 -0.018524
v -0.017239 0.100000 -0.018106
v -0.017239 -0.100000 -0.018106
v -0.017678 0.100000 -0.017678
v -0.017678 -0.100000 -0.017678
v -0.018106 0.100000 -0.017239
v -0.018106 -0.100000 -0.017239
v -0.018524 0.100000 -0.016789
v -0.018524 -0.100000 -0.016789
v -0.018930 0.100000 -0.016329
v -0.018930 -0.100000 -0.016329
v -0.019325 0.100000 -0.015860
v -0.019325 -0.100000 -0.015860
v -0.019709 0.100000 -0.015381
v -0.019709 -0.100000 -0.015381
v -0.020080 0.100000 -0.014892
v -0.020080 -0.100000 -0.014892
v -0.020440 0.100000 -0.014395
v -0.020440 -0.100000 -0.014395
v -0.020787 0.100000 -0.013889
v -0.020787 -0.100000 -0.013889
v -0.021121 0.100000 -0.013375
v -0.021121 -0.100000 -0.013375
v -0.021443 0.100000 -0.012853
v -0.021443 -0.100000 -0.012853
v -0.021752 0.100000 -0.012322
v -0.021752 -0.100000 -0.012322
v -0.022048 0.100000 -0.011785
v -0.022048 -0.100000 -0.011785
v -0.022331 0.100000 -0.011240
v -0.022331 -0.100000 -0.011240
v -0.022600 0.100000 -0.010689
v -0.022600 -0.100000 -0.010689
v -0.022855 0.100000 -0.010131
v -0.022855 -0.100000 -0.010131
v -0.023097 0.100000 -0.009567
v -0.023097 -0.100000 -0.009567
v -0.023325 0.100000 -0.008997
v -0.023325 -0.100000 -0.008997
v -0.023539 0.100000 -0.008422
v -0.023539 -0.100000 -0.008422
v -0.023738 0.100000 -0.007842
v -0.023738 -0.100000 -0.007842
v -0.023924 0.100000 -0.007257
v -0.023924 -0.100000 -0.007257
v -0.024094 0.100000 -0.006668
v -0.024094 -0.100000 -0.006668
v -0.024251 0.100000 -0.006075
v -0.024251 -0.100000 -0.006075
v -0.024393 0.100000 -0.005478
v -0.024393 -0.100000 -0.005478
v -0.024520 0.100000 -0.004877
v -0.024520 -0.100000 -0.004877
v -0.024632 0.100000 -0.004274
v -0.024632 -0.100000 -0.004274
v -0.024729 0.100000 -0.003668
v -0.024729 -0.100000 -0.003668
v -0.024812 0.100000 -0.003060
v -0.024812 -0.100000 -0.003060
v -0.024880 0.100000 -0.002450
v -0.024880 -0.100000 -0.002450
v -0.024932 0.100000 -0.001839
v -0.024932 -0.100000 -0.001839
v -0.024970 0.100000 -0.001227
v -0.024970 -0.100000 -0.001227
v -0.024992 0.100000 -0.000614
v -0.024992 -0.100000 -0.000614
v -0.025000 0.100000 0.000000
v -0.025000 -0.100000 -0.000000
v -0.024992 0.100000 0.000614
v -0.024992 -0.100000 0.000614
v -0.024970 0.100000 0.001227
v -0.024970 -0.100000 0.001227
v -0.024932 0.100000 0.001839
v -0.024932 -0.100000 0.001839
v -0.024880 0.100000 0.002450
v -0.024880 -0.100000 0.002450
v -0.024812 0.100000 0.003060
v -0.024812 -0.100000 0.003060
v -0.024729 0.100000 0.003668
v -0.024729 -0.100000 0.003668
v -0.024632 0.100000 0.004274
v -0.024632 -0.100000 0.004274
v -0.024520 0.100000 0.004877
v -0.024520 -0.100000 0.004877
v -0.024393 0.100000 0.005478
v -0.024393 -0.100000 0.005478
v -0.024251 0.100000 0.006075
v -0.024251 -0.100000 0.006075
v -0.024094 0.100000 0.006668
v -0.024094 -0.100000 0.006668
v -0.023924 0.100000 0.007257
v -0.023924 -0.100000 0.007257
v -0.023738 0.100000 0.007842
v -0.023738 -0.100000 0.007842
v -0.023539 0.100000 0.008422
v -0.023539 -0.100000 0.008422
v -0.023325 0.100000 0.008997
v -0.023325 -0.100000 0.008997
v -0.023097 0.100000 0.009567
v -0.023097 -0.100000 0.009567
v -0.022855 0.100000 0.010131
v -0.022855 -0.100000 0.010131
v -0.022600 0.100000 0.010689
v -0.022600 -0.100000 0.010689
v -0.022331 0.100000 0.011240
v -0.022331 -0.100000 0.011240
v -0.022048 0.100000 0.011785
v -0.022048 -0.100000 0.011785
v -0.021752 0.100000 0.012322
v -0.021752 -0.100000 0.012322
v -0.021443 0.100000 0.012853
v -0.021443 -0.100000 0.012853
v -0.021121 0.100000 0.013375
v -0.021121 -0.100000 0.013375
v -0.020787 0.100000 0.013889
v -0.020787 -0.100000 0.013889
v -0.020440 0.100000 0.014395
v -0.020440 -0.100000 0.014395
v -0.020080 0.100000 0.014892
v -0.020080 -0.100000 0.014892
v -0.019709 0.100000 0.015381
v -0.019709 -0.100000 0.015381
v -0.019325 0.100000 0.015860
v -0.019325 -0.100000 0.015860
v -0.018930 0.100000 0.016329
v -0.018930 -0.100000 0.016329
v -0.018524 0.100000 0.016789
v -0.018524 -0.100000 0.016789
v -0.018106 0.100000 0.017239
v -0.018106 -0.100000 0.017239
v -0.017678 0.100000 0.017678
v -0.017678 -0.100000 0.017678
v -0.017239 0.100000 0.018106
v -0.017239 -0.100000 0.018106
v -0.016789 0.100000 0.018524
v -0.016789 -0.100000 0.018524
v -0.016329 0.100000 0.018930
v -0.016329 -0.100000 0.018930
v -0.015860 0.100000 0.019325
v -0.015860 -0.100000 0.019325
v -0.015381 0.100000 0.019709
v -0.015381 -0.100000 0.019709
v -0.014892 0.100000 0.020080
v -0.014892 -0.100000 0.020080
v -0.014395 0.100000 0.020440
v -0.014395 -0.100000 0.020440
v -0.013889 0.100000 0.020787
v -0.013889 -0.100000 0.020787
v -0.013375 0.100000 0.021121
v -0.013375 -0.100000 0.021121
v -0.012853 0.100000 0.021443
v -0.012853 -0.100000 0.021443
v -0.012322 0.100000 0.021752
v -0.012322 -0.100000 0.021752
v -0.011785 0.100000 0.022048
v -0.011785 -0.100000 0.022048
v -0.011240 0.100000 0.022331
v -0.011240 -0.100000 0.022331
v -0.010689 0.100000 0.022600
v -0.010689 -0.100000 0.022600
v -0.010131 0.100000 0.022855
v -0.010131 -0.100000 0.022855
v -0.009567 0.100000 0.023097
v -0.009567 -0.100000 0.023097
v -0.008997 0.100000 0.023325
v -0.008997 -0.100000 0.023325
v -0.008422 0.100000 0.023539
v -0.008422 -0.100000 0.023539
v -0.007842 0.100000 0.023738
v -0.007842 -0.100000 0.023738
v -0.007257 0.100000 0.023924
v -0.007257 -0.100000 0.023924
v -0.006668 0.100000 0.024094
v -0.006668 -0.100000 0.024094
v -0.006075 0.100000 0.024251
v -0.006075 -0.100000 0.024251
v -0.005478 0.100000 0.024393
v -0.005478 -0.100000 0.024393
v -0.004877 0.100000 0.024520
v -0.004877 -0.100000 0.024520
v -0.004274 0.100000 0.024632
v -0.004274 -0.100000 0.024632
v -0.003668 0.100000 0.024729
v -0.003668 -0.100000 0.024729
v -0.003060 0.100000 0.024812
v -0.003060 -0.100000 0.024812
v -0.002450 0.100000 0.024880
v -0.002450 -0.100000 0.024880
v -0.001839 0.100000 0.024932
v -0.001839 -0.100000 0.024932
v -0.001227 0.100000 0.024970
v -0.001227 -0.100000 0.024970
v -0.000614 0.100000 0.024992
v -0.000614 -0.100000 0.024992
v 0.000000 0.100000 0.025000
v -0.000000 -0.100000 0.025000
v 0.000614 0.100000 0.024992
v 0.000614 -0.100000 0.024992
v 0.001227 0.100000 0.024970
v 0.001227 -0.100000 0.024970
v 0.001839 0.100000 0.024932
v 0.001839 -0.100000 0.024932
v 0.002450 0.100000 0.024880
v 0.002450 -0.100000 0.024880
v 0.003060 0.100000 0.024812
v 0.003060 -0.100000 0.024812
v 0.003668 0.100000 0.024729
v 0.003668 -0.100000 0.024729
v 0.004274 0.100000 0.024632
v 0.004274 -0.100000 0.024632
v 0.004877 0.100000 0.024520
v 0.004877 -0.100000 0.024520
v 0.005478 0.100000 0.024393
v 0.005478 -0.100000 0.024393
v 0.006075 0.100000 0.024251
v 0.006075 -0.100000 0.024251
v 0.006668 0.100000 0.024094
v 0.006668 -0.100000 0.024094
v 0.007257 0.100000 0.023924
v 0.007257 -0.100000 0.023924
v 0.007842 0.100000 0.023738
v 0.007842 -0.100000 0.023738
v 0.008422 0.100000 0.023539
v 0.008422 -0.100000 0.023539
v 0.008997 0.100000 0.023325
v 0.008997 -0.100000 0.023325
v 0.009567 0.100000 0.023097
v 0.009567 -0.100000 0.023097
v 0.010131 0.100000 0.022855
v 0.010131 -0.100000 0.022855
v 0.010689 0.100000 0.022600
v 0.010689 -0.100000 0.022600
v 0.011240 0.100000 0.022331
v 0.011240 -0.100000 0.022331
v 0.011785 0.100000 0.022048
v 0.011785 -0.100000 0.022048
v 0.012322 0.100000 0.021752
v 0.012322 -0.100000 0.021752
v 0.012853 0.100000 0.021443
v 0.012853 -0.100000 0.021443
v 0.013375 0.100000 0.021121
v 0.013375 -0.100000 0.021121
v 0.013889 0.100000 0.020787
v 0.013889 -0.100000 0.020787
v 0.014395 0.100000 0.020440
v 0.014395 -0.100000 0.020440
v 0.014892 0.100000 0.020080
v 0.014892 -0.100000 0.020080
v 0.015381 0.100000 0.019709
v 0.015381 -0.100000 0.019709
v 0.015860 0.100000 0.019325
v 0.015860 -0.100000 0.019325
v 0.016329 0.100000 0.018930
v 0.016329 -0.100000 0.018930
v 0.016789 0.100000 0.018524
v 0.016789 -0.100000 0.018524
v 0.017239 0.100000 0.018106
v 0.017239 -0.100000 0.018106
v 0.017678 0.100000 0.017678
v 0.017678 -0.100000 0.017678
v 0.018106 0.100000 0.017239
v 0.018106 -0.100000 0.017239
v 0.018524 0.100000 0.016789
v 0.018524 -0.100000 0.016789
v 0.018930 0.100000 0.016329
v 0.018930 -0.100000 0.016329
v 0.019325 0.100000 0.015860
v 0.019325 -0.100000 0.015860
v 0.019709 0.100000 0.015381
v 0.019709 -0.100000 0.015381
v 0.020080 0.100000 0.014892
v 0.020080 -0.100000 0.014892
v 0.020440 0.100000 0.014395
v 0.020440 -0.100000 0.014395
v 0.020787 0.100000 0.013889
v 0.020787 -0.100000 0.013889
v 0.021121 0.100000 0.013375
v 0.021121 -0.100000 0.013375
v 0.021443 0.100000 0.012853
v 0.021443 -0.100000 0.012853
v 0.021752 0.100000 0.012322
v 0.021752 -0.100000 0.012322
v 0.022048 0.100000 0.011785
v 0.022048 -0.100000 0.011785
v 0.022331 0.100000 0.011240
v 0.022331 -0.100000 0.011240
v 0.022600 0.100000 0.010689
v 0.022600 -0.100000 0.010689
v 0.022855 0.100000 0.010131
v 0.022855 -0.100000 0.010131
v 0.023097 0.100000 0.009567
v 0.023097 -0.100000 0.009567
v 0.023325 0.100000 0.008997
v 0.023325 -0.100000 0.008997
v 0.023539 0.100000 0.008422
v 0.023539 -0.100000 0.008422
v 0.023738 0.100000 0.007842
v 0.023738 -0.100000 0.007842
v 0.023924 0.100000 0.007257
v 0.023924 -0.100000 0.007257
v 0.024094 0.100000 0.006668
v 0.024094 -0.100000 0.006668
v 0.024251 0.100000 0.006075
v 0.024251 -0.100000 0.006075
v 0.024393 0.100000 0.005478
v 0.024393 -0.100000 0.005478
v 0.024520 0.100000 0.004877
v 0.024520 -0.100000 0.004877
v 0.024632 0.100000 0.004274
v 0.024632 -0.100000 0.004274
v 0.024729 0.100000 0.003668
v 0.024729 -0.100000 0.003668
v 0.024812 0.100000 0.003060
v 0.024812 -0.100000 0.003060
v 0.024880 0.100000 0.002450
v 0.024880 -0.100000 0.002450
v 0.024932 0.100000 0.001839
v 0.024932 -0.100000 0.001839
v 0.024970 0.100000 0.001227
v 0.024970 -0.100000 0.001227
v 0.024992 0.100000 0.000614
v 0.024992 -0.100000 0.000614
v 0.003661 0.071339 -0.017678
v 0.083211 -0.008211 -0.017678
v 0.003351 0.071028 -0.018106
v 0.082900 -0.008521 -0.018106
v 0.003033 0.070710 -0.018524
v 0.082582 -0.008839 -0.018524
v 0.002708 0.070385 -0.018930
v 0.082257 -0.009164 -0.018930
v 0.002376 0.070053 -0.019325
v 0.081925 -0.009496 -0.019325
v 0.002037 0.069715 -0.019709
v 0.081587 -0.009835 -0.019709
v 0.001692 0.069369 -0.020080
v 0.081241 -0.010180 -0.020080
v 0.001340 0.069018 -0.020440
v 0.080890 -0.010532 -0.020440
v 0.000982 0.068660 -0.020787
v 0.080532 -0.010889 -0.020787
v 0.000619 0.068296 -0.021121
v 0.080168 -0.011253 -0.021121
v 0.000249 0.067927 -0.021443
v 0.079799 -0.011623 -0.021443
v -0.000126 0.067552 -0.021752
v 0.079424 -0.011997 -0.021752
v -0.000506 0.067172 -0.022048
v 0.079044 -0.012377 -0.022048
v -0.000891 0.066787 -0.022331
v 0.078659 -0.012763 -0.022331
v -0.001281 0.066397 -0.022600
v 0.078269 -0.013153 -0.022600
v -0.001675 0.066003 -0.022855
v 0.077874 -0.013547 -0.022855
v -0.002074 0.065604 -0.023097
v 0.077476 -0.013946 -0.023097
v -0.002477 0.065201 -0.023325
v 0.077073 -0.014349 -0.023325
v -0.002883 0.064794 -0.023539
v 0.076666 -0.014755 -0.023539
v -0.003294 0.064384 -0.023738
v 0.076256 -0.015166 -0.023738
v -0.003707 0.063970 -0.023924
v 0.075842 -0.015579 -0.023924
v -0.004124 0.063554 -0.024094
v 0.075426 -0.015996 -0.024094
v -0.004544 0.063134 -0.024251
v 0.075006 -0.016415 -0.024251
v -0.004966 0.062712 -0.024393
v 0.074584 -0.016837 -0.024393
v -0.005390 0.062288 -0.024520
v 0.074159 -0.017262 -0.024520
v -0.005817 0.061861 -0.024632
v 0.073733 -0.017688 -0.024632
v -0.006245 0.061433 -0.024729
v 0.073305 -0.018117 -0.024729
v -0.006675 0.061003 -0.024812
v 0.072875 -0.018547 -0.024812
v -0.007106 0.060572 -0.024880
v 0.072443 -0.018978 -0.024880
v -0.007538 0.060139 -0.024932
v 0.072011 -0.019410 -0.024932
v -0.007971 0.059706 -0.024970
v 0.071578 -0.019843 -0.024970
v -0.008405 0.059273 -0.024992
v 0.071145 -0.020277 -0.024992
v -0.008839 0.058839 -0.025000
v 0.070711 -0.020711 -0.025000
v -0.009273 0.058405 -0.024992
v 0.070277 -0.021145 -0.024992
v -0.009706 0.057971 -0.024970
v 0.069843 -0.021578 -0.024970
v -0.010139 0.057538 -0.024932
v 0.069410 -0.022011 -0.024932
v -0.010572 0.057106 -0.024880
v 0.068978 -0.022443 -0.024880
v -0.011003 0.056675 -0.024812
v 0.068547 -0.022875 -0.024812
v -0.011433 0.056245 -0.024729
v 0.068117 -0.023305 -0.024729
v -0.011861 0.055817 -0.024632
v 0.067688 -0.023733 -0.024632
v -0.012288 0.055390 -0.024520
v 0.067262 -0.024159 -0.024520
v -0.012712 0.054966 -0.024393
v 0.066837 -0.024584 -0.024393
v -0.013134 0.054544 -0.024251
v 0.066415 -0.025006 -0.024251
v -0.013554 0.054124 -0.024094
v 0.065996 -0.025426 -0.024094
v -0.013970 0.053707 -0.023924
v 0.065579 -0.025842 -0.023924
v -0.014384 0.053294 -0.023738
v 0.065166 -0.026256 -0.023738
v -0.014794 0.052883 -0.023539
v 0.064755 -0.026666 -0.023539
v -0.015201 0.052477 -0.023325
v 0.064349 -0.027073 -0.023325
v -0.015604 0.052074 -0.023097
v 0.063946 -0.027476 -0.023097
v -0.016003 0.051675 -0.022855
v 0.063547 -0.027874 -0.022855
v -0.016397 0.051281 -0.022600
v 0.063152 -0.028269 -0.022600
v -0.016787 0.050891 -0.022331
v 0.062763 -0.028659 -0.022331
v -0.017172 0.050506 -0.022048
v 0.062377 -0.029044 -0.022048
v -0.017552 0.050126 -0.021752
v 0.061997 -0.029424 -0.021752
v -0.017927 0.049751 -0.021443
v 0.061623 -0.029799 -0.021443
v -0.018296 0.049381 -0.021121
v 0.061253 -0.030168 -0.021121
v -0.018660 0.049018 -0.020787
v 0.060889 -0.030532 -0.020787
v -0.019018 0.048660 -0.020440
v 0.060532 -0.030890 -0.020440
v -0.019369 0.048308 -0.020080
v 0.060180 -0.031241 -0.020080
v -0.019715 0.047963 -0.019709
v 0.059835 -0.031587 -0.019709
v -0.020053 0.047624 -0.019325
v 0.059496 -0.031925 -0.019325
v -0.020385 0.047292 -0.018930
v 0.059164 -0.032257 -0.018930
v -0.020710 0.046967 -0.018524
v 0.058839 -0.032582 -0.018524
v -0.021028 0.046649 -0.018106
v 0.058521 -0.032900 -0.018106
v -0.021339 0.046339 -0.017678
v 0.058211 -0.033211 -0.017678
v -0.021642 0.046036 -0.017239
v 0.057908 -0.033514 -0.017239
v -0.021937 0.045741 -0.016789
v 0.057612 -0.033809 -0.016789
v -0.022225 0.045453 -0.016329
v 0.057325 -0.034096 -0.016329
v -0.022504 0.045174 -0.015860
v 0.057046 -0.034376 -0.015860
v -0.022775 0.044903 -0.015381
v 0.056775 -0.034647 -0.015381
v -0.023038 0.044640 -0.014892
v 0.056512 -0.034910 -0.014892
v -0.023292 0.044386 -0.014395
v 0.056258 -0.035164 -0.014395
v -0.023537 0.044140 -0.013889
v 0.056012 -0.035409 -0.013889
v -0.023774 0.043904 -0.013375
v 0.055776 -0.035646 -0.013375
v -0.024001 0.043676 -0.012853
v 0.055548 -0.035873 -0.012853
v -0.024220 0.043458 -0.012322
v 0.055330 -0.036092 -0.012322
v -0.024429 0.043249 -0.011785
v 0.055120 -0.036301 -0.011785
v -0.024629 0.043049 -0.011240
v 0.054921 -0.036501 -0.011240
v -0.024819 0.042858 -0.010689
v 0.054730 -0.036691 -0.010689
v -0.025000 0.042678 -0.010131
v 0.054550 -0.036872 -0.010131
v -0.025171 0.042507 -0.009567
v 0.054379 -0.037043 -0.009567
v -0.025332 0.042346 -0.008997
v 0.054218 -0.037204 -0.008997
v -0.025483 0.042195 -0.008422
v 0.054066 -0.037355 -0.008422
v -0.025624 0.042053 -0.007842
v 0.053925 -0.037496 -0.007842
v -0.025755 0.041922 -0.007257
v 0.053794 -0.037627 -0.007257
v -0.025876 0.041802 -0.006668
v 0.053673 -0.037748 -0.006668
v -0.025987 0.041691 -0.006075
v 0.053563 -0.037859 -0.006075
v -0.026087 0.041591 -0.005478
v 0.053463 -0.037959 -0.005478
v -0.026177 0.041501 -0.004877
v 0.053373 -0.038049 -0.004877
v -0.026256 0.041421 -0.004274
v 0.053293 -0.038128 -0.004274
v -0.026325 0.041353 -0.003668
v 0.053224 -0.038197 -0.003668
v -0.026384 0.041294 -0.003060
v 0.053166 -0.038255 -0.003060
v -0.026431 0.041246 -0.002450
v 0.053118 -0.038303 -0.002450
v -0.026469 0.041209 -0.001839
v 0.053081 -0.038340 -0.001839
v -0.026495 0.041182 -0.001227
v 0.053054 -0.038367 -0.001227
v -0.026511 0.041166 -0.000614
v 0.053038 -0.038383 -0.000614
v -0.026517 0.041161 -0.000000
v 0.053033 -0.038388 0.000000
v -0.026511 0.041166 0.000614
v 0.053038 -0.038383 0.000614
v -0.026495 0.041182 0.001227
v 0.053054 -0.038367 0.001227
v -0.026469 0.041209 0.001839
v 0.053081 -0.038340 0.001839
v -0.026431 0.041246 0.002450
v 0.053118 -0.038303 0.002450
v -0.026384 0.041294 0.003060
v 0.053166 -0.038255 0.003060
v -0.026325 0.041353 0.003668
v 0.053224 -0.038197 0.003668
v -0.026256 0.041421 0.004274
v 0.053293 -0.038128 0.004274
v -0.026177 0.041501 0.004877
v 0.053373 -0.038049 0.004877
v -0.026087 0.041591 0.005478
v 0.053463 -0.037959 0.005478
v -0.025987 0.041691 0.006075
v 0.053563 -0.037859 0.006075
v -0.025876 0.041802 0.006668
v 0.053673 -0.037748 0.006668
v -0.025755 0.041922 0.007257
v 0.053794 -0.037627 0.007257
v -0.025624 0.042053 0.007842
v 0.053925 -0.037496 0.007842
v -0.025483 0.042195 0.008422
v 0.054066 -0.037355 0.008422
v -0.025332 0.042346 0.008997
v 0.054218 -0.037204 0.008997
v -0.025171 0.042507 0.009567
v 0.054379 -0.037043 0.009567
v -0.025000 0.042678 0.010131
v 0.054550 -0.036872 0.010131
v -0.024819 0.042858 0.010689
v 0.054730 -0.036691 0.010689
v -0.024629 0.043049 0.011240
v 0.054921 -0.036501 0.011240
v -0.024429 0.043249 0.011785
v 0.055120 -0.036301 0.011785
v -0.024220 0.043458 0.012322
v 0.055330 -0.036092 0.012322
v -0.024001 0.043676 0.012853
v 0.055548 -0.035873 0.012853
v -0.023774 0.043904 0.013375
v 0.055776 -0.035646 0.013375
v -0.023537 0.044140 0.013889
v 0.056012 -0.035409 0.013889
v -0.023292 0.044386 0.014395
v 0.056258 -0.035164 0.014395
v -0.023038 0.044640 0.014892
v 0.056512 -0.034910 0.014892
v -0.022775 0.044903 0.015381
v 0.056775 -0.034647 0.015381
v -0.022504 0.045174 0.015860
v 0.057046 -0.034376 0.015860
v -0.022225 0.045453 0.016329
v 0.057325 -0.034096 0.016329
v -0.021937 0.045741 0.016789
v 0.057612 -0.033809 0.016789
v -0.021642 0.046036 0.017239
v 0.057908 -0.033514 0.017239
v -0.021339 0.046339 0.017678
v 0.058211 -0.033211 0.017678
v -0.021028 0.046649 0.018106
v 0.058521 -0.032900 0.018106
v -0.020710 0.046967 0.018524
v 0.058839 -0.032582 0.018524
v -0.020385 0.047292 0.018930
v 0.059164 -0.032257 0.018930
v -0.020053 0.047624 0.019325
v 0.059496 -0.031925 0.019325
v -0.019715 0.047963 0.019709
v 0.059835 -0.031587 0.019709
v -0.019369 0.048308 0.020080
v 0.060180 -0.031241 0.020080
v -0.019018 0.048660 0.020440
v 0.060532 -0.030890 0.020440
v -0.018660 0.049018 0.020787
v 0.060889 -0.030532 0.020787
v -0.018296 0.049381 0.021121
v 0.061253 -0.030168 0.021121
v -0.017927 0.049751 0.021443
v 0.061623 -0.029799 0.021443
v -0.017552 0.050126 0.021752
v 0.061997 -0.029424 0.021752
v -0.017172 0.050506 0.022048
v 0.062377 -0.029044 0.022048
v -0.016787 0.050891 0.022331
v 0.062763 -0.028659 0.022331
v -0.016397 0.051281 0.022600
v 0.063152 -0.028269 0.022600
v -0.016003 0.051675 0.022855
v 0.063547 -0.027874 0.022855
v -0.015604 0.052074 0.023097
v 0.063946 -0.027476 0.023097
v -0.015201 0.052477 0.023325
v 0.064349 -0.027073 0.023325
v -0.014794 0.052883 0.023539
v 0.064755 -0.026666 0.023539
v -0.014384 0.053294 0.023738
v 0.065166 -0.026256 0.023738
v -0.013970 0.053707 0.023924
v 0.065579 -0.025842 0.023924
v -0.013554 0.054124 0.024094
v 0.065996 -0.025426 0.024094
v -0.013134 0.054544 0.024251
v 0.066415 -0.025006 0.024251
v -0.012712 0.054966 0.024393
v 0.066837 -0.024584 0.024393
v -0.012288 0.055390 0.024520
v 0.067262 -0.024159 0.024520
v -0.011861 0.055817 0.024632
v 0.067688 -0.023733 0.024632
v -0.011433 0.056245 0.024729
v 0.068117 -0.023305 0.024729
v -0.011003 0.056675 0.024812
v 0.068547 -0.022875 0.024812
v -0.010572 0.057106 0.024880
v 0.068978 -0.022443 0.024880
v -0.010139 0.057538 0.024932
v 0.069410 -0.022011 0.024932
v -0.009706 0.057971 0.024970
v 0.069843 -0.021578 0.024970
v -0.009273 0.058405 0.024992
v 0.070277 -0.021145 0.024992
v -0.008839 0.058839 0.025000
v 0.070711 -0.020711 0.025000
v -0.008405 0.059273 0.024992
v 0.071145 -0.020277 0.024992
v -0.007971 0.059706 0.024970
v 0.071578 -0.019843 0.024970
v -0.007538 0.060139 0.024932
v 0.072011 -0.019410 0.024932
v -0.007106 0.060572 0.024880
v 0.072443 -0.018978 0.024880
v -0.006675 0.061003 0.024812
v 0.072875 -0.018547 0.024812
v -0.006245 0.061433 0.024729
v 0.073305 -0.018117 0.024729
v -0.005817 0.061861 0.024632
v 0.073733 -0.017688 0.024632
v -0.005390 0.062288 0.024520
v 0.074159 -0.017262 0.024520
v -0.004966 0.062712 0.024393
v 0.074584 -0.016837 0.024393
v -0.004544 0.063134 0.024251
v 0.075006 -0.016415 0.024251
v -0.004124 0.063554 0.024094
v 0.075426 -0.015996 0.024094
v -0.003707 0.063970 0.023924
v 0.075842 -0.015579 0.023924
v -0.003294 0.064384 0.023738
v 0.076256 -0.015166 0.023738
v -0.002883 0.064794 0.023539
v 0.076666 -0.014755 0.023539
v -0.002477 0.065201 0.023325
v 0.077073 -0.014349 0.023325
v -0.002074 0.065604 0.023097
v 0.077476 -0.013946 0.023097
v -0.001675 0.066003 0.022855
v 0.077874 -0.013547 0.022855
v -0.001281 0.066397 0.022600
v 0.078269 -0.013153 0.022600
v -0.000891 0.066787 0.022331
v 0.078659 -0.012763 0.022331
v -0.000506 0.067172 0.022048
v 0.079044 -0.012377 0.022048
v -0.000126 0.067552 0.021752
v 0.079424 -0.011997 0.021752
v 0.000249 0.067927 0.021443
v 0.079799 -0.011623 0.021443
v 0.000619 0.068296 0.021121
v 0.080168 -0.011253 0.021121
v 0.000982 0.068660 0.020787
v 0.080532 -0.010889 0.020787
v 0.001340 0.069018 0.020440
v 0.080890 -0.010532 0.020440
v 0.001692 0.069369 0.020080
v 0.081241 -0.010180 0.020080
v 0.002037 0.069715 0.019709
v 0.081587 -0.009835 0.019709
v 0.002376 0.070053 0.019325
v 0.081925 -0.009496 0.019325
v 0.002708 0.070385 0.018930
v 0.082257 -0.009164 0.018930
v 0.003033 0.070710 0.018524
v 0.082582 -0.008839 0.018524
v 0.003351 0.071028 0.018106
v 0.082900 -0.008521 0.018106
v 0.003661 0.071339 0.017678
v 0.083211 -0.008211 0.017678
v 0.003964 0.071642 0.017239
v 0.083514 -0.007908 0.017239
v 0.004259 0.071937 0.016789
v 0.083809 -0.007612 0.016789
v 0.004547 0.072225 0.016329
v 0.084096 -0.007325 0.016329
v 0.004826 0.072504 0.015860
v 0.084376 -0.007046 0.015860
v 0.005097 0.072775 0.015381
v 0.084647 -0.006775 0.015381
v 0.005360 0.073038 0.014892
v 0.084910 -0.006512 0.014892
v 0.005614 0.073292 0.014395
v 0.085164 -0.006258 0.014395
v 0.005860 0.073537 0.013889
v 0.085409 -0.006012 0.013889
v 0.006096 0.073774 0.013375
v 0.085646 -0.005776 0.013375
v 0.006324 0.074001 0.012853
v 0.085873 -0.005548 0.012853
v 0.006542 0.074220 0.012322
v 0.086092 -0.005330 0.012322
v 0.006751 0.074429 0.011785
v 0.086301 -0.005120 0.011785
v 0.006951 0.074629 0.011240
v 0.086501 -0.004921 0.011240
v 0.007142 0.074819 0.010689
v 0.086691 -0.004730 0.010689
v 0.007322 0.075000 0.010131
v 0.086872 -0.004550 0.010131
v 0.007493 0.075171 0.009567
v 0.087043 -0.004379 0.009567
v 0.007654 0.075332 0.008997
v 0.087204 -0.004218 0.008997
v 0.007805 0.075483 0.008422
v 0.087355 -0.004066 0.008422
v 0.007947 0.075624 0.007842
v 0.087496 -0.003925 0.007842
v 0.008078 0.075755 0.007257
v 0.087627 -0.003794 0.007257
v 0.008198 0.075876 0.006668
v 0.087748 -0.003673 0.006668
v 0.008309 0.075987 0.006075
v 0.087859 -0.003563 0.006075
v 0.008409 0.076087 0.005478
v 0.087959 -0.003463 0.005478
v 0.008499 0.076177 0.004877
v 0.088049 -0.003373 0.004877
v 0.008579 0.076256 0.004274
v 0.088128 -0.003293 0.004274
v 0.008648 0.076325 0.003668
v 0.088197 -0.003224 0.003668
v 0.008706 0.076384 0.003060
v 0.088255 -0.003166 0.003060
v 0.008754 0.076431 0.002450
v 0.088303 -0.003118 0.002450
v 0.008791 0.076469 0.001839
v 0.088340 -0.003081 0.001839
v 0.008818 0.076495 0.001227
v 0.088367 -0.003054 0.001227
v 0.008834 0.076511 0.000614
v 0.088383 -0.003038 0.000614
v 0.008839 0.076517 0.000000
v 0.088388 -0.003033 0.000000
v 0.008834 0.076511 -0.000614
v 0.088383 -0.003038 -0.000614
v 0.008818 0.076495 -0.001227
v 0.088367 -0.003054 -0.001227
v 0.008791 0.076469 -0.001839
v 0.088340 -0.003081 -0.001839
v 0.008754 0.076431 -0.002450
v 0.088303 -0.003118 -0.002450
v 0.008706 0.076384 -0.003060
v 0.088255 -0.003166 -0.003060
v 0.008648 0.076325 -0.003668
v 0.088197 -0.003224 -0.003668
v 0.008579 0.076256 -0.004274
v 0.088128 -0.003293 -0.004274
v 0.008499 0.076177 -0.004877
v 0.088049 -0.003373 -0.004877
v 0.008409 0.076087 -0.005478
v 0.087959 -0.003463 -0.005478
v 0.008309 0.075987 -0.006075
v 0.087859 -0.003563 -0.006075
v 0.008198 0.075876 -0.006668
v 0.087748 -0.003673 -0.006668
v 0.008078 0.075755 -0.007257
v 0.087627 -0.003794 -0.007257
v 0.007947 0.075624 -0.007842
v 0.087496 -0.003925 -0.007842
v 0.007805 0.075483 -0.008422
v 0.087355 -0.004066 -0.008422
v 0.007654 0.075332 -0.008997
v 0.087204 -0.004218 -0.008997
v 0.007493 0.075171 -0.009567
v 0.087043 -0.004379 -0.009567
v 0.007322 0.075000 -0.010131
v 0.086872 -0.004550 -0.010131
v 0.007142 0.074819 -0.010689
v 0.086691 -0.004730 -0.010689
v 0.006951 0.074629 -0.011240
v 0.086501 -0.004921 -0.011240
v 0.006751 0.074429 -0.011785
v 0.086301 -0.005120 -0.011785
v 0.006542 0.074220 -0.012322
v 0.086092 -0.005330 -0.012322
v 0.006324 0.074001 -0.012853
v 0.085873 -0.005548 -0.012853
v 0.006096 0.073774 -0.013375
v 0.085646 -0.005776 -0.013375
v 0.005860 0.073537 -0.013889
v 0.085409 -0.006012 -0.013889
v 0.005614 0.073292 -0.014395
v 0.085164 -0.006258 -0.014395
v 0.005360 0.073038 -0.014892
v 0.084910 -0.006512 -0.014892
v 0.005097 0.072775 -0.015381
v 0.084647 -0.006775 -0.015381
v 0.004826 0.072504 -0.015860
v 0.084376 -0.007046 -0.015860
v 0.004547 0.072225 -0.016329
v 0.084096 -0.007325 -0.016329
v 0.004259 0.071937 -0.016789
v 0.083809 -0.007612 -0.016789
v 0.003964 0.071642 -0.017239
v 0.083514 -0.007908 -0.017239
v 0.023945 0.068493 0.014339
v -0.011904 0.017296 0.014339
v 0.024228 0.068295 0.013833
v -0.011620 0.017098 0.013833
v 0.024501 0.068104 0.013317
v -0.011347 0.016907 0.013317
v 0.024764 0.067920 0.012794
v -0.011085 0.016723 0.012794
v 0.025016 0.067744 0.012263
v -0.010833 0.016547 0.012263
v 0.025257 0.067575 0.011725
v -0.010592 0.016378 0.011725
v 0.025487 0.067414 0.011179
v -0.010362 0.016217 0.011179
v 0.025706 0.067260 0.010627
v -0.010142 0.016063 0.010627
v 0.025914 0.067114 0.010069
v -0.009934 0.015917 0.010069
v 0.026111 0.066977 0.009504
v -0.009738 0.015780 0.009504
v 0.026296 0.066847 0.008934
v -0.009552 0.015650 0.008934
v 0.026470 0.066725 0.008358
v -0.009378 0.015528 0.008358
v 0.026632 0.066612 0.007777
v -0.009216 0.015415 0.007777
v 0.026783 0.066506 0.007192
v -0.009066 0.015309 0.007192
v 0.026922 0.066409 0.006602
v -0.008927 0.015212 0.006602
v 0.027048 0.066320 0.006008
v -0.008800 0.015123 0.006008
v 0.027163 0.066240 0.005411
v -0.008685 0.015043 0.005411
v 0.027266 0.066168 0.004810
v -0.008583 0.014971 0.004810
v 0.027356 0.066104 0.004207
v -0.008492 0.014907 0.004207
v 0.027435 0.066050 0.003601
v -0.008414 0.014852 0.003601
v 0.027501 0.066003 0.002993
v -0.008347 0.014806 0.002993
v 0.027555 0.065965 0.002383
v -0.008293 0.014768 0.002383
v 0.027597 0.065936 0.001771
v -0.008251 0.014739 0.001771
v 0.027627 0.065915 0.001159
v -0.008222 0.014718 0.001159
v 0.027644 0.065903 0.000545
v -0.008205 0.014706 0.000545
v 0.027648 0.065900 -0.000068
v -0.008200 0.014703 -0.000068
v 0.027641 0.065905 -0.000682
v -0.008208 0.014708 -0.000682
v 0.027621 0.065919 -0.001295
v -0.008228 0.014722 -0.001295
v 0.027589 0.065942 -0.001907
v -0.008260 0.014745 -0.001907
v 0.027544 0.065973 -0.002518
v -0.008304 0.014776 -0.002518
v 0.027488 0.066013 -0.003128
v -0.008361 0.014816 -0.003128
v 0.027419 0.066061 -0.003736
v -0.008430 0.014864 -0.003736
v 0.027337 0.066118 -0.004341
v -0.008511 0.014921 -0.004341
v 0.027244 0.066183 -0.004944
v -0.008604 0.014986 -0.004944
v 0.027139 0.066257 -0.005544
v -0.008710 0.015060 -0.005544
v 0.027021 0.066339 -0.006141
v -0.008827 0.015142 -0.006141
v 0.026892 0.066430 -0.006733
v -0.008957 0.015233 -0.006734
v 0.026750 0.066529 -0.007322
v -0.009098 0.015332 -0.007322
v 0.026597 0.066636 -0.007907
v -0.009251 0.015439 -0.007907
v 0.026433 0.066751 -0.008486
v -0.009416 0.015554 -0.008486
v 0.026256 0.066875 -0.009061
v -0.009592 0.015678 -0.009061
v 0.026068 0.067007 -0.009630
v -0.009780 0.015810 -0.009630
v 0.025869 0.067146 -0.010193
v -0.009980 0.015949 -0.010193
v 0.025658 0.067293 -0.010750
v -0.010190 0.016096 -0.010750
v 0.025437 0.067449 -0.011301
v -0.010412 0.016252 -0.011301
v 0.025204 0.067612 -0.011845
v -0.010645 0.016415 -0.011845
v 0.024960 0.067782 -0.012382
v -0.010888 0.016585 -0.012382
v 0.024706 0.067960 -0.012911
v -0.011142 0.016763 -0.012911
v 0.024441 0.068146 -0.013432
v -0.011407 0.016949 -0.013432
v 0.024166 0.068338 -0.013946
v -0.011682 0.017141 -0.013946
v 0.023881 0.068538 -0.014451
v -0.011968 0.017341 -0.014451
v 0.023585 0.068745 -0.014947
v -0.012263 0.017548 -0.014947
v 0.023280 0.068959 -0.015434
v -0.012569 0.017762 -0.015434
v 0.022965 0.069180 -0.015912
v -0.012884 0.017983 -0.015912
v 0.022640 0.069407 -0.016381
v -0.013209 0.018210 -0.016381
v 0.022306 0.069641 -0.016839
v -0.013543 0.018444 -0.016839
v 0.021963 0.069881 -0.017288
v -0.013886 0.018684 -0.017288
v 0.021611 0.070128 -0.017726
v -0.014238 0.018931 -0.017726
v 0.021250 0.070380 -0.018153
v -0.014598 0.019183 -0.018153
v 0.020881 0.070639 -0.018569
v -0.014968 0.019442 -0.018569
v 0.020504 0.070903 -0.018975
v -0.015345 0.019706 -0.018975
v 0.020118 0.071173 -0.019368
v -0.015730 0.019976 -0.019368
v 0.019725 0.071448 -0.019751
v -0.016124 0.020251 -0.019751
v 0.019324 0.071729 -0.020121
v -0.016525 0.020532 -0.020121
v 0.018916 0.072015 -0.020479
v -0.016933 0.020818 -0.020479
v 0.018501 0.072305 -0.020825
v -0.017348 0.021108 -0.020825
v 0.018079 0.072601 -0.021158
v -0.017770 0.021404 -0.021158
v 0.017650 0.072901 -0.021478
v -0.018199 0.021704 -0.021478
v 0.017215 0.073206 -0.021786
v -0.018633 0.022009 -0.021786
v 0.016774 0.073514 -0.022080
v -0.019074 0.022317 -0.022080
v 0.016327 0.073827 -0.022361
v -0.019521 0.022630 -0.022361
v 0.015875 0.074144 -0.022629
v -0.019974 0.022947 -0.022629
v 0.015417 0.074464 -0.022883
v -0.020431 0.023267 -0.022883
v 0.014955 0.074788 -0.023123
v -0.020894 0.023591 -0.023123
v 0.014488 0.075115 -0.023349
v -0.021361 0.023918 -0.023349
v 0.014016 0.075445 -0.023561
v -0.021832 0.024248 -0.023561
v 0.013540 0.075779 -0.023759
v -0.022308 0.024582 -0.023760
v 0.013061 0.076114 -0.023943
v -0.022788 0.024917 -0.023943
v 0.012578 0.076453 -0.024112
v -0.023271 0.025256 -0.024113
v 0.012091 0.076793 -0.024267
v -0.023757 0.025596 -0.024267
v 0.011602 0.077136 -0.024407
v -0.024246 0.025939 -0.024407
v 0.011110 0.077480 -0.024533
v -0.024738 0.026283 -0.024533
v 0.010616 0.077826 -0.024643
v -0.025233 0.026629 -0.024644
v 0.010119 0.078174 -0.024739
v -0.025729 0.026977 -0.024739
v 0.009621 0.078523 -0.024820
v -0.026227 0.027326 -0.024820
v 0.009121 0.078873 -0.024886
v -0.026727 0.027676 -0.024886
v 0.008621 0.079224 -0.024937
v -0.027228 0.028027 -0.024937
v 0.008119 0.079575 -0.024973
v -0.027730 0.028378 -0.024973
v 0.007616 0.079927 -0.024994
v -0.028232 0.028730 -0.024994
v 0.007114 0.080279 -0.025000
v -0.028735 0.029082 -0.025000
v 0.006611 0.080630 -0.024991
v -0.029237 0.029433 -0.024991
v 0.006109 0.080982 -0.024966
v -0.029739 0.029785 -0.024966
v 0.005608 0.081333 -0.024927
v -0.030241 0.030136 -0.024927
v 0.005107 0.081684 -0.024873
v -0.030742 0.030487 -0.024873
v 0.004607 0.082034 -0.024804
v -0.031241 0.030836 -0.024804
v 0.004110 0.082382 -0.024719
v -0.031739 0.031185 -0.024719
v 0.003614 0.082729 -0.024620
v -0.032235 0.031532 -0.024620
v 0.003120 0.083075 -0.024506
v -0.032729 0.031878 -0.024506
v 0.002628 0.083419 -0.024378
v -0.033220 0.032222 -0.024378
v 0.002140 0.083762 -0.024234
v -0.033709 0.032565 -0.024234
v 0.001654 0.084102 -0.024076
v -0.034195 0.032905 -0.024076
v 0.001172 0.084439 -0.023904
v -0.034677 0.033242 -0.023904
v 0.000693 0.084775 -0.023717
v -0.035156 0.033578 -0.023717
v 0.000218 0.085107 -0.023516
v -0.035630 0.033910 -0.023516
v -0.000253 0.085437 -0.023300
v -0.036101 0.034240 -0.023300
v -0.000719 0.085763 -0.023071
v -0.036567 0.034566 -0.023071
v -0.001180 0.086086 -0.022828
v -0.037029 0.034889 -0.022828
v -0.001637 0.086406 -0.022570
v -0.037485 0.035209 -0.022571
v -0.002088 0.086721 -0.022300
v -0.037936 0.035524 -0.022300
v -0.002533 0.087033 -0.022016
v -0.038382 0.035836 -0.022016
v -0.002973 0.087341 -0.021718
v -0.038821 0.036144 -0.021718
v -0.003406 0.087645 -0.021408
v -0.039255 0.036448 -0.021408
v -0.003834 0.087944 -0.021085
v -0.039682 0.036747 -0.021085
v -0.004254 0.088238 -0.020749
v -0.040103 0.037041 -0.020749
v -0.004668 0.088528 -0.020400
v -0.040516 0.037331 -0.020400
v -0.005074 0.088813 -0.020039
v -0.040923 0.037616 -0.020040
v -0.005473 0.089092 -0.019667
v -0.041322 0.037895 -0.019667
v -0.005865 0.089366 -0.019282
v -0.041714 0.038169 -0.019282
v -0.006249 0.089635 -0.018886
v -0.042097 0.038438 -0.018886
v -0.006624 0.089898 -0.018478
v -0.042473 0.038701 -0.018478
v -0.006992 0.090155 -0.018059
v -0.042840 0.038958 -0.018059
v -0.007350 0.090407 -0.017629
v -0.043199 0.039210 -0.017629
v -0.007700 0.090652 -0.017189
v -0.043549 0.039455 -0.017189
v -0.008042 0.090890 -0.016738
v -0.043890 0.039693 -0.016738
v -0.008373 0.091123 -0.016278
v -0.044222 0.039926 -0.016278
v -0.008696 0.091349 -0.015807
v -0.044545 0.040152 -0.015807
v -0.009009 0.091568 -0.015327
v -0.044858 0.040371 -0.015327
v -0.009312 0.091780 -0.014838
v -0.045161 0.040583 -0.014838
v -0.009606 0.091986 -0.014339
v -0.045454 0.040789 -0.014339
v -0.009889 0.092184 -0.013833
v -0.045737 0.040987 -0.013833
v -0.010162 0.092375 -0.013317
v -0.046010 0.041178 -0.013317
v -0.010424 0.092559 -0.012794
v -0.046273 0.041362 -0.012794
v -0.010676 0.092735 -0.012263
v -0.046525 0.041538 -0.012263
v -0.010917 0.092904 -0.011725
v -0.046766 0.041707 -0.011725
v -0.011147 0.093065 -0.011179
v -0.046996 0.041868 -0.011179
v -0.011367 0.093219 -0.010627
v -0.047215 0.042022 -0.010627
v -0.011575 0.093364 -0.010069
v -0.047423 0.042167 -0.010069
v -0.011772 0.093502 -0.009504
v -0.047620 0.042305 -0.009504
v -0.011957 0.093632 -0.008934
v -0.047805 0.042435 -0.008934
v -0.012131 0.093754 -0.008358
v -0.047979 0.042557 -0.008358
v -0.012293 0.093867 -0.007777
v -0.048141 0.042670 -0.007777
v -0.012443 0.093973 -0.007192
v -0.048292 0.042776 -0.007192
v -0.012582 0.094070 -0.006602
v -0.048431 0.042873 -0.006602
v -0.012709 0.094159 -0.006008
v -0.048557 0.042962 -0.006008
v -0.012824 0.094239 -0.005411
v -0.048672 0.043042 -0.005411
v -0.012926 0.094311 -0.004810
v -0.048775 0.043114 -0.004810
v -0.013017 0.094374 -0.004207
v -0.048866 0.043177 -0.004207
v -0.013096 0.094429 -0.003601
v -0.048944 0.043232 -0.003601
v -0.013162 0.094476 -0.002993
v -0.049010 0.043279 -0.002993
v -0.013216 0.094514 -0.002383
v -0.049064 0.043317 -0.002383
v -0.013258 0.094543 -0.001771
v -0.049106 0.043346 -0.001771
v -0.013287 0.094563 -0.001159
v -0.049136 0.043366 -0.001159
v -0.013304 0.094575 -0.000545
v -0.049153 0.043378 -0.000545
v -0.013309 0.094579 0.000068
v -0.049158 0.043382 0.000068
v -0.013301 0.094573 0.000682
v -0.049150 0.043376 0.000682
v -0.013282 0.094560 0.001295
v -0.049130 0.043363 0.001295
v -0.013249 0.094537 0.001907
v -0.049098 0.043340 0.001907
v -0.013205 0.094506 0.002518
v -0.049053 0.043309 0.002518
v -0.013148 0.094466 0.003128
v -0.048997 0.043269 0.003128
v -0.013079 0.094418 0.003736
v -0.048928 0.043221 0.003736
v -0.012998 0.094361 0.004341
v -0.048847 0.043164 0.004341
v -0.012905 0.094296 0.004944
v -0.048753 0.043099 0.004944
v -0.012799 0.094222 0.005544
v -0.048648 0.043025 0.005544
v -0.012682 0.094140 0.006141
v -0.048530 0.042943 0.006141
v -0.012552 0.094049 0.006734
v -0.048401 0.042852 0.006734
v -0.012411 0.093950 0.007322
v -0.048260 0.042753 0.007322
v -0.012258 0.093843 0.007907
v -0.048106 0.042646 0.007907
v -0.012093 0.093727 0.008486
v -0.047942 0.042530 0.008486
v -0.011917 0.093604 0.009061
v -0.047765 0.042407 0.009061
v -0.011729 0.093472 0.009630
v -0.047577 0.042275 0.009630
v -0.011530 0.093333 0.010193
v -0.047378 0.042136 0.010193
v -0.011319 0.093185 0.010750
v -0.047167 0.041988 0.010750
v -0.011097 0.093030 0.011301
v -0.046946 0.041833 0.011301
v -0.010865 0.092867 0.011845
v -0.046713 0.041670 0.011845
v -0.010621 0.092697 0.012382
v -0.046470 0.041500 0.012382
v -0.010367 0.092519 0.012911
v -0.046215 0.041322 0.012911
v -0.010102 0.092333 0.013432
v -0.045950 0.041136 0.013432
v -0.009827 0.092140 0.013946
v -0.045675 0.040943 0.013946
v -0.009541 0.091941 0.014451
v -0.045390 0.040744 0.014451
v -0.009246 0.091734 0.014947
v -0.045094 0.040537 0.014947
v -0.008940 0.091520 0.015434
v -0.044789 0.040323 0.015434
v -0.008625 0.091299 0.015912
v -0.044474 0.040102 0.015912
v -0.008300 0.091072 0.016381
v -0.044149 0.039875 0.016381
v -0.007967 0.090838 0.016839
v -0.043815 0.039641 0.016839
v -0.007623 0.090598 0.017288
v -0.043472 0.039401 0.017288
v -0.007271 0.090351 0.017726
v -0.043120 0.039154 0.017726
v -0.006911 0.090099 0.018153
v -0.042759 0.038902 0.018153
v -0.006542 0.089840 0.018570
v -0.042390 0.038643 0.018569
v -0.006164 0.089576 0.018975
v -0.042013 0.038379 0.018975
v -0.005779 0.089306 0.019368
v -0.041627 0.038109 0.019368
v -0.005385 0.089031 0.019751
v -0.041234 0.037834 0.019751
v -0.004985 0.088750 0.020121
v -0.040833 0.037553 0.020121
v -0.004576 0.088464 0.020479
v -0.040425 0.037267 0.020479
v -0.004161 0.088173 0.020825
v -0.040010 0.036976 0.020825
v -0.003739 0.087878 0.021158
v -0.039588 0.036681 0.021158
v -0.003311 0.087578 0.021478
v -0.039159 0.036381 0.021478
v -0.002876 0.087273 0.021786
v -0.038724 0.036076 0.021786
v -0.002435 0.086964 0.022080
v -0.038283 0.035767 0.022080
v -0.001988 0.086652 0.022361
v -0.037836 0.035455 0.022361
v -0.001536 0.086335 0.022629
v -0.037384 0.035138 0.022629
v -0.001078 0.086015 0.022883
v -0.036927 0.034818 0.022883
v -0.000616 0.085691 0.023123
v -0.036464 0.034494 0.023123
v -0.000148 0.085364 0.023349
v -0.035997 0.034167 0.023349
v 0.000323 0.085033 0.023561
v -0.035525 0.033836 0.023561
v 0.000799 0.084700 0.023760
v -0.035050 0.033503 0.023760
v 0.001278 0.084364 0.023943
v -0.034570 0.033167 0.023943
v 0.001762 0.084026 0.024113
v -0.034087 0.032829 0.024113
v 0.002248 0.083686 0.024267
v -0.033601 0.032489 0.024267
v 0.002737 0.083343 0.024407
v -0.033111 0.032146 0.024407
v 0.003229 0.082999 0.024533
v -0.032619 0.031802 0.024533
v 0.003724 0.082652 0.024644
v -0.032125 0.031455 0.024644
v 0.004220 0.082305 0.024739
v -0.031628 0.031108 0.024739
v 0.004718 0.081956 0.024820
v -0.031130 0.030759 0.024820
v 0.005218 0.081606 0.024886
v -0.030631 0.030409 0.024886
v 0.005719 0.081255 0.024937
v -0.030130 0.030058 0.024937
v 0.006221 0.080904 0.024973
v -0.029628 0.029707 0.024973
v 0.006723 0.080552 0.024994
v -0.029126 0.029355 0.024994
v 0.007226 0.080200 0.025000
v -0.028623 0.029003 0.025000
v 0.007728 0.079848 0.024991
v -0.028120 0.028651 0.024991
v 0.008230 0.079497 0.024966
v -0.027618 0.028300 0.024966
v 0.008732 0.079146 0.024927
v -0.027117 0.027949 0.024927
v 0.009233 0.078795 0.024873
v -0.026616 0.027598 0.024873
v 0.009732 0.078445 0.024804
v -0.026117 0.027248 0.024804
v 0.010230 0.078097 0.024719
v -0.025619 0.026900 0.024719
v 0.010726 0.077749 0.024620
v -0.025123 0.026552 0.024620
v 0.011220 0.077404 0.024506
v -0.024629 0.026207 0.024506
v 0.011711 0.077059 0.024378
v -0.024137 0.025862 0.024378
v 0.012200 0.076717 0.024234
v -0.023649 0.025520 0.024234
v 0.012685 0.076377 0.024076
v -0.023163 0.025180 0.024076
v 0.013168 0.076039 0.023904
v -0.022681 0.024842 0.023904
v 0.013647 0.075704 0.023717
v -0.022202 0.024507 0.023717
v 0.014121 0.075372 0.023516
v -0.021727 0.024175 0.023516
v 0.014592 0.075042 0.023300
v -0.021257 0.023845 0.023300
v 0.015058 0.074716 0.023071
v -0.020790 0.023519 0.023071
v 0.015520 0.074393 0.022828
v -0.020329 0.023196 0.022828
v 0.015976 0.074073 0.022571
v -0.019873 0.022876 0.022571
v 0.016427 0.073757 0.022300
v -0.019421 0.022560 0.022300
v 0.016873 0.073445 0.022016
v -0.018976 0.022248 0.022016
v 0.017312 0.073138 0.021719
v -0.018536 0.021941 0.021718
v 0.017746 0.072834 0.021408
v -0.018103 0.021637 0.021408
v 0.018173 0.072535 0.021085
v -0.017676 0.021338 0.021085
v 0.018594 0.072240 0.020749
v -0.017255 0.021043 0.020749
v 0.019007 0.071951 0.020400
v -0.016841 0.020754 0.020400
v 0.019414 0.071666 0.020040
v -0.016435 0.020469 0.020040
v 0.019813 0.071387 0.019667
v -0.016036 0.020190 0.019667
v 0.020204 0.071112 0.019282
v -0.015644 0.019915 0.019282
v 0.020588 0.070844 0.018886
v -0.015260 0.019647 0.018886
v 0.020964 0.070581 0.018478
v -0.014885 0.019384 0.018478
v 0.021331 0.070324 0.018059
v -0.014517 0.019127 0.018059
v 0.021690 0.070072 0.017629
v -0.014159 0.018875 0.017629
v 0.022040 0.069827 0.017189
v -0.013809 0.018630 0.017189
v 0.022381 0.069588 0.016738
v -0.013468 0.018391 0.016738
v 0.022713 0.069356 0.016278
v -0.013136 0.018159 0.016278
v 0.023035 0.069130 0.015807
v -0.012813 0.017933 0.015807
v 0.023348 0.068911 0.015327
v -0.012500 0.017714 0.015327
v 0.023652 0.068699 0.014838
v -0.012197 0.017502 0.014838
vn 0.9999 -0.0000 -0.0123
vn 0.9993 -0.0000 -0.0368
vn 0.9981 -0.0000 -0.0613
vn 0.9963 -0.0000 -0.0858
vn 0.9939 -0.0000 -0.1102
vn 0.9909 -0.0000 -0.1346
vn 0.9873 -0.0000 -0.1589
vn 0.9831 -0.0000 -0.1830
vn 0.9783 -0.0000 -0.2071
vn 0.9729 -0.0000 -0.2311
vn 0.9670 -0.0000 -0.2549
vn 0.9604 -0.0000 -0.2785
vn 0.9533 -0.0000 -0.3020
vn 0.9456 -0.0000 -0.3253
vn 0.9373 -0.0000 -0.3484
vn 0.9285 -0.0000 -0.3713
vn 0.9191 -0.0000 -0.3940
vn 0.9092 -0.0000 -0.4164
vn 0.8987 -0.0000 -0.4386
vn 0.8876 -0.0000 -0.4605
vn 0.8761 -0.0000 -0.4822
vn 0.8640 -0.0000 -0.5035
vn 0.8514 -0.0000 -0.5246
vn 0.8382 -0.0000 -0.5453
vn 0.8246 -0.0000 -0.5657
vn 0.8105 -0.0000 -0.5858
vn 0.7958 -0.0000 -0.6055
vn 0.7807 -0.0000 -0.6249
vn 0.7652 -0.0000 -0.6438
vn 0.7491 -0.0000 -0.6624
vn 0.7327 -0.0000 -0.6806
vn 0.7157 -0.0000 -0.6984
vn 0.6984 -0.0000 -0.7157
vn 0.6806 -0.0000 -0.7327
vn 0.6624 -0.0000 -0.7491
vn 0.6438 -0.0000 -0.7652
vn 0.6249 -0.0000 -0.7807
vn 0.6055 -0.0000 -0.7958
vn 0.5858 -0.0000 -0.8105
vn 0.5657 -0.0000 -0.8246
vn 0.5453 -0.0000 -0.8382
vn 0.5246 -0.0000 -0.8514
vn 0.5035 -0.0000 -0.8640
vn 0.4822 -0.0000 -0.8761
vn 0.4605 -0.0000 -0.8876
vn 0.4386 -0.0000 -0.8987
vn 0.4164 -0.0000 -0.9092
vn 0.3940 -0.0000 -0.9191
vn 0.3713 -0.0000 -0.9285
vn 0.3484 -0.0000 -0.9373
vn 0.3253 -0.0000 -0.9456
vn 0.3020 -0.0000 -0.9533
vn 0.2785 -0.0000 -0.9604
vn 0.2549 -0.0000 -0.9670
vn 0.2311 -0.0000 -0.9729
vn 0.2071 -0.0000 -0.9783
vn 0.1830 -0.0000 -0.9831
vn 0.1589 -0.0000 -0.9873
vn 0.1346 -0.0000 -0.9909
vn 0.1102 -0.0000 -0.9939
vn 0.0858 -0.0000 -0.9963
vn 0.0613 -0.0000 -0.9981
vn 0.0368 -0.0000 -0.9993
vn 0.0123 -0.0000 -0.9999
vn -0.0123 -0.0000 -0.9999
vn -0.0368 -0.0000 -0.9993
vn -0.0613 -0.0000 -0.9981
vn -0.0858 -0.0000 -0.9963
vn -0.1102 -0.0000 -0.9939
vn -0.1346 -0.0000 -0.9909
vn -0.1589 -0.0000 -0.9873
vn -0.1830 -0.0000 -0.9831
vn -0.2071 -0.0000 -0.9783
vn -0.2311 -0.0000 -0.9729
vn -0.2549 -0.0000 -0.9670
vn -0.2785 -0.0000 -0.9604
vn -0.3020 -0.0000 -0.9533
vn -0.3253 -0.0000 -0.9456
vn -0.3484 -0.0000 -0.9373
vn -0.3713 -0.0000 -0.9285
vn -0.3940 -0.0000 -0.9191
vn -0.4164 -0.0000 -0.9092
vn -0.4386 -0.0000 -0.8987
vn -0.4605 -0.0000 -0.8876
vn -0.4822 -0.0000 -0.8761
vn -0.5035 -0.0000 -0.8640
vn -0.5246 -0.0000 -0.8514
vn -0.5453 -0.0000 -0.8382
vn -0.5657 -0.0000 -0.8246
vn -0.5858 -0.0000 -0.8105
vn -0.6055 -0.0000 -0.7958
vn -0.6249 -0.0000 -0.7807
vn -0.6438 -0.0000 -0.7652
vn -0.6624 -0.0000 -0.7491
vn -0.6806 -0.0000 -0.7327
vn -0.6984 -0.0000 -0.7157
vn -0.7157 -0.0000 -0.6984
vn -0.7327 -0.0000 -0.6806
vn -0.7491 -0.0000 -0.6624
vn -0.7652 -0.0000 -0.6438
vn -0.7807 -0.0000 -0.6249
vn -0.7958 -0.0000 -0.6055
vn -0.8105 -0.0000 -0.5858
vn -0.8246 -0.0000 -0.5657
vn -0.8382 -0.0000 -0.5453
vn -0.8514 -0.0000 -0.5246
vn -0.8640 -0.0000 -0.5035
vn -0.8761 -0.0000 -0.4822
vn -0.8876 -0.0000 -0.4605
vn -0.8987 -0.0000 -0.4386
vn -0.9092 -0.0000 -0.4164
vn -0.9191 -0.0000 -0.3940
vn -0.9285 -0.0000 -0.3713
vn -0.9373 -0.0000 -0.3484
vn -0.9456 -0.0000 -0.3253
vn -0.9533 -0.0000 -0.3020
vn -0.9604 -0.0000 -0.2785
vn -0.9670 -0.0000 -0.2549
vn -0.9729 -0.0000 -0.2311
vn -0.9783 -0.0000 -0.2071
vn -0.9831 -0.0000 -0.1830
vn -0.9873 -0.0000 -0.1589
vn -0.9909 -0.0000 -0.1346
vn -0.9939 -0.0000 -0.1102
vn -0.9963 -0.0000 -0.0858
vn -0.9981 -0.0000 -0.0613
vn -0.9993 -0.0000 -0.0368
vn -0.9999 -0.0000 -0.0123
vn -0.9999 -0.0000 0.0123
vn -0.9993 -0.0000 0.0368
vn -0.9981 -0.0000 0.0613
vn -0.9963 -0.0000 0.0858
vn -0.9939 -0.0000 0.1102
vn -0.9909 -0.0000 0.1346
vn -0.9873 -0.0000 0.1589
vn -0.9831 -0.0000 0.1830
vn -0.9783 -0.0000 0.2071
vn -0.9729 -0.0000 0.2311
vn -0.9670 -0.0000 0.2549
vn -0.9604 -0.0000 0.2785
vn -0.9533 -0.0000 0.3020
vn -0.9456 -0.0000 0.3253
vn -0.9373 -0.0000 0.3484
vn -0.9285 -0.0000 0.3713
vn -0.9191 -0.0000 0.3940
vn -0.9092 -0.0000 0.4164
vn -0.8987 -0.0000 0.4386
vn -0.8876 -0.0000 0.4605
vn -0.8761 -0.0000 0.4822
vn -0.8640 -0.0000 0.5035
vn -0.8514 -0.0000 0.5246
vn -0.8382 -0.0000 0.5453
vn -0.8246 -0.0000 0.5657
vn -0.8105 -0.0000 0.5858
vn -0.7958 -0.0000 0.6055
vn -0.7807 -0.0000 0.6249
vn -0.7652 -0.0000 0.6438
vn -0.7491 -0.0000 0.6624
vn -0.7327 -0.0000 0.6806
vn -0.7157 -0.0000 0.6984
vn -0.6984 -0.0000 0.7157
vn -0.6806 -0.0000 0.7327
vn -0.6624 -0.0000 0.7491
vn -0.6438 -0.0000 0.7652
vn -0.6249 -0.0000 0.7807
vn -0.6055 -0.0000 0.7958
vn -0.5858 -0.0000 0.8105
vn -0.5657 -0.0000 0.8246
vn -0.5453 -0.0000 0.8382
vn -0.5246 -0.0000 0.8514
vn -0.5035 -0.0000 0.8640
vn -0.4822 -0.0000 0.8761
vn -0.4605 -0.0000 0.8876
vn -0.4386 -0.0000 0.8987
vn -0.4164 -0.0000 0.9092
vn -0.3940 -0.0000 0.9191
vn -0.3713 -0.0000 0.9285
vn -0.3484 -0.0000 0.9373
vn -0.3253 -0.0000 0.9456
vn -0.3020 -0.0000 0.9533
vn -0.2785 -0.0000 0.9604
vn -0.2549 -0.0000 0.9670
vn -0.2311 -0.0000 0.9729
vn -0.2071 -0.0000 0.9783
vn -0.1830 -0.0000 0.9831
vn -0.1589 -0.0000 0.9873
vn -0.1346 -0.0000 0.9909
vn -0.1102 -0.0000 0.9939
vn -0.0858 -0.0000 0.9963
vn -0.0613 -0.0000 0.9981
vn -0.0368 -0.0000 0.9993
vn -0.0123 -0.0000 0.9999
vn 0.0123 -0.0000 0.9999
vn 0.0368 -0.0000 0.9993
vn 0.0613 -0.0000 0.9981
vn 0.0858 -0.0000 0.9963
vn 0.1102 -0.0000 0.9939
vn 0.1346 -0.0000 0.9909
vn 0.1589 -0.0000 0.9873
vn 0.1830 -0.0000 0.9831
vn 0.2071 -0.0000 0.9783
vn 0.2311 -0.0000 0.9729
vn 0.2549 -0.0000 0.9670
vn 0.2785 -0.0000 0.9604
vn 0.3020 -0.0000 0.9533
vn 0.3253 -0.0000 0.9456
vn 0.3484 -0.0000 0.9373
vn 0.3713 -0.0000 0.9285
vn 0.3940 -0.0000 0.9191
vn 0.4164 -0.0000 0.9092
vn 0.4386 -0.0000 0.8987
vn 0.4605 -0.0000 0.8876
vn 0.4822 -0.0000 0.8761
vn 0.5035 -0.0000 0.8640
vn 0.5246 -0.0000 0.8514
vn 0.5453 -0.0000 0.8382
vn 0.5657 -0.0000 0.8246
vn 0.5858 -0.0000 0.8105
vn 0.6055 -0.0000 0.7958
vn 0.6249 -0.0000 0.7807
vn 0.6438 -0.0000 0.7652
vn 0.6624 -0.0000 0.7491
vn 0.6806 -0.0000 0.7327
vn 0.6984 -0.0000 0.7157
vn 0.7157 -0.0000 0.6984
vn 0.7327 -0.0000 0.6806
vn 0.7491 -0.0000 0.6624
vn 0.7652 -0.0000 0.6438
vn 0.7807 -0.0000 0.6249
vn 0.7958 -0.0000 0.6055
vn 0.8105 -0.0000 0.5858
vn 0.8246 -0.0000 0.5657
vn 0.8382 -0.0000 0.5453
vn 0.8514 -0.0000 0.5246
vn 0.8640 -0.0000 0.5035
vn 0.8761 -0.0000 0.4822
vn 0.8876 -0.0000 0.4605
vn 0.8987 -0.0000 0.4386
vn 0.9092 -0.0000 0.4164
vn 0.9191 -0.0000 0.3940
vn 0.9285 -0.0000 0.3713
vn 0.9373 -0.0000 0.3484
vn 0.9456 -0.0000 0.3253
vn 0.9533 -0.0000 0.3020
vn 0.9604 -0.0000 0.2785
vn 0.9670 -0.0000 0.2549
vn 0.9729 -0.0000 0.2311
vn 0.9783 -0.0000 0.2071
vn 0.9831 -0.0000 0.1830
vn 0.9873 -0.0000 0.1589
vn 0.9909 -0.0000 0.1346
vn 0.9939 -0.0000 0.1102
vn 0.9963 -0.0000 0.0858
vn 0.9981 -0.0000 0.0613
vn -0.0000 -1.0000 -0.0000
vn 0.9993 -0.0000 0.0368
vn 0.9999 -0.0000 0.0123
vn -0.0000 1.0000 -0.0000
vn 0.4938 0.4938 -0.7157
vn 0.4813 0.4813 -0.7327
vn 0.4684 0.4684 -0.7491
vn 0.4553 0.4553 -0.7652
vn 0.4418 0.4418 -0.7807
vn 0.4282 0.4282 -0.7958
vn 0.4142 0.4142 -0.8105
vn 0.4000 0.4000 -0.8246
vn 0.3856 0.3856 -0.8382
vn 0.3709 0.3709 -0.8514
vn 0.3561 0.3561 -0.8640
vn 0.3410 0.3410 -0.8761
vn 0.3257 0.3256 -0.8876
vn 0.3101 0.3101 -0.8987
vn 0.2945 0.2945 -0.9092
vn 0.2786 0.2786 -0.9191
vn 0.2626 0.2626 -0.9285
vn 0.2464 0.2464 -0.9373
vn 0.2300 0.2300 -0.9456
vn 0.2136 0.2136 -0.9533
vn 0.1969 0.1969 -0.9604
vn 0.1802 0.1802 -0.9670
vn 0.1634 0.1634 -0.9729
vn 0.1465 0.1465 -0.9783
vn 0.1294 0.1294 -0.9831
vn 0.1123 0.1123 -0.9873
vn 0.0952 0.0952 -0.9909
vn 0.0779 0.0779 -0.9939
vn 0.0607 0.0607 -0.9963
vn 0.0434 0.0434 -0.9981
vn 0.0260 0.0260 -0.9993
vn 0.0087 0.0087 -0.9999
vn -0.0087 -0.0087 -0.9999
vn -0.0260 -0.0260 -0.9993
vn -0.0434 -0.0434 -0.9981
vn -0.0607 -0.0607 -0.9963
vn -0.0779 -0.0779 -0.9939
vn -0.0952 -0.0952 -0.9909
vn -0.1123 -0.1123 -0.9873
vn -0.1294 -0.1294 -0.9831
vn -0.1465 -0.1465 -0.9783
vn -0.1634 -0.1634 -0.9729
vn -0.1802 -0.1802 -0.9670
vn -0.1969 -0.1969 -0.9604
vn -0.2135 -0.2136 -0.9533
vn -0.2300 -0.2300 -0.9456
vn -0.2464 -0.2464 -0.9373
vn -0.2626 -0.2626 -0.9285
vn -0.2786 -0.2786 -0.9191
vn -0.2945 -0.2945 -0.9092
vn -0.3102 -0.3102 -0.8987
vn -0.3256 -0.3256 -0.8876
vn -0.3410 -0.3410 -0.8761
vn -0.3561 -0.3561 -0.8640
vn -0.3709 -0.3709 -0.8514
vn -0.3856 -0.3856 -0.8382
vn -0.4000 -0.4000 -0.8246
vn -0.4142 -0.4142 -0.8105
vn -0.4282 -0.4282 -0.7958
vn -0.4418 -0.4418 -0.7807
vn -0.4553 -0.4553 -0.7652
vn -0.4684 -0.4684 -0.7491
vn -0.4813 -0.4813 -0.7327
vn -0.4938 -0.4938 -0.7157
vn -0.5061 -0.5061 -0.6984
vn -0.5181 -0.5181 -0.6806
vn -0.5297 -0.5297 -0.6624
vn -0.5411 -0.5411 -0.6438
vn -0.5521 -0.5521 -0.6249
vn -0.5627 -0.5627 -0.6055
vn -0.5731 -0.5731 -0.5858
vn -0.5831 -0.5831 -0.5657
vn -0.5927 -0.5927 -0.5453
vn -0.6020 -0.6020 -0.5246
vn -0.6109 -0.6109 -0.5035
vn -0.6195 -0.6195 -0.4822
vn -0.6277 -0.6277 -0.4605
vn -0.6355 -0.6355 -0.4386
vn -0.6429 -0.6429 -0.4164
vn -0.6499 -0.6499 -0.3940
vn -0.6566 -0.6566 -0.3713
vn -0.6628 -0.6628 -0.3484
vn -0.6686 -0.6686 -0.3253
vn -0.6741 -0.6741 -0.3020
vn -0.6791 -0.6791 -0.2785
vn -0.6838 -0.6838 -0.2549
vn -0.6880 -0.6880 -0.2311
vn -0.6918 -0.6918 -0.2071
vn -0.6952 -0.6952 -0.1830
vn -0.6981 -0.6981 -0.1589
vn -0.7007 -0.7007 -0.1346
vn -0.7028 -0.7028 -0.1102
vn -0.7045 -0.7045 -0.0858
vn -0.7058 -0.7058 -0.0613
vn -0.7066 -0.7066 -0.0368
vn -0.7071 -0.7071 -0.0123
vn -0.7071 -0.7071 0.0123
vn -0.7066 -0.7066 0.0368
vn -0.7058 -0.7058 0.0613
vn -0.7045 -0.7045 0.0858
vn -0.7028 -0.7028 0.1102
vn -0.7007 -0.7007 0.1346
vn -0.6981 -0.6981 0.1589
vn -0.6952 -0.6952 0.1830
vn -0.6918 -0.6918 0.2071
vn -0.6880 -0.6880 0.2311
vn -0.6838 -0.6838 0.2549
vn -0.6791 -0.6791 0.2785
vn -0.6741 -0.6741 0.3020
vn -0.6686 -0.6686 0.3253
vn -0.6628 -0.6628 0.3484
vn -0.6566 -0.6566 0.3713
vn -0.6499 -0.6499 0.3940
vn -0.6429 -0.6429 0.4164
vn -0.6355 -0.6355 0.4386
vn -0.6277 -0.6277 0.4605
vn -0.6195 -0.6195 0.4822
vn -0.6109 -0.6109 0.5035
vn -0.6020 -0.6020 0.5246
vn -0.5927 -0.5927 0.5453
vn -0.5831 -0.5831 0.5657
vn -0.5731 -0.5731 0.5858
vn -0.5627 -0.5627 0.6055
vn -0.5521 -0.5521 0.6249
vn -0.5411 -0.5411 0.6438
vn -0.5297 -0.5297 0.6624
vn -0.5181 -0.5181 0.6806
vn -0.5061 -0.5061 0.6984
vn -0.4938 -0.4938 0.7157
vn -0.4813 -0.4813 0.7327
vn -0.4684 -0.4684 0.7491
vn -0.4553 -0.4553 0.7652
vn -0.4418 -0.4418 0.7807
vn -0.4282 -0.4282 0.7958
vn -0.4142 -0.4142 0.8105
vn -0.4000 -0.4000 0.8246
vn -0.3856 -0.3856 0.8382
vn -0.3709 -0.3709 0.8514
vn -0.3561 -0.3561 0.8640
vn -0.3410 -0.3410 0.8761
vn -0.3257 -0.3256 0.8876
vn -0.3101 -0.3101 0.8987
vn -0.2945 -0.2945 0.9092
vn -0.2786 -0.2786 0.9191
vn -0.2626 -0.2626 0.9285
vn -0.2464 -0.2464 0.9373
vn -0.2300 -0.2300 0.9456
vn -0.2135 -0.2136 0.9533
vn -0.1969 -0.1969 0.9604
vn -0.1802 -0.1802 0.9670
vn -0.1634 -0.1634 0.9729
vn -0.1465 -0.1465 0.9783
vn -0.1294 -0.1294 0.9831
vn -0.1123 -0.1123 0.9873
vn -0.0952 -0.0952 0.9909
vn -0.0779 -0.0779 0.9939
vn -0.0607 -0.0607 0.9963
vn -0.0434 -0.0434 0.9981
vn -0.0260 -0.0260 0.9993
vn -0.0087 -0.0087 0.9999
vn 0.0087 0.0087 0.9999
vn 0.0260 0.0260 0.9993
vn 0.0434 0.0434 0.9981
vn 0.0607 0.0607 0.9963
vn 0.0779 0.0779 0.9939
vn 0.0952 0.0952 0.9909
vn 0.1123 0.1123 0.9873
vn 0.1294 0.1294 0.9831
vn 0.1464 0.1465 0.9783
vn 0.1634 0.1634 0.9729
vn 0.1802 0.1802 0.9670
vn 0.1969 0.1969 0.9604
vn 0.2136 0.2136 0.9533
vn 0.2300 0.2300 0.9456
vn 0.2464 0.2464 0.9373
vn 0.2626 0.2626 0.9285
vn 0.2786 0.2786 0.9191
vn 0.2945 0.2945 0.9092
vn 0.3102 0.3102 0.8987
vn 0.3256 0.3256 0.8876
vn 0.3410 0.3410 0.8761
vn 0.3561 0.3561 0.8640
vn 0.3709 0.3709 0.8514
vn 0.3856 0.3856 0.8382
vn 0.4000 0.4000 0.8246
vn 0.4142 0.4142 0.8105
vn 0.4282 0.4282 0.7958
vn 0.4418 0.4418 0.7807
vn 0.4553 0.4553 0.7652
vn 0.4684 0.4684 0.7491
vn 0.4813 0.4813 0.7327
vn 0.4938 0.4938 0.7157
vn 0.5061 0.5061 0.6984
vn 0.5181 0.5181 0.6806
vn 0.5297 0.5297 0.6624
vn 0.5411 0.5411 0.6438
vn 0.5521 0.5521 0.6249
vn 0.5627 0.5627 0.6055
vn 0.5731 0.5731 0.5858
vn 0.5831 0.5831 0.5657
vn 0.5927 0.5927 0.5453
vn 0.6020 0.6020 0.5246
vn 0.6109 0.6109 0.5035
vn 0.6195 0.6195 0.4822
vn 0.6277 0.6277 0.4605
vn 0.6355 0.6355 0.4386
vn 0.6429 0.6429 0.4164
vn 0.6499 0.6499 0.3940
vn 0.6566 0.6566 0.3713
vn 0.6628 0.6628 0.3484
vn 0.6686 0.6686 0.3253
vn 0.6741 0.6741 0.3020
vn 0.6791 0.6791 0.2785
vn 0.6838 0.6838 0.2549
vn 0.6880 0.6880 0.2311
vn 0.6918 0.6918 0.2071
vn 0.6952 0.6952 0.1830
vn 0.6981 0.6981 0.1589
vn 0.7007 0.7007 0.1346
vn 0.7028 0.7028 0.1102
vn 0.7045 0.7045 0.0858
vn 0.7058 0.7058 0.0613
vn 0.7066 0.7066 0.0368
vn 0.7071 0.7071 0.0123
vn 0.7071 0.7071 -0.0123
vn 0.7066 0.7066 -0.0368
vn 0.7058 0.7058 -0.0613
vn 0.7045 0.7045 -0.0858
vn 0.7028 0.7028 -0.1102
vn 0.7007 0.7007 -0.1346
vn 0.6981 0.6981 -0.1589
vn 0.6952 0.6952 -0.1830
vn 0.6918 0.6918 -0.2071
vn 0.6880 0.6880 -0.2311
vn 0.6838 0.6838 -0.2549
vn 0.6791 0.6791 -0.2785
vn 0.6741 0.6741 -0.3020
vn 0.6686 0.6686 -0.3253
vn 0.6628 0.6628 -0.3484
vn 0.6566 0.6566 -0.3713
vn 0.6499 0.6499 -0.3940
vn 0.6429 0.6429 -0.4164
vn 0.6355 0.6355 -0.4386
vn 0.6277 0.6277 -0.4605
vn 0.6195 0.6195 -0.4822
vn 0.6109 0.6109 -0.5035
vn 0.6020 0.6020 -0.5246
vn 0.5927 0.5927 -0.5453
vn 0.5831 0.5831 -0.5657
vn 0.5731 0.5731 -0.5858
vn 0.5627 0.5627 -0.6055
vn 0.5521 0.5521 -0.6249
vn 0.5411 0.5411 -0.6438
vn 0.5297 0.5297 -0.6624
vn 0.7071 -0.7071 -0.0000
vn 0.5181 0.5181 -0.6806
vn 0.5061 0.5061 -0.6984
vn -0.7071 0.7071 -0.0000
vn 0.6767 -0.4738 0.5635
vn 0.6878 -0.4816 0.5430
vn 0.6986 -0.4891 0.5223
vn 0.7088 -0.4963 0.5012
vn 0.7187 -0.5032 0.4798
vn 0.7281 -0.5098 0.4581
vn 0.7371 -0.5161 0.4362
vn 0.7457 -0.5221 0.4140
vn 0.7538 -0.5278 0.3915
vn 0.7614 -0.5331 0.3688
vn 0.7686 -0.5382 0.3459
vn 0.7753 -0.5429 0.3227
vn 0.7816 -0.5473 0.2994
vn 0.7874 -0.5513 0.2759
vn 0.7927 -0.5550 0.2522
vn 0.7975 -0.5584 0.2284
vn 0.8018 -0.5615 0.2045
vn 0.8057 -0.5642 0.1804
vn 0.8091 -0.5665 0.1562
vn 0.8120 -0.5686 0.1319
vn 0.8144 -0.5703 0.1075
vn 0.8163 -0.5716 0.0831
vn 0.8177 -0.5726 0.0586
vn 0.8187 -0.5732 0.0341
vn 0.8191 -0.5736 0.0095
vn 0.8191 -0.5735 -0.0150
vn 0.8185 -0.5731 -0.0395
vn 0.8175 -0.5724 -0.0640
vn 0.8159 -0.5713 -0.0885
vn 0.8139 -0.5699 -0.1129
vn 0.8114 -0.5681 -0.1373
vn 0.8084 -0.5660 -0.1616
vn 0.8049 -0.5636 -0.1857
vn 0.8009 -0.5608 -0.2098
vn 0.7965 -0.5577 -0.2337
vn 0.7915 -0.5542 -0.2575
vn 0.7861 -0.5504 -0.2811
vn 0.7802 -0.5463 -0.3046
vn 0.7739 -0.5419 -0.3279
vn 0.7670 -0.5371 -0.3510
vn 0.7598 -0.5320 -0.3739
vn 0.7520 -0.5266 -0.3965
vn 0.7438 -0.5208 -0.4189
vn 0.7352 -0.5148 -0.4411
vn 0.7261 -0.5084 -0.4630
vn 0.7166 -0.5017 -0.4846
vn 0.7066 -0.4948 -0.5059
vn 0.6962 -0.4875 -0.5269
vn 0.6854 -0.4799 -0.5476
vn 0.6742 -0.4721 -0.5680
vn 0.6626 -0.4639 -0.5880
vn 0.6506 -0.4555 -0.6077
vn 0.6381 -0.4468 -0.6270
vn 0.6253 -0.4379 -0.6459
vn 0.6122 -0.4286 -0.6645
vn 0.5986 -0.4192 -0.6826
vn 0.5847 -0.4094 -0.7003
vn 0.5705 -0.3995 -0.7176
vn 0.5559 -0.3892 -0.7345
vn 0.5409 -0.3788 -0.7509
vn 0.5257 -0.3681 -0.7669
vn 0.5101 -0.3572 -0.7824
vn 0.4942 -0.3461 -0.7975
vn 0.4780 -0.3347 -0.8121
vn 0.4616 -0.3232 -0.8261
vn 0.4448 -0.3115 -0.8397
vn 0.4278 -0.2996 -0.8528
vn 0.4105 -0.2875 -0.8653
vn 0.3930 -0.2752 -0.8774
vn 0.3753 -0.2628 -0.8889
vn 0.3573 -0.2502 -0.8999
vn 0.3391 -0.2374 -0.9103
vn 0.3207 -0.2245 -0.9202
vn 0.3021 -0.2115 -0.9295
vn 0.2833 -0.1984 -0.9383
vn 0.2644 -0.1851 -0.9465
vn 0.2453 -0.1717 -0.9541
vn 0.2260 -0.1583 -0.9612
vn 0.2066 -0.1447 -0.9677
vn 0.1871 -0.1310 -0.9736
vn 0.1675 -0.1173 -0.9789
vn 0.1477 -0.1034 -0.9836
vn 0.1279 -0.0896 -0.9877
vn 0.1080 -0.0756 -0.9913
vn 0.0881 -0.0617 -0.9942
vn 0.0681 -0.0477 -0.9965
vn 0.0480 -0.0336 -0.9983
vn 0.0279 -0.0195 -0.9994
vn 0.0078 -0.0055 -1.0000
vn -0.0123 0.0086 -0.9999
vn -0.0324 0.0227 -0.9992
vn -0.0525 0.0367 -0.9979
vn -0.0725 0.0508 -0.9961
vn -0.0925 0.0648 -0.9936
vn -0.1125 0.0787 -0.9905
vn -0.1323 0.0927 -0.9869
vn -0.1521 0.1065 -0.9826
vn -0.1718 0.1203 -0.9778
vn -0.1914 0.1341 -0.9723
vn -0.2109 0.1477 -0.9663
vn -0.2303 0.1613 -0.9597
vn -0.2495 0.1747 -0.9525
vn -0.2686 0.1881 -0.9447
vn -0.2875 0.2013 -0.9364
vn -0.3062 0.2144 -0.9275
vn -0.3248 0.2274 -0.9180
vn -0.3432 0.2403 -0.9080
vn -0.3613 0.2530 -0.8975
vn -0.3792 0.2655 -0.8864
vn -0.3969 0.2779 -0.8748
vn -0.4144 0.2902 -0.8626
vn -0.4316 0.3022 -0.8499
vn -0.4486 0.3141 -0.8367
vn -0.4653 0.3258 -0.8230
vn -0.4817 0.3373 -0.8089
vn -0.4978 0.3485 -0.7942
vn -0.5136 0.3596 -0.7790
vn -0.5291 0.3705 -0.7634
vn -0.5443 0.3811 -0.7473
vn -0.5591 0.3915 -0.7308
vn -0.5737 0.4017 -0.7138
vn -0.5879 0.4116 -0.6964
vn -0.6017 0.4213 -0.6786
vn -0.6151 0.4307 -0.6604
vn -0.6282 0.4399 -0.6417
vn -0.6409 0.4488 -0.6227
vn -0.6533 0.4574 -0.6033
vn -0.6652 0.4658 -0.5836
vn -0.6767 0.4739 -0.5635
vn -0.6878 0.4816 -0.5430
vn -0.6986 0.4891 -0.5223
vn -0.7088 0.4963 -0.5012
vn -0.7187 0.5032 -0.4798
vn -0.7281 0.5098 -0.4581
vn -0.7371 0.5161 -0.4362
vn -0.7457 0.5221 -0.4139
vn -0.7538 0.5278 -0.3915
vn -0.7614 0.5332 -0.3688
vn -0.7686 0.5382 -0.3459
vn -0.7753 0.5429 -0.3227
vn -0.7816 0.5473 -0.2994
vn -0.7874 0.5513 -0.2759
vn -0.7927 0.5550 -0.2522
vn -0.7975 0.5584 -0.2284
vn -0.8018 0.5615 -0.2045
vn -0.8057 0.5642 -0.1804
vn -0.8091 0.5665 -0.1562
vn -0.8120 0.5686 -0.1319
vn -0.8144 0.5703 -0.1075
vn -0.8163 0.5716 -0.0831
vn -0.8177 0.5726 -0.0586
vn -0.8187 0.5732 -0.0341
vn -0.8191 0.5736 -0.0096
vn -0.8191 0.5735 0.0150
vn -0.8185 0.5731 0.0395
vn -0.8175 0.5724 0.0641
vn -0.8159 0.5713 0.0885
vn -0.8139 0.5699 0.1129
vn -0.8114 0.5681 0.1373
vn -0.8084 0.5660 0.1615
vn -0.8049 0.5636 0.1857
vn -0.8009 0.5608 0.2098
vn -0.7965 0.5577 0.2337
vn -0.7915 0.5542 0.2575
vn -0.7861 0.5504 0.2811
vn -0.7802 0.5463 0.3046
vn -0.7739 0.5419 0.3279
vn -0.7670 0.5371 0.3510
vn -0.7598 0.5320 0.3738
vn -0.7520 0.5266 0.3965
vn -0.7438 0.5208 0.4189
vn -0.7352 0.5148 0.4411
vn -0.7261 0.5084 0.4629
vn -0.7166 0.5017 0.4846
vn -0.7066 0.4948 0.5059
vn -0.6962 0.4875 0.5269
vn -0.6854 0.4799 0.5476
vn -0.6742 0.4721 0.5680
vn -0.6626 0.4639 0.5880
vn -0.6506 0.4555 0.6077
vn -0.6381 0.4468 0.6270
vn -0.6253 0.4379 0.6459
vn -0.6122 0.4286 0.6645
vn -0.5986 0.4192 0.6826
vn -0.5847 0.4094 0.7003
vn -0.5705 0.3995 0.7176
vn -0.5559 0.3892 0.7345
vn -0.5409 0.3788 0.7509
vn -0.5257 0.3681 0.7669
vn -0.5101 0.3572 0.7824
vn -0.4942 0.3461 0.7975
vn -0.4780 0.3347 0.8120
vn -0.4616 0.3232 0.8261
vn -0.4448 0.3115 0.8397
vn -0.4278 0.2996 0.8528
vn -0.4105 0.2875 0.8653
vn -0.3930 0.2752 0.8774
vn -0.3753 0.2628 0.8889
vn -0.3573 0.2502 0.8999
vn -0.3391 0.2374 0.9103
vn -0.3207 0.2245 0.9202
vn -0.3021 0.2115 0.9295
vn -0.2833 0.1984 0.9383
vn -0.2644 0.1851 0.9465
vn -0.2453 0.1717 0.9541
vn -0.2260 0.1583 0.9612
vn -0.2066 0.1447 0.9677
vn -0.1871 0.1310 0.9736
vn -0.1675 0.1173 0.9789
vn -0.1477 0.1034 0.9836
vn -0.1279 0.0896 0.9877
vn -0.1080 0.0756 0.9913
vn -0.0881 0.0617 0.9942
vn -0.0681 0.0477 0.9965
vn -0.0480 0.0336 0.9983
vn -0.0279 0.0195 0.9994
vn -0.0078 0.0055 1.0000
vn 0.0123 -0.0086 0.9999
vn 0.0324 -0.0227 0.9992
vn 0.0525 -0.0367 0.9979
vn 0.0725 -0.0508 0.9961
vn 0.0925 -0.0648 0.9936
vn 0.1125 -0.0787 0.9905
vn 0.1323 -0.0927 0.9869
vn 0.1521 -0.1065 0.9826
vn 0.1718 -0.1203 0.9777
vn 0.1914 -0.1341 0.9723
vn 0.2109 -0.1477 0.9663
vn 0.2303 -0.1613 0.9597
vn 0.2495 -0.1747 0.9525
vn 0.2686 -0.1881 0.9447
vn 0.2875 -0.2013 0.9364
vn 0.3062 -0.2144 0.9275
vn 0.3248 -0.2274 0.9180
vn 0.3432 -0.2403 0.9080
vn 0.3613 -0.2530 0.8975
vn 0.3792 -0.2655 0.8864
vn 0.3969 -0.2779 0.8748
vn 0.4144 -0.2902 0.8626
vn 0.4316 -0.3022 0.8499
vn 0.4486 -0.3141 0.8367
vn 0.4653 -0.3258 0.8230
vn 0.4817 -0.3373 0.8089
vn 0.4978 -0.3485 0.7942
vn 0.5136 -0.3596 0.7790
vn 0.5291 -0.3705 0.7634
vn 0.5443 -0.3811 0.7473
vn 0.5592 -0.3915 0.7308
vn 0.5737 -0.4017 0.7138
vn 0.5879 -0.4116 0.6964
vn 0.6017 -0.4213 0.6786
vn 0.6151 -0.4307 0.6604
vn 0.6282 -0.4399 0.6417
vn 0.6409 -0.4488 0.6227
vn -0.5736 -0.8192 -0.0000
vn 0.6533 -0.4574 0.6033
vn 0.6652 -0.4658 0.5836
vn 0.5736 0.8192 -0.0000
vt 1.000000 0.500000
vt 1.000000 1.000000
vt 0.996094 1.000000
vt 0.996094 0.500000
vt 0.992188 1.000000
vt 0.992188 0.500000
vt 0.988281 1.000000
vt 0.988281 0.500000
vt 0.984375 1.000000
vt 0.984375 0.500000
vt 0.980469 1.000000
vt 0.980469 0.500000
vt 0.976562 1.000000
vt 0.976562 0.500000
vt 0.972656 1.000000
vt 0.972656 0.500000
vt 0.968750 1.000000
vt 0.968750 0.500000
vt 0.964844 1.000000
vt 0.964844 0.500000
vt 0.960938 1.000000
vt 0.960938 0.500000
vt 0.957031 1.000000
vt 0.957031 0.500000
vt 0.953125 1.000000
vt 0.953125 0.500000
vt 0.949219 1.000000
vt 0.949219 0.500000
vt 0.945312 1.000000
vt 0.945312 0.500000
vt 0.941406 1.000000
vt 0.941406 0.500000
vt 0.937500 1.000000
vt 0.937500 0.500000
vt 0.933594 1.000000
vt 0.933594 0.500000
vt 0.929688 1.000000
vt 0.929688 0.500000
vt 0.925781 1.000000
vt 0.925781 0.500000
vt 0.921875 1.000000
vt 0.921875 0.500000
vt 0.917969 1.000000
vt 0.917969 0.500000
vt 0.914062 1.000000
vt 0.914062 0.500000
vt 0.910156 1.000000
vt 0.910156 0.500000
vt 0.906250 1.000000
vt 0.906250 0.500000
vt 0.902344 1.000000
vt 0.902344 0.500000
vt 0.898438 1.000000
vt 0.898438 0.500000
vt 0.894531 1.000000
vt 0.894531 0.500000
vt 0.890625 1.000000
vt 0.890625 0.500000
vt 0.886719 1.000000
vt 0.886719 0.500000
vt 0.882812 1.000000
vt 0.882812 0.500000
vt 0.878906 1.000000
vt 0.878906 0.500000
vt 0.875000 1.000000
vt 0.875000 0.500000
vt 0.871094 1.000000
vt 0.871094 0.500000
vt 0.867188 1.000000
vt 0.867188 0.500000
vt 0.863281 1.000000
vt 0.863281 0.500000
vt 0.859375 1.000000
vt 0.859375 0.500000
vt 0.855469 1.000000
vt 0.855469 0.500000
vt 0.851562 1.000000
vt 0.851562 0.500000
vt 0.847656 1.000000
vt 0.847656 0.500000
vt 0.843750 1.000000
vt 0.843750 0.500000
vt 0.839844 1.000000
vt 0.839844 0.500000
vt 0.835938 1.000000
vt 0.835938 0.500000
vt 0.832031 1.000000
vt 0.832031 0.500000
vt 0.828125 1.000000
vt 0.828125 0.500000
vt 0.824219 1.000000
vt 0.824219 0.500000
vt 0.820312 1.000000
vt 0.820312 0.500000
vt 0.816406 1.000000
vt 0.816406 0.500000
vt 0.812500 1.000000
vt 0.812500 0.500000
vt 0.808594 1.000000
vt 0.808594 0.500000
vt 0.804688 1.000000
vt 0.804688 0.500000
vt 0.800781 1.000000
vt 0.800781 0.500000
vt 0.796875 1.000000
vt 0.796875 0.500000
vt 0.792969 1.000000
vt 0.792969 0.500000
vt 0.789062 1.000000
vt 0.789062 0.500000
vt 0.785156 1.000000
vt 0.785156 0.500000
vt 0.781250 1.000000
vt 0.781250 0.500000
vt 0.777344 1.000000
vt 0.777344 0.500000
vt 0.773438 1.000000
vt 0.773438 0.500000
vt 0.769531 1.000000
vt 0.769531 0.500000
vt 0.765625 1.000000
vt 0.765625 0.500000
vt 0.761719 1.000000
vt 0.761719 0.500000
vt 0.757812 1.000000
vt 0.757812 0.500000
vt 0.753906 1.000000
vt 0.753906 0.500000
vt 0.750000 1.000000
vt 0.750000 0.500000
vt 0.746094 1.000000
vt 0.746094 0.500000
vt 0.742188 1.000000
vt 0.742188 0.500000
vt 0.738281 1.000000
vt 0.738281 0.500000
vt 0.734375 1.000000
vt 0.734375 0.500000
vt 0.730469 1.000000
vt 0.730469 0.500000
vt 0.726562 1.000000
vt 0.726562 0.500000
vt 0.722656 1.000000
vt 0.722656 0.500000
vt 0.718750 1.000000
vt 0.718750 0.500000
vt 0.714844 1.000000
vt 0.714844 0.500000
vt 0.710938 1.000000
vt 0.710938 0.500000
vt 0.707031 1.000000
vt 0.707031 0.500000
vt 0.703125 1.000000
vt 0.703125 0.500000
vt 0.699219 1.000000
vt 0.699219 0.500000
vt 0.695312 1.000000
vt 0.695312 0.500000
vt 0.691406 1.000000
vt 0.691406 0.500000
vt 0.687500 1.000000
vt 0.687500 0.500000
vt 0.683594 1.000000
vt 0.683594 0.500000
vt 0.679688 1.000000
vt 0.679688 0.500000
vt 0.675781 1.000000
vt 0.675781 0.500000
vt 0.671875 1.000000
vt 0.671875 0.500000
vt 0.667969 1.000000
vt 0.667969 0.500000
vt 0.664062 1.000000
vt 0.664062 0.500000
vt 0.660156 1.000000
vt 0.660156 0.500000
vt 0.656250 1.000000
vt 0.656250 0.500000
vt 0.652344 1.000000
vt 0.652344 0.500000
vt 0.648438 1.000000
vt 0.648438 0.500000
vt 0.644531 1.000000
vt 0.644531 0.500000
vt 0.640625 1.000000
vt 0.640625 0.500000
vt 0.636719 1.000000
vt 0.636719 0.500000
vt 0.632812 1.000000
vt 0.632812 0.500000
vt 0.628906 1.000000
vt 0.628906 0.500000
vt 0.625000 1.000000
vt 0.625000 0.500000
vt 0.621094 1.000000
vt 0.621094 0.500000
vt 0.617188 1.000000
vt 0.617188 0.500000
vt 0.613281 1.000000
vt 0.613281 0.500000
vt 0.609375 1.000000
vt 0.609375 0.500000
vt 0.605469 1.000000
vt 0.605469 0.500000
vt 0.601562 1.000000
vt 0.601562 0.500000
vt 0.597656 1.000000
vt 0.597656 0.500000
vt 0.593750 1.000000
vt 0.593750 0.500000
vt 0.589844 1.000000
vt 0.589844 0.500000
vt 0.585938 1.000000
vt 0.585938 0.500000
vt 0.582031 1.000000
vt 0.582031 0.500000
vt 0.578125 1.000000
vt 0.578125 0.500000
vt 0.574219 1.000000
vt 0.574219 0.500000
vt 0.570312 1.000000
vt 0.570312 0.500000
vt 0.566406 1.000000
vt 0.566406 0.500000
vt 0.562500 1.000000
vt 0.562500 0.500000
vt 0.558594 1.000000
vt 0.558594 0.500000
vt 0.554688 1.000000
vt 0.554688 0.500000
vt 0.550781 1.000000
vt 0.550781 0.500000
vt 0.546875 1.000000
vt 0.546875 0.500000
vt 0.542969 1.000000
vt 0.542969 0.500000
vt 0.539062 1.000000
vt 0.539062 0.500000
vt 0.535156 1.000000
vt 0.535156 0.500000
vt 0.531250 1.000000
vt 0.531250 0.500000
vt 0.527344 1.000000
vt 0.527344 0.500000
vt 0.523438 1.000000
vt 0.523438 0.500000
vt 0.519531 1.000000
vt 0.519531 0.500000
vt 0.515625 1.000000
vt 0.515625 0.500000
vt 0.511719 1.000000
vt 0.511719 0.500000
vt 0.507812 1.000000
vt 0.507812 0.500000
vt 0.503906 1.000000
vt 0.503906 0.500000
vt 0.500000 1.000000
vt 0.500000 0.500000
vt 0.496094 1.000000
vt 0.496094 0.500000
vt 0.492188 1.000000
vt 0.492188 0.500000
vt 0.488281 1.000000
vt 0.488281 0.500000
vt 0.484375 1.000000
vt 0.484375 0.500000
vt 0.480469 1.000000
vt 0.480469 0.500000
vt 0.476562 1.000000
vt 0.476562 0.500000
vt 0.472656 1.000000
vt 0.472656 0.500000
vt 0.468750 1.000000
vt 0.468750 0.500000
vt 0.464844 1.000000
vt 0.464844 0.500000
vt 0.460938 1.000000
vt 0.460938 0.500000
vt 0.457031 1.000000
vt 0.457031 0.500000
vt 0.453125 1.000000
vt 0.453125 0.500000
vt 0.449219 1.000000
vt 0.449219 0.500000
vt 0.445312 1.000000
vt 0.445312 0.500000
vt 0.441406 1.000000
vt 0.441406 0.500000
vt 0.437500 1.000000
vt 0.437500 0.500000
vt 0.433594 1.000000
vt 0.433594 0.500000
vt 0.429688 1.000000
vt 0.429688 0.500000
vt 0.425781 1.000000
vt 0.425781 0.500000
vt 0.421875 1.000000
vt 0.421875 0.500000
vt 0.417969 1.000000
vt 0.417969 0.500000
vt 0.414062 1.000000
vt 0.414062 0.500000
vt 0.410156 1.000000
vt 0.410156 0.500000
vt 0.406250 1.000000
vt 0.406250 0.500000
vt 0.402344 1.000000
vt 0.402344 0.500000
vt 0.398438 1.000000
vt 0.398438 0.500000
vt 0.394531 1.000000
vt 0.394531 0.500000
vt 0.390625 1.000000
vt 0.390625 0.500000
vt 0.386719 1.000000
vt 0.386719 0.500000
vt 0.382812 1.000000
vt 0.382812 0.500000
vt 0.378906 1.000000
vt 0.378906 0.500000
vt 0.375000 1.000000
vt 0.375000 0.500000
vt 0.371094 1.000000
vt 0.371094 0.500000
vt 0.367188 1.000000
vt 0.367188 0.500000
vt 0.363281 1.000000
vt 0.363281 0.500000
vt 0.359375 1.000000
vt 0.359375 0.500000
vt 0.355469 1.000000
vt 0.355469 0.500000
vt 0.351562 1.000000
vt 0.351562 0.500000
vt 0.347656 1.000000
vt 0.347656 0.500000
vt 0.343750 1.000000
vt 0.343750 0.500000
vt 0.339844 1.000000
vt 0.339844 0.500000
vt 0.335938 1.000000
vt 0.335938 0.500000
vt 0.332031 1.000000
vt 0.332031 0.500000
vt 0.328125 1.000000
vt 0.328125 0.500000
vt 0.324219 1.000000
vt 0.324219 0.500000
vt 0.320312 1.000000
vt 0.320312 0.500000
vt 0.316406 1.000000
vt 0.316406 0.500000
vt 0.312500 1.000000
vt 0.312500 0.500000
vt 0.308594 1.000000
vt 0.308594 0.500000
vt 0.304688 1.000000
vt 0.304688 0.500000
vt 0.300781 1.000000
vt 0.300781 0.500000
vt 0.296875 1.000000
vt 0.296875 0.500000
vt 0.292969 1.000000
vt 0.292969 0.500000
vt 0.289062 1.000000
vt 0.289062 0.500000
vt 0.285156 1.000000
vt 0.285156 0.500000
vt 0.281250 1.000000
vt 0.281250 0.500000
vt 0.277344 1.000000
vt 0.277344 0.500000
vt 0.273438 1.000000
vt 0.273438 0.500000
vt 0.269531 1.000000
vt 0.269531 0.500000
vt 0.265625 1.000000
vt 0.265625 0.500000
vt 0.261719 1.000000
vt 0.261719 0.500000
vt 0.257812 1.000000
vt 0.257812 0.500000
vt 0.253906 1.000000
vt 0.253906 0.500000
vt 0.250000 1.000000
vt 0.250000 0.500000
vt 0.246094 1.000000
vt 0.246094 0.500000
vt 0.242188 1.000000
vt 0.242188 0.500000
vt 0.238281 1.000000
vt 0.238281 0.500000
vt 0.234375 1.000000
vt 0.234375 0.500000
vt 0.230469 1.000000
vt 0.230469 0.500000
vt 0.226562 1.000000
vt 0.226562 0.500000
vt 0.222656 1.000000
vt 0.222656 0.500000
vt 0.218750 1.000000
vt 0.218750 0.500000
vt 0.214844 1.000000
vt 0.214844 0.500000
vt 0.210938 1.000000
vt 0.210938 0.500000
vt 0.207031 1.000000
vt 0.207031 0.500000
vt 0.203125 1.000000
vt 0.203125 0.500000
vt 0.199219 1.000000
vt 0.199219 0.500000
vt 0.195312 1.000000
vt 0.195312 0.500000
vt 0.191406 1.000000
vt 0.191406 0.500000
vt 0.187500 1.000000
vt 0.187500 0.500000
vt 0.183594 1.000000
vt 0.183594 0.500000
vt 0.179688 1.000000
vt 0.179688 0.500000
vt 0.175781 1.000000
vt 0.175781 0.500000
vt 0.171875 1.000000
vt 0.171875 0.500000
vt 0.167969 1.000000
vt 0.167969 0.500000
vt 0.164062 1.000000
vt 0.164062 0.500000
vt 0.160156 1.000000
vt 0.160156 0.500000
vt 0.156250 1.000000
vt 0.156250 0.500000
vt 0.152344 1.000000
vt 0.152344 0.500000
vt 0.148438 1.000000
vt 0.148438 0.500000
vt 0.144531 1.000000
vt 0.144531 0.500000
vt 0.140625 1.000000
vt 0.140625 0.500000
vt 0.136719 1.000000
vt 0.136719 0.500000
vt 0.132812 1.000000
vt 0.132812 0.500000
vt 0.128906 1.000000
vt 0.128906 0.500000
vt 0.125000 1.000000
vt 0.125000 0.500000
vt 0.121094 1.000000
vt 0.121094 0.500000
vt 0.117188 1.000000
vt 0.117188 0.500000
vt 0.113281 1.000000
vt 0.113281 0.500000
vt 0.109375 1.000000
vt 0.109375 0.500000
vt 0.105469 1.000000
vt 0.105469 0.500000
vt 0.101562 1.000000
vt 0.101562 0.500000
vt 0.097656 1.000000
vt 0.097656 0.500000
vt 0.093750 1.000000
vt 0.093750 0.500000
vt 0.089844 1.000000
vt 0.089844 0.500000
vt 0.085938 1.000000
vt 0.085938 0.500000
vt 0.082031 1.000000
vt 0.082031 0.500000
vt 0.078125 1.000000
vt 0.078125 0.500000
vt 0.074219 1.000000
vt 0.074219 0.500000
vt 0.070312 1.000000
vt 0.070312 0.500000
vt 0.066406 1.000000
vt 0.066406 0.500000
vt 0.062500 1.000000
vt 0.062500 0.500000
vt 0.058594 1.000000
vt 0.058594 0.500000
vt 0.054688 1.000000
vt 0.054688 0.500000
vt 0.050781 1.000000
vt 0.050781 0.500000
vt 0.046875 1.000000
vt 0.046875 0.500000
vt 0.042969 1.000000
vt 0.042969 0.500000
vt 0.039062 1.000000
vt 0.039062 0.500000
vt 0.035156 1.000000
vt 0.035156 0.500000
vt 0.031250 1.000000
vt 0.031250 0.500000
vt 0.027344 1.000000
vt 0.027344 0.500000
vt 0.023438 1.000000
vt 0.023438 0.500000
vt 0.019531 1.000000
vt 0.019531 0.500000
vt 0.015625 1.000000
vt 0.015625 0.500000
vt 0.011719 1.000000
vt 0.011719 0.500000
vt 0.007812 1.000000
vt 0.007812 0.500000
vt 0.255890 0.489928
vt 0.250000 0.490000
vt 0.244110 0.489928
vt 0.238224 0.489711
vt 0.232345 0.489350
vt 0.226476 0.488844
vt 0.220621 0.488195
vt 0.214785 0.487402
vt 0.208969 0.486467
vt 0.203178 0.485388
vt 0.197416 0.484168
vt 0.191685 0.482807
vt 0.185989 0.481306
vt 0.180332 0.479666
vt 0.174716 0.477887
vt 0.169146 0.475971
vt 0.163625 0.473918
vt 0.158156 0.471731
vt 0.152742 0.469410
vt 0.147387 0.466957
vt 0.142093 0.464374
vt 0.136865 0.461661
vt 0.131704 0.458821
vt 0.126615 0.455855
vt 0.121601 0.452765
vt 0.116663 0.449553
vt 0.111806 0.446220
vt 0.107032 0.442770
vt 0.102344 0.439203
vt 0.097746 0.435522
vt 0.093239 0.431730
vt 0.088826 0.427828
vt 0.084510 0.423819
vt 0.080294 0.419706
vt 0.076181 0.415490
vt 0.072172 0.411174
vt 0.068270 0.406761
vt 0.064478 0.402254
vt 0.060797 0.397656
vt 0.057230 0.392968
vt 0.053780 0.388194
vt 0.050447 0.383337
vt 0.047235 0.378399
vt 0.044145 0.373385
vt 0.041179 0.368296
vt 0.038339 0.363135
vt 0.035626 0.357907
vt 0.033043 0.352613
vt 0.030590 0.347258
vt 0.028269 0.341844
vt 0.026082 0.336375
vt 0.024029 0.330854
vt 0.022113 0.325284
vt 0.020334 0.319668
vt 0.018694 0.314011
vt 0.017193 0.308315
vt 0.015832 0.302584
vt 0.014612 0.296822
vt 0.013533 0.291031
vt 0.012598 0.285215
vt 0.011805 0.279379
vt 0.011156 0.273524
vt 0.010650 0.267655
vt 0.010289 0.261776
vt 0.010072 0.255890
vt 0.010000 0.250000
vt 0.010072 0.244110
vt 0.010289 0.238224
vt 0.010650 0.232345
vt 0.011156 0.226476
vt 0.011805 0.220621
vt 0.012598 0.214785
vt 0.013533 0.208969
vt 0.014612 0.203178
vt 0.015832 0.197416
vt 0.017193 0.191685
vt 0.018694 0.185989
vt 0.020334 0.180332
vt 0.022113 0.174716
vt 0.024029 0.169146
vt 0.026082 0.163625
vt 0.028269 0.158156
vt 0.030590 0.152742
vt 0.033043 0.147387
vt 0.035626 0.142093
vt 0.038339 0.136865
vt 0.041179 0.131704
vt 0.044145 0.126615
vt 0.047235 0.121601
vt 0.050447 0.116663
vt 0.053780 0.111806
vt 0.057230 0.107032
vt 0.060797 0.102344
vt 0.064478 0.097746
vt 0.068270 0.093239
vt 0.072172 0.088826
vt 0.076181 0.084510
vt 0.080294 0.080294
vt 0.084510 0.076181
vt 0.088826 0.072172
vt 0.093239 0.068270
vt 0.097746 0.064478
vt 0.102344 0.060797
vt 0.107032 0.057230
vt 0.111806 0.053780
vt 0.116663 0.050447
vt 0.121601 0.047235
vt 0.126615 0.044145
vt 0.131704 0.041179
vt 0.136865 0.038339
vt 0.142093 0.035626
vt 0.147387 0.033043
vt 0.152742 0.030590
vt 0.158156 0.028269
vt 0.163625 0.026082
vt 0.169146 0.024029
vt 0.174716 0.022113
vt 0.180332 0.020334
vt 0.185989 0.018694
vt 0.191685 0.017193
vt 0.197416 0.015832
vt 0.203178 0.014612
vt 0.208969 0.013533
vt 0.214785 0.012598
vt 0.220621 0.011805
vt 0.226476 0.011156
vt 0.232345 0.010650
vt 0.238224 0.010289
vt 0.244110 0.010072
vt 0.250000 0.010000
vt 0.255890 0.010072
vt 0.261776 0.010289
vt 0.267655 0.010650
vt 0.273524 0.011156
vt 0.279379 0.011805
vt 0.285215 0.012598
vt 0.291031 0.013533
vt 0.296822 0.014612
vt 0.302584 0.015832
vt 0.308315 0.017193
vt 0.314011 0.018694
vt 0.319668 0.020334
vt 0.325284 0.022113
vt 0.330854 0.024029
vt 0.336375 0.026082
vt 0.341844 0.028269
vt 0.347258 0.030590
vt 0.352613 0.033043
vt 0.357907 0.035626
vt 0.363135 0.038339
vt 0.368296 0.041179
vt 0.373385 0.044145
vt 0.378399 0.047235
vt 0.383337 0.050447
vt 0.388194 0.053780
vt 0.392968 0.057230
vt 0.397656 0.060797
vt 0.402254 0.064478
vt 0.406761 0.068270
vt 0.411174 0.072172
vt 0.415490 0.076181
vt 0.419706 0.080294
vt 0.423819 0.084510
vt 0.427828 0.088826
vt 0.431730 0.093239
vt 0.435522 0.097746
vt 0.439203 0.102344
vt 0.442770 0.107032
vt 0.446220 0.111806
vt 0.449553 0.116663
vt 0.452765 0.121601
vt 0.455855 0.126615
vt 0.458821 0.131704
vt 0.461661 0.136865
vt 0.464374 0.142093
vt 0.466957 0.147387
vt 0.469410 0.152742
vt 0.471731 0.158156
vt 0.473918 0.163625
vt 0.475971 0.169146
vt 0.477887 0.174716
vt 0.479666 0.180332
vt 0.481306 0.185989
vt 0.482807 0.191685
vt 0.484168 0.197416
vt 0.485388 0.203178
vt 0.486467 0.208969
vt 0.487402 0.214785
vt 0.488195 0.220621
vt 0.488844 0.226476
vt 0.489350 0.232345
vt 0.489711 0.238224
vt 0.489928 0.244110
vt 0.490000 0.250000
vt 0.489928 0.255890
vt 0.489711 0.261776
vt 0.489350 0.267655
vt 0.488844 0.273524
vt 0.488195 0.279379
vt 0.487402 0.285215
vt 0.486467 0.291031
vt 0.485388 0.296822
vt 0.484168 0.302584
vt 0.482807 0.308315
vt 0.481306 0.314011
vt 0.479666 0.319668
vt 0.477887 0.325284
vt 0.475971 0.330854
vt 0.473918 0.336375
vt 0.471731 0.341844
vt 0.469410 0.347258
vt 0.466957 0.352613
vt 0.464374 0.357907
vt 0.461661 0.363135
vt 0.458821 0.368296
vt 0.455855 0.373385
vt 0.452765 0.378399
vt 0.449553 0.383337
vt 0.446220 0.388194
vt 0.442770 0.392968
vt 0.439203 0.397656
vt 0.435522 0.402254
vt 0.431730 0.406761
vt 0.427828 0.411174
vt 0.423819 0.415490
vt 0.419706 0.419706
vt 0.415490 0.423819
vt 0.411174 0.427828
vt 0.406761 0.431730
vt 0.402254 0.435522
vt 0.397656 0.439203
vt 0.392968 0.442770
vt 0.388194 0.446220
vt 0.383337 0.449553
vt 0.378399 0.452765
vt 0.373385 0.455855
vt 0.368296 0.458821
vt 0.363135 0.461661
vt 0.357907 0.464374
vt 0.352613 0.466957
vt 0.347258 0.469410
vt 0.341844 0.471731
vt 0.336375 0.473918
vt 0.330854 0.475971
vt 0.325284 0.477887
vt 0.319668 0.479666
vt 0.314011 0.481306
vt 0.308315 0.482807
vt 0.302584 0.484168
vt 0.296822 0.485388
vt 0.291031 0.486467
vt 0.285215 0.487402
vt 0.279379 0.488195
vt 0.273524 0.488844
vt 0.267655 0.489350
vt 0.261776 0.489711
vt 0.003906 1.000000
vt 0.003906 0.500000
vt 0.000000 1.000000
vt 0.000000 0.500000
vt 0.750000 0.490000
vt 0.755890 0.489928
vt 0.761776 0.489711
vt 0.767655 0.489350
vt 0.773524 0.488844
vt 0.779379 0.488195
vt 0.785215 0.487402
vt 0.791031 0.486467
vt 0.796822 0.485388
vt 0.802584 0.484168
vt 0.808315 0.482807
vt 0.814011 0.481306
vt 0.819668 0.479666
vt 0.825284 0.477887
vt 0.830854 0.475971
vt 0.836375 0.473918
vt 0.841844 0.471731
vt 0.847258 0.469410
vt 0.852613 0.466957
vt 0.857907 0.464374
vt 0.863135 0.461661
vt 0.868296 0.458821
vt 0.873385 0.455855
vt 0.878399 0.452765
vt 0.883337 0.449553
vt 0.888194 0.446220
vt 0.892968 0.442770
vt 0.897656 0.439203
vt 0.902254 0.435522
vt 0.906761 0.431730
vt 0.911174 0.427828
vt 0.915490 0.423819
vt 0.919706 0.419706
vt 0.923819 0.415490
vt 0.927828 0.411174
vt 0.931730 0.406761
vt 0.935522 0.402254
vt 0.939203 0.397656
vt 0.942770 0.392968
vt 0.946220 0.388194
vt 0.949553 0.383337
vt 0.952765 0.378399
vt 0.955855 0.373385
vt 0.958821 0.368296
vt 0.961661 0.363135
vt 0.964374 0.357907
vt 0.966957 0.352613
vt 0.969410 0.347258
vt 0.971731 0.341844
vt 0.973918 0.336375
vt 0.975971 0.330854
vt 0.977887 0.325284
vt 0.979666 0.319668
vt 0.981306 0.314011
vt 0.982808 0.308315
vt 0.984168 0.302584
vt 0.985388 0.296822
vt 0.986467 0.291031
vt 0.987402 0.285215
vt 0.988195 0.279379
vt 0.988844 0.273524
vt 0.989350 0.267655
vt 0.989711 0.261776
vt 0.989928 0.255890
vt 0.990000 0.250000
vt 0.989928 0.244110
vt 0.989711 0.238224
vt 0.989350 0.232345
vt 0.988844 0.226476
vt 0.988195 0.220621
vt 0.987402 0.214785
vt 0.986467 0.208969
vt 0.985388 0.203178
vt 0.984168 0.197416
vt 0.982808 0.191685
vt 0.981306 0.185989
vt 0.979666 0.180332
vt 0.977887 0.174716
vt 0.975971 0.169146
vt 0.973918 0.163625
vt 0.971731 0.158156
vt 0.969410 0.152742
vt 0.966957 0.147387
vt 0.964374 0.142093
vt 0.961661 0.136865
vt 0.958821 0.131704
vt 0.955855 0.126615
vt 0.952765 0.121601
vt 0.949553 0.116663
vt 0.946220 0.111806
vt 0.942770 0.107032
vt 0.939203 0.102344
vt 0.935522 0.097746
vt 0.931730 0.093239
vt 0.927828 0.088826
vt 0.923819 0.084510
vt 0.919706 0.080294
vt 0.915490 0.076181
vt 0.911174 0.072172
vt 0.906761 0.068270
vt 0.902254 0.064478
vt 0.897656 0.060797
vt 0.892968 0.057230
vt 0.888194 0.053780
vt 0.883337 0.050447
vt 0.878399 0.047235
vt 0.873385 0.044145
vt 0.868296 0.041179
vt 0.863135 0.038339
vt 0.857907 0.035626
vt 0.852613 0.033043
vt 0.847258 0.030590
vt 0.841844 0.028269
vt 0.836375 0.026082
vt 0.830854 0.024029
vt 0.825284 0.022113
vt 0.819668 0.020334
vt 0.814011 0.018694
vt 0.808315 0.017193
vt 0.802584 0.015832
vt 0.796822 0.014612
vt 0.791031 0.013533
vt 0.785215 0.012598
vt 0.779379 0.011805
vt 0.773524 0.011156
vt 0.767655 0.010650
vt 0.761776 0.010289
vt 0.755890 0.010072
vt 0.750000 0.010000
vt 0.744110 0.010072
vt 0.738224 0.010289
vt 0.732345 0.010650
vt 0.726476 0.011156
vt 0.720621 0.011805
vt 0.714785 0.012598
vt 0.708969 0.013533
vt 0.703178 0.014612
vt 0.697416 0.015832
vt 0.691685 0.017193
vt 0.685989 0.018694
vt 0.680332 0.020334
vt 0.674716 0.022113
vt 0.669146 0.024029
vt 0.663625 0.026082
vt 0.658156 0.028269
vt 0.652742 0.030590
vt 0.647387 0.033043
vt 0.642093 0.035626
vt 0.636865 0.038339
vt 0.631704 0.041179
vt 0.626615 0.044145
vt 0.621601 0.047235
vt 0.616663 0.050447
vt 0.611806 0.053780
vt 0.607032 0.057230
vt 0.602344 0.060797
vt 0.597746 0.064478
vt 0.593239 0.068270
vt 0.588826 0.072172
vt 0.584510 0.076181
vt 0.580294 0.080294
vt 0.576181 0.084510
vt 0.572172 0.088826
vt 0.568270 0.093239
vt 0.564478 0.097746
vt 0.560797 0.102344
vt 0.557230 0.107032
vt 0.553780 0.111806
vt 0.550447 0.116663
vt 0.547235 0.121601
vt 0.544145 0.126615
vt 0.541179 0.131704
vt 0.538339 0.136865
vt 0.535626 0.142093
vt 0.533043 0.147387
vt 0.530590 0.152742
vt 0.528269 0.158156
vt 0.526082 0.163625
vt 0.524029 0.169146
vt 0.522113 0.174716
vt 0.520334 0.180332
vt 0.518694 0.185989
vt 0.517192 0.191685
vt 0.515832 0.197416
vt 0.514612 0.203178
vt 0.513533 0.208969
vt 0.512598 0.214785
vt 0.511805 0.220621
vt 0.511156 0.226476
vt 0.510650 0.232345
vt 0.510289 0.238224
vt 0.510072 0.244110
vt 0.510000 0.250000
vt 0.510072 0.255890
vt 0.510289 0.261776
vt 0.510650 0.267655
vt 0.511156 0.273524
vt 0.511805 0.279379
vt 0.512598 0.285215
vt 0.513533 0.291031
vt 0.514612 0.296822
vt 0.515832 0.302584
vt 0.517192 0.308315
vt 0.518694 0.314011
vt 0.520334 0.319668
vt 0.522113 0.325284
vt 0.524029 0.330854
vt 0.526082 0.336375
vt 0.528269 0.341844
vt 0.530590 0.347258
vt 0.533043 0.352613
vt 0.535626 0.357907
vt 0.538339 0.363135
vt 0.541179 0.368296
vt 0.544145 0.373385
vt 0.547235 0.378399
vt 0.550447 0.383337
vt 0.553780 0.388194
vt 0.557230 0.392968
vt 0.560797 0.397656
vt 0.564478 0.402254
vt 0.568270 0.406761
vt 0.572172 0.411174
vt 0.576181 0.415490
vt 0.580294 0.419706
vt 0.584510 0.423819
vt 0.588826 0.427828
vt 0.593239 0.431730
vt 0.597746 0.435522
vt 0.602344 0.439203
vt 0.607032 0.442770
vt 0.611806 0.446220
vt 0.616663 0.449553
vt 0.621601 0.452765
vt 0.626615 0.455855
vt 0.631704 0.458821
vt 0.636865 0.461661
vt 0.642093 0.464374
vt 0.647387 0.466957
vt 0.652742 0.469410
vt 0.658156 0.471731
vt 0.663625 0.473918
vt 0.669146 0.475971
vt 0.674716 0.477887
vt 0.680332 0.479666
vt 0.685989 0.481306
vt 0.691685 0.482807
vt 0.697416 0.484168
vt 0.703178 0.485388
vt 0.708969 0.486467
vt 0.714785 0.487402
vt 0.720621 0.488195
vt 0.726476 0.488844
vt 0.732345 0.489350
vt 0.738224 0.489711
vt 0.744110 0.489928
s 0
usemtl StandardPink
f 1/1/1 2/2/1 4/3/1 3/4/1
f 3/4/2 4/3/2 6/5/2 5/6/2
f 5/6/3 6/5/3 8/7/3 7/8/3
f 7/8/4 8/7/4 10/9/4 9/10/4
f 9/10/5 10/9/5 12/11/5 11/12/5
f 11/12/6 12/11/6 14/13/6 13/14/6
f 13/14/7 14/13/7 16/15/7 15/16/7
f 15/16/8 16/15/8 18/17/8 17/18/8
f 17/18/9 18/17/9 20/19/9 19/20/9
f 19/20/10 20/19/10 22/21/10 21/22/10
f 21/22/11 22/21/11 24/23/11 23/24/11
f 23/24/12 24/23/12 26/25/12 25/26/12
f 25/26/13 26/25/13 28/27/13 27/28/13
f 27/28/14 28/27/14 30/29/14 29/30/14
f 29/30/15 30/29/15 32/31/15 31/32/15
f 31/32/16 32/31/16 34/33/16 33/34/16
f 33/34/17 34/33/17 36/35/17 35/36/17
f 35/36/18 36/35/18 38/37/18 37/38/18
f 37/38/19 38/37/19 40/39/19 39/40/19
f 39/40/20 40/39/20 42/41/20 41/42/20
f 41/42/21 42/41/21 44/43/21 43/44/21
f 43/44/22 44/43/22 46/45/22 45/46/22
f 45/46/23 46/45/23 48/47/23 47/48/23
f 47/48/24 48/47/24 50/49/24 49/50/24
f 49/50/25 50/49/25 52/51/25 51/52/25
f 51/52/26 52/51/26 54/53/26 53/54/26
f 53/54/27 54/53/27 56/55/27 55/56/27
f 55/56/28 56/55/28 58/57/28 57/58/28
f 57/58/29 58/57/29 60/59/29 59/60/29
f 59/60/30 60/59/30 62/61/30 61/62/30
f 61/62/31 62/61/31 64/63/31 63/64/31
f 63/64/32 64/63/32 66/65/32 65/66/32
f 65/66/33 66/65/33 68/67/33 67/68/33
f 67/68/34 68/67/34 70/69/34 69/70/34
f 69/70/35 70/69/35 72/71/35 71/72/35
f 71/72/36 72/71/36 74/73/36 73/74/36
f 73/74/37 74/73/37 76/75/37 75/76/37
f 75/76/38 76/75/38 78/77/38 77/78/38
f 77/78/39 78/77/39 80/79/39 79/80/39
f 79/80/40 80/79/40 82/81/40 81/82/40
f 81/82/41 82/81/41 84/83/41 83/84/41
f 83/84/42 84/83/42 86/85/42 85/86/42
f 85/86/43 86/85/43 88/87/43 87/88/43
f 87/88/44 88/87/44 90/89/44 89/90/44
f 89/90/45 90/89/45 92/91/45 91/92/45
f 91/92/46 92/91/46 94/93/46 93/94/46
f 93/94/47 94/93/47 96/95/47 95/96/47
f 95/96/48 96/95/48 98/97/48 97/98/48
f 97/98/49 98/97/49 100/99/49 99/100/49
f 99/100/50 100/99/50 102/101/50 101/102/50
f 101/102/51 102/101/51 104/103/51 103/104/51
f 103/104/52 104/103/52 106/105/52 105/106/52
f 105/106/53 106/105/53 108/107/53 107/108/53
f 107/108/54 108/107/54 110/109/54 109/110/54
f 109/110/55 110/109/55 112/111/55 111/112/55
f 111/112/56 112/111/56 114/113/56 113/114/56
f 113/114/57 114/113/57 116/115/57 115/116/57
f 115/116/58 116/115/58 118/117/58 117/118/58
f 117/118/59 118/117/59 120/119/59 119/120/59
f 119/120/60 120/119/60 122/121/60 121/122/60
f 121/122/61 122/121/61 124/123/61 123/124/61
f 123/124/62 124/123/62 126/125/62 125/126/62
f 125/126/63 126/125/63 128/127/63 127/128/63
f 127/128/64 128/127/64 130/129/64 129/130/64
f 129/130/65 130/129/65 132/131/65 131/132/65
f 131/132/66 132/131/66 134/133/66 133/134/66
f 133/134/67 134/133/67 136/135/67 135/136/67
f 135/136/68 136/135/68 138/137/68 137/138/68
f 137/138/69 138/137/69 140/139/69 139/140/69
f 139/140/70 140/139/70 142/141/70 141/142/70
f 141/142/71 142/141/71 144/143/71 143/144/71
f 143/144/72 144/143/72 146/145/72 145/146/72
f 145/146/73 146/145/73 148/147/73 147/148/73
f 147/148/74 148/147/74 150/149/74 149/150/74
f 149/150/75 150/149/75 152/151/75 151/152/75
f 151/152/76 152/151/76 154/153/76 153/154/76
f 153/154/77 154/153/77 156/155/77 155/156/77
f 155/156/78 156/155/78 158/157/78 157/158/78
f 157/158/79 158/157/79 160/159/79 159/160/79
f 159/160/80 160/159/80 162/161/80 161/162/80
f 161/162/81 162/161/81 164/163/81 163/164/81
f 163/164/82 164/163/82 166/165/82 165/166/82
f 165/166/83 166/165/83 168/167/83 167/168/83
f 167/168/84 168/167/84 170/169/84 169/170/84
f 169/170/85 170/169/85 172/171/85 171/172/85
f 171/172/86 172/171/86 174/173/86 173/174/86
f 173/174/87 174/173/87 176/175/87 175/176/87
f 175/176/88 176/175/88 178/177/88 177/178/88
f 177/178/89 178/177/89 180/179/89 179/180/89
f 179/180/90 180/179/90 182/181/90 181/182/90
f 181/182/91 182/181/91 184/183/91 183/184/91
f 183/184/92 184/183/92 186/185/92 185/186/92
f 185/186/93 186/185/93 188/187/93 187/188/93
f 187/188/94 188/187/94 190/189/94 189/190/94
f 189/190/95 190/189/95 192/191/95 191/192/95
f 191/192/96 192/191/96 194/193/96 193/194/96
f 193/194/97 194/193/97 196/195/97 195/196/97
f 195/196/98 196/195/98 198/197/98 197/198/98
f 197/198/99 198/197/99 200/199/99 199/200/99
f 199/200/100 200/199/100 202/201/100 201/202/100
f 201/202/101 202/201/101 204/203/101 203/204/101
f 203/204/102 204/203/102 206/205/102 205/206/102
f 205/206/103 206/205/103 208/207/103 207/208/103
f 207/208/104 208/207/104 210/209/104 209/210/104
f 209/210/105 210/209/105 212/211/105 211/212/105
f 211/212/106 212/211/106 214/213/106 213/214/106
f 213/214/107 214/213/107 216/215/107 215/216/107
f 215/216/108 216/215/108 218/217/108 217/218/108
f 217/218/109 218/217/109 220/219/109 219/220/109
f 219/220/110 220/219/110 222/221/110 221/222/110
f 221/222/111 222/221/111 224/223/111 223/224/111
f 223/224/112 224/223/112 226/225/112 225/226/112
f 225/226/113 226/225/113 228/227/113 227/228/113
f 227/228/114 228/227/114 230/229/114 229/230/114
f 229/230/115 230/229/115 232/231/115 231/232/115
f 231/232/116 232/231/116 234/233/116 233/234/116
f 233/234/117 234/233/117 236/235/117 235/236/117
f 235/236/118 236/235/118 238/237/118 237/238/118
f 237/238/119 238/237/119 240/239/119 239/240/119
f 239/240/120 240/239/120 242/241/120 241/242/120
f 241/242/121 242/241/121 244/243/121 243/244/121
f 243/244/122 244/243/122 246/245/122 245/246/122
f 245/246/123 246/245/123 248/247/123 247/248/123
f 247/248/124 248/247/124 250/249/124 249/250/124
f 249/250/125 250/249/125 252/251/125 251/252/125
f 251/252/126 252/251/126 254/253/126 253/254/126
f 253/254/127 254/253/127 256/255/127 255/256/127
f 255/256/128 256/255/128 258/257/128 257/258/128
f 257/258/129 258/257/129 260/259/129 259/260/129
f 259/260/130 260/259/130 262/261/130 261/262/130
f 261/262/131 262/261/131 264/263/131 263/264/131
f 263/264/132 264/263/132 266/265/132 265/266/132
f 265/266/133 266/265/133 268/267/133 267/268/133
f 267/268/134 268/267/134 270/269/134 269/270/134
f 269/270/135 270/269/135 272/271/135 271/272/135
f 271/272/136 272/271/136 274/273/136 273/274/136
f 273/274/137 274/273/137 276/275/137 275/276/137
f 275/276/138 276/275/138 278/277/138 277/278/138
f 277/278/139 278/277/139 280/279/139 279/280/139
f 279/280/140 280/279/140 282/281/140 281/282/140
f 281/282/141 282/281/141 284/283/141 283/284/141
f 283/284/142 284/283/142 286/285/142 285/286/142
f 285/286/143 286/285/143 288/287/143 287/288/143
f 287/288/144 288/287/144 290/289/144 289/290/144
f 289/290/145 290/289/145 292/291/145 291/292/145
f 291/292/146 292/291/146 294/293/146 293/294/146
f 293/294/147 294/293/147 296/295/147 295/296/147
f 295/296/148 296/295/148 298/297/148 297/298/148
f 297/298/149 298/297/149 300/299/149 299/300/149
f 299/300/150 300/299/150 302/301/150 301/302/150
f 301/302/151 302/301/151 304/303/151 303/304/151
f 303/304/152 304/303/152 306/305/152 305/306/152
f 305/306/153 306/305/153 308/307/153 307/308/153
f 307/308/154 308/307/154 310/309/154 309/310/154
f 309/310/155 310/309/155 312/311/155 311/312/155
f 311/312/156 312/311/156 314/313/156 313/314/156
f 313/314/157 314/313/157 316/315/157 315/316/157
f 315/316/158 316/315/158 318/317/158 317/318/158
f 317/318/159 318/317/159 320/319/159 319/320/159
f 319/320/160 320/319/160 322/321/160 321/322/160
f 321/322/161 322/321/161 324/323/161 323/324/161
f 323/324/162 324/323/162 326/325/162 325/326/162
f 325/326/163 326/325/163 328/327/163 327/328/163
f 327/328/164 328/327/164 330/329/164 329/330/164
f 329/330/165 330/329/165 332/331/165 331/332/165
f 331/332/166 332/331/166 334/333/166 333/334/166
f 333/334/167 334/333/167 336/335/167 335/336/167
f 335/336/168 336/335/168 338/337/168 337/338/168
f 337/338/169 338/337/169 340/339/169 339/340/169
f 339/340/170 340/339/170 342/341/170 341/342/170
f 341/342/171 342/341/171 344/343/171 343/344/171
f 343/344/172 344/343/172 346/345/172 345/346/172
f 345/346/173 346/345/173 348/347/173 347/348/173
f 347/348/174 348/347/174 350/349/174 349/350/174
f 349/350/175 350/349/175 352/351/175 351/352/175
f 351/352/176 352/351/176 354/353/176 353/354/176
f 353/354/177 354/353/177 356/355/177 355/356/177
f 355/356/178 356/355/178 358/357/178 357/358/178
f 357/358/179 358/357/179 360/359/179 359/360/179
f 359/360/180 360/359/180 362/361/180 361/362/180
f 361/362/181 362/361/181 364/363/181 363/364/181
f 363/364/182 364/363/182 366/365/182 365/366/182
f 365/366/183 366/365/183 368/367/183 367/368/183
f 367/368/184 368/367/184 370/369/184 369/370/184
f 369/370/185 370/369/185 372/371/185 371/372/185
f 371/372/186 372/371/186 374/373/186 373/374/186
f 373/374/187 374/373/187 376/375/187 375/376/187
f 375/376/188 376/375/188 378/377/188 377/378/188
f 377/378/189 378/377/189 380/379/189 379/380/189
f 379/380/190 380/379/190 382/381/190 381/382/190
f 381/382/191 382/381/191 384/383/191 383/384/191
f 383/384/192 384/383/192 386/385/192 385/386/192
f 385/386/193 386/385/193 388/387/193 387/388/193
f 387/388/194 388/387/194 390/389/194 389/390/194
f 389/390/195 390/389/195 392/391/195 391/392/195
f 391/392/196 392/391/196 394/393/196 393/394/196
f 393/394/197 394/393/197 396/395/197 395/396/197
f 395/396/198 396/395/198 398/397/198 397/398/198
f 397/398/199 398/397/199 400/399/199 399/400/199
f 399/400/200 400/399/200 402/401/200 401/402/200
f 401/402/201 402/401/201 404/403/201 403/404/201
f 403/404/202 404/403/202 406/405/202 405/406/202
f 405/406/203 406/405/203 408/407/203 407/408/203
f 407/408/204 408/407/204 410/409/204 409/410/204
f 409/410/205 410/409/205 412/411/205 411/412/205
f 411/412/206 412/411/206 414/413/206 413/414/206
f 413/414/207 414/413/207 416/415/207 415/416/207
f 415/416/208 416/415/208 418/417/208 417/418/208
f 417/418/209 418/417/209 420/419/209 419/420/209
f 419/420/210 420/419/210 422/421/210 421/422/210
f 421/422/211 422/421/211 424/423/211 423/424/211
f 423/424/212 424/423/212 426/425/212 425/426/212
f 425/426/213 426/425/213 428/427/213 427/428/213
f 427/428/214 428/427/214 430/429/214 429/430/214
f 429/430/215 430/429/215 432/431/215 431/432/215
f 431/432/216 432/431/216 434/433/216 433/434/216
f 433/434/217 434/433/217 436/435/217 435/436/217
f 435/436/218 436/435/218 438/437/218 437/438/218
f 437/438/219 438/437/219 440/439/219 439/440/219
f 439/440/220 440/439/220 442/441/220 441/442/220
f 441/442/221 442/441/221 444/443/221 443/444/221
f 443/444/222 444/443/222 446/445/222 445/446/222
f 445/446/223 446/445/223 448/447/223 447/448/223
f 447/448/224 448/447/224 450/449/224 449/450/224
f 449/450/225 450/449/225 452/451/225 451/452/225
f 451/452/226 452/451/226 454/453/226 453/454/226
f 453/454/227 454/453/227 456/455/227 455/456/227
f 455/456/228 456/455/228 458/457/228 457/458/228
f 457/458/229 458/457/229 460/459/229 459/460/229
f 459/460/230 460/459/230 462/461/230 461/462/230
f 461/462/231 462/461/231 464/463/231 463/464/231
f 463/464/232 464/463/232 466/465/232 465/466/232
f 465/466/233 466/465/233 468/467/233 467/468/233
f 467/468/234 468/467/234 470/469/234 469/470/234
f 469/470/235 470/469/235 472/471/235 471/472/235
f 471/472/236 472/471/236 474/473/236 473/474/236
f 473/474/237 474/473/237 476/475/237 475/476/237
f 475/476/238 476/475/238 478/477/238 477/478/238
f 477/478/239 478/477/239 480/479/239 479/480/239
f 479/480/240 480/479/240 482/481/240 481/482/240
f 481/482/241 482/481/241 484/483/241 483/484/241
f 483/484/242 484/483/242 486/485/242 485/486/242
f 485/486/243 486/485/243 488/487/243 487/488/243
f 487/488/244 488/487/244 490/489/244 489/490/244
f 489/490/245 490/489/245 492/491/245 491/492/245
f 491/492/246 492/491/246 494/493/246 493/494/246
f 493/494/247 494/493/247 496/495/247 495/496/247
f 495/496/248 496/495/248 498/497/248 497/498/248
f 497/498/249 498/497/249 500/499/249 499/500/249
f 499/500/250 500/499/250 502/501/250 501/502/250
f 501/502/251 502/501/251 504/503/251 503/504/251
f 503/504/252 504/503/252 506/505/252 505/506/252
f 505/506/253 506/505/253 508/507/253 507/508/253
f 507/508/254 508/507/254 510/509/254 509/510/254
f 4/511/255 2/512/255 512/513/255 510/514/255 508/515/255 506/516/255 504/517/255 502/518/255 500/519/255 498/520/255 496/521/255 494/522/255 492/523/255 490/524/255 488/525/255 486/526/255 484/527/255 482/528/255 480/529/255 478/530/255 476/531/255 474/532/255 472/533/255 470/534/255 468/535/255 466/536/255 464/537/255 462/538/255 460/539/255 458/540/255 456/541/255 454/542/255 452/543/255 450/544/255 448/545/255 446/546/255 444/547/255 442/548/255 440/549/255 438/550/255 436/551/255 434/552/255 432/553/255 430/554/255 428/555/255 426/556/255 424/557/255 422/558/255 420/559/255 418/560/255 416/561/255 414/562/255 412/563/255 410/564/255 408/565/255 406/566/255 404/567/255 402/568/255 400/569/255 398/570/255 396/571/255 394/572/255 392/573/255 390/574/255 388/575/255 386/576/255 384/577/255 382/578/255 380/579/255 378/580/255 376/581/255 374/582/255 372/583/255 370/584/255 368/585/255 366/586/255 364/587/255 362/588/255 360/589/255 358/590/255 356/591/255 354/592/255 352/593/255 350/594/255 348/595/255 346/596/255 344/597/255 342/598/255 340/599/255 338/600/255 336/601/255 334/602/255 332/603/255 330/604/255 328/605/255 326/606/255 324/607/255 322/608/255 320/609/255 318/610/255 316/611/255 314/612/255 312/613/255 310/614/255 308/615/255 306/616/255 304/617/255 302/618/255 300/619/255 298/620/255 296/621/255 294/622/255 292/623/255 290/624/255 288/625/255 286/626/255 284/627/255 282/628/255 280/629/255 278/630/255 276/631/255 274/632/255 272/633/255 270/634/255 268/635/255 266/636/255 264/637/255 262/638/255 260/639/255 258/640/255 256/641/255 254/642/255 252/643/255 250/644/255 248/645/255 246/646/255 244/647/255 242/648/255 240/649/255 238/650/255 236/651/255 234/652/255 232/653/255 230/654/255 228/655/255 226/656/255 224/657/255 222/658/255 220/659/255 218/660/255 216/661/255 214/662/255 212/663/255 210/664/255 208/665/255 206/666/255 204/667/255 202/668/255 200/669/255 198/670/255 196/671/255 194/672/255 192/673/255 190/674/255 188/675/255 186/676/255 184/677/255 182/678/255 180/679/255 178/680/255 176/681/255 174/682/255 172/683/255 170/684/255 168/685/255 166/686/255 164/687/255 162/688/255 160/689/255 158/690/255 156/691/255 154/692/255 152/693/255 150/694/255 148/695/255 146/696/255 144/697/255 142/698/255 140/699/255 138/700/255 136/701/255 134/702/255 132/703/255 130/704/255 128/705/255 126/706/255 124/707/255 122/708/255 120/709/255 118/710/255 116/711/255 114/712/255 112/713/255 110/714/255 108/715/255 106/716/255 104/717/255 102/718/255 100/719/255 98/720/255 96/721/255 94/722/255 92/723/255 90/724/255 88/725/255 86/726/255 84/727/255 82/728/255 80/729/255 78/730/255 76/731/255 74/732/255 72/733/255 70/734/255 68/735/255 66/736/255 64/737/255 62/738/255 60/739/255 58/740/255 56/741/255 54/742/255 52/743/255 50/744/255 48/745/255 46/746/255 44/747/255 42/748/255 40/749/255 38/750/255 36/751/255 34/752/255 32/753/255 30/754/255 28/755/255 26/756/255 24/757/255 22/758/255 20/759/255 18/760/255 16/761/255 14/762/255 12/763/255 10/764/255 8/765/255 6/766/255
f 509/510/256 510/509/256 512/767/256 511/768/256
f 511/768/257 512/767/257 2/769/257 1/770/257
f 1/771/258 3/772/258 5/773/258 7/774/258 9/775/258 11/776/258 13/777/258 15/778/258 17/779/258 19/780/258 21/781/258 23/782/258 25/783/258 27/784/258 29/785/258 31/786/258 33/787/258 35/788/258 37/789/258 39/790/258 41/791/258 43/792/258 45/793/258 47/794/258 49/795/258 51/796/258 53/797/258 55/798/258 57/799/258 59/800/258 61/801/258 63/802/258 65/803/258 67/804/258 69/805/258 71/806/258 73/807/258 75/808/258 77/809/258 79/810/258 81/811/258 83/812/258 85/813/258 87/814/258 89/815/258 91/816/258 93/817/258 95/818/258 97/819/258 99/820/258 101/821/258 103/822/258 105/823/258 107/824/258 109/825/258 111/826/258 113/827/258 115/828/258 117/829/258 119/830/258 121/831/258 123/832/258 125/833/258 127/834/258 129/835/258 131/836/258 133/837/258 135/838/258 137/839/258 139/840/258 141/841/258 143/842/258 145/843/258 147/844/258 149/845/258 151/846/258 153/847/258 155/848/258 157/849/258 159/850/258 161/851/258 163/852/258 165/853/258 167/854/258 169/855/258 171/856/258 173/857/258 175/858/258 177/859/258 179/860/258 181/861/258 183/862/258 185/863/258 187/864/258 189/865/258 191/866/258 193/867/258 195/868/258 197/869/258 199/870/258 201/871/258 203/872/258 205/873/258 207/874/258 209/875/258 211/876/258 213/877/258 215/878/258 217/879/258 219/880/258 221/881/258 223/882/258 225/883/258 227/884/258 229/885/258 231/886/258 233/887/258 235/888/258 237/889/258 239/890/258 241/891/258 243/892/258 245/893/258 247/894/258 249/895/258 251/896/258 253/897/258 255/898/258 257/899/258 259/900/258 261/901/258 263/902/258 265/903/258 267/904/258 269/905/258 271/906/258 273/907/258 275/908/258 277/909/258 279/910/258 281/911/258 283/912/258 285/913/258 287/914/258 289/915/258 291/916/258 293/917/258 295/918/258 297/919/258 299/920/258 301/921/258 303/922/258 305/923/258 307/924/258 309/925/258 311/926/258 313/927/258 315/928/258 317/929/258 319/930/258 321/931/258 323/932/258 325/933/258 327/934/258 329/935/258 331/936/258 333/937/258 335/938/258 337/939/258 339/940/258 341/941/258 343/942/258 345/943/258 347/944/258 349/945/258 351/946/258 353/947/258 355/948/258 357/949/258 359/950/258 361/951/258 363/952/258 365/953/258 367/954/258 369/955/258 371/956/258 373/957/258 375/958/258 377/959/258 379/960/258 381/961/258 383/962/258 385/963/258 387/964/258 389/965/258 391/966/258 393/967/258 395/968/258 397/969/258 399/970/258 401/971/258 403/972/258 405/973/258 407/974/258 409/975/258 411/976/258 413/977/258 415/978/258 417/979/258 419/980/258 421/981/258 423/982/258 425/983/258 427/984/258 429/985/258 431/986/258 433/987/258 435/988/258 437/989/258 439/990/258 441/991/258 443/992/258 445/993/258 447/994/258 449/995/258 451/996/258 453/997/258 455/998/258 457/999/258 459/1000/258 461/1001/258 463/1002/258 465/1003/258 467/1004/258 469/1005/258 471/1006/258 473/1007/258 475/1008/258 477/1009/258 479/1010/258 481/1011/258 483/1012/258 485/1013/258 487/1014/258 489/1015/258 491/1016/258 493/1017/258 495/1018/258 497/1019/258 499/1020/258 501/1021/258 503/1022/258 505/1023/258 507/1024/258 509/1025/258 511/1026/258
f 513/1/259 514/2/259 516/3/259 515/4/259
f 515/4/260 516/3/260 518/5/260 517/6/260
f 517/6/261 518/5/261 520/7/261 519/8/261
f 519/8/262 520/7/262 522/9/262 521/10/262
f 521/10/263 522/9/263 524/11/263 523/12/263
f 523/12/264 524/11/264 526/13/264 525/14/264
f 525/14/265 526/13/265 528/15/265 527/16/265
f 527/16/266 528/15/266 530/17/266 529/18/266
f 529/18/267 530/17/267 532/19/267 531/20/267
f 531/20/268 532/19/268 534/21/268 533/22/268
f 533/22/269 534/21/269 536/23/269 535/24/269
f 535/24/270 536/23/270 538/25/270 537/26/270
f 537/26/271 538/25/271 540/27/271 539/28/271
f 539/28/272 540/27/272 542/29/272 541/30/272
f 541/30/273 542/29/273 544/31/273 543/32/273
f 543/32/274 544/31/274 546/33/274 545/34/274
f 545/34/275 546/33/275 548/35/275 547/36/275
f 547/36/276 548/35/276 550/37/276 549/38/276
f 549/38/277 550/37/277 552/39/277 551/40/277
f 551/40/278 552/39/278 554/41/278 553/42/278
f 553/42/279 554/41/279 556/43/279 555/44/279
f 555/44/280 556/43/280 558/45/280 557/46/280
f 557/46/281 558/45/281 560/47/281 559/48/281
f 559/48/282 560/47/282 562/49/282 561/50/282
f 561/50/283 562/49/283 564/51/283 563/52/283
f 563/52/284 564/51/284 566/53/284 565/54/284
f 565/54/285 566/53/285 568/55/285 567/56/285
f 567/56/286 568/55/286 570/57/286 569/58/286
f 569/58/287 570/57/287 572/59/287 571/60/287
f 571/60/288 572/59/288 574/61/288 573/62/288
f 573/62/289 574/61/289 576/63/289 575/64/289
f 575/64/290 576/63/290 578/65/290 577/66/290
f 577/66/291 578/65/291 580/67/291 579/68/291
f 579/68/292 580/67/292 582/69/292 581/70/292
f 581/70/293 582/69/293 584/71/293 583/72/293
f 583/72/294 584/71/294 586/73/294 585/74/294
f 585/74/295 586/73/295 588/75/295 587/76/295
f 587/76/296 588/75/296 590/77/296 589/78/296
f 589/78/297 590/77/297 592/79/297 591/80/297
f 591/80/298 592/79/298 594/81/298 593/82/298
f 593/82/299 594/81/299 596/83/299 595/84/299
f 595/84/300 596/83/300 598/85/300 597/86/300
f 597/86/301 598/85/301 600/87/301 599/88/301
f 599/88/302 600/87/302 602/89/302 601/90/302
f 601/90/303 602/89/303 604/91/303 603/92/303
f 603/92/304 604/91/304 606/93/304 605/94/304
f 605/94/305 606/93/305 608/95/305 607/96/305
f 607/96/306 608/95/306 610/97/306 609/98/306
f 609/98/307 610/97/307 612/99/307 611/100/307
f 611/100/308 612/99/308 614/101/308 613/102/308
f 613/102/309 614/101/309 616/103/309 615/104/309
f 615/104/310 616/103/310 618/105/310 617/106/310
f 617/106/311 618/105/311 620/107/311 619/108/311
f 619/108/312 620/107/312 622/109/312 621/110/312
f 621/110/313 622/109/313 624/111/313 623/112/313
f 623/112/314 624/111/314 626/113/314 625/114/314
f 625/114/315 626/113/315 628/115/315 627/116/315
f 627/116/316 628/115/316 630/117/316 629/118/316
f 629/118/317 630/117/317 632/119/317 631/120/317
f 631/120/318 632/119/318 634/121/318 633/122/318
f 633/122/319 634/121/319 636/123/319 635/124/319
f 635/124/320 636/123/320 638/125/320 637/126/320
f 637/126/321 638/125/321 640/127/321 639/128/321
f 639/128/322 640/127/322 642/129/322 641/130/322
f 641/130/323 642/129/323 644/131/323 643/132/323
f 643/132/324 644/131/324 646/133/324 645/134/324
f 645/134/325 646/133/325 648/135/325 647/136/325
f 647/136/326 648/135/326 650/137/326 649/138/326
f 649/138/327 650/137/327 652/139/327 651/140/327
f 651/140/328 652/139/328 654/141/328 653/142/328
f 653/142/329 654/141/329 656/143/329 655/144/329
f 655/144/330 656/143/330 658/145/330 657/146/330
f 657/146/331 658/145/331 660/147/331 659/148/331
f 659/148/332 660/147/332 662/149/332 661/150/332
f 661/150/333 662/149/333 664/151/333 663/152/333
f 663/152/334 664/151/334 666/153/334 665/154/334
f 665/154/335 666/153/335 668/155/335 667/156/335
f 667/156/336 668/155/336 670/157/336 669/158/336
f 669/158/337 670/157/337 672/159/337 671/160/337
f 671/160/338 672/159/338 674/161/338 673/162/338
f 673/162/339 674/161/339 676/163/339 675/164/339
f 675/164/340 676/163/340 678/165/340 677/166/340
f 677/166/341 678/165/341 680/167/341 679/168/341
f 679/168/342 680/167/342 682/169/342 681/170/342
f 681/170/343 682/169/343 684/171/343 683/172/343
f 683/172/344 684/171/344 686/173/344 685/174/344
f 685/174/345 686/173/345 688/175/345 687/176/345
f 687/176/346 688/175/346 690/177/346 689/178/346
f 689/178/347 690/177/347 692/179/347 691/180/347
f 691/180/348 692/179/348 694/181/348 693/182/348
f 693/182/349 694/181/349 696/183/349 695/184/349
f 695/184/350 696/183/350 698/185/350 697/186/350
f 697/186/351 698/185/351 700/187/351 699/188/351
f 699/188/352 700/187/352 702/189/352 701/190/352
f 701/190/353 702/189/353 704/191/353 703/192/353
f 703/192/354 704/191/354 706/193/354 705/194/354
f 705/194/355 706/193/355 708/195/355 707/196/355
f 707/196/356 708/195/356 710/197/356 709/198/356
f 709/198/357 710/197/357 712/199/357 711/200/357
f 711/200/358 712/199/358 714/201/358 713/202/358
f 713/202/359 714/201/359 716/203/359 715/204/359
f 715/204/360 716/203/360 718/205/360 717/206/360
f 717/206/361 718/205/361 720/207/361 719/208/361
f 719/208/362 720/207/362 722/209/362 721/210/362
f 721/210/363 722/209/363 724/211/363 723/212/363
f 723/212/364 724/211/364 726/213/364 725/214/364
f 725/214/365 726/213/365 728/215/365 727/216/365
f 727/216/366 728/215/366 730/217/366 729/218/366
f 729/218/367 730/217/367 732/219/367 731/220/367
f 731/220/368 732/219/368 734/221/368 733/222/368
f 733/222/369 734/221/369 736/223/369 735/224/369
f 735/224/370 736/223/370 738/225/370 737/226/370
f 737/226/371 738/225/371 740/227/371 739/228/371
f 739/228/372 740/227/372 742/229/372 741/230/372
f 741/230/373 742/229/373 744/231/373 743/232/373
f 743/232/374 744/231/374 746/233/374 745/234/374
f 745/234/375 746/233/375 748/235/375 747/236/375
f 747/236/376 748/235/376 750/237/376 749/238/376
f 749/238/377 750/237/377 752/239/377 751/240/377
f 751/240/378 752/239/378 754/241/378 753/242/378
f 753/242/379 754/241/379 756/243/379 755/244/379
f 755/244/380 756/243/380 758/245/380 757/246/380
f 757/246/381 758/245/381 760/247/381 759/248/381
f 759/248/382 760/247/382 762/249/382 761/250/382
f 761/250/383 762/249/383 764/251/383 763/252/383
f 763/252/384 764/251/384 766/253/384 765/254/384
f 765/254/385 766/253/385 768/255/385 767/256/385
f 767/256/386 768/255/386 770/257/386 769/258/386
f 769/258/387 770/257/387 772/259/387 771/260/387
f 771/260/388 772/259/388 774/261/388 773/262/388
f 773/262/389 774/261/389 776/263/389 775/264/389
f 775/264/390 776/263/390 778/265/390 777/266/390
f 777/266/391 778/265/391 780/267/391 779/268/391
f 779/268/392 780/267/392 782/269/392 781/270/392
f 781/270/393 782/269/393 784/271/393 783/272/393
f 783/272/394 784/271/394 786/273/394 785/274/394
f 785/274/395 786/273/395 788/275/395 787/276/395
f 787/276/396 788/275/396 790/277/396 789/278/396
f 789/278/397 790/277/397 792/279/397 791/280/397
f 791/280/398 792/279/398 794/281/398 793/282/398
f 793/282/399 794/281/399 796/283/399 795/284/399
f 795/284/400 796/283/400 798/285/400 797/286/400
f 797/286/401 798/285/401 800/287/401 799/288/401
f 799/288/402 800/287/402 802/289/402 801/290/402
f 801/290/403 802/289/403 804/291/403 803/292/403
f 803/292/404 804/291/404 806/293/404 805/294/404
f 805/294/405 806/293/405 808/295/405 807/296/405
f 807/296/406 808/295/406 810/297/406 809/298/406
f 809/298/407 810/297/407 812/299/407 811/300/407
f 811/300/408 812/299/408 814/301/408 813/302/408
f 813/302/409 814/301/409 816/303/409 815/304/409
f 815/304/410 816/303/410 818/305/410 817/306/410
f 817/306/411 818/305/411 820/307/411 819/308/411
f 819/308/412 820/307/412 822/309/412 821/310/412
f 821/310/413 822/309/413 824/311/413 823/312/413
f 823/312/414 824/311/414 826/313/414 825/314/414
f 825/314/415 826/313/415 828/315/415 827/316/415
f 827/316/416 828/315/416 830/317/416 829/318/416
f 829/318/417 830/317/417 832/319/417 831/320/417
f 831/320/418 832/319/418 834/321/418 833/322/418
f 833/322/419 834/321/419 836/323/419 835/324/419
f 835/324/420 836/323/420 838/325/420 837/326/420
f 837/326/421 838/325/421 840/327/421 839/328/421
f 839/328/422 840/327/422 842/329/422 841/330/422
f 841/330/423 842/329/423 844/331/423 843/332/423
f 843/332/424 844/331/424 846/333/424 845/334/424
f 845/334/425 846/333/425 848/335/425 847/336/425
f 847/336/426 848/335/426 850/337/426 849/338/426
f 849/338/427 850/337/427 852/339/427 851/340/427
f 851/340/428 852/339/428 854/341/428 853/342/428
f 853/342/429 854/341/429 856/343/429 855/344/429
f 855/344/430 856/343/430 858/345/430 857/346/430
f 857/346/431 858/345/431 860/347/431 859/348/431
f 859/348/432 860/347/432 862/349/432 861/350/432
f 861/350/433 862/349/433 864/351/433 863/352/433
f 863/352/434 864/351/434 866/353/434 865/354/434
f 865/354/435 866/353/435 868/355/435 867/356/435
f 867/356/436 868/355/436 870/357/436 869/358/436
f 869/358/437 870/357/437 872/359/437 871/360/437
f 871/360/438 872/359/438 874/361/438 873/362/438
f 873/362/439 874/361/439 876/363/439 875/364/439
f 875/364/440 876/363/440 878/365/440 877/366/440
f 877/366/441 878/365/441 880/367/441 879/368/441
f 879/368/442 880/367/442 882/369/442 881/370/442
f 881/370/443 882/369/443 884/371/443 883/372/443
f 883/372/444 884/371/444 886/373/444 885/374/444
f 885/374/445 886/373/445 888/375/445 887/376/445
f 887/376/446 888/375/446 890/377/446 889/378/446
f 889/378/447 890/377/447 892/379/447 891/380/447
f 891/380/448 892/379/448 894/381/448 893/382/448
f 893/382/449 894/381/449 896/383/449 895/384/449
f 895/384/450 896/383/450 898/385/450 897/386/450
f 897/386/451 898/385/451 900/387/451 899/388/451
f 899/388/452 900/387/452 902/389/452 901/390/452
f 901/390/453 902/389/453 904/391/453 903/392/453
f 903/392/454 904/391/454 906/393/454 905/394/454
f 905/394/455 906/393/455 908/395/455 907/396/455
f 907/396/456 908/395/456 910/397/456 909/398/456
f 909/398/457 910/397/457 912/399/457 911/400/457
f 911/400/458 912/399/458 914/401/458 913/402/458
f 913/402/459 914/401/459 916/403/459 915/404/459
f 915/404/460 916/403/460 918/405/460 917/406/460
f 917/406/461 918/405/461 920/407/461 919/408/461
f 919/408/462 920/407/462 922/409/462 921/410/462
f 921/410/463 922/409/463 924/411/463 923/412/463
f 923/412/464 924/411/464 926/413/464 925/414/464
f 925/414/465 926/413/465 928/415/465 927/416/465
f 927/416/466 928/415/466 930/417/466 929/418/466
f 929/418/467 930/417/467 932/419/467 931/420/467
f 931/420/468 932/419/468 934/421/468 933/422/468
f 933/422/469 934/421/469 936/423/469 935/424/469
f 935/424/470 936/423/470 938/425/470 937/426/470
f 937/426/471 938/425/471 940/427/471 939/428/471
f 939/428/472 940/427/472 942/429/472 941/430/472
f 941/430/473 942/429/473 944/431/473 943/432/473
f 943/432/474 944/431/474 946/433/474 945/434/474
f 945/434/475 946/433/475 948/435/475 947/436/475
f 947/436/476 948/435/476 950/437/476 949/438/476
f 949/438/477 950/437/477 952/439/477 951/440/477
f 951/440/478 952/439/478 954/441/478 953/442/478
f 953/442/479 954/441/479 956/443/479 955/444/479
f 955/444/480 956/443/480 958/445/480 957/446/480
f 957/446/481 958/445/481 960/447/481 959/448/481
f 959/448/482 960/447/482 962/449/482 961/450/482
f 961/450/483 962/449/483 964/451/483 963/452/483
f 963/452/484 964/451/484 966/453/484 965/454/484
f 965/454/485 966/453/485 968/455/485 967/456/485
f 967/456/486 968/455/486 970/457/486 969/458/486
f 969/458/487 970/457/487 972/459/487 971/460/487
f 971/460/488 972/459/488 974/461/488 973/462/488
f 973/462/489 974/461/489 976/463/489 975/464/489
f 975/464/490 976/463/490 978/465/490 977/466/490
f 977/466/491 978/465/491 980/467/491 979/468/491
f 979/468/492 980/467/492 982/469/492 981/470/492
f 981/470/493 982/469/493 984/471/493 983/472/493
f 983/472/494 984/471/494 986/473/494 985/474/494
f 985/474/495 986/473/495 988/475/495 987/476/495
f 987/476/496 988/475/496 990/477/496 989/478/496
f 989/478/497 990/477/497 992/479/497 991/480/497
f 991/480/498 992/479/498 994/481/498 993/482/498
f 993/482/499 994/481/499 996/483/499 995/484/499
f 995/484/500 996/483/500 998/485/500 997/486/500
f 997/486/501 998/485/501 1000/487/501 999/488/501
f 999/488/502 1000/487/502 1002/489/502 1001/490/502
f 1001/490/503 1002/489/503 1004/491/503 1003/492/503
f 1003/492/504 1004/491/504 1006/493/504 1005/494/504
f 1005/494/505 1006/493/505 1008/495/505 1007/496/505
f 1007/496/506 1008/495/506 1010/497/506 1009/498/506
f 1009/498/507 1010/497/507 1012/499/507 1011/500/507
f 1011/500/508 1012/499/508 1014/501/508 1013/502/508
f 1013/502/509 1014/501/509 1016/503/509 1015/504/509
f 1015/504/510 1016/503/510 1018/505/510 1017/506/510
f 1017/506/511 1018/505/511 1020/507/511 1019/508/511
f 1019/508/512 1020/507/512 1022/509/512 1021/510/512
f 516/511/513 514/512/513 1024/513/513 1022/514/513 1020/515/513 1018/516/513 1016/517/513 1014/518/513 1012/519/513 1010/520/513 1008/521/513 1006/522/513 1004/523/513 1002/524/513 1000/525/513 998/526/513 996/527/513 994/528/513 992/529/513 990/530/513 988/531/513 986/532/513 984/533/513 982/534/513 980/535/513 978/536/513 976/537/513 974/538/513 972/539/513 970/540/513 968/541/513 966/542/513 964/543/513 962/544/513 960/545/513 958/546/513 956/547/513 954/548/513 952/549/513 950/550/513 948/551/513 946/552/513 944/553/513 942/554/513 940/555/513 938/556/513 936/557/513 934/558/513 932/559/513 930/560/513 928/561/513 926/562/513 924/563/513 922/564/513 920/565/513 918/566/513 916/567/513 914/568/513 912/569/513 910/570/513 908/571/513 906/572/513 904/573/513 902/574/513 900/575/513 898/576/513 896/577/513 894/578/513 892/579/513 890/580/513 888/581/513 886/582/513 884/583/513 882/584/513 880/585/513 878/586/513 876/587/513 874/588/513 872/589/513 870/590/513 868/591/513 866/592/513 864/593/513 862/594/513 860/595/513 858/596/513 856/597/513 854/598/513 852/599/513 850/600/513 848/601/513 846/602/513 844/603/513 842/604/513 840/605/513 838/606/513 836/607/513 834/608/513 832/609/513 830/610/513 828/611/513 826/612/513 824/613/513 822/614/513 820/615/513 818/616/513 816/617/513 814/618/513 812/619/513 810/620/513 808/621/513 806/622/513 804/623/513 802/624/513 800/625/513 798/626/513 796/627/513 794/628/513 792/629/513 790/630/513 788/631/513 786/632/513 784/633/513 782/634/513 780/635/513 778/636/513 776/637/513 774/638/513 772/639/513 770/640/513 768/641/513 766/642/513 764/643/513 762/644/513 760/645/513 758/646/513 756/647/513 754/648/513 752/649/513 750/650/513 748/651/513 746/652/513 744/653/513 742/654/513 740/655/513 738/656/513 736/657/513 734/658/513 732/659/513 730/660/513 728/661/513 726/662/513 724/663/513 722/664/513 720/665/513 718/666/513 716/667/513 714/668/513 712/669/513 710/670/513 708/671/513 706/672/513 704/673/513 702/674/513 700/675/513 698/676/513 696/677/513 694/678/513 692/679/513 690/680/513 688/681/513 686/682/513 684/683/513 682/684/513 680/685/513 678/686/513 676/687/513 674/688/513 672/689/513 670/690/513 668/691/513 666/692/513 664/693/513 662/694/513 660/695/513 658/696/513 656/697/513 654/698/513 652/699/513 650/700/513 648/701/513 646/702/513 644/703/513 642/704/513 640/705/513 638/706/513 636/707/513 634/708/513 632/709/513 630/710/513 628/711/513 626/712/513 624/713/513 622/714/513 620/715/513 618/716/513 616/717/513 614/718/513 612/719/513 610/720/513 608/721/513 606/722/513 604/723/513 602/724/513 600/725/513 598/726/513 596/727/513 594/728/513 592/729/513 590/730/513 588/731/513 586/732/513 584/733/513 582/734/513 580/735/513 578/736/513 576/737/513 574/738/513 572/739/513 570/740/513 568/741/513 566/742/513 564/743/513 562/744/513 560/745/513 558/746/513 556/747/513 554/748/513 552/749/513 550/750/513 548/751/513 546/752/513 544/753/513 542/754/513 540/755/513 538/756/513 536/757/513 534/758/513 532/759/513 530/760/513 528/761/513 526/762/513 524/763/513 522/764/513 520/765/513 518/766/513
f 1021/510/514 1022/509/514 1024/767/514 1023/768/514
f 1023/768/515 1024/767/515 514/769/515 513/770/515
f 513/771/516 515/772/516 517/773/516 519/774/516 521/775/516 523/776/516 525/777/516 527/778/516 529/779/516 531/780/516 533/781/516 535/782/516 537/783/516 539/784/516 541/785/516 543/786/516 545/787/516 547/788/516 549/789/516 551/790/516 553/791/516 555/792/516 557/793/516 559/794/516 561/795/516 563/796/516 565/797/516 567/798/516 569/799/516 571/800/516 573/801/516 575/802/516 577/803/516 579/804/516 581/805/516 583/806/516 585/807/516 587/808/516 589/809/516 591/810/516 593/811/516 595/812/516 597/813/516 599/814/516 601/815/516 603/816/516 605/817/516 607/818/516 609/819/516 611/820/516 613/821/516 615/822/516 617/823/516 619/824/516 621/825/516 623/826/516 625/827/516 627/828/516 629/829/516 631/830/516 633/831/516 635/832/516 637/833/516 639/834/516 641/835/516 643/836/516 645/837/516 647/838/516 649/839/516 651/840/516 653/841/516 655/842/516 657/843/516 659/844/516 661/845/516 663/846/516 665/847/516 667/848/516 669/849/516 671/850/516 673/851/516 675/852/516 677/853/516 679/854/516 681/855/516 683/856/516 685/857/516 687/858/516 689/859/516 691/860/516 693/861/516 695/862/516 697/863/516 699/864/516 701/865/516 703/866/516 705/867/516 707/868/516 709/869/516 711/870/516 713/871/516 715/872/516 717/873/516 719/874/516 721/875/516 723/876/516 725/877/516 727/878/516 729/879/516 731/880/516 733/881/516 735/882/516 737/883/516 739/884/516 741/885/516 743/886/516 745/887/516 747/888/516 749/889/516 751/890/516 753/891/516 755/892/516 757/893/516 759/894/516 761/895/516 763/896/516 765/897/516 767/898/516 769/899/516 771/900/516 773/901/516 775/902/516 777/903/516 779/904/516 781/905/516 783/906/516 785/907/516 787/908/516 789/909/516 791/910/516 793/911/516 795/912/516 797/913/516 799/914/516 801/915/516 803/916/516 805/917/516 807/918/516 809/919/516 811/920/516 813/921/516 815/922/516 817/923/516 819/924/516 821/925/516 823/926/516 825/927/516 827/928/516 829/929/516 831/930/516 833/931/516 835/932/516 837/933/516 839/934/516 841/935/516 843/936/516 845/937/516 847/938/516 849/939/516 851/940/516 853/941/516 855/942/516 857/943/516 859/944/516 861/945/516 863/946/516 865/947/516 867/948/516 869/949/516 871/950/516 873/951/516 875/952/516 877/953/516 879/954/516 881/955/516 883/956/516 885/957/516 887/958/516 889/959/516 891/960/516 893/961/516 895/962/516 897/963/516 899/964/516 901/965/516 903/966/516 905/967/516 907/968/516 909/969/516 911/970/516 913/971/516 915/972/516 917/973/516 919/974/516 921/975/516 923/976/516 925/977/516 927/978/516 929/979/516 931/980/516 933/981/516 935/982/516 937/983/516 939/984/516 941/985/516 943/986/516 945/987/516 947/988/516 949/989/516 951/990/516 953/991/516 955/992/516 957/993/516 959/994/516 961/995/516 963/996/516 965/997/516 967/998/516 969/999/516 971/1000/516 973/1001/516 975/1002/516 977/1003/516 979/1004/516 981/1005/516 983/1006/516 985/1007/516 987/1008/516 989/1009/516 991/1010/516 993/1011/516 995/1012/516 997/1013/516 999/1014/516 1001/1015/516 1003/1016/516 1005/1017/516 1007/1018/516 1009/1019/516 1011/1020/516 1013/1021/516 1015/1022/516 1017/1023/516 1019/1024/516 1021/1025/516 1023/1026/516
f 1025/1/517 1026/2/517 1028/3/517 1027/4/517
f 1027/4/518 1028/3/518 1030/5/518 1029/6/518
f 1029/6/519 1030/5/519 1032/7/519 1031/8/519
f 1031/8/520 1032/7/520 1034/9/520 1033/10/520
f 1033/10/521 1034/9/521 1036/11/521 1035/12/521
f 1035/12/522 1036/11/522 1038/13/522 1037/14/522
f 1037/14/523 1038/13/523 1040/15/523 1039/16/523
f 1039/16/524 1040/15/524 1042/17/524 1041/18/524
f 1041/18/525 1042/17/525 1044/19/525 1043/20/525
f 1043/20/526 1044/19/526 1046/21/526 1045/22/526
f 1045/22/527 1046/21/527 1048/23/527 1047/24/527
f 1047/24/528 1048/23/528 1050/25/528 1049/26/528
f 1049/26/529 1050/25/529 1052/27/529 1051/28/529
f 1051/28/530 1052/27/530 1054/29/530 1053/30/530
f 1053/30/531 1054/29/531 1056/31/531 1055/32/531
f 1055/32/532 1056/31/532 1058/33/532 1057/34/532
f 1057/34/533 1058/33/533 1060/35/533 1059/36/533
f 1059/36/534 1060/35/534 1062/37/534 1061/38/534
f 1061/38/535 1062/37/535 1064/39/535 1063/40/535
f 1063/40/536 1064/39/536 1066/41/536 1065/42/536
f 1065/42/537 1066/41/537 1068/43/537 1067/44/537
f 1067/44/538 1068/43/538 1070/45/538 1069/46/538
f 1069/46/539 1070/45/539 1072/47/539 1071/48/539
f 1071/48/540 1072/47/540 1074/49/540 1073/50/540
f 1073/50/541 1074/49/541 1076/51/541 1075/52/541
f 1075/52/542 1076/51/542 1078/53/542 1077/54/542
f 1077/54/543 1078/53/543 1080/55/543 1079/56/543
f 1079/56/544 1080/55/544 1082/57/544 1081/58/544
f 1081/58/545 1082/57/545 1084/59/545 1083/60/545
f 1083/60/546 1084/59/546 1086/61/546 1085/62/546
f 1085/62/547 1086/61/547 1088/63/547 1087/64/547
f 1087/64/548 1088/63/548 1090/65/548 1089/66/548
f 1089/66/549 1090/65/549 1092/67/549 1091/68/549
f 1091/68/550 1092/67/550 1094/69/550 1093/70/550
f 1093/70/551 1094/69/551 1096/71/551 1095/72/551
f 1095/72/552 1096/71/552 1098/73/552 1097/74/552
f 1097/74/553 1098/73/553 1100/75/553 1099/76/553
f 1099/76/554 1100/75/554 1102/77/554 1101/78/554
f 1101/78/555 1102/77/555 1104/79/555 1103/80/555
f 1103/80/556 1104/79/556 1106/81/556 1105/82/556
f 1105/82/557 1106/81/557 1108/83/557 1107/84/557
f 1107/84/558 1108/83/558 1110/85/558 1109/86/558
f 1109/86/559 1110/85/559 1112/87/559 1111/88/559
f 1111/88/560 1112/87/560 1114/89/560 1113/90/560
f 1113/90/561 1114/89/561 1116/91/561 1115/92/561
f 1115/92/562 1116/91/562 1118/93/562 1117/94/562
f 1117/94/563 1118/93/563 1120/95/563 1119/96/563
f 1119/96/564 1120/95/564 1122/97/564 1121/98/564
f 1121/98/565 1122/97/565 1124/99/565 1123/100/565
f 1123/100/566 1124/99/566 1126/101/566 1125/102/566
f 1125/102/567 1126/101/567 1128/103/567 1127/104/567
f 1127/104/568 1128/103/568 1130/105/568 1129/106/568
f 1129/106/569 1130/105/569 1132/107/569 1131/108/569
f 1131/108/570 1132/107/570 1134/109/570 1133/110/570
f 1133/110/571 1134/109/571 1136/111/571 1135/112/571
f 1135/112/572 1136/111/572 1138/113/572 1137/114/572
f 1137/114/573 1138/113/573 1140/115/573 1139/116/573
f 1139/116/574 1140/115/574 1142/117/574 1141/118/574
f 1141/118/575 1142/117/575 1144/119/575 1143/120/575
f 1143/120/576 1144/119/576 1146/121/576 1145/122/576
f 1145/122/577 1146/121/577 1148/123/577 1147/124/577
f 1147/124/578 1148/123/578 1150/125/578 1149/126/578
f 1149/126/579 1150/125/579 1152/127/579 1151/128/579
f 1151/128/580 1152/127/580 1154/129/580 1153/130/580
f 1153/130/581 1154/129/581 1156/131/581 1155/132/581
f 1155/132/582 1156/131/582 1158/133/582 1157/134/582
f 1157/134/583 1158/133/583 1160/135/583 1159/136/583
f 1159/136/584 1160/135/584 1162/137/584 1161/138/584
f 1161/138/585 1162/137/585 1164/139/585 1163/140/585
f 1163/140/586 1164/139/586 1166/141/586 1165/142/586
f 1165/142/587 1166/141/587 1168/143/587 1167/144/587
f 1167/144/588 1168/143/588 1170/145/588 1169/146/588
f 1169/146/589 1170/145/589 1172/147/589 1171/148/589
f 1171/148/590 1172/147/590 1174/149/590 1173/150/590
f 1173/150/591 1174/149/591 1176/151/591 1175/152/591
f 1175/152/592 1176/151/592 1178/153/592 1177/154/592
f 1177/154/593 1178/153/593 1180/155/593 1179/156/593
f 1179/156/594 1180/155/594 1182/157/594 1181/158/594
f 1181/158/595 1182/157/595 1184/159/595 1183/160/595
f 1183/160/596 1184/159/596 1186/161/596 1185/162/596
f 1185/162/597 1186/161/597 1188/163/597 1187/164/597
f 1187/164/598 1188/163/598 1190/165/598 1189/166/598
f 1189/166/599 1190/165/599 1192/167/599 1191/168/599
f 1191/168/600 1192/167/600 1194/169/600 1193/170/600
f 1193/170/601 1194/169/601 1196/171/601 1195/172/601
f 1195/172/602 1196/171/602 1198/173/602 1197/174/602
f 1197/174/603 1198/173/603 1200/175/603 1199/176/603
f 1199/176/604 1200/175/604 1202/177/604 1201/178/604
f 1201/178/605 1202/177/605 1204/179/605 1203/180/605
f 1203/180/606 1204/179/606 1206/181/606 1205/182/606
f 1205/182/607 1206/181/607 1208/183/607 1207/184/607
f 1207/184/608 1208/183/608 1210/185/608 1209/186/608
f 1209/186/609 1210/185/609 1212/187/609 1211/188/609
f 1211/188/610 1212/187/610 1214/189/610 1213/190/610
f 1213/190/611 1214/189/611 1216/191/611 1215/192/611
f 1215/192/612 1216/191/612 1218/193/612 1217/194/612
f 1217/194/613 1218/193/613 1220/195/613 1219/196/613
f 1219/196/614 1220/195/614 1222/197/614 1221/198/614
f 1221/198/615 1222/197/615 1224/199/615 1223/200/615
f 1223/200/616 1224/199/616 1226/201/616 1225/202/616
f 1225/202/617 1226/201/617 1228/203/617 1227/204/617
f 1227/204/618 1228/203/618 1230/205/618 1229/206/618
f 1229/206/619 1230/205/619 1232/207/619 1231/208/619
f 1231/208/620 1232/207/620 1234/209/620 1233/210/620
f 1233/210/621 1234/209/621 1236/211/621 1235/212/621
f 1235/212/622 1236/211/622 1238/213/622 1237/214/622
f 1237/214/623 1238/213/623 1240/215/623 1239/216/623
f 1239/216/624 1240/215/624 1242/217/624 1241/218/624
f 1241/218/625 1242/217/625 1244/219/625 1243/220/625
f 1243/220/626 1244/219/626 1246/221/626 1245/222/626
f 1245/222/627 1246/221/627 1248/223/627 1247/224/627
f 1247/224/628 1248/223/628 1250/225/628 1249/226/628
f 1249/226/629 1250/225/629 1252/227/629 1251/228/629
f 1251/228/630 1252/227/630 1254/229/630 1253/230/630
f 1253/230/631 1254/229/631 1256/231/631 1255/232/631
f 1255/232/632 1256/231/632 1258/233/632 1257/234/632
f 1257/234/633 1258/233/633 1260/235/633 1259/236/633
f 1259/236/634 1260/235/634 1262/237/634 1261/238/634
f 1261/238/635 1262/237/635 1264/239/635 1263/240/635
f 1263/240/636 1264/239/636 1266/241/636 1265/242/636
f 1265/242/637 1266/241/637 1268/243/637 1267/244/637
f 1267/244/638 1268/243/638 1270/245/638 1269/246/638
f 1269/246/639 1270/245/639 1272/247/639 1271/248/639
f 1271/248/640 1272/247/640 1274/249/640 1273/250/640
f 1273/250/641 1274/249/641 1276/251/641 1275/252/641
f 1275/252/642 1276/251/642 1278/253/642 1277/254/642
f 1277/254/643 1278/253/643 1280/255/643 1279/256/643
f 1279/256/644 1280/255/644 1282/257/644 1281/258/644
f 1281/258/645 1282/257/645 1284/259/645 1283/260/645
f 1283/260/646 1284/259/646 1286/261/646 1285/262/646
f 1285/262/647 1286/261/647 1288/263/647 1287/264/647
f 1287/264/648 1288/263/648 1290/265/648 1289/266/648
f 1289/266/649 1290/265/649 1292/267/649 1291/268/649
f 1291/268/650 1292/267/650 1294/269/650 1293/270/650
f 1293/270/651 1294/269/651 1296/271/651 1295/272/651
f 1295/272/652 1296/271/652 1298/273/652 1297/274/652
f 1297/274/653 1298/273/653 1300/275/653 1299/276/653
f 1299/276/654 1300/275/654 1302/277/654 1301/278/654
f 1301/278/655 1302/277/655 1304/279/655 1303/280/655
f 1303/280/656 1304/279/656 1306/281/656 1305/282/656
f 1305/282/657 1306/281/657 1308/283/657 1307/284/657
f 1307/284/658 1308/283/658 1310/285/658 1309/286/658
f 1309/286/659 1310/285/659 1312/287/659 1311/288/659
f 1311/288/660 1312/287/660 1314/289/660 1313/290/660
f 1313/290/661 1314/289/661 1316/291/661 1315/292/661
f 1315/292/662 1316/291/662 1318/293/662 1317/294/662
f 1317/294/663 1318/293/663 1320/295/663 1319/296/663
f 1319/296/664 1320/295/664 1322/297/664 1321/298/664
f 1321/298/665 1322/297/665 1324/299/665 1323/300/665
f 1323/300/666 1324/299/666 1326/301/666 1325/302/666
f 1325/302/667 1326/301/667 1328/303/667 1327/304/667
f 1327/304/668 1328/303/668 1330/305/668 1329/306/668
f 1329/306/669 1330/305/669 1332/307/669 1331/308/669
f 1331/308/670 1332/307/670 1334/309/670 1333/310/670
f 1333/310/671 1334/309/671 1336/311/671 1335/312/671
f 1335/312/672 1336/311/672 1338/313/672 1337/314/672
f 1337/314/673 1338/313/673 1340/315/673 1339/316/673
f 1339/316/674 1340/315/674 1342/317/674 1341/318/674
f 1341/318/675 1342/317/675 1344/319/675 1343/320/675
f 1343/320/676 1344/319/676 1346/321/676 1345/322/676
f 1345/322/677 1346/321/677 1348/323/677 1347/324/677
f 1347/324/678 1348/323/678 1350/325/678 1349/326/678
f 1349/326/679 1350/325/679 1352/327/679 1351/328/679
f 1351/328/680 1352/327/680 1354/329/680 1353/330/680
f 1353/330/681 1354/329/681 1356/331/681 1355/332/681
f 1355/332/682 1356/331/682 1358/333/682 1357/334/682
f 1357/334/683 1358/333/683 1360/335/683 1359/336/683
f 1359/336/684 1360/335/684 1362/337/684 1361/338/684
f 1361/338/685 1362/337/685 1364/339/685 1363/340/685
f 1363/340/686 1364/339/686 1366/341/686 1365/342/686
f 1365/342/687 1366/341/687 1368/343/687 1367/344/687
f 1367/344/688 1368/343/688 1370/345/688 1369/346/688
f 1369/346/689 1370/345/689 1372/347/689 1371/348/689
f 1371/348/690 1372/347/690 1374/349/690 1373/350/690
f 1373/350/691 1374/349/691 1376/351/691 1375/352/691
f 1375/352/692 1376/351/692 1378/353/692 1377/354/692
f 1377/354/693 1378/353/693 1380/355/693 1379/356/693
f 1379/356/694 1380/355/694 1382/357/694 1381/358/694
f 1381/358/695 1382/357/695 1384/359/695 1383/360/695
f 1383/360/696 1384/359/696 1386/361/696 1385/362/696
f 1385/362/697 1386/361/697 1388/363/697 1387/364/697
f 1387/364/698 1388/363/698 1390/365/698 1389/366/698
f 1389/366/699 1390/365/699 1392/367/699 1391/368/699
f 1391/368/700 1392/367/700 1394/369/700 1393/370/700
f 1393/370/701 1394/369/701 1396/371/701 1395/372/701
f 1395/372/702 1396/371/702 1398/373/702 1397/374/702
f 1397/374/703 1398/373/703 1400/375/703 1399/376/703
f 1399/376/704 1400/375/704 1402/377/704 1401/378/704
f 1401/378/705 1402/377/705 1404/379/705 1403/380/705
f 1403/380/706 1404/379/706 1406/381/706 1405/382/706
f 1405/382/707 1406/381/707 1408/383/707 1407/384/707
f 1407/384/708 1408/383/708 1410/385/708 1409/386/708
f 1409/386/709 1410/385/709 1412/387/709 1411/388/709
f 1411/388/710 1412/387/710 1414/389/710 1413/390/710
f 1413/390/711 1414/389/711 1416/391/711 1415/392/711
f 1415/392/712 1416/391/712 1418/393/712 1417/394/712
f 1417/394/713 1418/393/713 1420/395/713 1419/396/713
f 1419/396/714 1420/395/714 1422/397/714 1421/398/714
f 1421/398/715 1422/397/715 1424/399/715 1423/400/715
f 1423/400/716 1424/399/716 1426/401/716 1425/402/716
f 1425/402/717 1426/401/717 1428/403/717 1427/404/717
f 1427/404/718 1428/403/718 1430/405/718 1429/406/718
f 1429/406/719 1430/405/719 1432/407/719 1431/408/719
f 1431/408/720 1432/407/720 1434/409/720 1433/410/720
f 1433/410/721 1434/409/721 1436/411/721 1435/412/721
f 1435/412/722 1436/411/722 1438/413/722 1437/414/722
f 1437/414/723 1438/413/723 1440/415/723 1439/416/723
f 1439/416/724 1440/415/724 1442/417/724 1441/418/724
f 1441/418/725 1442/417/725 1444/419/725 1443/420/725
f 1443/420/726 1444/419/726 1446/421/726 1445/422/726
f 1445/422/727 1446/421/727 1448/423/727 1447/424/727
f 1447/424/728 1448/423/728 1450/425/728 1449/426/728
f 1449/426/729 1450/425/729 1452/427/729 1451/428/729
f 1451/428/730 1452/427/730 1454/429/730 1453/430/730
f 1453/430/731 1454/429/731 1456/431/731 1455/432/731
f 1455/432/732 1456/431/732 1458/433/732 1457/434/732
f 1457/434/733 1458/433/733 1460/435/733 1459/436/733
f 1459/436/734 1460/435/734 1462/437/734 1461/438/734
f 1461/438/735 1462/437/735 1464/439/735 1463/440/735
f 1463/440/736 1464/439/736 1466/441/736 1465/442/736
f 1465/442/737 1466/441/737 1468/443/737 1467/444/737
f 1467/444/738 1468/443/738 1470/445/738 1469/446/738
f 1469/446/739 1470/445/739 1472/447/739 1471/448/739
f 1471/448/740 1472/447/740 1474/449/740 1473/450/740
f 1473/450/741 1474/449/741 1476/451/741 1475/452/741
f 1475/452/742 1476/451/742 1478/453/742 1477/454/742
f 1477/454/743 1478/453/743 1480/455/743 1479/456/743
f 1479/456/744 1480/455/744 1482/457/744 1481/458/744
f 1481/458/745 1482/457/745 1484/459/745 1483/460/745
f 1483/460/746 1484/459/746 1486/461/746 1485/462/746
f 1485/462/747 1486/461/747 1488/463/747 1487/464/747
f 1487/464/748 1488/463/748 1490/465/748 1489/466/748
f 1489/466/749 1490/465/749 1492/467/749 1491/468/749
f 1491/468/750 1492/467/750 1494/469/750 1493/470/750
f 1493/470/751 1494/469/751 1496/471/751 1495/472/751
f 1495/472/752 1496/471/752 1498/473/752 1497/474/752
f 1497/474/753 1498/473/753 1500/475/753 1499/476/753
f 1499/476/754 1500/475/754 1502/477/754 1501/478/754
f 1501/478/755 1502/477/755 1504/479/755 1503/480/755
f 1503/480/756 1504/479/756 1506/481/756 1505/482/756
f 1505/482/757 1506/481/757 1508/483/757 1507/484/757
f 1507/484/758 1508/483/758 1510/485/758 1509/486/758
f 1509/486/759 1510/485/759 1512/487/759 1511/488/759
f 1511/488/760 1512/487/760 1514/489/760 1513/490/760
f 1513/490/761 1514/489/761 1516/491/761 1515/492/761
f 1515/492/762 1516/491/762 1518/493/762 1517/494/762
f 1517/494/763 1518/493/763 1520/495/763 1519/496/763
f 1519/496/764 1520/495/764 1522/497/764 1521/498/764
f 1521/498/765 1522/497/765 1524/499/765 1523/500/765
f 1523/500/766 1524/499/766 1526/501/766 1525/502/766
f 1525/502/767 1526/501/767 1528/503/767 1527/504/767
f 1527/504/768 1528/503/768 1530/505/768 1529/506/768
f 1529/506/769 1530/505/769 1532/507/769 1531/508/769
f 1531/508/770 1532/507/770 1534/509/770 1533/510/770
f 1028/511/771 1026/512/771 1536/513/771 1534/514/771 1532/515/771 1530/516/771 1528/517/771 1526/518/771 1524/519/771 1522/520/771 1520/521/771 1518/522/771 1516/523/771 1514/524/771 1512/525/771 1510/526/771 1508/527/771 1506/528/771 1504/529/771 1502/530/771 1500/531/771 1498/532/771 1496/533/771 1494/534/771 1492/535/771 1490/536/771 1488/537/771 1486/538/771 1484/539/771 1482/540/771 1480/541/771 1478/542/771 1476/543/771 1474/544/771 1472/545/771 1470/546/771 1468/547/771 1466/548/771 1464/549/771 1462/550/771 1460/551/771 1458/552/771 1456/553/771 1454/554/771 1452/555/771 1450/556/771 1448/557/771 1446/558/771 1444/559/771 1442/560/771 1440/561/771 1438/562/771 1436/563/771 1434/564/771 1432/565/771 1430/566/771 1428/567/771 1426/568/771 1424/569/771 1422/570/771 1420/571/771 1418/572/771 1416/573/771 1414/574/771 1412/575/771 1410/576/771 1408/577/771 1406/578/771 1404/579/771 1402/580/771 1400/581/771 1398/582/771 1396/583/771 1394/584/771 1392/585/771 1390/586/771 1388/587/771 1386/588/771 1384/589/771 1382/590/771 1380/591/771 1378/592/771 1376/593/771 1374/594/771 1372/595/771 1370/596/771 1368/597/771 1366/598/771 1364/599/771 1362/600/771 1360/601/771 1358/602/771 1356/603/771 1354/604/771 1352/605/771 1350/606/771 1348/607/771 1346/608/771 1344/609/771 1342/610/771 1340/611/771 1338/612/771 1336/613/771 1334/614/771 1332/615/771 1330/616/771 1328/617/771 1326/618/771 1324/619/771 1322/620/771 1320/621/771 1318/622/771 1316/623/771 1314/624/771 1312/625/771 1310/626/771 1308/627/771 1306/628/771 1304/629/771 1302/630/771 1300/631/771 1298/632/771 1296/633/771 1294/634/771 1292/635/771 1290/636/771 1288/637/771 1286/638/771 1284/639/771 1282/640/771 1280/641/771 1278/642/771 1276/643/771 1274/644/771 1272/645/771 1270/646/771 1268/647/771 1266/648/771 1264/649/771 1262/650/771 1260/651/771 1258/652/771 1256/653/771 1254/654/771 1252/655/771 1250/656/771 1248/657/771 1246/658/771 1244/659/771 1242/660/771 1240/661/771 1238/662/771 1236/663/771 1234/664/771 1232/665/771 1230/666/771 1228/667/771 1226/668/771 1224/669/771 1222/670/771 1220/671/771 1218/672/771 1216/673/771 1214/674/771 1212/675/771 1210/676/771 1208/677/771 1206/678/771 1204/679/771 1202/680/771 1200/681/771 1198/682/771 1196/683/771 1194/684/771 1192/685/771 1190/686/771 1188/687/771 1186/688/771 1184/689/771 1182/690/771 1180/691/771 1178/692/771 1176/693/771 1174/694/771 1172/695/771 1170/696/771 1168/697/771 1166/698/771 1164/699/771 1162/700/771 1160/701/771 1158/702/771 1156/703/771 1154/704/771 1152/705/771 1150/706/771 1148/707/771 1146/708/771 1144/709/771 1142/710/771 1140/711/771 1138/712/771 1136/713/771 1134/714/771 1132/715/771 1130/716/771 1128/717/771 1126/718/771 1124/719/771 1122/720/771 1120/721/771 1118/722/771 1116/723/771 1114/724/771 1112/725/771 1110/726/771 1108/727/771 1106/728/771 1104/729/771 1102/730/771 1100/731/771 1098/732/771 1096/733/771 1094/734/771 1092/735/771 1090/736/771 1088/737/771 1086/738/771 1084/739/771 1082/740/771 1080/741/771 1078/742/771 1076/743/771 1074/744/771 1072/745/771 1070/746/771 1068/747/771 1066/748/771 1064/749/771 1062/750/771 1060/751/771 1058/752/771 1056/753/771 1054/754/771 1052/755/771 1050/756/771 1048/757/771 1046/758/771 1044/759/771 1042/760/771 1040/761/771 1038/762/771 1036/763/771 1034/764/771 1032/765/771 1030/766/771
f 1533/510/772 1534/509/772 1536/767/772 1535/768/772
f 1535/768/773 1536/767/773 1026/769/773 1025/770/773
f 1025/771/774 1027/772/774 1029/773/774 1031/774/774 1033/775/774 1035/776/774 1037/777/774 1039/778/774 1041/779/774 1043/780/774 1045/781/774 1047/782/774 1049/783/774 1051/784/774 1053/785/774 1055/786/774 1057/787/774 1059/788/774 1061/789/774 1063/790/774 1065/791/774 1067/792/774 1069/793/774 1071/794/774 1073/795/774 1075/796/774 1077/797/774 1079/798/774 1081/799/774 1083/800/774 1085/801/774 1087/802/774 1089/803/774 1091/804/774 1093/805/774 1095/806/774 1097/807/774 1099/808/774 1101/809/774 1103/810/774 1105/811/774 1107/812/774 1109/813/774 1111/814/774 1113/815/774 1115/816/774 1117/817/774 1119/818/774 1121/819/774 1123/820/774 1125/821/774 1127/822/774 1129/823/774 1131/824/774 1133/825/774 1135/826/774 1137/827/774 1139/828/774 1141/829/774 1143/830/774 1145/831/774 1147/832/774 1149/833/774 1151/834/774 1153/835/774 1155/836/774 1157/837/774 1159/838/774 1161/839/774 1163/840/774 1165/841/774 1167/842/774 1169/843/774 1171/844/774 1173/845/774 1175/846/774 1177/847/774 1179/848/774 1181/849/774 1183/850/774 1185/851/774 1187/852/774 1189/853/774 1191/854/774 1193/855/774 1195/856/774 1197/857/774 1199/858/774 1201/859/774 1203/860/774 1205/861/774 1207/862/774 1209/863/774 1211/864/774 1213/865/774 1215/866/774 1217/867/774 1219/868/774 1221/869/774 1223/870/774 1225/871/774 1227/872/774 1229/873/774 1231/874/774 1233/875/774 1235/876/774 1237/877/774 1239/878/774 1241/879/774 1243/880/774 1245/881/774 1247/882/774 1249/883/774 1251/884/774 1253/885/774 1255/886/774 1257/887/774 1259/888/774 1261/889/774 1263/890/774 1265/891/774 1267/892/774 1269/893/774 1271/894/774 1273/895/774 1275/896/774 1277/897/774 1279/898/774 1281/899/774 1283/900/774 1285/901/774 1287/902/774 1289/903/774 1291/904/774 1293/905/774 1295/906/774 1297/907/774 1299/908/774 1301/909/774 1303/910/774 1305/911/774 1307/912/774 1309/913/774 1311/914/774 1313/915/774 1315/916/774 1317/917/774 1319/918/774 1321/919/774 1323/920/774 1325/921/774 1327/922/774 1329/923/774 1331/924/774 1333/925/774 1335/926/774 1337/927/774 1339/928/774 1341/929/774 1343/930/774 1345/931/774 1347/932/774 1349/933/774 1351/934/774 1353/935/774 1355/936/774 1357/937/774 1359/938/774 1361/939/774 1363/940/774 1365/941/774 1367/942/774 1369/943/774 1371/944/774 1373/945/774 1375/946/774 1377/947/774 1379/948/774 1381/949/774 1383/950/774 1385/951/774 1387/952/774 1389/953/774 1391/954/774 1393/955/774 1395/956/774 1397/957/774 1399/958/774 1401/959/774 1403/960/774 1405/961/774 1407/962/774 1409/963/774 1411/964/774 1413/965/774 1415/966/774 1417/967/774 1419/968/774 1421/969/774 1423/970/774 1425/971/774 1427/972/774 1429/973/774 1431/974/774 1433/975/774 1435/976/774 1437/977/774 1439/978/774 1441/979/774 1443/980/774 1445/981/774 1447/982/774 1449/983/774 1451/984/774 1453/985/774 1455/986/774 1457/987/774 1459/988/774 1461/989/774 1463/990/774 1465/991/774 1467/992/774 1469/993/774 1471/994/774 1473/995/774 1475/996/774 1477/997/774 1479/998/774 1481/999/774 1483/1000/774 1485/1001/774 1487/1002/774 1489/1003/774 1491/1004/774 1493/1005/774 1495/1006/774 1497/1007/774 1499/1008/774 1501/1009/774 1503/1010/774 1505/1011/774 1507/1012/774 1509/1013/774 1511/1014/774 1513/1015/774 1515/1016/774 1517/1017/774 1519/1018/774 1521/1019/774 1523/1020/774 1525/1021/774 1527/1022/774 1529/1023/774 1531/1024/774 1533/1025/774 1535/1026/774
