# Blender 5.2.0 LTS
# www.blender.org
mtllib PointerActual.mtl
o physical_pointer_fractal
v 0.018750 0.075000 0.000000
v 0.018750 -0.075000 0.000000
v 0.018744 0.075000 -0.000461
v 0.018744 -0.075000 -0.000461
v 0.018727 0.075000 -0.000920
v 0.018727 -0.075000 -0.000920
v 0.018699 0.075000 -0.001379
v 0.018699 -0.075000 -0.001379
v 0.018660 0.075000 -0.001838
v 0.018660 -0.075000 -0.001838
v 0.018609 0.075000 -0.002295
v 0.018609 -0.075000 -0.002295
v 0.018547 0.075000 -0.002751
v 0.018547 -0.075000 -0.002751
v 0.018474 0.075000 -0.003206
v 0.018474 -0.075000 -0.003206
v 0.018390 0.075000 -0.003658
v 0.018390 -0.075000 -0.003658
v 0.018295 0.075000 -0.004108
v 0.018295 -0.075000 -0.004108
v 0.018188 0.075000 -0.004556
v 0.018188 -0.075000 -0.004556
v 0.018071 0.075000 -0.005001
v 0.018071 -0.075000 -0.005001
v 0.017943 0.075000 -0.005443
v 0.017943 -0.075000 -0.005443
v 0.017804 0.075000 -0.005881
v 0.017804 -0.075000 -0.005881
v 0.017654 0.075000 -0.006317
v 0.017654 -0.075000 -0.006317
v 0.017494 0.075000 -0.006748
v 0.017494 -0.075000 -0.006748
v 0.017323 0.075000 -0.007175
v 0.017323 -0.075000 -0.007175
v 0.017141 0.075000 -0.007598
v 0.017141 -0.075000 -0.007598
v 0.016950 0.075000 -0.008017
v 0.016950 -0.075000 -0.008017
v 0.016748 0.075000 -0.008430
v 0.016748 -0.075000 -0.008430
v 0.016536 0.075000 -0.008839
v 0.016536 -0.075000 -0.008839
v 0.016314 0.075000 -0.009241
v 0.016314 -0.075000 -0.009241
v 0.016082 0.075000 -0.009640
v 0.016082 -0.075000 -0.009640
v 0.015841 0.075000 -0.010031
v 0.015841 -0.075000 -0.010031
v 0.015590 0.075000 -0.010417
v 0.015590 -0.075000 -0.010417
v 0.015330 0.075000 -0.010796
v 0.015330 -0.075000 -0.010796
v 0.015060 0.075000 -0.011169
v 0.015060 -0.075000 -0.011169
v 0.014782 0.075000 -0.011536
v 0.014782 -0.075000 -0.011536
v 0.014494 0.075000 -0.011895
v 0.014494 -0.075000 -0.011895
v 0.014197 0.075000 -0.012247
v 0.014197 -0.075000 -0.012247
v 0.013893 0.075000 -0.012592
v 0.013893 -0.075000 -0.012592
v 0.013580 0.075000 -0.012929
v 0.013580 -0.075000 -0.012929
v 0.013259 0.075000 -0.013259
v 0.013259 -0.075000 -0.013259
v 0.012929 0.075000 -0.013580
v 0.012929 -0.075000 -0.013580
v 0.012592 0.075000 -0.013893
v 0.012592 -0.075000 -0.013893
v 0.012247 0.075000 -0.014197
v 0.012247 -0.075000 -0.014197
v 0.011895 0.075000 -0.014494
v 0.011895 -0.075000 -0.014494
v 0.011536 0.075000 -0.014782
v 0.011536 -0.075000 -0.014782
v 0.011169 0.075000 -0.015060
v 0.011169 -0.075000 -0.015060
v 0.010796 0.075000 -0.015330
v 0.010796 -0.075000 -0.015330
v 0.010417 0.075000 -0.015590
v 0.010417 -0.075000 -0.015590
v 0.010031 0.075000 -0.015841
v 0.010031 -0.075000 -0.015841
v 0.009640 0.075000 -0.016082
v 0.009640 -0.075000 -0.016082
v 0.009241 0.075000 -0.016314
v 0.009241 -0.075000 -0.016314
v 0.008839 0.075000 -0.016536
v 0.008839 -0.075000 -0.016536
v 0.008430 0.075000 -0.016748
v 0.008430 -0.075000 -0.016748
v 0.008017 0.075000 -0.016950
v 0.008017 -0.075000 -0.016950
v 0.007598 0.075000 -0.017141
v 0.007598 -0.075000 -0.017141
v 0.007175 0.075000 -0.017323
v 0.007175 -0.075000 -0.017323
v 0.006748 0.075000 -0.017494
v 0.006748 -0.075000 -0.017494
v 0.006317 0.075000 -0.017654
v 0.006317 -0.075000 -0.017654
v 0.005881 0.075000 -0.017804
v 0.005881 -0.075000 -0.017804
v 0.005443 0.075000 -0.017943
v 0.005443 -0.075000 -0.017943
v 0.005001 0.075000 -0.018071
v 0.005001 -0.075000 -0.018071
v 0.004556 0.075000 -0.018188
v 0.004556 -0.075000 -0.018188
v 0.004108 0.075000 -0.018295
v 0.004108 -0.075000 -0.018295
v 0.003658 0.075000 -0.018390
v 0.003658 -0.075000 -0.018390
v 0.003206 0.075000 -0.018474
v 0.003206 -0.075000 -0.018474
v 0.002751 0.075000 -0.018547
v 0.002751 -0.075000 -0.018547
v 0.002295 0.075000 -0.018609
v 0.002295 -0.075000 -0.018609
v 0.001838 0.075000 -0.018660
v 0.001838 -0.075000 -0.018660
v 0.001379 0.075000 -0.018699
v 0.001379 -0.075000 -0.018699
v 0.000920 0.075000 -0.018727
v 0.000920 -0.075000 -0.018727
v 0.000461 0.075000 -0.018744
v 0.000461 -0.075000 -0.018744
v 0.000000 0.075000 -0.018750
v 0.000000 -0.075000 -0.018750
v -0.000461 0.075000 -0.018744
v -0.000461 -0.075000 -0.018744
v -0.000920 0.075000 -0.018727
v -0.000920 -0.075000 -0.018727
v -0.001379 0.075000 -0.018699
v -0.001379 -0.075000 -0.018699
v -0.001838 0.075000 -0.018660
v -0.001838 -0.075000 -0.018660
v -0.002295 0.075000 -0.018609
v -0.002295 -0.075000 -0.018609
v -0.002751 0.075000 -0.018547
v -0.002751 -0.075000 -0.018547
v -0.003206 0.075000 -0.018474
v -0.003206 -0.075000 -0.018474
v -0.003658 0.075000 -0.018390
v -0.003658 -0.075000 -0.018390
v -0.004108 0.075000 -0.018295
v -0.004108 -0.075000 -0.018295
v -0.004556 0.075000 -0.018188
v -0.004556 -0.075000 -0.018188
v -0.005001 0.075000 -0.018071
v -0.005001 -0.075000 -0.018071
v -0.005443 0.075000 -0.017943
v -0.005443 -0.075000 -0.017943
v -0.005881 0.075000 -0.017804
v -0.005881 -0.075000 -0.017804
v -0.006317 0.075000 -0.017654
v -0.006317 -0.075000 -0.017654
v -0.006748 0.075000 -0.017494
v -0.006748 -0.075000 -0.017494
v -0.007175 0.075000 -0.017323
v -0.007175 -0.075000 -0.017323
v -0.007598 0.075000 -0.017141
v -0.007598 -0.075000 -0.017141
v -0.008017 0.075000 -0.016950
v -0.008017 -0.075000 -0.016950
v -0.008430 0.075000 -0.016748
v -0.008430 -0.075000 -0.016748
v -0.008839 0.075000 -0.016536
v -0.008839 -0.075000 -0.016536
v -0.009241 0.075000 -0.016314
v -0.009241 -0.075000 -0.016314
v -0.009640 0.075000 -0.016082
v -0.009640 -0.075000 -0.016082
v -0.010031 0.075000 -0.015841
v -0.010031 -0.075000 -0.015841
v -0.010417 0.075000 -0.015590
v -0.010417 -0.075000 -0.015590
v -0.010796 0.075000 -0.015330
v -0.010796 -0.075000 -0.015330
v -0.011169 0.075000 -0.015060
v -0.011169 -0.075000 -0.015060
v -0.011536 0.075000 -0.014782
v -0.011536 -0.075000 -0.014782
v -0.011895 0.075000 -0.014494
v -0.011895 -0.075000 -0.014494
v -0.012247 0.075000 -0.014197
v -0.012247 -0.075000 -0.014197
v -0.012592 0.075000 -0.013893
v -0.012592 -0.075000 -0.013893
v -0.012929 0.075000 -0.013580
v -0.012929 -0.075000 -0.013580
v -0.013259 0.075000 -0.013259
v -0.013259 -0.075000 -0.013259
v -0.013580 0.075000 -0.012929
v -0.013580 -0.075000 -0.012929
v -0.013893 0.075000 -0.012592
v -0.013893 -0.075000 -0.012592
v -0.014197 0.075000 -0.012247
v -0.014197 -0.075000 -0.012247
v -0.014494 0.075000 -0.011895
v -0.014494 -0.075000 -0.011895
v -0.014782 0.075000 -0.011536
v -0.014782 -0.075000 -0.011536
v -0.015060 0.075000 -0.011169
v -0.015060 -0.075000 -0.011169
v -0.015330 0.075000 -0.010796
v -0.015330 -0.075000 -0.010796
v -0.015590 0.075000 -0.010417
v -0.015590 -0.075000 -0.010417
v -0.015841 0.075000 -0.010031
v -0.015841 -0.075000 -0.010031
v -0.016082 0.075000 -0.009640
v -0.016082 -0.075000 -0.009640
v -0.016314 0.075000 -0.009241
v -0.016314 -0.075000 -0.009241
v -0.016536 0.075000 -0.008839
v -0.016536 -0.075000 -0.008839
v -0.016748 0.075000 -0.008430
v -0.016748 -0.075000 -0.008430
v -0.016950 0.075000 -0.008017
v -0.016950 -0.075000 -0.008017
v -0.017141 0.075000 -0.007598
v -0.017141 -0.075000 -0.007598
v -0.017323 0.075000 -0.007175
v -0.017323 -0.075000 -0.007175
v -0.017494 0.075000 -0.006748
v -0.017494 -0.075000 -0.006748
v -0.017654 0.075000 -0.006317
v -0.017654 -0.075000 -0.006317
v -0.017804 0.075000 -0.005881
v -0.017804 -0.075000 -0.005881
v -0.017943 0.075000 -0.005443
v -0.017943 -0.075000 -0.005443
v -0.018071 0.075000 -0.005001
v -0.018071 -0.075000 -0.005001
v -0.018188 0.075000 -0.004556
v -0.018188 -0.075000 -0.004556
v -0.018295 0.075000 -0.004108
v -0.018295 -0.075000 -0.004108
v -0.018390 0.075000 -0.003658
v -0.018390 -0.075000 -0.003658
v -0.018474 0.075000 -0.003206
v -0.018474 -0.075000 -0.003206
v -0.018547 0.075000 -0.002751
v -0.018547 -0.075000 -0.002751
v -0.018609 0.075000 -0.002295
v -0.018609 -0.075000 -0.002295
v -0.018660 0.075000 -0.001838
v -0.018660 -0.075000 -0.001838
v -0.018699 0.075000 -0.001379
v -0.018699 -0.075000 -0.001379
v -0.018727 0.075000 -0.000920
v -0.018727 -0.075000 -0.000920
v -0.018744 0.075000 -0.000461
v -0.018744 -0.075000 -0.000461
v -0.018750 0.075000 0.000000
v -0.018750 -0.075000 0.000000
v -0.018744 0.075000 0.000461
v -0.018744 -0.075000 0.000461
v -0.018727 0.075000 0.000920
v -0.018727 -0.075000 0.000920
v -0.018699 0.075000 0.001379
v -0.018699 -0.075000 0.001379
v -0.018660 0.075000 0.001838
v -0.018660 -0.075000 0.001838
v -0.018609 0.075000 0.002295
v -0.018609 -0.075000 0.002295
v -0.018547 0.075000 0.002751
v -0.018547 -0.075000 0.002751
v -0.018474 0.075000 0.003206
v -0.018474 -0.075000 0.003206
v -0.018390 0.075000 0.003658
v -0.018390 -0.075000 0.003658
v -0.018295 0.075000 0.004108
v -0.018295 -0.075000 0.004108
v -0.018188 0.075000 0.004556
v -0.018188 -0.075000 0.004556
v -0.018071 0.075000 0.005001
v -0.018071 -0.075000 0.005001
v -0.017943 0.075000 0.005443
v -0.017943 -0.075000 0.005443
v -0.017804 0.075000 0.005881
v -0.017804 -0.075000 0.005881
v -0.017654 0.075000 0.006317
v -0.017654 -0.075000 0.006317
v -0.017494 0.075000 0.006748
v -0.017494 -0.075000 0.006748
v -0.017323 0.075000 0.007175
v -0.017323 -0.075000 0.007175
v -0.017141 0.075000 0.007598
v -0.017141 -0.075000 0.007598
v -0.016950 0.075000 0.008017
v -0.016950 -0.075000 0.008017
v -0.016748 0.075000 0.008430
v -0.016748 -0.075000 0.008430
v -0.016536 0.075000 0.008839
v -0.016536 -0.075000 0.008839
v -0.016314 0.075000 0.009241
v -0.016314 -0.075000 0.009241
v -0.016082 0.075000 0.009640
v -0.016082 -0.075000 0.009640
v -0.015841 0.075000 0.010031
v -0.015841 -0.075000 0.010031
v -0.015590 0.075000 0.010417
v -0.015590 -0.075000 0.010417
v -0.015330 0.075000 0.010796
v -0.015330 -0.075000 0.010796
v -0.015060 0.075000 0.011169
v -0.015060 -0.075000 0.011169
v -0.014782 0.075000 0.011536
v -0.014782 -0.075000 0.011536
v -0.014494 0.075000 0.011895
v -0.014494 -0.075000 0.011895
v -0.014197 0.075000 0.012247
v -0.014197 -0.075000 0.012247
v -0.013893 0.075000 0.012592
v -0.013893 -0.075000 0.012592
v -0.013580 0.075000 0.012929
v -0.013580 -0.075000 0.012929
v -0.013259 0.075000 0.013259
v -0.013259 -0.075000 0.013259
v -0.012929 0.075000 0.013580
v -0.012929 -0.075000 0.013580
v -0.012592 0.075000 0.013893
v -0.012592 -0.075000 0.013893
v -0.012247 0.075000 0.014197
v -0.012247 -0.075000 0.014197
v -0.011895 0.075000 0.014494
v -0.011895 -0.075000 0.014494
v -0.011536 0.075000 0.014782
v -0.011536 -0.075000 0.014782
v -0.011169 0.075000 0.015060
v -0.011169 -0.075000 0.015060
v -0.010796 0.075000 0.015330
v -0.010796 -0.075000 0.015330
v -0.010417 0.075000 0.015590
v -0.010417 -0.075000 0.015590
v -0.010031 0.075000 0.015841
v -0.010031 -0.075000 0.015841
v -0.009640 0.075000 0.016082
v -0.009640 -0.075000 0.016082
v -0.009241 0.075000 0.016314
v -0.009241 -0.075000 0.016314
v -0.008839 0.075000 0.016536
v -0.008839 -0.075000 0.016536
v -0.008430 0.075000 0.016748
v -0.008430 -0.075000 0.016748
v -0.008017 0.075000 0.016950
v -0.008017 -0.075000 0.016950
v -0.007598 0.075000 0.017141
v -0.007598 -0.075000 0.017141
v -0.007175 0.075000 0.017323
v -0.007175 -0.075000 0.017323
v -0.006748 0.075000 0.017494
v -0.006748 -0.075000 0.017494
v -0.006317 0.075000 0.017654
v -0.006317 -0.075000 0.017654
v -0.005881 0.075000 0.017804
v -0.005881 -0.075000 0.017804
v -0.005443 0.075000 0.017943
v -0.005443 -0.075000 0.017943
v -0.005001 0.075000 0.018071
v -0.005001 -0.075000 0.018071
v -0.004556 0.075000 0.018188
v -0.004556 -0.075000 0.018188
v -0.004108 0.075000 0.018295
v -0.004108 -0.075000 0.018295
v -0.003658 0.075000 0.018390
v -0.003658 -0.075000 0.018390
v -0.003206 0.075000 0.018474
v -0.003206 -0.075000 0.018474
v -0.002751 0.075000 0.018547
v -0.002751 -0.075000 0.018547
v -0.002295 0.075000 0.018609
v -0.002295 -0.075000 0.018609
v -0.001838 0.075000 0.018660
v -0.001838 -0.075000 0.018660
v -0.001379 0.075000 0.018699
v -0.001379 -0.075000 0.018699
v -0.000920 0.075000 0.018727
v -0.000920 -0.075000 0.018727
v -0.000461 0.075000 0.018744
v -0.000461 -0.075000 0.018744
v 0.000000 0.075000 0.018750
v 0.000000 -0.075000 0.018750
v 0.000461 0.075000 0.018744
v 0.000461 -0.075000 0.018744
v 0.000920 0.075000 0.018727
v 0.000920 -0.075000 0.018727
v 0.001379 0.075000 0.018699
v 0.001379 -0.075000 0.018699
v 0.001838 0.075000 0.018660
v 0.001838 -0.075000 0.018660
v 0.002295 0.075000 0.018609
v 0.002295 -0.075000 0.018609
v 0.002751 0.075000 0.018547
v 0.002751 -0.075000 0.018547
v 0.003206 0.075000 0.018474
v 0.003206 -0.075000 0.018474
v 0.003658 0.075000 0.018390
v 0.003658 -0.075000 0.018390
v 0.004108 0.075000 0.018295
v 0.004108 -0.075000 0.018295
v 0.004556 0.075000 0.018188
v 0.004556 -0.075000 0.018188
v 0.005001 0.075000 0.018071
v 0.005001 -0.075000 0.018071
v 0.005443 0.075000 0.017943
v 0.005443 -0.075000 0.017943
v 0.005881 0.075000 0.017804
v 0.005881 -0.075000 0.017804
v 0.006317 0.075000 0.017654
v 0.006317 -0.075000 0.017654
v 0.006748 0.075000 0.017494
v 0.006748 -0.075000 0.017494
v 0.007175 0.075000 0.017323
v 0.007175 -0.075000 0.017323
v 0.007598 0.075000 0.017141
v 0.007598 -0.075000 0.017141
v 0.008017 0.075000 0.016950
v 0.008017 -0.075000 0.016950
v 0.008430 0.075000 0.016748
v 0.008430 -0.075000 0.016748
v 0.008839 0.075000 0.016536
v 0.008839 -0.075000 0.016536
v 0.009241 0.075000 0.016314
v 0.009241 -0.075000 0.016314
v 0.009640 0.075000 0.016082
v 0.009640 -0.075000 0.016082
v 0.010031 0.075000 0.015841
v 0.010031 -0.075000 0.015841
v 0.010417 0.075000 0.015590
v 0.010417 -0.075000 0.015590
v 0.010796 0.075000 0.015330
v 0.010796 -0.075000 0.015330
v 0.011169 0.075000 0.015060
v 0.011169 -0.075000 0.015060
v 0.011536 0.075000 0.014782
v 0.011536 -0.075000 0.014782
v 0.011895 0.075000 0.014494
v 0.011895 -0.075000 0.014494
v 0.012247 0.075000 0.014197
v 0.012247 -0.075000 0.014197
v 0.012592 0.075000 0.013893
v 0.012592 -0.075000 0.013893
v 0.012929 0.075000 0.013580
v 0.012929 -0.075000 0.013580
v 0.013259 0.075000 0.013259
v 0.013259 -0.075000 0.013259
v 0.013580 0.075000 0.012929
v 0.013580 -0.075000 0.012929
v 0.013893 0.075000 0.012592
v 0.013893 -0.075000 0.012592
v 0.014197 0.075000 0.012247
v 0.014197 -0.075000 0.012247
v 0.014494 0.075000 0.011895
v 0.014494 -0.075000 0.011895
v 0.014782 0.075000 0.011536
v 0.014782 -0.075000 0.011536
v 0.015060 0.075000 0.011169
v 0.015060 -0.075000 0.011169
v 0.015330 0.075000 0.010796
v 0.015330 -0.075000 0.010796
v 0.015590 0.075000 0.010417
v 0.015590 -0.075000 0.010417
v 0.015841 0.075000 0.010031
v 0.015841 -0.075000 0.010031
v 0.016082 0.075000 0.009640
v 0.016082 -0.075000 0.009640
v 0.016314 0.075000 0.009241
v 0.016314 -0.075000 0.009241
v 0.016536 0.075000 0.008839
v 0.016536 -0.075000 0.008839
v 0.016748 0.075000 0.008430
v 0.016748 -0.075000 0.008430
v 0.016950 0.075000 0.008017
v 0.016950 -0.075000 0.008017
v 0.017141 0.075000 0.007598
v 0.017141 -0.075000 0.007598
v 0.017323 0.075000 0.007175
v 0.017323 -0.075000 0.007175
v 0.017494 0.075000 0.006748
v 0.017494 -0.075000 0.006748
v 0.017654 0.075000 0.006317
v 0.017654 -0.075000 0.006317
v 0.017804 0.075000 0.005881
v 0.017804 -0.075000 0.005881
v 0.017943 0.075000 0.005443
v 0.017943 -0.075000 0.005443
v 0.018071 0.075000 0.005001
v 0.018071 -0.075000 0.005001
v 0.018188 0.075000 0.004556
v 0.018188 -0.075000 0.004556
v 0.018295 0.075000 0.004108
v 0.018295 -0.075000 0.004108
v 0.018390 0.075000 0.003658
v 0.018390 -0.075000 0.003658
v 0.018474 0.075000 0.003206
v 0.018474 -0.075000 0.003206
v 0.018547 0.075000 0.002751
v 0.018547 -0.075000 0.002751
v 0.018609 0.075000 0.002295
v 0.018609 -0.075000 0.002295
v 0.018660 0.075000 0.001838
v 0.018660 -0.075000 0.001838
v 0.018699 0.075000 0.001379
v 0.018699 -0.075000 0.001379
v 0.018727 0.075000 0.000920
v 0.018727 -0.075000 0.000920
v 0.018744 0.075000 0.000461
v 0.018744 -0.075000 0.000461
v 0.002746 0.053504 -0.013259
v 0.062408 -0.006158 -0.013259
v 0.002513 0.053271 -0.013580
v 0.062175 -0.006391 -0.013580
v 0.002275 0.053033 -0.013893
v 0.061936 -0.006629 -0.013893
v 0.002031 0.052789 -0.014197
v 0.061693 -0.006873 -0.014197
v 0.001782 0.052540 -0.014494
v 0.061444 -0.007122 -0.014494
v 0.001528 0.052286 -0.014782
v 0.061190 -0.007376 -0.014782
v 0.001269 0.052027 -0.015060
v 0.060931 -0.007635 -0.015060
v 0.001005 0.051763 -0.015330
v 0.060667 -0.007899 -0.015330
v 0.000737 0.051495 -0.015590
v 0.060399 -0.008167 -0.015590
v 0.000464 0.051222 -0.015841
v 0.060126 -0.008440 -0.015841
v 0.000187 0.050945 -0.016082
v 0.059849 -0.008717 -0.016082
v -0.000094 0.050664 -0.016314
v 0.059568 -0.008998 -0.016314
v -0.000380 0.050379 -0.016536
v 0.059283 -0.009283 -0.016536
v -0.000668 0.050090 -0.016748
v 0.058994 -0.009572 -0.016748
v -0.000961 0.049798 -0.016950
v 0.058702 -0.009865 -0.016950
v -0.001256 0.049502 -0.017141
v 0.058405 -0.010160 -0.017141
v -0.001555 0.049203 -0.017323
v 0.058107 -0.010459 -0.017323
v -0.001858 0.048901 -0.017494
v 0.057805 -0.010762 -0.017494
v -0.002162 0.048595 -0.017654
v 0.057499 -0.011066 -0.017654
v -0.002470 0.048288 -0.017804
v 0.057192 -0.011375 -0.017804
v -0.002780 0.047977 -0.017943
v 0.056882 -0.011684 -0.017943
v -0.003093 0.047665 -0.018071
v 0.056569 -0.011997 -0.018071
v -0.003408 0.047350 -0.018188
v 0.056254 -0.012311 -0.018188
v -0.003725 0.047034 -0.018295
v 0.055938 -0.012628 -0.018295
v -0.004043 0.046716 -0.018390
v 0.055619 -0.012947 -0.018390
v -0.004363 0.046396 -0.018474
v 0.055300 -0.013266 -0.018474
v -0.004684 0.046075 -0.018547
v 0.054979 -0.013588 -0.018547
v -0.005006 0.045752 -0.018609
v 0.054656 -0.013910 -0.018609
v -0.005329 0.045429 -0.018660
v 0.054332 -0.014233 -0.018660
v -0.005654 0.045104 -0.018699
v 0.054008 -0.014557 -0.018699
v -0.005978 0.044779 -0.018727
v 0.053684 -0.014882 -0.018727
v -0.006304 0.044455 -0.018744
v 0.053359 -0.015208 -0.018744
v -0.006629 0.044129 -0.018750
v 0.053033 -0.015533 -0.018750
v -0.006955 0.043804 -0.018744
v 0.052708 -0.015859 -0.018744
v -0.007279 0.043478 -0.018727
v 0.052382 -0.016184 -0.018727
v -0.007604 0.043153 -0.018699
v 0.052058 -0.016508 -0.018699
v -0.007929 0.042829 -0.018660
v 0.051733 -0.016832 -0.018660
v -0.008252 0.042506 -0.018609
v 0.051410 -0.017156 -0.018609
v -0.008575 0.042184 -0.018547
v 0.051088 -0.017479 -0.018547
v -0.008896 0.041863 -0.018474
v 0.050766 -0.017800 -0.018474
v -0.009216 0.041543 -0.018390
v 0.050447 -0.018119 -0.018390
v -0.009534 0.041224 -0.018295
v 0.050128 -0.018438 -0.018295
v -0.009851 0.040908 -0.018188
v 0.049811 -0.018755 -0.018188
v -0.010166 0.040593 -0.018071
v 0.049497 -0.019070 -0.018071
v -0.010478 0.040280 -0.017943
v 0.049184 -0.019382 -0.017943
v -0.010788 0.039970 -0.017804
v 0.048874 -0.019692 -0.017804
v -0.011096 0.039662 -0.017654
v 0.048566 -0.020000 -0.017654
v -0.011401 0.039358 -0.017494
v 0.048262 -0.020305 -0.017494
v -0.011703 0.039056 -0.017323
v 0.047959 -0.020607 -0.017323
v -0.012002 0.038756 -0.017141
v 0.047660 -0.020906 -0.017141
v -0.012298 0.038461 -0.016950
v 0.047364 -0.021202 -0.016950
v -0.012590 0.038168 -0.016748
v 0.047072 -0.021494 -0.016748
v -0.012879 0.037880 -0.016536
v 0.046783 -0.021783 -0.016536
v -0.013164 0.037595 -0.016314
v 0.046498 -0.022068 -0.016314
v -0.013445 0.037313 -0.016082
v 0.046217 -0.022349 -0.016082
v -0.013722 0.037036 -0.015841
v 0.045940 -0.022626 -0.015841
v -0.013995 0.036764 -0.015590
v 0.045667 -0.022899 -0.015590
v -0.014263 0.036495 -0.015330
v 0.045399 -0.023167 -0.015330
v -0.014527 0.036231 -0.015060
v 0.045135 -0.023431 -0.015060
v -0.014786 0.035972 -0.014782
v 0.044876 -0.023690 -0.014782
v -0.015040 0.035718 -0.014494
v 0.044622 -0.023944 -0.014494
v -0.015289 0.035469 -0.014197
v 0.044373 -0.024193 -0.014197
v -0.015533 0.035225 -0.013893
v 0.044129 -0.024436 -0.013893
v -0.015771 0.034987 -0.013580
v 0.043891 -0.024675 -0.013580
v -0.016004 0.034754 -0.013259
v 0.043658 -0.024908 -0.013259
v -0.016231 0.034527 -0.012929
v 0.043431 -0.025136 -0.012929
v -0.016453 0.034306 -0.012592
v 0.043209 -0.025357 -0.012592
v -0.016669 0.034090 -0.012247
v 0.042994 -0.025572 -0.012247
v -0.016878 0.033880 -0.011895
v 0.042785 -0.025782 -0.011895
v -0.017081 0.033677 -0.011536
v 0.042581 -0.025985 -0.011536
v -0.017278 0.033480 -0.011169
v 0.042384 -0.026183 -0.011169
v -0.017469 0.033289 -0.010796
v 0.042194 -0.026373 -0.010796
v -0.017653 0.033105 -0.010417
v 0.042009 -0.026557 -0.010417
v -0.017831 0.032928 -0.010031
v 0.041832 -0.026734 -0.010031
v -0.018001 0.032757 -0.009640
v 0.041661 -0.026905 -0.009640
v -0.018165 0.032593 -0.009241
v 0.041497 -0.027069 -0.009241
v -0.018322 0.032437 -0.008839
v 0.041340 -0.027226 -0.008839
v -0.018472 0.032287 -0.008430
v 0.041191 -0.027376 -0.008430
v -0.018614 0.032143 -0.008017
v 0.041048 -0.027518 -0.008017
v -0.018750 0.032008 -0.007598
v 0.040913 -0.027654 -0.007598
v -0.018878 0.031880 -0.007175
v 0.040784 -0.027782 -0.007175
v -0.018999 0.031760 -0.006748
v 0.040664 -0.027903 -0.006748
v -0.019112 0.031646 -0.006317
v 0.040549 -0.028016 -0.006317
v -0.019218 0.031540 -0.005881
v 0.040444 -0.028122 -0.005881
v -0.019316 0.031441 -0.005443
v 0.040346 -0.028220 -0.005443
v -0.019407 0.031351 -0.005001
v 0.040255 -0.028311 -0.005001
v -0.019490 0.031268 -0.004556
v 0.040172 -0.028394 -0.004556
v -0.019565 0.031193 -0.004108
v 0.040097 -0.028469 -0.004108
v -0.019633 0.031126 -0.003658
v 0.040030 -0.028537 -0.003658
v -0.019692 0.031066 -0.003206
v 0.039970 -0.028596 -0.003206
v -0.019744 0.031015 -0.002751
v 0.039918 -0.028648 -0.002751
v -0.019788 0.030971 -0.002295
v 0.039874 -0.028691 -0.002295
v -0.019823 0.030935 -0.001838
v 0.039839 -0.028727 -0.001838
v -0.019852 0.030907 -0.001379
v 0.039811 -0.028755 -0.001379
v -0.019871 0.030887 -0.000920
v 0.039790 -0.028775 -0.000920
v -0.019883 0.030875 -0.000461
v 0.039779 -0.028787 -0.000461
v -0.019888 0.030871 0.000000
v 0.039775 -0.028791 0.000000
v -0.019883 0.030875 0.000461
v 0.039779 -0.028787 0.000461
v -0.019871 0.030887 0.000920
v 0.039790 -0.028775 0.000920
v -0.019852 0.030907 0.001379
v 0.039811 -0.028755 0.001379
v -0.019823 0.030935 0.001838
v 0.039839 -0.028727 0.001838
v -0.019788 0.030971 0.002295
v 0.039874 -0.028691 0.002295
v -0.019744 0.031015 0.002751
v 0.039918 -0.028648 0.002751
v -0.019692 0.031066 0.003206
v 0.039970 -0.028596 0.003206
v -0.019633 0.031126 0.003658
v 0.040030 -0.028537 0.003658
v -0.019565 0.031193 0.004108
v 0.040097 -0.028469 0.004108
v -0.019490 0.031268 0.004556
v 0.040172 -0.028394 0.004556
v -0.019407 0.031351 0.005001
v 0.040255 -0.028311 0.005001
v -0.019316 0.031441 0.005443
v 0.040346 -0.028220 0.005443
v -0.019218 0.031540 0.005881
v 0.040444 -0.028122 0.005881
v -0.019112 0.031646 0.006317
v 0.040549 -0.028016 0.006317
v -0.018999 0.031760 0.006748
v 0.040664 -0.027903 0.006748
v -0.018878 0.031880 0.007175
v 0.040784 -0.027782 0.007175
v -0.018750 0.032008 0.007598
v 0.040913 -0.027654 0.007598
v -0.018614 0.032143 0.008017
v 0.041048 -0.027518 0.008017
v -0.018472 0.032287 0.008430
v 0.041191 -0.027376 0.008430
v -0.018322 0.032437 0.008839
v 0.041340 -0.027226 0.008839
v -0.018165 0.032593 0.009241
v 0.041497 -0.027069 0.009241
v -0.018001 0.032757 0.009640
v 0.041661 -0.026905 0.009640
v -0.017831 0.032928 0.010031
v 0.041832 -0.026734 0.010031
v -0.017653 0.033105 0.010417
v 0.042009 -0.026557 0.010417
v -0.017469 0.033289 0.010796
v 0.042194 -0.026373 0.010796
v -0.017278 0.033480 0.011169
v 0.042384 -0.026183 0.011169
v -0.017081 0.033677 0.011536
v 0.042581 -0.025985 0.011536
v -0.016878 0.033880 0.011895
v 0.042785 -0.025782 0.011895
v -0.016669 0.034090 0.012247
v 0.042994 -0.025572 0.012247
v -0.016453 0.034306 0.012592
v 0.043209 -0.025357 0.012592
v -0.016231 0.034527 0.012929
v 0.043431 -0.025136 0.012929
v -0.016004 0.034754 0.013259
v 0.043658 -0.024908 0.013259
v -0.015771 0.034987 0.013580
v 0.043891 -0.024675 0.013580
v -0.015533 0.035225 0.013893
v 0.044129 -0.024436 0.013893
v -0.015289 0.035469 0.014197
v 0.044373 -0.024193 0.014197
v -0.015040 0.035718 0.014494
v 0.044622 -0.023944 0.014494
v -0.014786 0.035972 0.014782
v 0.044876 -0.023690 0.014782
v -0.014527 0.036231 0.015060
v 0.045135 -0.023431 0.015060
v -0.014263 0.036495 0.015330
v 0.045399 -0.023167 0.015330
v -0.013995 0.036764 0.015590
v 0.045667 -0.022899 0.015590
v -0.013722 0.037036 0.015841
v 0.045940 -0.022626 0.015841
v -0.013445 0.037313 0.016082
v 0.046217 -0.022349 0.016082
v -0.013164 0.037595 0.016314
v 0.046498 -0.022068 0.016314
v -0.012879 0.037880 0.016536
v 0.046783 -0.021783 0.016536
v -0.012590 0.038168 0.016748
v 0.047072 -0.021494 0.016748
v -0.012298 0.038461 0.016950
v 0.047364 -0.021202 0.016950
v -0.012002 0.038756 0.017141
v 0.047660 -0.020906 0.017141
v -0.011703 0.039056 0.017323
v 0.047959 -0.020607 0.017323
v -0.011401 0.039358 0.017494
v 0.048262 -0.020305 0.017494
v -0.011096 0.039662 0.017654
v 0.048566 -0.020000 0.017654
v -0.010788 0.039970 0.017804
v 0.048874 -0.019692 0.017804
v -0.010478 0.040280 0.017943
v 0.049184 -0.019382 0.017943
v -0.010166 0.040593 0.018071
v 0.049497 -0.019070 0.018071
v -0.009851 0.040908 0.018188
v 0.049811 -0.018755 0.018188
v -0.009534 0.041224 0.018295
v 0.050128 -0.018438 0.018295
v -0.009216 0.041543 0.018390
v 0.050447 -0.018119 0.018390
v -0.008896 0.041863 0.018474
v 0.050766 -0.017800 0.018474
v -0.008575 0.042184 0.018547
v 0.051088 -0.017479 0.018547
v -0.008252 0.042506 0.018609
v 0.051410 -0.017156 0.018609
v -0.007929 0.042829 0.018660
v 0.051733 -0.016832 0.018660
v -0.007604 0.043153 0.018699
v 0.052058 -0.016508 0.018699
v -0.007279 0.043478 0.018727
v 0.052382 -0.016184 0.018727
v -0.006955 0.043804 0.018744
v 0.052708 -0.015859 0.018744
v -0.006629 0.044129 0.018750
v 0.053033 -0.015533 0.018750
v -0.006304 0.044455 0.018744
v 0.053359 -0.015208 0.018744
v -0.005978 0.044779 0.018727
v 0.053684 -0.014882 0.018727
v -0.005654 0.045104 0.018699
v 0.054008 -0.014557 0.018699
v -0.005329 0.045429 0.018660
v 0.054332 -0.014233 0.018660
v -0.005006 0.045752 0.018609
v 0.054656 -0.013910 0.018609
v -0.004684 0.046075 0.018547
v 0.054979 -0.013588 0.018547
v -0.004363 0.046396 0.018474
v 0.055300 -0.013266 0.018474
v -0.004043 0.046716 0.018390
v 0.055619 -0.012947 0.018390
v -0.003725 0.047034 0.018295
v 0.055938 -0.012628 0.018295
v -0.003408 0.047350 0.018188
v 0.056254 -0.012311 0.018188
v -0.003093 0.047665 0.018071
v 0.056569 -0.011997 0.018071
v -0.002780 0.047977 0.017943
v 0.056882 -0.011684 0.017943
v -0.002470 0.048288 0.017804
v 0.057192 -0.011375 0.017804
v -0.002162 0.048595 0.017654
v 0.057499 -0.011066 0.017654
v -0.001858 0.048901 0.017494
v 0.057805 -0.010762 0.017494
v -0.001555 0.049203 0.017323
v 0.058107 -0.010459 0.017323
v -0.001256 0.049502 0.017141
v 0.058405 -0.010160 0.017141
v -0.000961 0.049798 0.016950
v 0.058702 -0.009865 0.016950
v -0.000668 0.050090 0.016748
v 0.058994 -0.009572 0.016748
v -0.000380 0.050379 0.016536
v 0.059283 -0.009283 0.016536
v -0.000094 0.050664 0.016314
v 0.059568 -0.008998 0.016314
v 0.000187 0.050945 0.016082
v 0.059849 -0.008717 0.016082
v 0.000464 0.051222 0.015841
v 0.060126 -0.008440 0.015841
v 0.000737 0.051495 0.015590
v 0.060399 -0.008167 0.015590
v 0.001005 0.051763 0.015330
v 0.060667 -0.007899 0.015330
v 0.001269 0.052027 0.015060
v 0.060931 -0.007635 0.015060
v 0.001528 0.052286 0.014782
v 0.061190 -0.007376 0.014782
v 0.001782 0.052540 0.014494
v 0.061444 -0.007122 0.014494
v 0.002031 0.052789 0.014197
v 0.061693 -0.006873 0.014197
v 0.002275 0.053033 0.013893
v 0.061936 -0.006629 0.013893
v 0.002513 0.053271 0.013580
v 0.062175 -0.006391 0.013580
v 0.002746 0.053504 0.013259
v 0.062408 -0.006158 0.013259
v 0.002973 0.053731 0.012929
v 0.062635 -0.005931 0.012929
v 0.003194 0.053953 0.012592
v 0.062857 -0.005709 0.012592
v 0.003410 0.054169 0.012247
v 0.063072 -0.005494 0.012247
v 0.003619 0.054378 0.011895
v 0.063282 -0.005285 0.011895
v 0.003823 0.054581 0.011536
v 0.063485 -0.005081 0.011536
v 0.004020 0.054778 0.011169
v 0.063682 -0.004884 0.011169
v 0.004211 0.054969 0.010796
v 0.063873 -0.004694 0.010796
v 0.004395 0.055153 0.010417
v 0.064057 -0.004509 0.010417
v 0.004572 0.055331 0.010031
v 0.064235 -0.004332 0.010031
v 0.004743 0.055501 0.009640
v 0.064405 -0.004161 0.009640
v 0.004906 0.055665 0.009241
v 0.064569 -0.003998 0.009241
v 0.005063 0.055822 0.008839
v 0.064726 -0.003840 0.008839
v 0.005213 0.055972 0.008430
v 0.064876 -0.003691 0.008430
v 0.005356 0.056114 0.008017
v 0.065018 -0.003548 0.008017
v 0.005491 0.056250 0.007598
v 0.065154 -0.003413 0.007598
v 0.005620 0.056378 0.007175
v 0.065282 -0.003284 0.007175
v 0.005741 0.056499 0.006748
v 0.065403 -0.003163 0.006748
v 0.005854 0.056612 0.006317
v 0.065516 -0.003050 0.006317
v 0.005960 0.056718 0.005881
v 0.065622 -0.002944 0.005881
v 0.006058 0.056816 0.005443
v 0.065720 -0.002846 0.005443
v 0.006148 0.056907 0.005001
v 0.065811 -0.002755 0.005001
v 0.006232 0.056990 0.004556
v 0.065894 -0.002672 0.004556
v 0.006307 0.057065 0.004108
v 0.065969 -0.002597 0.004108
v 0.006374 0.057133 0.003658
v 0.066037 -0.002530 0.003658
v 0.006434 0.057192 0.003206
v 0.066096 -0.002470 0.003206
v 0.006486 0.057244 0.002751
v 0.066148 -0.002418 0.002751
v 0.006529 0.057288 0.002295
v 0.066191 -0.002375 0.002295
v 0.006566 0.057323 0.001838
v 0.066227 -0.002338 0.001838
v 0.006593 0.057352 0.001379
v 0.066255 -0.002311 0.001379
v 0.006613 0.057371 0.000920
v 0.066275 -0.002290 0.000920
v 0.006625 0.057383 0.000461
v 0.066287 -0.002279 0.000461
v 0.006629 0.057388 0.000000
v 0.066291 -0.002275 0.000000
v 0.006625 0.057383 -0.000461
v 0.066287 -0.002279 -0.000461
v 0.006613 0.057371 -0.000920
v 0.066275 -0.002290 -0.000920
v 0.006593 0.057352 -0.001379
v 0.066255 -0.002311 -0.001379
v 0.006566 0.057323 -0.001838
v 0.066227 -0.002338 -0.001838
v 0.006529 0.057288 -0.002295
v 0.066191 -0.002375 -0.002295
v 0.006486 0.057244 -0.002751
v 0.066148 -0.002418 -0.002751
v 0.006434 0.057192 -0.003206
v 0.066096 -0.002470 -0.003206
v 0.006374 0.057133 -0.003658
v 0.066037 -0.002530 -0.003658
v 0.006307 0.057065 -0.004108
v 0.065969 -0.002597 -0.004108
v 0.006232 0.056990 -0.004556
v 0.065894 -0.002672 -0.004556
v 0.006148 0.056907 -0.005001
v 0.065811 -0.002755 -0.005001
v 0.006058 0.056816 -0.005443
v 0.065720 -0.002846 -0.005443
v 0.005960 0.056718 -0.005881
v 0.065622 -0.002944 -0.005881
v 0.005854 0.056612 -0.006317
v 0.065516 -0.003050 -0.006317
v 0.005741 0.056499 -0.006748
v 0.065403 -0.003163 -0.006748
v 0.005620 0.056378 -0.007175
v 0.065282 -0.003284 -0.007175
v 0.005491 0.056250 -0.007598
v 0.065154 -0.003413 -0.007598
v 0.005356 0.056114 -0.008017
v 0.065018 -0.003548 -0.008017
v 0.005213 0.055972 -0.008430
v 0.064876 -0.003691 -0.008430
v 0.005063 0.055822 -0.008839
v 0.064726 -0.003840 -0.008839
v 0.004906 0.055665 -0.009241
v 0.064569 -0.003998 -0.009241
v 0.004743 0.055501 -0.009640
v 0.064405 -0.004161 -0.009640
v 0.004572 0.055331 -0.010031
v 0.064235 -0.004332 -0.010031
v 0.004395 0.055153 -0.010417
v 0.064057 -0.004509 -0.010417
v 0.004211 0.054969 -0.010796
v 0.063873 -0.004694 -0.010796
v 0.004020 0.054778 -0.011169
v 0.063682 -0.004884 -0.011169
v 0.003823 0.054581 -0.011536
v 0.063485 -0.005081 -0.011536
v 0.003619 0.054378 -0.011895
v 0.063282 -0.005285 -0.011895
v 0.003410 0.054169 -0.012247
v 0.063072 -0.005494 -0.012247
v 0.003194 0.053953 -0.012592
v 0.062857 -0.005709 -0.012592
v 0.002973 0.053731 -0.012929
v 0.062635 -0.005931 -0.012929
v 0.017959 0.051370 0.010754
v -0.008928 0.012972 0.010754
v 0.018171 0.051221 0.010375
v -0.008715 0.012823 0.010375
v 0.018376 0.051078 0.009988
v -0.008510 0.012680 0.009988
v 0.018573 0.050940 0.009596
v -0.008314 0.012542 0.009596
v 0.018762 0.050808 0.009197
v -0.008125 0.012410 0.009197
v 0.018943 0.050681 0.008794
v -0.007944 0.012284 0.008794
v 0.019115 0.050561 0.008384
v -0.007772 0.012163 0.008384
v 0.019280 0.050445 0.007970
v -0.007607 0.012047 0.007970
v 0.019436 0.050336 0.007552
v -0.007450 0.011938 0.007552
v 0.019583 0.050233 0.007128
v -0.007304 0.011835 0.007128
v 0.019722 0.050135 0.006700
v -0.007164 0.011738 0.006700
v 0.019853 0.050044 0.006268
v -0.007033 0.011646 0.006268
v 0.019974 0.049959 0.005833
v -0.006912 0.011561 0.005833
v 0.020087 0.049879 0.005394
v -0.006799 0.011482 0.005394
v 0.020191 0.049807 0.004951
v -0.006695 0.011409 0.004951
v 0.020286 0.049740 0.004506
v -0.006600 0.011342 0.004506
v 0.020372 0.049680 0.004058
v -0.006514 0.011282 0.004058
v 0.020450 0.049626 0.003607
v -0.006437 0.011228 0.003607
v 0.020517 0.049578 0.003155
v -0.006369 0.011180 0.003155
v 0.020576 0.049538 0.002701
v -0.006311 0.011139 0.002701
v 0.020626 0.049502 0.002245
v -0.006260 0.011104 0.002245
v 0.020666 0.049474 0.001787
v -0.006220 0.011076 0.001787
v 0.020698 0.049452 0.001328
v -0.006188 0.011054 0.001328
v 0.020720 0.049436 0.000869
v -0.006167 0.011038 0.000869
v 0.020733 0.049427 0.000409
v -0.006154 0.011029 0.000409
v 0.020736 0.049425 -0.000051
v -0.006150 0.011027 -0.000051
v 0.020731 0.049429 -0.000511
v -0.006156 0.011031 -0.000511
v 0.020716 0.049439 -0.000971
v -0.006171 0.011041 -0.000971
v 0.020692 0.049456 -0.001430
v -0.006195 0.011059 -0.001430
v 0.020658 0.049480 -0.001889
v -0.006228 0.011082 -0.001889
v 0.020616 0.049510 -0.002346
v -0.006271 0.011112 -0.002346
v 0.020564 0.049546 -0.002802
v -0.006323 0.011148 -0.002802
v 0.020503 0.049589 -0.003256
v -0.006383 0.011191 -0.003256
v 0.020433 0.049637 -0.003708
v -0.006453 0.011239 -0.003708
v 0.020354 0.049693 -0.004158
v -0.006532 0.011295 -0.004158
v 0.020266 0.049754 -0.004606
v -0.006620 0.011356 -0.004606
v 0.020169 0.049823 -0.005050
v -0.006718 0.011425 -0.005050
v 0.020063 0.049897 -0.005491
v -0.006823 0.011499 -0.005491
v 0.019948 0.049977 -0.005930
v -0.006938 0.011579 -0.005930
v 0.019825 0.050063 -0.006365
v -0.007062 0.011665 -0.006365
v 0.019692 0.050156 -0.006796
v -0.007194 0.011758 -0.006796
v 0.019551 0.050255 -0.007223
v -0.007335 0.011858 -0.007223
v 0.019402 0.050360 -0.007645
v -0.007485 0.011962 -0.007645
v 0.019244 0.050470 -0.008063
v -0.007643 0.012072 -0.008063
v 0.019078 0.050587 -0.008476
v -0.007809 0.012189 -0.008476
v 0.018903 0.050709 -0.008884
v -0.007984 0.012311 -0.008884
v 0.018720 0.050836 -0.009286
v -0.008166 0.012439 -0.009286
v 0.018530 0.050970 -0.009683
v -0.008356 0.012572 -0.009683
v 0.018331 0.051110 -0.010074
v -0.008555 0.012712 -0.010074
v 0.018124 0.051253 -0.010459
v -0.008762 0.012856 -0.010459
v 0.017911 0.051404 -0.010838
v -0.008976 0.013006 -0.010838
v 0.017689 0.051559 -0.011210
v -0.009197 0.013161 -0.011210
v 0.017460 0.051719 -0.011575
v -0.009427 0.013322 -0.011575
v 0.017224 0.051885 -0.011934
v -0.009663 0.013487 -0.011934
v 0.016980 0.052055 -0.012286
v -0.009907 0.013657 -0.012286
v 0.016730 0.052231 -0.012629
v -0.010157 0.013833 -0.012629
v 0.016472 0.052411 -0.012966
v -0.010414 0.014013 -0.012966
v 0.016208 0.052596 -0.013295
v -0.010678 0.014198 -0.013295
v 0.015937 0.052785 -0.013615
v -0.010948 0.014387 -0.013615
v 0.015661 0.052979 -0.013927
v -0.011226 0.014581 -0.013927
v 0.015378 0.053177 -0.014231
v -0.011509 0.014779 -0.014231
v 0.015089 0.053380 -0.014526
v -0.011797 0.014982 -0.014526
v 0.014794 0.053586 -0.014813
v -0.012093 0.015188 -0.014813
v 0.014493 0.053797 -0.015091
v -0.012394 0.015399 -0.015091
v 0.014187 0.054011 -0.015359
v -0.012700 0.015614 -0.015359
v 0.013876 0.054229 -0.015619
v -0.013011 0.015831 -0.015619
v 0.013559 0.054451 -0.015868
v -0.013327 0.016053 -0.015868
v 0.013238 0.054676 -0.016108
v -0.013649 0.016278 -0.016108
v 0.012911 0.054904 -0.016339
v -0.013975 0.016507 -0.016339
v 0.012581 0.055135 -0.016560
v -0.014306 0.016738 -0.016560
v 0.012245 0.055370 -0.016771
v -0.014641 0.016973 -0.016771
v 0.011906 0.055608 -0.016972
v -0.014981 0.017210 -0.016972
v 0.011563 0.055848 -0.017162
v -0.015323 0.017450 -0.017162
v 0.011216 0.056091 -0.017342
v -0.015671 0.017693 -0.017342
v 0.010866 0.056336 -0.017512
v -0.016021 0.017938 -0.017512
v 0.010512 0.056584 -0.017671
v -0.016374 0.018186 -0.017671
v 0.010155 0.056834 -0.017819
v -0.016731 0.018437 -0.017820
v 0.009796 0.057085 -0.017957
v -0.017091 0.018688 -0.017957
v 0.009434 0.057340 -0.018084
v -0.017453 0.018942 -0.018085
v 0.009068 0.057595 -0.018200
v -0.017818 0.019197 -0.018200
v 0.008702 0.057852 -0.018305
v -0.018184 0.019454 -0.018305
v 0.008333 0.058110 -0.018400
v -0.018554 0.019712 -0.018400
v 0.007962 0.058370 -0.018482
v -0.018925 0.019972 -0.018483
v 0.007589 0.058631 -0.018554
v -0.019297 0.020233 -0.018554
v 0.007216 0.058892 -0.018615
v -0.019670 0.020495 -0.018615
v 0.006841 0.059155 -0.018665
v -0.020045 0.020757 -0.018665
v 0.006466 0.059418 -0.018703
v -0.020421 0.021020 -0.018703
v 0.006089 0.059681 -0.018730
v -0.020797 0.021283 -0.018730
v 0.005712 0.059945 -0.018746
v -0.021174 0.021548 -0.018746
v 0.005335 0.060209 -0.018750
v -0.021551 0.021812 -0.018750
v 0.004958 0.060472 -0.018743
v -0.021928 0.022075 -0.018743
v 0.004582 0.060736 -0.018724
v -0.022304 0.022339 -0.018724
v 0.004206 0.061000 -0.018695
v -0.022681 0.022602 -0.018695
v 0.003830 0.061263 -0.018655
v -0.023056 0.022865 -0.018655
v 0.003455 0.061526 -0.018603
v -0.023431 0.023127 -0.018603
v 0.003083 0.061787 -0.018539
v -0.023804 0.023389 -0.018539
v 0.002711 0.062047 -0.018465
v -0.024176 0.023649 -0.018465
v 0.002340 0.062306 -0.018380
v -0.024547 0.023908 -0.018380
v 0.001971 0.062564 -0.018283
v -0.024915 0.024166 -0.018283
v 0.001605 0.062822 -0.018176
v -0.025282 0.024424 -0.018176
v 0.001241 0.063076 -0.018057
v -0.025646 0.024679 -0.018057
v 0.000879 0.063329 -0.017928
v -0.026008 0.024931 -0.017928
v 0.000520 0.063581 -0.017788
v -0.026367 0.025184 -0.017788
v 0.000163 0.063830 -0.017637
v -0.026722 0.025432 -0.017637
v -0.000190 0.064078 -0.017475
v -0.027076 0.025680 -0.017475
v -0.000539 0.064322 -0.017303
v -0.027425 0.025925 -0.017303
v -0.000885 0.064564 -0.017121
v -0.027772 0.026167 -0.017121
v -0.001228 0.064805 -0.016927
v -0.028114 0.026407 -0.016928
v -0.001566 0.065041 -0.016725
v -0.028452 0.026643 -0.016725
v -0.001900 0.065275 -0.016512
v -0.028787 0.026877 -0.016512
v -0.002230 0.065506 -0.016289
v -0.029116 0.027108 -0.016289
v -0.002555 0.065734 -0.016056
v -0.029441 0.027336 -0.016056
v -0.002876 0.065958 -0.015814
v -0.029762 0.027560 -0.015814
v -0.003190 0.066179 -0.015562
v -0.030077 0.027781 -0.015562
v -0.003501 0.066396 -0.015300
v -0.030387 0.027998 -0.015300
v -0.003805 0.066610 -0.015029
v -0.030692 0.028212 -0.015030
v -0.004105 0.066819 -0.014750
v -0.030992 0.028421 -0.014750
v -0.004399 0.067024 -0.014462
v -0.031286 0.028627 -0.014462
v -0.004687 0.067226 -0.014164
v -0.031573 0.028828 -0.014164
v -0.004968 0.067424 -0.013859
v -0.031855 0.029026 -0.013859
v -0.005244 0.067616 -0.013544
v -0.032130 0.029218 -0.013544
v -0.005513 0.067805 -0.013222
v -0.032399 0.029407 -0.013222
v -0.005775 0.067989 -0.012892
v -0.032662 0.029591 -0.012892
v -0.006032 0.068168 -0.012554
v -0.032917 0.029770 -0.012554
v -0.006280 0.068342 -0.012209
v -0.033167 0.029944 -0.012209
v -0.006522 0.068512 -0.011855
v -0.033409 0.030114 -0.011855
v -0.006757 0.068676 -0.011495
v -0.033643 0.030278 -0.011495
v -0.006984 0.068835 -0.011129
v -0.033871 0.030437 -0.011129
v -0.007205 0.068990 -0.010754
v -0.034091 0.030592 -0.010754
v -0.007417 0.069138 -0.010375
v -0.034303 0.030740 -0.010375
v -0.007621 0.069281 -0.009988
v -0.034507 0.030883 -0.009988
v -0.007818 0.069419 -0.009596
v -0.034705 0.031021 -0.009596
v -0.008007 0.069551 -0.009197
v -0.034894 0.031154 -0.009197
v -0.008188 0.069678 -0.008794
v -0.035075 0.031280 -0.008794
v -0.008360 0.069799 -0.008384
v -0.035247 0.031401 -0.008384
v -0.008525 0.069914 -0.007970
v -0.035411 0.031516 -0.007970
v -0.008681 0.070023 -0.007552
v -0.035567 0.031625 -0.007552
v -0.008829 0.070127 -0.007128
v -0.035715 0.031729 -0.007128
v -0.008968 0.070224 -0.006700
v -0.035854 0.031826 -0.006700
v -0.009098 0.070316 -0.006268
v -0.035984 0.031918 -0.006268
v -0.009220 0.070400 -0.005833
v -0.036106 0.032003 -0.005833
v -0.009332 0.070480 -0.005394
v -0.036219 0.032082 -0.005394
v -0.009437 0.070552 -0.004951
v -0.036323 0.032155 -0.004951
v -0.009532 0.070619 -0.004506
v -0.036418 0.032221 -0.004506
v -0.009618 0.070679 -0.004058
v -0.036504 0.032281 -0.004058
v -0.009694 0.070733 -0.003607
v -0.036581 0.032335 -0.003607
v -0.009763 0.070781 -0.003155
v -0.036649 0.032383 -0.003155
v -0.009822 0.070822 -0.002701
v -0.036708 0.032424 -0.002701
v -0.009871 0.070857 -0.002245
v -0.036757 0.032459 -0.002245
v -0.009912 0.070885 -0.001787
v -0.036798 0.032488 -0.001787
v -0.009944 0.070907 -0.001328
v -0.036830 0.032509 -0.001328
v -0.009965 0.070922 -0.000869
v -0.036852 0.032525 -0.000869
v -0.009978 0.070931 -0.000409
v -0.036865 0.032534 -0.000409
v -0.009982 0.070934 0.000051
v -0.036868 0.032536 0.000051
v -0.009976 0.070930 0.000511
v -0.036863 0.032532 0.000511
v -0.009961 0.070920 0.000971
v -0.036848 0.032522 0.000971
v -0.009937 0.070903 0.001430
v -0.036823 0.032505 0.001430
v -0.009904 0.070880 0.001889
v -0.036790 0.032482 0.001889
v -0.009861 0.070850 0.002346
v -0.036748 0.032452 0.002346
v -0.009809 0.070813 0.002802
v -0.036696 0.032416 0.002802
v -0.009748 0.070771 0.003256
v -0.036635 0.032373 0.003256
v -0.009679 0.070722 0.003708
v -0.036565 0.032324 0.003708
v -0.009599 0.070666 0.004158
v -0.036486 0.032269 0.004158
v -0.009512 0.070605 0.004606
v -0.036398 0.032207 0.004606
v -0.009414 0.070537 0.005050
v -0.036301 0.032139 0.005050
v -0.009308 0.070463 0.005491
v -0.036195 0.032065 0.005491
v -0.009193 0.070382 0.005930
v -0.036079 0.031985 0.005930
v -0.009070 0.070295 0.006365
v -0.035957 0.031898 0.006365
v -0.008938 0.070203 0.006796
v -0.035824 0.031805 0.006796
v -0.008797 0.070104 0.007223
v -0.035683 0.031706 0.007223
v -0.008647 0.070000 0.007645
v -0.035533 0.031602 0.007645
v -0.008489 0.069889 0.008063
v -0.035375 0.031491 0.008063
v -0.008323 0.069772 0.008476
v -0.035209 0.031375 0.008476
v -0.008149 0.069650 0.008884
v -0.035035 0.031252 0.008884
v -0.007966 0.069523 0.009286
v -0.034853 0.031125 0.009286
v -0.007775 0.069389 0.009683
v -0.034661 0.030992 0.009683
v -0.007577 0.069250 0.010074
v -0.034463 0.030852 0.010074
v -0.007370 0.069105 0.010459
v -0.034256 0.030707 0.010459
v -0.007156 0.068956 0.010838
v -0.034042 0.030558 0.010838
v -0.006935 0.068801 0.011210
v -0.033820 0.030403 0.011210
v -0.006705 0.068640 0.011575
v -0.033592 0.030242 0.011575
v -0.006469 0.068474 0.011934
v -0.033355 0.030077 0.011934
v -0.006225 0.068304 0.012286
v -0.033112 0.029906 0.012286
v -0.005975 0.068128 0.012629
v -0.032861 0.029731 0.012629
v -0.005717 0.067949 0.012966
v -0.032604 0.029551 0.012966
v -0.005453 0.067763 0.013295
v -0.032340 0.029366 0.013295
v -0.005183 0.067574 0.013615
v -0.032069 0.029176 0.013615
v -0.004906 0.067380 0.013928
v -0.031792 0.028982 0.013927
v -0.004623 0.067182 0.014231
v -0.031510 0.028784 0.014231
v -0.004334 0.066979 0.014526
v -0.031220 0.028582 0.014526
v -0.004039 0.066773 0.014813
v -0.030926 0.028375 0.014813
v -0.003739 0.066562 0.015091
v -0.030625 0.028165 0.015091
v -0.003432 0.066348 0.015359
v -0.030319 0.027950 0.015359
v -0.003121 0.066130 0.015619
v -0.030008 0.027732 0.015619
v -0.002804 0.065909 0.015868
v -0.029691 0.027511 0.015868
v -0.002483 0.065683 0.016108
v -0.029369 0.027286 0.016108
v -0.002157 0.065455 0.016339
v -0.029043 0.027057 0.016339
v -0.001826 0.065223 0.016560
v -0.028712 0.026825 0.016560
v -0.001491 0.064989 0.016771
v -0.028377 0.026591 0.016771
v -0.001152 0.064751 0.016972
v -0.028038 0.026354 0.016972
v -0.000808 0.064511 0.017162
v -0.027695 0.026114 0.017162
v -0.000462 0.064268 0.017342
v -0.027348 0.025871 0.017342
v -0.000111 0.064023 0.017512
v -0.026998 0.025625 0.017512
v 0.000242 0.063775 0.017671
v -0.026644 0.025377 0.017671
v 0.000599 0.063525 0.017820
v -0.026287 0.025127 0.017820
v 0.000958 0.063273 0.017957
v -0.025928 0.024875 0.017957
v 0.001322 0.063019 0.018085
v -0.025565 0.024622 0.018085
v 0.001686 0.062765 0.018200
v -0.025201 0.024367 0.018200
v 0.002053 0.062507 0.018305
v -0.024833 0.024109 0.018305
v 0.002422 0.062249 0.018400
v -0.024464 0.023851 0.018400
v 0.002793 0.061989 0.018483
v -0.024094 0.023591 0.018483
v 0.003165 0.061729 0.018554
v -0.023721 0.023331 0.018554
v 0.003539 0.061467 0.018615
v -0.023347 0.023069 0.018615
v 0.003914 0.061205 0.018665
v -0.022973 0.022807 0.018665
v 0.004289 0.060941 0.018703
v -0.022598 0.022544 0.018703
v 0.004666 0.060678 0.018730
v -0.022221 0.022280 0.018730
v 0.005042 0.060414 0.018746
v -0.021844 0.022016 0.018746
v 0.005420 0.060150 0.018750
v -0.021467 0.021752 0.018750
v 0.005796 0.059886 0.018743
v -0.021090 0.021488 0.018743
v 0.006172 0.059623 0.018724
v -0.020714 0.021225 0.018724
v 0.006549 0.059359 0.018695
v -0.020338 0.020962 0.018695
v 0.006925 0.059096 0.018655
v -0.019962 0.020698 0.018655
v 0.007299 0.058834 0.018603
v -0.019588 0.020436 0.018603
v 0.007672 0.058573 0.018539
v -0.019214 0.020175 0.018539
v 0.008044 0.058312 0.018465
v -0.018842 0.019914 0.018465
v 0.008415 0.058053 0.018380
v -0.018472 0.019655 0.018380
v 0.008783 0.057794 0.018283
v -0.018103 0.019397 0.018283
v 0.009150 0.057538 0.018176
v -0.017737 0.019140 0.018176
v 0.009514 0.057283 0.018057
v -0.017372 0.018885 0.018057
v 0.009876 0.057029 0.017928
v -0.017011 0.018631 0.017928
v 0.010235 0.056778 0.017788
v -0.016652 0.018380 0.017788
v 0.010591 0.056529 0.017637
v -0.016295 0.018131 0.017637
v 0.010944 0.056281 0.017475
v -0.015943 0.017884 0.017475
v 0.011293 0.056037 0.017303
v -0.015592 0.017639 0.017303
v 0.011640 0.055795 0.017121
v -0.015247 0.017397 0.017121
v 0.011982 0.055555 0.016928
v -0.014905 0.017157 0.016928
v 0.012320 0.055318 0.016725
v -0.014566 0.016920 0.016725
v 0.012655 0.055084 0.016512
v -0.014232 0.016686 0.016512
v 0.012984 0.054853 0.016289
v -0.013902 0.016456 0.016289
v 0.013309 0.054625 0.016056
v -0.013577 0.016228 0.016056
v 0.013630 0.054401 0.015814
v -0.013257 0.016004 0.015814
v 0.013946 0.054180 0.015562
v -0.012941 0.015782 0.015562
v 0.014255 0.053963 0.015300
v -0.012631 0.015565 0.015300
v 0.014561 0.053750 0.015030
v -0.012326 0.015352 0.015030
v 0.014860 0.053540 0.014750
v -0.012027 0.015143 0.014750
v 0.015153 0.053334 0.014462
v -0.011733 0.014936 0.014462
v 0.015441 0.053133 0.014164
v -0.011445 0.014735 0.014164
v 0.015723 0.052936 0.013859
v -0.011164 0.014538 0.013859
v 0.015998 0.052743 0.013544
v -0.010888 0.014345 0.013544
v 0.016268 0.052554 0.013222
v -0.010619 0.014156 0.013222
v 0.016530 0.052370 0.012892
v -0.010357 0.013973 0.012892
v 0.016786 0.052191 0.012554
v -0.010101 0.013793 0.012554
v 0.017035 0.052017 0.012209
v -0.009852 0.013619 0.012209
v 0.017276 0.051848 0.011855
v -0.009610 0.013450 0.011855
v 0.017511 0.051683 0.011495
v -0.009375 0.013285 0.011495
v 0.017739 0.051524 0.011129
v -0.009148 0.013126 0.011129
vn 0.9999 -0.0000 -0.0125
vn 0.9993 -0.0000 -0.0368
vn 0.9981 -0.0000 -0.0613
vn 0.9963 -0.0000 -0.0858
vn 0.9939 -0.0000 -0.1103
vn 0.9909 -0.0000 -0.1347
vn 0.9873 -0.0000 -0.1590
vn 0.9831 -0.0000 -0.1829
vn 0.9784 -0.0000 -0.2068
vn 0.9730 -0.0000 -0.2308
vn 0.9670 -0.0000 -0.2549
vn 0.9604 -0.0000 -0.2785
vn 0.9533 -0.0000 -0.3021
vn 0.9456 -0.0000 -0.3254
vn 0.9372 -0.0000 -0.3488
vn 0.9285 -0.0000 -0.3714
vn 0.9190 -0.0000 -0.3943
vn 0.9092 -0.0000 -0.4164
vn 0.8986 -0.0000 -0.4387
vn 0.8877 -0.0000 -0.4604
vn 0.8760 -0.0000 -0.4822
vn 0.8641 -0.0000 -0.5033
vn 0.8513 -0.0000 -0.5247
vn 0.8383 -0.0000 -0.5453
vn 0.8247 -0.0000 -0.5656
vn 0.8104 -0.0000 -0.5859
vn 0.7959 -0.0000 -0.6055
vn 0.7807 -0.0000 -0.6250
vn 0.7652 -0.0000 -0.6437
vn 0.7491 -0.0000 -0.6624
vn 0.7327 -0.0000 -0.6806
vn 0.7157 -0.0000 -0.6984
vn 0.6984 -0.0000 -0.7157
vn 0.6806 -0.0000 -0.7327
vn 0.6624 -0.0000 -0.7492
vn 0.6438 -0.0000 -0.7652
vn 0.6250 -0.0000 -0.7807
vn 0.6055 -0.0000 -0.7958
vn 0.5858 -0.0000 -0.8104
vn 0.5656 -0.0000 -0.8247
vn 0.5454 -0.0000 -0.8382
vn 0.5247 -0.0000 -0.8513
vn 0.5034 -0.0000 -0.8641
vn 0.4822 -0.0000 -0.8760
vn 0.4605 -0.0000 -0.8876
vn 0.4387 -0.0000 -0.8986
vn 0.4163 -0.0000 -0.9092
vn 0.3943 -0.0000 -0.9190
vn 0.3714 -0.0000 -0.9285
vn 0.3485 -0.0000 -0.9373
vn 0.3253 -0.0000 -0.9456
vn 0.3019 -0.0000 -0.9533
vn 0.2785 -0.0000 -0.9604
vn 0.2550 -0.0000 -0.9669
vn 0.2309 -0.0000 -0.9730
vn 0.2067 -0.0000 -0.9784
vn 0.1826 -0.0000 -0.9832
vn 0.1590 -0.0000 -0.9873
vn 0.1347 -0.0000 -0.9909
vn 0.1102 -0.0000 -0.9939
vn 0.0858 -0.0000 -0.9963
vn 0.0614 -0.0000 -0.9981
vn 0.0368 -0.0000 -0.9993
vn 0.0125 -0.0000 -0.9999
vn -0.0125 -0.0000 -0.9999
vn -0.0368 -0.0000 -0.9993
vn -0.0614 -0.0000 -0.9981
vn -0.0858 -0.0000 -0.9963
vn -0.1102 -0.0000 -0.9939
vn -0.1347 -0.0000 -0.9909
vn -0.1590 -0.0000 -0.9873
vn -0.1826 -0.0000 -0.9832
vn -0.2067 -0.0000 -0.9784
vn -0.2309 -0.0000 -0.9730
vn -0.2550 -0.0000 -0.9669
vn -0.2785 -0.0000 -0.9604
vn -0.3019 -0.0000 -0.9533
vn -0.3253 -0.0000 -0.9456
vn -0.3485 -0.0000 -0.9373
vn -0.3714 -0.0000 -0.9285
vn -0.3943 -0.0000 -0.9190
vn -0.4163 -0.0000 -0.9092
vn -0.4387 -0.0000 -0.8986
vn -0.4605 -0.0000 -0.8876
vn -0.4822 -0.0000 -0.8760
vn -0.5034 -0.0000 -0.8641
vn -0.5247 -0.0000 -0.8513
vn -0.5454 -0.0000 -0.8382
vn -0.5656 -0.0000 -0.8247
vn -0.5858 -0.0000 -0.8104
vn -0.6055 -0.0000 -0.7958
vn -0.6250 -0.0000 -0.7807
vn -0.6438 -0.0000 -0.7652
vn -0.6624 -0.0000 -0.7492
vn -0.6806 -0.0000 -0.7327
vn -0.6984 -0.0000 -0.7157
vn -0.7157 -0.0000 -0.6984
vn -0.7327 -0.0000 -0.6806
vn -0.7491 -0.0000 -0.6624
vn -0.7652 -0.0000 -0.6437
vn -0.7807 -0.0000 -0.6250
vn -0.7959 -0.0000 -0.6055
vn -0.8104 -0.0000 -0.5859
vn -0.8247 -0.0000 -0.5656
vn -0.8383 -0.0000 -0.5453
vn -0.8513 -0.0000 -0.5247
vn -0.8641 -0.0000 -0.5033
vn -0.8760 -0.0000 -0.4822
vn -0.8877 -0.0000 -0.4604
vn -0.8986 -0.0000 -0.4387
vn -0.9092 -0.0000 -0.4164
vn -0.9190 -0.0000 -0.3943
vn -0.9285 -0.0000 -0.3714
vn -0.9372 -0.0000 -0.3488
vn -0.9456 -0.0000 -0.3254
vn -0.9533 -0.0000 -0.3021
vn -0.9604 -0.0000 -0.2785
vn -0.9670 -0.0000 -0.2549
vn -0.9730 -0.0000 -0.2308
vn -0.9784 -0.0000 -0.2068
vn -0.9831 -0.0000 -0.1829
vn -0.9873 -0.0000 -0.1590
vn -0.9909 -0.0000 -0.1347
vn -0.9939 -0.0000 -0.1103
vn -0.9963 -0.0000 -0.0858
vn -0.9981 -0.0000 -0.0613
vn -0.9993 -0.0000 -0.0368
vn -0.9999 -0.0000 -0.0125
vn -0.9999 -0.0000 0.0125
vn -0.9993 -0.0000 0.0368
vn -0.9981 -0.0000 0.0613
vn -0.9963 -0.0000 0.0858
vn -0.9939 -0.0000 0.1103
vn -0.9909 -0.0000 0.1347
vn -0.9873 -0.0000 0.1590
vn -0.9831 -0.0000 0.1829
vn -0.9784 -0.0000 0.2068
vn -0.9730 -0.0000 0.2308
vn -0.9670 -0.0000 0.2549
vn -0.9604 -0.0000 0.2785
vn -0.9533 -0.0000 0.3021
vn -0.9456 -0.0000 0.3254
vn -0.9372 -0.0000 0.3488
vn -0.9285 -0.0000 0.3714
vn -0.9190 -0.0000 0.3943
vn -0.9092 -0.0000 0.4164
vn -0.8986 -0.0000 0.4387
vn -0.8877 -0.0000 0.4604
vn -0.8760 -0.0000 0.4822
vn -0.8641 -0.0000 0.5033
vn -0.8513 -0.0000 0.5247
vn -0.8383 -0.0000 0.5453
vn -0.8247 -0.0000 0.5656
vn -0.8104 -0.0000 0.5859
vn -0.7959 -0.0000 0.6055
vn -0.7807 -0.0000 0.6250
vn -0.7652 -0.0000 0.6437
vn -0.7491 -0.0000 0.6624
vn -0.7327 -0.0000 0.6806
vn -0.7157 -0.0000 0.6984
vn -0.6984 -0.0000 0.7157
vn -0.6806 -0.0000 0.7327
vn -0.6624 -0.0000 0.7492
vn -0.6438 -0.0000 0.7652
vn -0.6250 -0.0000 0.7807
vn -0.6055 -0.0000 0.7958
vn -0.5858 -0.0000 0.8104
vn -0.5656 -0.0000 0.8247
vn -0.5454 -0.0000 0.8382
vn -0.5247 -0.0000 0.8513
vn -0.5034 -0.0000 0.8641
vn -0.4822 -0.0000 0.8760
vn -0.4605 -0.0000 0.8876
vn -0.4387 -0.0000 0.8986
vn -0.4163 -0.0000 0.9092
vn -0.3943 -0.0000 0.9190
vn -0.3714 -0.0000 0.9285
vn -0.3485 -0.0000 0.9373
vn -0.3253 -0.0000 0.9456
vn -0.3019 -0.0000 0.9533
vn -0.2785 -0.0000 0.9604
vn -0.2550 -0.0000 0.9669
vn -0.2309 -0.0000 0.9730
vn -0.2067 -0.0000 0.9784
vn -0.1826 -0.0000 0.9832
vn -0.1590 -0.0000 0.9873
vn -0.1347 -0.0000 0.9909
vn -0.1102 -0.0000 0.9939
vn -0.0858 -0.0000 0.9963
vn -0.0614 -0.0000 0.9981
vn -0.0368 -0.0000 0.9993
vn -0.0125 -0.0000 0.9999
vn 0.0125 -0.0000 0.9999
vn 0.0368 -0.0000 0.9993
vn 0.0614 -0.0000 0.9981
vn 0.0858 -0.0000 0.9963
vn 0.1102 -0.0000 0.9939
vn 0.1347 -0.0000 0.9909
vn 0.1590 -0.0000 0.9873
vn 0.1826 -0.0000 0.9832
vn 0.2067 -0.0000 0.9784
vn 0.2309 -0.0000 0.9730
vn 0.2550 -0.0000 0.9669
vn 0.2785 -0.0000 0.9604
vn 0.3019 -0.0000 0.9533
vn 0.3253 -0.0000 0.9456
vn 0.3485 -0.0000 0.9373
vn 0.3714 -0.0000 0.9285
vn 0.3943 -0.0000 0.9190
vn 0.4163 -0.0000 0.9092
vn 0.4387 -0.0000 0.8986
vn 0.4605 -0.0000 0.8876
vn 0.4822 -0.0000 0.8760
vn 0.5034 -0.0000 0.8641
vn 0.5247 -0.0000 0.8513
vn 0.5454 -0.0000 0.8382
vn 0.5656 -0.0000 0.8247
vn 0.5858 -0.0000 0.8104
vn 0.6055 -0.0000 0.7958
vn 0.6250 -0.0000 0.7807
vn 0.6438 -0.0000 0.7652
vn 0.6624 -0.0000 0.7492
vn 0.6806 -0.0000 0.7327
vn 0.6984 -0.0000 0.7157
vn 0.7157 -0.0000 0.6984
vn 0.7327 -0.0000 0.6806
vn 0.7491 -0.0000 0.6624
vn 0.7652 -0.0000 0.6437
vn 0.7807 -0.0000 0.6250
vn 0.7959 -0.0000 0.6055
vn 0.8104 -0.0000 0.5859
vn 0.8247 -0.0000 0.5656
vn 0.8383 -0.0000 0.5453
vn 0.8513 -0.0000 0.5247
vn 0.8641 -0.0000 0.5033
vn 0.8760 -0.0000 0.4822
vn 0.8877 -0.0000 0.4604
vn 0.8986 -0.0000 0.4387
vn 0.9092 -0.0000 0.4164
vn 0.9190 -0.0000 0.3943
vn 0.9285 -0.0000 0.3714
vn 0.9372 -0.0000 0.3488
vn 0.9456 -0.0000 0.3254
vn 0.9533 -0.0000 0.3021
vn 0.9604 -0.0000 0.2785
vn 0.9670 -0.0000 0.2549
vn 0.9730 -0.0000 0.2308
vn 0.9784 -0.0000 0.2068
vn 0.9831 -0.0000 0.1829
vn 0.9873 -0.0000 0.1590
vn 0.9909 -0.0000 0.1347
vn 0.9939 -0.0000 0.1103
vn 0.9963 -0.0000 0.0858
vn 0.9981 -0.0000 0.0613
vn -0.0000 -1.0000 -0.0000
vn 0.9993 -0.0000 0.0368
vn 0.9999 -0.0000 0.0125
vn -0.0000 1.0000 -0.0000
vn 0.4936 0.4936 -0.7161
vn 0.4814 0.4814 -0.7325
vn 0.4684 0.4684 -0.7491
vn 0.4552 0.4552 -0.7652
vn 0.4418 0.4418 -0.7808
vn 0.4282 0.4282 -0.7958
vn 0.4143 0.4143 -0.8104
vn 0.3999 0.3999 -0.8247
vn 0.3856 0.3856 -0.8383
vn 0.3710 0.3710 -0.8513
vn 0.3562 0.3562 -0.8639
vn 0.3409 0.3408 -0.8762
vn 0.3408 0.3409 -0.8762
vn 0.3259 0.3259 -0.8874
vn 0.3100 0.3100 -0.8988
vn 0.2945 0.2945 -0.9092
vn 0.2785 0.2785 -0.9191
vn 0.2626 0.2626 -0.9285
vn 0.2467 0.2467 -0.9372
vn 0.2300 0.2300 -0.9456
vn 0.2137 0.2137 -0.9532
vn 0.1969 0.1969 -0.9605
vn 0.1802 0.1802 -0.9670
vn 0.1634 0.1634 -0.9729
vn 0.1463 0.1463 -0.9783
vn 0.1295 0.1295 -0.9831
vn 0.1123 0.1123 -0.9873
vn 0.0953 0.0953 -0.9909
vn 0.0780 0.0780 -0.9939
vn 0.0779 0.0780 -0.9939
vn 0.0607 0.0607 -0.9963
vn 0.0435 0.0435 -0.9981
vn 0.0260 0.0260 -0.9993
vn 0.0087 0.0087 -0.9999
vn -0.0087 -0.0087 -0.9999
vn -0.0260 -0.0260 -0.9993
vn -0.0435 -0.0435 -0.9981
vn -0.0607 -0.0607 -0.9963
vn -0.0779 -0.0779 -0.9939
vn -0.0952 -0.0952 -0.9909
vn -0.1123 -0.1123 -0.9873
vn -0.1293 -0.1293 -0.9831
vn -0.1463 -0.1463 -0.9783
vn -0.1637 -0.1637 -0.9728
vn -0.1801 -0.1801 -0.9670
vn -0.1969 -0.1969 -0.9605
vn -0.2135 -0.2136 -0.9533
vn -0.2300 -0.2300 -0.9456
vn -0.2467 -0.2467 -0.9372
vn -0.2626 -0.2626 -0.9285
vn -0.2786 -0.2786 -0.9191
vn -0.2944 -0.2944 -0.9092
vn -0.3101 -0.3101 -0.8987
vn -0.3256 -0.3256 -0.8876
vn -0.3409 -0.3409 -0.8762
vn -0.3409 -0.3408 -0.8762
vn -0.3562 -0.3562 -0.8639
vn -0.3710 -0.3710 -0.8513
vn -0.3855 -0.3855 -0.8383
vn -0.3999 -0.3999 -0.8247
vn -0.4142 -0.4142 -0.8105
vn -0.4282 -0.4282 -0.7958
vn -0.4418 -0.4418 -0.7807
vn -0.4552 -0.4552 -0.7652
vn -0.4684 -0.4684 -0.7492
vn -0.4814 -0.4814 -0.7325
vn -0.4938 -0.4938 -0.7157
vn -0.5062 -0.5062 -0.6983
vn -0.5181 -0.5181 -0.6805
vn -0.5298 -0.5298 -0.6623
vn -0.5411 -0.5411 -0.6437
vn -0.5521 -0.5521 -0.6247
vn -0.5628 -0.5628 -0.6054
vn -0.5731 -0.5731 -0.5858
vn -0.5831 -0.5831 -0.5658
vn -0.5927 -0.5927 -0.5454
vn -0.6020 -0.6020 -0.5247
vn -0.6109 -0.6109 -0.5035
vn -0.6193 -0.6193 -0.4826
vn -0.6278 -0.6278 -0.4602
vn -0.6354 -0.6354 -0.4387
vn -0.6429 -0.6429 -0.4164
vn -0.6499 -0.6499 -0.3941
vn -0.6565 -0.6565 -0.3714
vn -0.6627 -0.6627 -0.3487
vn -0.6686 -0.6686 -0.3256
vn -0.6741 -0.6741 -0.3019
vn -0.6791 -0.6791 -0.2785
vn -0.6837 -0.6837 -0.2549
vn -0.6838 -0.6837 -0.2549
vn -0.6880 -0.6880 -0.2311
vn -0.6918 -0.6918 -0.2072
vn -0.6952 -0.6952 -0.1828
vn -0.6981 -0.6981 -0.1590
vn -0.7007 -0.7007 -0.1348
vn -0.7028 -0.7028 -0.1100
vn -0.7045 -0.7045 -0.0859
vn -0.7058 -0.7058 -0.0617
vn -0.7066 -0.7066 -0.0369
vn -0.7071 -0.7071 -0.0124
vn -0.7071 -0.7071 0.0124
vn -0.7066 -0.7066 0.0369
vn -0.7058 -0.7058 0.0617
vn -0.7045 -0.7045 0.0859
vn -0.7028 -0.7028 0.1100
vn -0.7007 -0.7007 0.1348
vn -0.6981 -0.6981 0.1590
vn -0.6952 -0.6952 0.1828
vn -0.6918 -0.6918 0.2072
vn -0.6880 -0.6880 0.2311
vn -0.6837 -0.6837 0.2549
vn -0.6838 -0.6837 0.2549
vn -0.6791 -0.6791 0.2785
vn -0.6741 -0.6741 0.3019
vn -0.6686 -0.6686 0.3256
vn -0.6627 -0.6627 0.3487
vn -0.6565 -0.6565 0.3714
vn -0.6499 -0.6499 0.3941
vn -0.6429 -0.6429 0.4164
vn -0.6354 -0.6354 0.4387
vn -0.6278 -0.6278 0.4602
vn -0.6193 -0.6193 0.4826
vn -0.6109 -0.6109 0.5035
vn -0.6020 -0.6020 0.5247
vn -0.5927 -0.5927 0.5454
vn -0.5831 -0.5831 0.5658
vn -0.5731 -0.5731 0.5858
vn -0.5628 -0.5628 0.6054
vn -0.5521 -0.5521 0.6247
vn -0.5411 -0.5411 0.6437
vn -0.5298 -0.5298 0.6623
vn -0.5181 -0.5181 0.6805
vn -0.5060 -0.5060 0.6985
vn -0.4938 -0.4938 0.7157
vn -0.4814 -0.4814 0.7325
vn -0.4684 -0.4684 0.7492
vn -0.4552 -0.4552 0.7652
vn -0.4418 -0.4418 0.7807
vn -0.4282 -0.4282 0.7958
vn -0.4142 -0.4142 0.8105
vn -0.3999 -0.3999 0.8247
vn -0.3855 -0.3855 0.8383
vn -0.3710 -0.3710 0.8513
vn -0.3562 -0.3562 0.8639
vn -0.3409 -0.3409 0.8762
vn -0.3409 -0.3408 0.8762
vn -0.3259 -0.3259 0.8874
vn -0.3101 -0.3101 0.8987
vn -0.2944 -0.2944 0.9092
vn -0.2786 -0.2786 0.9191
vn -0.2626 -0.2626 0.9285
vn -0.2467 -0.2467 0.9372
vn -0.2300 -0.2300 0.9456
vn -0.2135 -0.2136 0.9533
vn -0.1969 -0.1969 0.9605
vn -0.1801 -0.1801 0.9670
vn -0.1637 -0.1637 0.9728
vn -0.1463 -0.1463 0.9783
vn -0.1294 -0.1294 0.9831
vn -0.1123 -0.1123 0.9873
vn -0.0952 -0.0952 0.9909
vn -0.0779 -0.0779 0.9939
vn -0.0607 -0.0607 0.9963
vn -0.0435 -0.0435 0.9981
vn -0.0260 -0.0260 0.9993
vn -0.0087 -0.0087 0.9999
vn 0.0087 0.0087 0.9999
vn 0.0260 0.0260 0.9993
vn 0.0435 0.0435 0.9981
vn 0.0607 0.0607 0.9963
vn 0.0780 0.0780 0.9939
vn 0.0953 0.0953 0.9909
vn 0.1123 0.1123 0.9873
vn 0.1291 0.1291 0.9832
vn 0.1463 0.1463 0.9783
vn 0.1634 0.1634 0.9729
vn 0.1802 0.1802 0.9670
vn 0.1969 0.1969 0.9605
vn 0.2136 0.2136 0.9533
vn 0.2300 0.2300 0.9456
vn 0.2467 0.2467 0.9372
vn 0.2626 0.2626 0.9285
vn 0.2785 0.2785 0.9191
vn 0.2945 0.2945 0.9092
vn 0.3100 0.3100 0.8988
vn 0.3256 0.3256 0.8876
vn 0.3409 0.3408 0.8762
vn 0.3408 0.3409 0.8762
vn 0.3562 0.3562 0.8639
vn 0.3710 0.3710 0.8513
vn 0.3856 0.3856 0.8383
vn 0.3999 0.3999 0.8247
vn 0.4143 0.4143 0.8104
vn 0.4282 0.4282 0.7958
vn 0.4418 0.4418 0.7808
vn 0.4552 0.4552 0.7652
vn 0.4684 0.4684 0.7491
vn 0.4814 0.4814 0.7325
vn 0.4936 0.4936 0.7161
vn 0.5060 0.5060 0.6985
vn 0.5180 0.5180 0.6807
vn 0.5298 0.5298 0.6623
vn 0.5411 0.5411 0.6437
vn 0.5520 0.5520 0.6250
vn 0.5627 0.5627 0.6057
vn 0.5731 0.5731 0.5858
vn 0.5831 0.5831 0.5658
vn 0.5927 0.5927 0.5454
vn 0.6020 0.6020 0.5247
vn 0.6109 0.6109 0.5036
vn 0.6193 0.6193 0.4826
vn 0.6278 0.6278 0.4602
vn 0.6354 0.6354 0.4387
vn 0.6429 0.6429 0.4164
vn 0.6499 0.6499 0.3941
vn 0.6565 0.6565 0.3714
vn 0.6627 0.6627 0.3487
vn 0.6686 0.6686 0.3253
vn 0.6741 0.6741 0.3019
vn 0.6791 0.6791 0.2785
vn 0.6837 0.6837 0.2550
vn 0.6880 0.6880 0.2311
vn 0.6918 0.6918 0.2072
vn 0.6951 0.6951 0.1833
vn 0.6981 0.6981 0.1590
vn 0.7007 0.7007 0.1343
vn 0.7028 0.7028 0.1100
vn 0.7045 0.7045 0.0859
vn 0.7058 0.7058 0.0614
vn 0.7066 0.7066 0.0369
vn 0.7071 0.7071 0.0121
vn 0.7071 0.7071 -0.0121
vn 0.7066 0.7066 -0.0369
vn 0.7058 0.7058 -0.0614
vn 0.7045 0.7045 -0.0859
vn 0.7028 0.7028 -0.1100
vn 0.7007 0.7007 -0.1343
vn 0.6981 0.6981 -0.1590
vn 0.6951 0.6951 -0.1833
vn 0.6918 0.6918 -0.2072
vn 0.6880 0.6880 -0.2311
vn 0.6837 0.6837 -0.2550
vn 0.6791 0.6791 -0.2785
vn 0.6741 0.6741 -0.3019
vn 0.6686 0.6686 -0.3253
vn 0.6627 0.6627 -0.3487
vn 0.6565 0.6565 -0.3714
vn 0.6499 0.6499 -0.3941
vn 0.6429 0.6429 -0.4164
vn 0.6354 0.6354 -0.4387
vn 0.6278 0.6278 -0.4602
vn 0.6193 0.6193 -0.4826
vn 0.6109 0.6109 -0.5036
vn 0.6020 0.6020 -0.5247
vn 0.5927 0.5927 -0.5454
vn 0.5831 0.5831 -0.5658
vn 0.5731 0.5731 -0.5858
vn 0.5627 0.5627 -0.6057
vn 0.5520 0.5520 -0.6250
vn 0.5411 0.5411 -0.6437
vn 0.5298 0.5298 -0.6623
vn 0.7071 -0.7071 -0.0000
vn 0.5180 0.5180 -0.6807
vn 0.5060 0.5060 -0.6985
vn -0.7071 0.7071 -0.0000
vn 0.6767 -0.4738 0.5635
vn 0.6879 -0.4816 0.5430
vn 0.6984 -0.4890 0.5226
vn 0.7089 -0.4964 0.5010
vn 0.7186 -0.5032 0.4800
vn 0.7282 -0.5098 0.4581
vn 0.7371 -0.5161 0.4362
vn 0.7456 -0.5221 0.4142
vn 0.7538 -0.5278 0.3915
vn 0.7612 -0.5330 0.3693
vn 0.7685 -0.5381 0.3461
vn 0.7753 -0.5429 0.3226
vn 0.7815 -0.5473 0.2995
vn 0.7873 -0.5513 0.2761
vn 0.7927 -0.5551 0.2520
vn 0.7975 -0.5584 0.2285
vn 0.8018 -0.5615 0.2045
vn 0.8057 -0.5642 0.1805
vn 0.8091 -0.5665 0.1561
vn 0.8120 -0.5685 0.1323
vn 0.8144 -0.5704 0.1073
vn 0.8163 -0.5716 0.0831
vn 0.8177 -0.5726 0.0587
vn 0.8187 -0.5733 0.0339
vn 0.8191 -0.5736 0.0095
vn 0.8191 -0.5735 -0.0147
vn 0.8185 -0.5731 -0.0395
vn 0.8175 -0.5724 -0.0639
vn 0.8159 -0.5713 -0.0884
vn 0.8139 -0.5699 -0.1128
vn 0.8114 -0.5681 -0.1373
vn 0.8084 -0.5660 -0.1619
vn 0.8049 -0.5636 -0.1855
vn 0.8009 -0.5608 -0.2100
vn 0.7965 -0.5577 -0.2337
vn 0.7915 -0.5542 -0.2575
vn 0.7861 -0.5504 -0.2811
vn 0.7802 -0.5463 -0.3047
vn 0.7739 -0.5419 -0.3279
vn 0.7670 -0.5370 -0.3512
vn 0.7596 -0.5319 -0.3744
vn 0.7520 -0.5266 -0.3965
vn 0.7439 -0.5209 -0.4186
vn 0.7351 -0.5147 -0.4412
vn 0.7260 -0.5083 -0.4632
vn 0.7166 -0.5017 -0.4845
vn 0.7166 -0.5017 -0.4844
vn 0.7066 -0.4948 -0.5058
vn 0.6962 -0.4875 -0.5269
vn 0.6854 -0.4799 -0.5476
vn 0.6741 -0.4720 -0.5681
vn 0.6624 -0.4638 -0.5882
vn 0.6506 -0.4555 -0.6076
vn 0.6381 -0.4468 -0.6271
vn 0.6256 -0.4381 -0.6455
vn 0.6121 -0.4285 -0.6646
vn 0.5986 -0.4192 -0.6826
vn 0.5848 -0.4095 -0.7002
vn 0.5706 -0.3995 -0.7175
vn 0.5558 -0.3891 -0.7346
vn 0.5409 -0.3788 -0.7509
vn 0.5257 -0.3681 -0.7669
vn 0.5100 -0.3572 -0.7825
vn 0.4942 -0.3461 -0.7975
vn 0.4780 -0.3347 -0.8121
vn 0.4616 -0.3232 -0.8262
vn 0.4448 -0.3115 -0.8397
vn 0.4278 -0.2996 -0.8528
vn 0.4104 -0.2875 -0.8654
vn 0.3929 -0.2751 -0.8775
vn 0.3750 -0.2626 -0.8891
vn 0.3575 -0.2503 -0.8997
vn 0.3392 -0.2375 -0.9102
vn 0.3207 -0.2245 -0.9202
vn 0.3021 -0.2115 -0.9295
vn 0.2834 -0.1985 -0.9382
vn 0.2644 -0.1851 -0.9465
vn 0.2452 -0.1717 -0.9541
vn 0.2258 -0.1582 -0.9612
vn 0.2064 -0.1445 -0.9678
vn 0.1869 -0.1309 -0.9736
vn 0.1674 -0.1172 -0.9789
vn 0.1475 -0.1033 -0.9836
vn 0.1278 -0.0895 -0.9877
vn 0.1082 -0.0757 -0.9912
vn 0.0881 -0.0617 -0.9942
vn 0.0681 -0.0477 -0.9965
vn 0.0481 -0.0337 -0.9983
vn 0.0280 -0.0196 -0.9994
vn 0.0077 -0.0055 -1.0000
vn -0.0120 0.0084 -0.9999
vn -0.0324 0.0227 -0.9992
vn -0.0524 0.0366 -0.9980
vn -0.0725 0.0508 -0.9961
vn -0.0924 0.0647 -0.9936
vn -0.1125 0.0787 -0.9905
vn -0.1322 0.0926 -0.9869
vn -0.1521 0.1065 -0.9826
vn -0.1718 0.1203 -0.9778
vn -0.1915 0.1341 -0.9723
vn -0.2109 0.1476 -0.9663
vn -0.2303 0.1613 -0.9597
vn -0.2494 0.1746 -0.9525
vn -0.2686 0.1881 -0.9447
vn -0.2875 0.2013 -0.9364
vn -0.3060 0.2142 -0.9276
vn -0.3245 0.2272 -0.9182
vn -0.3431 0.2403 -0.9080
vn -0.3612 0.2529 -0.8975
vn -0.3792 0.2655 -0.8864
vn -0.3970 0.2780 -0.8747
vn -0.4143 0.2902 -0.8626
vn -0.4317 0.3023 -0.8499
vn -0.4484 0.3140 -0.8368
vn -0.4654 0.3258 -0.8230
vn -0.4816 0.3373 -0.8089
vn -0.4816 0.3372 -0.8089
vn -0.4977 0.3485 -0.7942
vn -0.5137 0.3597 -0.7790
vn -0.5292 0.3706 -0.7633
vn -0.5443 0.3811 -0.7473
vn -0.5590 0.3915 -0.7309
vn -0.5737 0.4017 -0.7138
vn -0.5880 0.4116 -0.6963
vn -0.6020 0.4215 -0.6782
vn -0.6152 0.4307 -0.6603
vn -0.6282 0.4399 -0.6418
vn -0.6409 0.4488 -0.6227
vn -0.6534 0.4575 -0.6032
vn -0.6652 0.4658 -0.5836
vn -0.6767 0.4740 -0.5634
vn -0.6879 0.4816 -0.5430
vn -0.6986 0.4891 -0.5223
vn -0.7089 0.4964 -0.5010
vn -0.7186 0.5032 -0.4800
vn -0.7282 0.5099 -0.4580
vn -0.7371 0.5161 -0.4362
vn -0.7458 0.5222 -0.4137
vn -0.7538 0.5278 -0.3914
vn -0.7614 0.5332 -0.3687
vn -0.7685 0.5381 -0.3461
vn -0.7754 0.5429 -0.3225
vn -0.7816 0.5473 -0.2994
vn -0.7873 0.5513 -0.2761
vn -0.7927 0.5550 -0.2523
vn -0.7975 0.5584 -0.2285
vn -0.8018 0.5615 -0.2045
vn -0.8057 0.5642 -0.1805
vn -0.8091 0.5665 -0.1562
vn -0.8120 0.5685 -0.1321
vn -0.8144 0.5704 -0.1073
vn -0.8163 0.5716 -0.0831
vn -0.8177 0.5726 -0.0585
vn -0.8187 0.5733 -0.0339
vn -0.8191 0.5736 -0.0098
vn -0.8191 0.5735 0.0150
vn -0.8185 0.5731 0.0396
vn -0.8175 0.5724 0.0641
vn -0.8175 0.5724 0.0642
vn -0.8159 0.5713 0.0884
vn -0.8139 0.5699 0.1128
vn -0.8114 0.5681 0.1373
vn -0.8084 0.5660 0.1616
vn -0.8049 0.5636 0.1856
vn -0.8009 0.5608 0.2100
vn -0.7965 0.5577 0.2334
vn -0.7915 0.5542 0.2576
vn -0.7861 0.5504 0.2812
vn -0.7802 0.5463 0.3046
vn -0.7739 0.5419 0.3279
vn -0.7672 0.5372 0.3504
vn -0.7597 0.5320 0.3739
vn -0.7519 0.5266 0.3967
vn -0.7438 0.5208 0.4189
vn -0.7352 0.5148 0.4411
vn -0.7262 0.5085 0.4627
vn -0.7166 0.5017 0.4845
vn -0.7166 0.5017 0.4844
vn -0.7064 0.4946 0.5063
vn -0.6962 0.4875 0.5270
vn -0.6855 0.4800 0.5475
vn -0.6742 0.4721 0.5680
vn -0.6626 0.4639 0.5880
vn -0.6505 0.4555 0.6078
vn -0.6381 0.4468 0.6271
vn -0.6254 0.4380 0.6458
vn -0.6120 0.4286 0.6646
vn -0.5986 0.4192 0.6826
vn -0.5845 0.4093 0.7006
vn -0.5706 0.3995 0.7175
vn -0.5559 0.3892 0.7345
vn -0.5409 0.3788 0.7510
vn -0.5257 0.3681 0.7669
vn -0.5100 0.3572 0.7825
vn -0.4941 0.3460 0.7976
vn -0.4780 0.3347 0.8121
vn -0.4618 0.3234 0.8259
vn -0.4449 0.3115 0.8397
vn -0.4278 0.2996 0.8528
vn -0.4106 0.2875 0.8653
vn -0.3929 0.2751 0.8775
vn -0.3753 0.2628 0.8889
vn -0.3574 0.2502 0.8998
vn -0.3392 0.2375 0.9102
vn -0.3204 0.2244 0.9203
vn -0.3021 0.2115 0.9295
vn -0.2833 0.1984 0.9383
vn -0.2643 0.1851 0.9465
vn -0.2453 0.1717 0.9541
vn -0.2260 0.1583 0.9612
vn -0.2065 0.1446 0.9677
vn -0.1868 0.1308 0.9736
vn -0.1675 0.1173 0.9789
vn -0.1480 0.1037 0.9835
vn -0.1279 0.0896 0.9877
vn -0.1082 0.0757 0.9912
vn -0.0881 0.0617 0.9942
vn -0.0681 0.0477 0.9965
vn -0.0481 0.0337 0.9983
vn -0.0280 0.0196 0.9994
vn -0.0077 0.0054 1.0000
vn 0.0123 -0.0086 0.9999
vn 0.0324 -0.0227 0.9992
vn 0.0524 -0.0366 0.9980
vn 0.0726 -0.0508 0.9961
vn 0.0925 -0.0648 0.9936
vn 0.1125 -0.0787 0.9905
vn 0.1321 -0.0925 0.9869
vn 0.1523 -0.1066 0.9826
vn 0.1718 -0.1203 0.9778
vn 0.1914 -0.1341 0.9723
vn 0.2110 -0.1477 0.9663
vn 0.2303 -0.1613 0.9597
vn 0.2496 -0.1748 0.9524
vn 0.2686 -0.1881 0.9447
vn 0.2875 -0.2013 0.9364
vn 0.3061 -0.2144 0.9275
vn 0.3245 -0.2272 0.9182
vn 0.3431 -0.2403 0.9080
vn 0.3615 -0.2531 0.8974
vn 0.3792 -0.2655 0.8864
vn 0.3970 -0.2780 0.8747
vn 0.4144 -0.2902 0.8626
vn 0.4315 -0.3021 0.8500
vn 0.4488 -0.3142 0.8366
vn 0.4652 -0.3258 0.8231
vn 0.4817 -0.3373 0.8089
vn 0.4979 -0.3486 0.7941
vn 0.5136 -0.3596 0.7791
vn 0.5292 -0.3706 0.7633
vn 0.5446 -0.3813 0.7470
vn 0.5592 -0.3916 0.7307
vn 0.5737 -0.4017 0.7138
vn 0.5877 -0.4115 0.6966
vn 0.6018 -0.4214 0.6784
vn 0.6152 -0.4307 0.6603
vn 0.6282 -0.4399 0.6418
vn 0.6410 -0.4488 0.6227
vn -0.5736 -0.8192 -0.0000
vn 0.6533 -0.4574 0.6033
vn 0.6652 -0.4658 0.5835
vn 0.5736 0.8192 -0.0000
vt 1.000000 0.500000
vt 1.000000 1.000000
vt 0.996094 1.000000
vt 0.996094 0.500000
vt 0.992188 1.000000
vt 0.992188 0.500000
vt 0.988281 1.000000
vt 0.988281 0.500000
vt 0.984375 1.000000
vt 0.984375 0.500000
vt 0.980469 1.000000
vt 0.980469 0.500000
vt 0.976562 1.000000
vt 0.976562 0.500000
vt 0.972656 1.000000
vt 0.972656 0.500000
vt 0.968750 1.000000
vt 0.968750 0.500000
vt 0.964844 1.000000
vt 0.964844 0.500000
vt 0.960938 1.000000
vt 0.960938 0.500000
vt 0.957031 1.000000
vt 0.957031 0.500000
vt 0.953125 1.000000
vt 0.953125 0.500000
vt 0.949219 1.000000
vt 0.949219 0.500000
vt 0.945312 1.000000
vt 0.945312 0.500000
vt 0.941406 1.000000
vt 0.941406 0.500000
vt 0.937500 1.000000
vt 0.937500 0.500000
vt 0.933594 1.000000
vt 0.933594 0.500000
vt 0.929688 1.000000
vt 0.929688 0.500000
vt 0.925781 1.000000
vt 0.925781 0.500000
vt 0.921875 1.000000
vt 0.921875 0.500000
vt 0.917969 1.000000
vt 0.917969 0.500000
vt 0.914062 1.000000
vt 0.914062 0.500000
vt 0.910156 1.000000
vt 0.910156 0.500000
vt 0.906250 1.000000
vt 0.906250 0.500000
vt 0.902344 1.000000
vt 0.902344 0.500000
vt 0.898438 1.000000
vt 0.898438 0.500000
vt 0.894531 1.000000
vt 0.894531 0.500000
vt 0.890625 1.000000
vt 0.890625 0.500000
vt 0.886719 1.000000
vt 0.886719 0.500000
vt 0.882812 1.000000
vt 0.882812 0.500000
vt 0.878906 1.000000
vt 0.878906 0.500000
vt 0.875000 1.000000
vt 0.875000 0.500000
vt 0.871094 1.000000
vt 0.871094 0.500000
vt 0.867188 1.000000
vt 0.867188 0.500000
vt 0.863281 1.000000
vt 0.863281 0.500000
vt 0.859375 1.000000
vt 0.859375 0.500000
vt 0.855469 1.000000
vt 0.855469 0.500000
vt 0.851562 1.000000
vt 0.851562 0.500000
vt 0.847656 1.000000
vt 0.847656 0.500000
vt 0.843750 1.000000
vt 0.843750 0.500000
vt 0.839844 1.000000
vt 0.839844 0.500000
vt 0.835938 1.000000
vt 0.835938 0.500000
vt 0.832031 1.000000
vt 0.832031 0.500000
vt 0.828125 1.000000
vt 0.828125 0.500000
vt 0.824219 1.000000
vt 0.824219 0.500000
vt 0.820312 1.000000
vt 0.820312 0.500000
vt 0.816406 1.000000
vt 0.816406 0.500000
vt 0.812500 1.000000
vt 0.812500 0.500000
vt 0.808594 1.000000
vt 0.808594 0.500000
vt 0.804688 1.000000
vt 0.804688 0.500000
vt 0.800781 1.000000
vt 0.800781 0.500000
vt 0.796875 1.000000
vt 0.796875 0.500000
vt 0.792969 1.000000
vt 0.792969 0.500000
vt 0.789062 1.000000
vt 0.789062 0.500000
vt 0.785156 1.000000
vt 0.785156 0.500000
vt 0.781250 1.000000
vt 0.781250 0.500000
vt 0.777344 1.000000
vt 0.777344 0.500000
vt 0.773438 1.000000
vt 0.773438 0.500000
vt 0.769531 1.000000
vt 0.769531 0.500000
vt 0.765625 1.000000
vt 0.765625 0.500000
vt 0.761719 1.000000
vt 0.761719 0.500000
vt 0.757812 1.000000
vt 0.757812 0.500000
vt 0.753906 1.000000
vt 0.753906 0.500000
vt 0.750000 1.000000
vt 0.750000 0.500000
vt 0.746094 1.000000
vt 0.746094 0.500000
vt 0.742188 1.000000
vt 0.742188 0.500000
vt 0.738281 1.000000
vt 0.738281 0.500000
vt 0.734375 1.000000
vt 0.734375 0.500000
vt 0.730469 1.000000
vt 0.730469 0.500000
vt 0.726562 1.000000
vt 0.726562 0.500000
vt 0.722656 1.000000
vt 0.722656 0.500000
vt 0.718750 1.000000
vt 0.718750 0.500000
vt 0.714844 1.000000
vt 0.714844 0.500000
vt 0.710938 1.000000
vt 0.710938 0.500000
vt 0.707031 1.000000
vt 0.707031 0.500000
vt 0.703125 1.000000
vt 0.703125 0.500000
vt 0.699219 1.000000
vt 0.699219 0.500000
vt 0.695312 1.000000
vt 0.695312 0.500000
vt 0.691406 1.000000
vt 0.691406 0.500000
vt 0.687500 1.000000
vt 0.687500 0.500000
vt 0.683594 1.000000
vt 0.683594 0.500000
vt 0.679688 1.000000
vt 0.679688 0.500000
vt 0.675781 1.000000
vt 0.675781 0.500000
vt 0.671875 1.000000
vt 0.671875 0.500000
vt 0.667969 1.000000
vt 0.667969 0.500000
vt 0.664062 1.000000
vt 0.664062 0.500000
vt 0.660156 1.000000
vt 0.660156 0.500000
vt 0.656250 1.000000
vt 0.656250 0.500000
vt 0.652344 1.000000
vt 0.652344 0.500000
vt 0.648438 1.000000
vt 0.648438 0.500000
vt 0.644531 1.000000
vt 0.644531 0.500000
vt 0.640625 1.000000
vt 0.640625 0.500000
vt 0.636719 1.000000
vt 0.636719 0.500000
vt 0.632812 1.000000
vt 0.632812 0.500000
vt 0.628906 1.000000
vt 0.628906 0.500000
vt 0.625000 1.000000
vt 0.625000 0.500000
vt 0.621094 1.000000
vt 0.621094 0.500000
vt 0.617188 1.000000
vt 0.617188 0.500000
vt 0.613281 1.000000
vt 0.613281 0.500000
vt 0.609375 1.000000
vt 0.609375 0.500000
vt 0.605469 1.000000
vt 0.605469 0.500000
vt 0.601562 1.000000
vt 0.601562 0.500000
vt 0.597656 1.000000
vt 0.597656 0.500000
vt 0.593750 1.000000
vt 0.593750 0.500000
vt 0.589844 1.000000
vt 0.589844 0.500000
vt 0.585938 1.000000
vt 0.585938 0.500000
vt 0.582031 1.000000
vt 0.582031 0.500000
vt 0.578125 1.000000
vt 0.578125 0.500000
vt 0.574219 1.000000
vt 0.574219 0.500000
vt 0.570312 1.000000
vt 0.570312 0.500000
vt 0.566406 1.000000
vt 0.566406 0.500000
vt 0.562500 1.000000
vt 0.562500 0.500000
vt 0.558594 1.000000
vt 0.558594 0.500000
vt 0.554688 1.000000
vt 0.554688 0.500000
vt 0.550781 1.000000
vt 0.550781 0.500000
vt 0.546875 1.000000
vt 0.546875 0.500000
vt 0.542969 1.000000
vt 0.542969 0.500000
vt 0.539062 1.000000
vt 0.539062 0.500000
vt 0.535156 1.000000
vt 0.535156 0.500000
vt 0.531250 1.000000
vt 0.531250 0.500000
vt 0.527344 1.000000
vt 0.527344 0.500000
vt 0.523438 1.000000
vt 0.523438 0.500000
vt 0.519531 1.000000
vt 0.519531 0.500000
vt 0.515625 1.000000
vt 0.515625 0.500000
vt 0.511719 1.000000
vt 0.511719 0.500000
vt 0.507812 1.000000
vt 0.507812 0.500000
vt 0.503906 1.000000
vt 0.503906 0.500000
vt 0.500000 1.000000
vt 0.500000 0.500000
vt 0.496094 1.000000
vt 0.496094 0.500000
vt 0.492188 1.000000
vt 0.492188 0.500000
vt 0.488281 1.000000
vt 0.488281 0.500000
vt 0.484375 1.000000
vt 0.484375 0.500000
vt 0.480469 1.000000
vt 0.480469 0.500000
vt 0.476562 1.000000
vt 0.476562 0.500000
vt 0.472656 1.000000
vt 0.472656 0.500000
vt 0.468750 1.000000
vt 0.468750 0.500000
vt 0.464844 1.000000
vt 0.464844 0.500000
vt 0.460938 1.000000
vt 0.460938 0.500000
vt 0.457031 1.000000
vt 0.457031 0.500000
vt 0.453125 1.000000
vt 0.453125 0.500000
vt 0.449219 1.000000
vt 0.449219 0.500000
vt 0.445312 1.000000
vt 0.445312 0.500000
vt 0.441406 1.000000
vt 0.441406 0.500000
vt 0.437500 1.000000
vt 0.437500 0.500000
vt 0.433594 1.000000
vt 0.433594 0.500000
vt 0.429688 1.000000
vt 0.429688 0.500000
vt 0.425781 1.000000
vt 0.425781 0.500000
vt 0.421875 1.000000
vt 0.421875 0.500000
vt 0.417969 1.000000
vt 0.417969 0.500000
vt 0.414062 1.000000
vt 0.414062 0.500000
vt 0.410156 1.000000
vt 0.410156 0.500000
vt 0.406250 1.000000
vt 0.406250 0.500000
vt 0.402344 1.000000
vt 0.402344 0.500000
vt 0.398438 1.000000
vt 0.398438 0.500000
vt 0.394531 1.000000
vt 0.394531 0.500000
vt 0.390625 1.000000
vt 0.390625 0.500000
vt 0.386719 1.000000
vt 0.386719 0.500000
vt 0.382812 1.000000
vt 0.382812 0.500000
vt 0.378906 1.000000
vt 0.378906 0.500000
vt 0.375000 1.000000
vt 0.375000 0.500000
vt 0.371094 1.000000
vt 0.371094 0.500000
vt 0.367188 1.000000
vt 0.367188 0.500000
vt 0.363281 1.000000
vt 0.363281 0.500000
vt 0.359375 1.000000
vt 0.359375 0.500000
vt 0.355469 1.000000
vt 0.355469 0.500000
vt 0.351562 1.000000
vt 0.351562 0.500000
vt 0.347656 1.000000
vt 0.347656 0.500000
vt 0.343750 1.000000
vt 0.343750 0.500000
vt 0.339844 1.000000
vt 0.339844 0.500000
vt 0.335938 1.000000
vt 0.335938 0.500000
vt 0.332031 1.000000
vt 0.332031 0.500000
vt 0.328125 1.000000
vt 0.328125 0.500000
vt 0.324219 1.000000
vt 0.324219 0.500000
vt 0.320312 1.000000
vt 0.320312 0.500000
vt 0.316406 1.000000
vt 0.316406 0.500000
vt 0.312500 1.000000
vt 0.312500 0.500000
vt 0.308594 1.000000
vt 0.308594 0.500000
vt 0.304688 1.000000
vt 0.304688 0.500000
vt 0.300781 1.000000
vt 0.300781 0.500000
vt 0.296875 1.000000
vt 0.296875 0.500000
vt 0.292969 1.000000
vt 0.292969 0.500000
vt 0.289062 1.000000
vt 0.289062 0.500000
vt 0.285156 1.000000
vt 0.285156 0.500000
vt 0.281250 1.000000
vt 0.281250 0.500000
vt 0.277344 1.000000
vt 0.277344 0.500000
vt 0.273438 1.000000
vt 0.273438 0.500000
vt 0.269531 1.000000
vt 0.269531 0.500000
vt 0.265625 1.000000
vt 0.265625 0.500000
vt 0.261719 1.000000
vt 0.261719 0.500000
vt 0.257812 1.000000
vt 0.257812 0.500000
vt 0.253906 1.000000
vt 0.253906 0.500000
vt 0.250000 1.000000
vt 0.250000 0.500000
vt 0.246094 1.000000
vt 0.246094 0.500000
vt 0.242188 1.000000
vt 0.242188 0.500000
vt 0.238281 1.000000
vt 0.238281 0.500000
vt 0.234375 1.000000
vt 0.234375 0.500000
vt 0.230469 1.000000
vt 0.230469 0.500000
vt 0.226562 1.000000
vt 0.226562 0.500000
vt 0.222656 1.000000
vt 0.222656 0.500000
vt 0.218750 1.000000
vt 0.218750 0.500000
vt 0.214844 1.000000
vt 0.214844 0.500000
vt 0.210938 1.000000
vt 0.210938 0.500000
vt 0.207031 1.000000
vt 0.207031 0.500000
vt 0.203125 1.000000
vt 0.203125 0.500000
vt 0.199219 1.000000
vt 0.199219 0.500000
vt 0.195312 1.000000
vt 0.195312 0.500000
vt 0.191406 1.000000
vt 0.191406 0.500000
vt 0.187500 1.000000
vt 0.187500 0.500000
vt 0.183594 1.000000
vt 0.183594 0.500000
vt 0.179688 1.000000
vt 0.179688 0.500000
vt 0.175781 1.000000
vt 0.175781 0.500000
vt 0.171875 1.000000
vt 0.171875 0.500000
vt 0.167969 1.000000
vt 0.167969 0.500000
vt 0.164062 1.000000
vt 0.164062 0.500000
vt 0.160156 1.000000
vt 0.160156 0.500000
vt 0.156250 1.000000
vt 0.156250 0.500000
vt 0.152344 1.000000
vt 0.152344 0.500000
vt 0.148438 1.000000
vt 0.148438 0.500000
vt 0.144531 1.000000
vt 0.144531 0.500000
vt 0.140625 1.000000
vt 0.140625 0.500000
vt 0.136719 1.000000
vt 0.136719 0.500000
vt 0.132812 1.000000
vt 0.132812 0.500000
vt 0.128906 1.000000
vt 0.128906 0.500000
vt 0.125000 1.000000
vt 0.125000 0.500000
vt 0.121094 1.000000
vt 0.121094 0.500000
vt 0.117188 1.000000
vt 0.117188 0.500000
vt 0.113281 1.000000
vt 0.113281 0.500000
vt 0.109375 1.000000
vt 0.109375 0.500000
vt 0.105469 1.000000
vt 0.105469 0.500000
vt 0.101562 1.000000
vt 0.101562 0.500000
vt 0.097656 1.000000
vt 0.097656 0.500000
vt 0.093750 1.000000
vt 0.093750 0.500000
vt 0.089844 1.000000
vt 0.089844 0.500000
vt 0.085938 1.000000
vt 0.085938 0.500000
vt 0.082031 1.000000
vt 0.082031 0.500000
vt 0.078125 1.000000
vt 0.078125 0.500000
vt 0.074219 1.000000
vt 0.074219 0.500000
vt 0.070312 1.000000
vt 0.070312 0.500000
vt 0.066406 1.000000
vt 0.066406 0.500000
vt 0.062500 1.000000
vt 0.062500 0.500000
vt 0.058594 1.000000
vt 0.058594 0.500000
vt 0.054688 1.000000
vt 0.054688 0.500000
vt 0.050781 1.000000
vt 0.050781 0.500000
vt 0.046875 1.000000
vt 0.046875 0.500000
vt 0.042969 1.000000
vt 0.042969 0.500000
vt 0.039062 1.000000
vt 0.039062 0.500000
vt 0.035156 1.000000
vt 0.035156 0.500000
vt 0.031250 1.000000
vt 0.031250 0.500000
vt 0.027344 1.000000
vt 0.027344 0.500000
vt 0.023438 1.000000
vt 0.023438 0.500000
vt 0.019531 1.000000
vt 0.019531 0.500000
vt 0.015625 1.000000
vt 0.015625 0.500000
vt 0.011719 1.000000
vt 0.011719 0.500000
vt 0.007812 1.000000
vt 0.007812 0.500000
vt 0.255890 0.489928
vt 0.250000 0.490000
vt 0.244110 0.489928
vt 0.238224 0.489711
vt 0.232345 0.489350
vt 0.226476 0.488844
vt 0.220621 0.488195
vt 0.214785 0.487402
vt 0.208969 0.486467
vt 0.203178 0.485388
vt 0.197416 0.484168
vt 0.191685 0.482807
vt 0.185989 0.481306
vt 0.180332 0.479666
vt 0.174716 0.477887
vt 0.169146 0.475971
vt 0.163625 0.473918
vt 0.158156 0.471731
vt 0.152742 0.469410
vt 0.147387 0.466957
vt 0.142093 0.464374
vt 0.136865 0.461661
vt 0.131704 0.458821
vt 0.126615 0.455855
vt 0.121601 0.452765
vt 0.116663 0.449553
vt 0.111806 0.446220
vt 0.107032 0.442770
vt 0.102344 0.439203
vt 0.097746 0.435522
vt 0.093239 0.431730
vt 0.088826 0.427828
vt 0.084510 0.423819
vt 0.080294 0.419706
vt 0.076181 0.415490
vt 0.072172 0.411174
vt 0.068270 0.406761
vt 0.064478 0.402254
vt 0.060797 0.397656
vt 0.057230 0.392968
vt 0.053780 0.388194
vt 0.050447 0.383337
vt 0.047235 0.378399
vt 0.044145 0.373385
vt 0.041179 0.368296
vt 0.038339 0.363135
vt 0.035626 0.357907
vt 0.033043 0.352613
vt 0.030590 0.347258
vt 0.028269 0.341844
vt 0.026082 0.336375
vt 0.024029 0.330854
vt 0.022113 0.325284
vt 0.020334 0.319668
vt 0.018694 0.314011
vt 0.017193 0.308315
vt 0.015832 0.302584
vt 0.014612 0.296822
vt 0.013533 0.291031
vt 0.012598 0.285215
vt 0.011805 0.279379
vt 0.011156 0.273524
vt 0.010650 0.267655
vt 0.010289 0.261776
vt 0.010072 0.255890
vt 0.010000 0.250000
vt 0.010072 0.244110
vt 0.010289 0.238224
vt 0.010650 0.232345
vt 0.011156 0.226476
vt 0.011805 0.220621
vt 0.012598 0.214785
vt 0.013533 0.208969
vt 0.014612 0.203178
vt 0.015832 0.197416
vt 0.017193 0.191685
vt 0.018694 0.185989
vt 0.020334 0.180332
vt 0.022113 0.174716
vt 0.024029 0.169146
vt 0.026082 0.163625
vt 0.028269 0.158156
vt 0.030590 0.152742
vt 0.033043 0.147387
vt 0.035626 0.142093
vt 0.038339 0.136865
vt 0.041179 0.131704
vt 0.044145 0.126615
vt 0.047235 0.121601
vt 0.050447 0.116663
vt 0.053780 0.111806
vt 0.057230 0.107032
vt 0.060797 0.102344
vt 0.064478 0.097746
vt 0.068270 0.093239
vt 0.072172 0.088826
vt 0.076181 0.084510
vt 0.080294 0.080294
vt 0.084510 0.076181
vt 0.088826 0.072172
vt 0.093239 0.068270
vt 0.097746 0.064478
vt 0.102344 0.060797
vt 0.107032 0.057230
vt 0.111806 0.053780
vt 0.116663 0.050447
vt 0.121601 0.047235
vt 0.126615 0.044145
vt 0.131704 0.041179
vt 0.136865 0.038339
vt 0.142093 0.035626
vt 0.147387 0.033043
vt 0.152742 0.030590
vt 0.158156 0.028269
vt 0.163625 0.026082
vt 0.169146 0.024029
vt 0.174716 0.022113
vt 0.180332 0.020334
vt 0.185989 0.018694
vt 0.191685 0.017193
vt 0.197416 0.015832
vt 0.203178 0.014612
vt 0.208969 0.013533
vt 0.214785 0.012598
vt 0.220621 0.011805
vt 0.226476 0.011156
vt 0.232345 0.010650
vt 0.238224 0.010289
vt 0.244110 0.010072
vt 0.250000 0.010000
vt 0.255890 0.010072
vt 0.261776 0.010289
vt 0.267655 0.010650
vt 0.273524 0.011156
vt 0.279379 0.011805
vt 0.285215 0.012598
vt 0.291031 0.013533
vt 0.296822 0.014612
vt 0.302584 0.015832
vt 0.308315 0.017193
vt 0.314011 0.018694
vt 0.319668 0.020334
vt 0.325284 0.022113
vt 0.330854 0.024029
vt 0.336375 0.026082
vt 0.341844 0.028269
vt 0.347258 0.030590
vt 0.352613 0.033043
vt 0.357907 0.035626
vt 0.363135 0.038339
vt 0.368296 0.041179
vt 0.373385 0.044145
vt 0.378399 0.047235
vt 0.383337 0.050447
vt 0.388194 0.053780
vt 0.392968 0.057230
vt 0.397656 0.060797
vt 0.402254 0.064478
vt 0.406761 0.068270
vt 0.411174 0.072172
vt 0.415490 0.076181
vt 0.419706 0.080294
vt 0.423819 0.084510
vt 0.427828 0.088826
vt 0.431730 0.093239
vt 0.435522 0.097746
vt 0.439203 0.102344
vt 0.442770 0.107032
vt 0.446220 0.111806
vt 0.449553 0.116663
vt 0.452765 0.121601
vt 0.455855 0.126615
vt 0.458821 0.131704
vt 0.461661 0.136865
vt 0.464374 0.142093
vt 0.466957 0.147387
vt 0.469410 0.152742
vt 0.471731 0.158156
vt 0.473918 0.163625
vt 0.475971 0.169146
vt 0.477887 0.174716
vt 0.479666 0.180332
vt 0.481306 0.185989
vt 0.482807 0.191685
vt 0.484168 0.197416
vt 0.485388 0.203178
vt 0.486467 0.208969
vt 0.487402 0.214785
vt 0.488195 0.220621
vt 0.488844 0.226476
vt 0.489350 0.232345
vt 0.489711 0.238224
vt 0.489928 0.244110
vt 0.490000 0.250000
vt 0.489928 0.255890
vt 0.489711 0.261776
vt 0.489350 0.267655
vt 0.488844 0.273524
vt 0.488195 0.279379
vt 0.487402 0.285215
vt 0.486467 0.291031
vt 0.485388 0.296822
vt 0.484168 0.302584
vt 0.482807 0.308315
vt 0.481306 0.314011
vt 0.479666 0.319668
vt 0.477887 0.325284
vt 0.475971 0.330854
vt 0.473918 0.336375
vt 0.471731 0.341844
vt 0.469410 0.347258
vt 0.466957 0.352613
vt 0.464374 0.357907
vt 0.461661 0.363135
vt 0.458821 0.368296
vt 0.455855 0.373385
vt 0.452765 0.378399
vt 0.449553 0.383337
vt 0.446220 0.388194
vt 0.442770 0.392968
vt 0.439203 0.397656
vt 0.435522 0.402254
vt 0.431730 0.406761
vt 0.427828 0.411174
vt 0.423819 0.415490
vt 0.419706 0.419706
vt 0.415490 0.423819
vt 0.411174 0.427828
vt 0.406761 0.431730
vt 0.402254 0.435522
vt 0.397656 0.439203
vt 0.392968 0.442770
vt 0.388194 0.446220
vt 0.383337 0.449553
vt 0.378399 0.452765
vt 0.373385 0.455855
vt 0.368296 0.458821
vt 0.363135 0.461661
vt 0.357907 0.464374
vt 0.352613 0.466957
vt 0.347258 0.469410
vt 0.341844 0.471731
vt 0.336375 0.473918
vt 0.330854 0.475971
vt 0.325284 0.477887
vt 0.319668 0.479666
vt 0.314011 0.481306
vt 0.308315 0.482807
vt 0.302584 0.484168
vt 0.296822 0.485388
vt 0.291031 0.486467
vt 0.285215 0.487402
vt 0.279379 0.488195
vt 0.273524 0.488844
vt 0.267655 0.489350
vt 0.261776 0.489711
vt 0.003906 1.000000
vt 0.003906 0.500000
vt 0.000000 1.000000
vt 0.000000 0.500000
vt 0.750000 0.490000
vt 0.755890 0.489928
vt 0.761776 0.489711
vt 0.767655 0.489350
vt 0.773524 0.488844
vt 0.779379 0.488195
vt 0.785215 0.487402
vt 0.791031 0.486467
vt 0.796822 0.485388
vt 0.802584 0.484168
vt 0.808315 0.482807
vt 0.814011 0.481306
vt 0.819668 0.479666
vt 0.825284 0.477887
vt 0.830854 0.475971
vt 0.836375 0.473918
vt 0.841844 0.471731
vt 0.847258 0.469410
vt 0.852613 0.466957
vt 0.857907 0.464374
vt 0.863135 0.461661
vt 0.868296 0.458821
vt 0.873385 0.455855
vt 0.878399 0.452765
vt 0.883337 0.449553
vt 0.888194 0.446220
vt 0.892968 0.442770
vt 0.897656 0.439203
vt 0.902254 0.435522
vt 0.906761 0.431730
vt 0.911174 0.427828
vt 0.915490 0.423819
vt 0.919706 0.419706
vt 0.923819 0.415490
vt 0.927828 0.411174
vt 0.931730 0.406761
vt 0.935522 0.402254
vt 0.939203 0.397656
vt 0.942770 0.392968
vt 0.946220 0.388194
vt 0.949553 0.383337
vt 0.952765 0.378399
vt 0.955855 0.373385
vt 0.958821 0.368296
vt 0.961661 0.363135
vt 0.964374 0.357907
vt 0.966957 0.352613
vt 0.969410 0.347258
vt 0.971731 0.341844
vt 0.973918 0.336375
vt 0.975971 0.330854
vt 0.977887 0.325284
vt 0.979666 0.319668
vt 0.981306 0.314011
vt 0.982808 0.308315
vt 0.984168 0.302584
vt 0.985388 0.296822
vt 0.986467 0.291031
vt 0.987402 0.285215
vt 0.988195 0.279379
vt 0.988844 0.273524
vt 0.989350 0.267655
vt 0.989711 0.261776
vt 0.989928 0.255890
vt 0.990000 0.250000
vt 0.989928 0.244110
vt 0.989711 0.238224
vt 0.989350 0.232345
vt 0.988844 0.226476
vt 0.988195 0.220621
vt 0.987402 0.214785
vt 0.986467 0.208969
vt 0.985388 0.203178
vt 0.984168 0.197416
vt 0.982808 0.191685
vt 0.981306 0.185989
vt 0.979666 0.180332
vt 0.977887 0.174716
vt 0.975971 0.169146
vt 0.973918 0.163625
vt 0.971731 0.158156
vt 0.969410 0.152742
vt 0.966957 0.147387
vt 0.964374 0.142093
vt 0.961661 0.136865
vt 0.958821 0.131704
vt 0.955855 0.126615
vt 0.952765 0.121601
vt 0.949553 0.116663
vt 0.946220 0.111806
vt 0.942770 0.107032
vt 0.939203 0.102344
vt 0.935522 0.097746
vt 0.931730 0.093239
vt 0.927828 0.088826
vt 0.923819 0.084510
vt 0.919706 0.080294
vt 0.915490 0.076181
vt 0.911174 0.072172
vt 0.906761 0.068270
vt 0.902254 0.064478
vt 0.897656 0.060797
vt 0.892968 0.057230
vt 0.888194 0.053780
vt 0.883337 0.050447
vt 0.878399 0.047235
vt 0.873385 0.044145
vt 0.868296 0.041179
vt 0.863135 0.038339
vt 0.857907 0.035626
vt 0.852613 0.033043
vt 0.847258 0.030590
vt 0.841844 0.028269
vt 0.836375 0.026082
vt 0.830854 0.024029
vt 0.825284 0.022113
vt 0.819668 0.020334
vt 0.814011 0.018694
vt 0.808315 0.017193
vt 0.802584 0.015832
vt 0.796822 0.014612
vt 0.791031 0.013533
vt 0.785215 0.012598
vt 0.779379 0.011805
vt 0.773524 0.011156
vt 0.767655 0.010650
vt 0.761776 0.010289
vt 0.755890 0.010072
vt 0.750000 0.010000
vt 0.744110 0.010072
vt 0.738224 0.010289
vt 0.732345 0.010650
vt 0.726476 0.011156
vt 0.720621 0.011805
vt 0.714785 0.012598
vt 0.708969 0.013533
vt 0.703178 0.014612
vt 0.697416 0.015832
vt 0.691685 0.017193
vt 0.685989 0.018694
vt 0.680332 0.020334
vt 0.674716 0.022113
vt 0.669146 0.024029
vt 0.663625 0.026082
vt 0.658156 0.028269
vt 0.652742 0.030590
vt 0.647387 0.033043
vt 0.642093 0.035626
vt 0.636865 0.038339
vt 0.631704 0.041179
vt 0.626615 0.044145
vt 0.621601 0.047235
vt 0.616663 0.050447
vt 0.611806 0.053780
vt 0.607032 0.057230
vt 0.602344 0.060797
vt 0.597746 0.064478
vt 0.593239 0.068270
vt 0.588826 0.072172
vt 0.584510 0.076181
vt 0.580294 0.080294
vt 0.576181 0.084510
vt 0.572172 0.088826
vt 0.568270 0.093239
vt 0.564478 0.097746
vt 0.560797 0.102344
vt 0.557230 0.107032
vt 0.553780 0.111806
vt 0.550447 0.116663
vt 0.547235 0.121601
vt 0.544145 0.126615
vt 0.541179 0.131704
vt 0.538339 0.136865
vt 0.535626 0.142093
vt 0.533043 0.147387
vt 0.530590 0.152742
vt 0.528269 0.158156
vt 0.526082 0.163625
vt 0.524029 0.169146
vt 0.522113 0.174716
vt 0.520334 0.180332
vt 0.518694 0.185989
vt 0.517192 0.191685
vt 0.515832 0.197416
vt 0.514612 0.203178
vt 0.513533 0.208969
vt 0.512598 0.214785
vt 0.511805 0.220621
vt 0.511156 0.226476
vt 0.510650 0.232345
vt 0.510289 0.238224
vt 0.510072 0.244110
vt 0.510000 0.250000
vt 0.510072 0.255890
vt 0.510289 0.261776
vt 0.510650 0.267655
vt 0.511156 0.273524
vt 0.511805 0.279379
vt 0.512598 0.285215
vt 0.513533 0.291031
vt 0.514612 0.296822
vt 0.515832 0.302584
vt 0.517192 0.308315
vt 0.518694 0.314011
vt 0.520334 0.319668
vt 0.522113 0.325284
vt 0.524029 0.330854
vt 0.526082 0.336375
vt 0.528269 0.341844
vt 0.530590 0.347258
vt 0.533043 0.352613
vt 0.535626 0.357907
vt 0.538339 0.363135
vt 0.541179 0.368296
vt 0.544145 0.373385
vt 0.547235 0.378399
vt 0.550447 0.383337
vt 0.553780 0.388194
vt 0.557230 0.392968
vt 0.560797 0.397656
vt 0.564478 0.402254
vt 0.568270 0.406761
vt 0.572172 0.411174
vt 0.576181 0.415490
vt 0.580294 0.419706
vt 0.584510 0.423819
vt 0.588826 0.427828
vt 0.593239 0.431730
vt 0.597746 0.435522
vt 0.602344 0.439203
vt 0.607032 0.442770
vt 0.611806 0.446220
vt 0.616663 0.449553
vt 0.621601 0.452765
vt 0.626615 0.455855
vt 0.631704 0.458821
vt 0.636865 0.461661
vt 0.642093 0.464374
vt 0.647387 0.466957
vt 0.652742 0.469410
vt 0.658156 0.471731
vt 0.663625 0.473918
vt 0.669146 0.475971
vt 0.674716 0.477887
vt 0.680332 0.479666
vt 0.685989 0.481306
vt 0.691685 0.482807
vt 0.697416 0.484168
vt 0.703178 0.485388
vt 0.708969 0.486467
vt 0.714785 0.487402
vt 0.720621 0.488195
vt 0.726476 0.488844
vt 0.732345 0.489350
vt 0.738224 0.489711
vt 0.744110 0.489928
s 1
usemtl BrightRed.001
f 1/1/1 2/2/1 4/3/1 3/4/1
f 3/4/2 4/3/2 6/5/2 5/6/2
f 5/6/3 6/5/3 8/7/3 7/8/3
f 7/8/4 8/7/4 10/9/4 9/10/4
f 9/10/5 10/9/5 12/11/5 11/12/5
f 11/12/6 12/11/6 14/13/6 13/14/6
f 13/14/7 14/13/7 16/15/7 15/16/7
f 15/16/8 16/15/8 18/17/8 17/18/8
f 17/18/9 18/17/9 20/19/9 19/20/9
f 19/20/10 20/19/10 22/21/10 21/22/10
f 21/22/11 22/21/11 24/23/11 23/24/11
f 23/24/12 24/23/12 26/25/12 25/26/12
f 25/26/13 26/25/13 28/27/13 27/28/13
f 27/28/14 28/27/14 30/29/14 29/30/14
f 29/30/15 30/29/15 32/31/15 31/32/15
f 31/32/16 32/31/16 34/33/16 33/34/16
f 33/34/17 34/33/17 36/35/17 35/36/17
f 35/36/18 36/35/18 38/37/18 37/38/18
f 37/38/19 38/37/19 40/39/19 39/40/19
f 39/40/20 40/39/20 42/41/20 41/42/20
f 41/42/21 42/41/21 44/43/21 43/44/21
f 43/44/22 44/43/22 46/45/22 45/46/22
f 45/46/23 46/45/23 48/47/23 47/48/23
f 47/48/24 48/47/24 50/49/24 49/50/24
f 49/50/25 50/49/25 52/51/25 51/52/25
f 51/52/26 52/51/26 54/53/26 53/54/26
f 53/54/27 54/53/27 56/55/27 55/56/27
f 55/56/28 56/55/28 58/57/28 57/58/28
f 57/58/29 58/57/29 60/59/29 59/60/29
f 59/60/30 60/59/30 62/61/30 61/62/30
f 61/62/31 62/61/31 64/63/31 63/64/31
f 63/64/32 64/63/32 66/65/32 65/66/32
f 65/66/33 66/65/33 68/67/33 67/68/33
f 67/68/34 68/67/34 70/69/34 69/70/34
f 69/70/35 70/69/35 72/71/35 71/72/35
f 71/72/36 72/71/36 74/73/36 73/74/36
f 73/74/37 74/73/37 76/75/37 75/76/37
f 75/76/38 76/75/38 78/77/38 77/78/38
f 77/78/39 78/77/39 80/79/39 79/80/39
f 79/80/40 80/79/40 82/81/40 81/82/40
f 81/82/41 82/81/41 84/83/41 83/84/41
f 83/84/42 84/83/42 86/85/42 85/86/42
f 85/86/43 86/85/43 88/87/43 87/88/43
f 87/88/44 88/87/44 90/89/44 89/90/44
f 89/90/45 90/89/45 92/91/45 91/92/45
f 91/92/46 92/91/46 94/93/46 93/94/46
f 93/94/47 94/93/47 96/95/47 95/96/47
f 95/96/48 96/95/48 98/97/48 97/98/48
f 97/98/49 98/97/49 100/99/49 99/100/49
f 99/100/50 100/99/50 102/101/50 101/102/50
f 101/102/51 102/101/51 104/103/51 103/104/51
f 103/104/52 104/103/52 106/105/52 105/106/52
f 105/106/53 106/105/53 108/107/53 107/108/53
f 107/108/54 108/107/54 110/109/54 109/110/54
f 109/110/55 110/109/55 112/111/55 111/112/55
f 111/112/56 112/111/56 114/113/56 113/114/56
f 113/114/57 114/113/57 116/115/57 115/116/57
f 115/116/58 116/115/58 118/117/58 117/118/58
f 117/118/59 118/117/59 120/119/59 119/120/59
f 119/120/60 120/119/60 122/121/60 121/122/60
f 121/122/61 122/121/61 124/123/61 123/124/61
f 123/124/62 124/123/62 126/125/62 125/126/62
f 125/126/63 126/125/63 128/127/63 127/128/63
f 127/128/64 128/127/64 130/129/64 129/130/64
f 129/130/65 130/129/65 132/131/65 131/132/65
f 131/132/66 132/131/66 134/133/66 133/134/66
f 133/134/67 134/133/67 136/135/67 135/136/67
f 135/136/68 136/135/68 138/137/68 137/138/68
f 137/138/69 138/137/69 140/139/69 139/140/69
f 139/140/70 140/139/70 142/141/70 141/142/70
f 141/142/71 142/141/71 144/143/71 143/144/71
f 143/144/72 144/143/72 146/145/72 145/146/72
f 145/146/73 146/145/73 148/147/73 147/148/73
f 147/148/74 148/147/74 150/149/74 149/150/74
f 149/150/75 150/149/75 152/151/75 151/152/75
f 151/152/76 152/151/76 154/153/76 153/154/76
f 153/154/77 154/153/77 156/155/77 155/156/77
f 155/156/78 156/155/78 158/157/78 157/158/78
f 157/158/79 158/157/79 160/159/79 159/160/79
f 159/160/80 160/159/80 162/161/80 161/162/80
f 161/162/81 162/161/81 164/163/81 163/164/81
f 163/164/82 164/163/82 166/165/82 165/166/82
f 165/166/83 166/165/83 168/167/83 167/168/83
f 167/168/84 168/167/84 170/169/84 169/170/84
f 169/170/85 170/169/85 172/171/85 171/172/85
f 171/172/86 172/171/86 174/173/86 173/174/86
f 173/174/87 174/173/87 176/175/87 175/176/87
f 175/176/88 176/175/88 178/177/88 177/178/88
f 177/178/89 178/177/89 180/179/89 179/180/89
f 179/180/90 180/179/90 182/181/90 181/182/90
f 181/182/91 182/181/91 184/183/91 183/184/91
f 183/184/92 184/183/92 186/185/92 185/186/92
f 185/186/93 186/185/93 188/187/93 187/188/93
f 187/188/94 188/187/94 190/189/94 189/190/94
f 189/190/95 190/189/95 192/191/95 191/192/95
f 191/192/96 192/191/96 194/193/96 193/194/96
f 193/194/97 194/193/97 196/195/97 195/196/97
f 195/196/98 196/195/98 198/197/98 197/198/98
f 197/198/99 198/197/99 200/199/99 199/200/99
f 199/200/100 200/199/100 202/201/100 201/202/100
f 201/202/101 202/201/101 204/203/101 203/204/101
f 203/204/102 204/203/102 206/205/102 205/206/102
f 205/206/103 206/205/103 208/207/103 207/208/103
f 207/208/104 208/207/104 210/209/104 209/210/104
f 209/210/105 210/209/105 212/211/105 211/212/105
f 211/212/106 212/211/106 214/213/106 213/214/106
f 213/214/107 214/213/107 216/215/107 215/216/107
f 215/216/108 216/215/108 218/217/108 217/218/108
f 217/218/109 218/217/109 220/219/109 219/220/109
f 219/220/110 220/219/110 222/221/110 221/222/110
f 221/222/111 222/221/111 224/223/111 223/224/111
f 223/224/112 224/223/112 226/225/112 225/226/112
f 225/226/113 226/225/113 228/227/113 227/228/113
f 227/228/114 228/227/114 230/229/114 229/230/114
f 229/230/115 230/229/115 232/231/115 231/232/115
f 231/232/116 232/231/116 234/233/116 233/234/116
f 233/234/117 234/233/117 236/235/117 235/236/117
f 235/236/118 236/235/118 238/237/118 237/238/118
f 237/238/119 238/237/119 240/239/119 239/240/119
f 239/240/120 240/239/120 242/241/120 241/242/120
f 241/242/121 242/241/121 244/243/121 243/244/121
f 243/244/122 244/243/122 246/245/122 245/246/122
f 245/246/123 246/245/123 248/247/123 247/248/123
f 247/248/124 248/247/124 250/249/124 249/250/124
f 249/250/125 250/249/125 252/251/125 251/252/125
f 251/252/126 252/251/126 254/253/126 253/254/126
f 253/254/127 254/253/127 256/255/127 255/256/127
f 255/256/128 256/255/128 258/257/128 257/258/128
f 257/258/129 258/257/129 260/259/129 259/260/129
f 259/260/130 260/259/130 262/261/130 261/262/130
f 261/262/131 262/261/131 264/263/131 263/264/131
f 263/264/132 264/263/132 266/265/132 265/266/132
f 265/266/133 266/265/133 268/267/133 267/268/133
f 267/268/134 268/267/134 270/269/134 269/270/134
f 269/270/135 270/269/135 272/271/135 271/272/135
f 271/272/136 272/271/136 274/273/136 273/274/136
f 273/274/137 274/273/137 276/275/137 275/276/137
f 275/276/138 276/275/138 278/277/138 277/278/138
f 277/278/139 278/277/139 280/279/139 279/280/139
f 279/280/140 280/279/140 282/281/140 281/282/140
f 281/282/141 282/281/141 284/283/141 283/284/141
f 283/284/142 284/283/142 286/285/142 285/286/142
f 285/286/143 286/285/143 288/287/143 287/288/143
f 287/288/144 288/287/144 290/289/144 289/290/144
f 289/290/145 290/289/145 292/291/145 291/292/145
f 291/292/146 292/291/146 294/293/146 293/294/146
f 293/294/147 294/293/147 296/295/147 295/296/147
f 295/296/148 296/295/148 298/297/148 297/298/148
f 297/298/149 298/297/149 300/299/149 299/300/149
f 299/300/150 300/299/150 302/301/150 301/302/150
f 301/302/151 302/301/151 304/303/151 303/304/151
f 303/304/152 304/303/152 306/305/152 305/306/152
f 305/306/153 306/305/153 308/307/153 307/308/153
f 307/308/154 308/307/154 310/309/154 309/310/154
f 309/310/155 310/309/155 312/311/155 311/312/155
f 311/312/156 312/311/156 314/313/156 313/314/156
f 313/314/157 314/313/157 316/315/157 315/316/157
f 315/316/158 316/315/158 318/317/158 317/318/158
f 317/318/159 318/317/159 320/319/159 319/320/159
f 319/320/160 320/319/160 322/321/160 321/322/160
f 321/322/161 322/321/161 324/323/161 323/324/161
f 323/324/162 324/323/162 326/325/162 325/326/162
f 325/326/163 326/325/163 328/327/163 327/328/163
f 327/328/164 328/327/164 330/329/164 329/330/164
f 329/330/165 330/329/165 332/331/165 331/332/165
f 331/332/166 332/331/166 334/333/166 333/334/166
f 333/334/167 334/333/167 336/335/167 335/336/167
f 335/336/168 336/335/168 338/337/168 337/338/168
f 337/338/169 338/337/169 340/339/169 339/340/169
f 339/340/170 340/339/170 342/341/170 341/342/170
f 341/342/171 342/341/171 344/343/171 343/344/171
f 343/344/172 344/343/172 346/345/172 345/346/172
f 345/346/173 346/345/173 348/347/173 347/348/173
f 347/348/174 348/347/174 350/349/174 349/350/174
f 349/350/175 350/349/175 352/351/175 351/352/175
f 351/352/176 352/351/176 354/353/176 353/354/176
f 353/354/177 354/353/177 356/355/177 355/356/177
f 355/356/178 356/355/178 358/357/178 357/358/178
f 357/358/179 358/357/179 360/359/179 359/360/179
f 359/360/180 360/359/180 362/361/180 361/362/180
f 361/362/181 362/361/181 364/363/181 363/364/181
f 363/364/182 364/363/182 366/365/182 365/366/182
f 365/366/183 366/365/183 368/367/183 367/368/183
f 367/368/184 368/367/184 370/369/184 369/370/184
f 369/370/185 370/369/185 372/371/185 371/372/185
f 371/372/186 372/371/186 374/373/186 373/374/186
f 373/374/187 374/373/187 376/375/187 375/376/187
f 375/376/188 376/375/188 378/377/188 377/378/188
f 377/378/189 378/377/189 380/379/189 379/380/189
f 379/380/190 380/379/190 382/381/190 381/382/190
f 381/382/191 382/381/191 384/383/191 383/384/191
f 383/384/192 384/383/192 386/385/192 385/386/192
f 385/386/193 386/385/193 388/387/193 387/388/193
f 387/388/194 388/387/194 390/389/194 389/390/194
f 389/390/195 390/389/195 392/391/195 391/392/195
f 391/392/196 392/391/196 394/393/196 393/394/196
f 393/394/197 394/393/197 396/395/197 395/396/197
f 395/396/198 396/395/198 398/397/198 397/398/198
f 397/398/199 398/397/199 400/399/199 399/400/199
f 399/400/200 400/399/200 402/401/200 401/402/200
f 401/402/201 402/401/201 404/403/201 403/404/201
f 403/404/202 404/403/202 406/405/202 405/406/202
f 405/406/203 406/405/203 408/407/203 407/408/203
f 407/408/204 408/407/204 410/409/204 409/410/204
f 409/410/205 410/409/205 412/411/205 411/412/205
f 411/412/206 412/411/206 414/413/206 413/414/206
f 413/414/207 414/413/207 416/415/207 415/416/207
f 415/416/208 416/415/208 418/417/208 417/418/208
f 417/418/209 418/417/209 420/419/209 419/420/209
f 419/420/210 420/419/210 422/421/210 421/422/210
f 421/422/211 422/421/211 424/423/211 423/424/211
f 423/424/212 424/423/212 426/425/212 425/426/212
f 425/426/213 426/425/213 428/427/213 427/428/213
f 427/428/214 428/427/214 430/429/214 429/430/214
f 429/430/215 430/429/215 432/431/215 431/432/215
f 431/432/216 432/431/216 434/433/216 433/434/216
f 433/434/217 434/433/217 436/435/217 435/436/217
f 435/436/218 436/435/218 438/437/218 437/438/218
f 437/438/219 438/437/219 440/439/219 439/440/219
f 439/440/220 440/439/220 442/441/220 441/442/220
f 441/442/221 442/441/221 444/443/221 443/444/221
f 443/444/222 444/443/222 446/445/222 445/446/222
f 445/446/223 446/445/223 448/447/223 447/448/223
f 447/448/224 448/447/224 450/449/224 449/450/224
f 449/450/225 450/449/225 452/451/225 451/452/225
f 451/452/226 452/451/226 454/453/226 453/454/226
f 453/454/227 454/453/227 456/455/227 455/456/227
f 455/456/228 456/455/228 458/457/228 457/458/228
f 457/458/229 458/457/229 460/459/229 459/460/229
f 459/460/230 460/459/230 462/461/230 461/462/230
f 461/462/231 462/461/231 464/463/231 463/464/231
f 463/464/232 464/463/232 466/465/232 465/466/232
f 465/466/233 466/465/233 468/467/233 467/468/233
f 467/468/234 468/467/234 470/469/234 469/470/234
f 469/470/235 470/469/235 472/471/235 471/472/235
f 471/472/236 472/471/236 474/473/236 473/474/236
f 473/474/237 474/473/237 476/475/237 475/476/237
f 475/476/238 476/475/238 478/477/238 477/478/238
f 477/478/239 478/477/239 480/479/239 479/480/239
f 479/480/240 480/479/240 482/481/240 481/482/240
f 481/482/241 482/481/241 484/483/241 483/484/241
f 483/484/242 484/483/242 486/485/242 485/486/242
f 485/486/243 486/485/243 488/487/243 487/488/243
f 487/488/244 488/487/244 490/489/244 489/490/244
f 489/490/245 490/489/245 492/491/245 491/492/245
f 491/492/246 492/491/246 494/493/246 493/494/246
f 493/494/247 494/493/247 496/495/247 495/496/247
f 495/496/248 496/495/248 498/497/248 497/498/248
f 497/498/249 498/497/249 500/499/249 499/500/249
f 499/500/250 500/499/250 502/501/250 501/502/250
f 501/502/251 502/501/251 504/503/251 503/504/251
f 503/504/252 504/503/252 506/505/252 505/506/252
f 505/506/253 506/505/253 508/507/253 507/508/253
f 507/508/254 508/507/254 510/509/254 509/510/254
f 4/511/255 2/512/255 512/513/255 510/514/255 508/515/255 506/516/255 504/517/255 502/518/255 500/519/255 498/520/255 496/521/255 494/522/255 492/523/255 490/524/255 488/525/255 486/526/255 484/527/255 482/528/255 480/529/255 478/530/255 476/531/255 474/532/255 472/533/255 470/534/255 468/535/255 466/536/255 464/537/255 462/538/255 460/539/255 458/540/255 456/541/255 454/542/255 452/543/255 450/544/255 448/545/255 446/546/255 444/547/255 442/548/255 440/549/255 438/550/255 436/551/255 434/552/255 432/553/255 430/554/255 428/555/255 426/556/255 424/557/255 422/558/255 420/559/255 418/560/255 416/561/255 414/562/255 412/563/255 410/564/255 408/565/255 406/566/255 404/567/255 402/568/255 400/569/255 398/570/255 396/571/255 394/572/255 392/573/255 390/574/255 388/575/255 386/576/255 384/577/255 382/578/255 380/579/255 378/580/255 376/581/255 374/582/255 372/583/255 370/584/255 368/585/255 366/586/255 364/587/255 362/588/255 360/589/255 358/590/255 356/591/255 354/592/255 352/593/255 350/594/255 348/595/255 346/596/255 344/597/255 342/598/255 340/599/255 338/600/255 336/601/255 334/602/255 332/603/255 330/604/255 328/605/255 326/606/255 324/607/255 322/608/255 320/609/255 318/610/255 316/611/255 314/612/255 312/613/255 310/614/255 308/615/255 306/616/255 304/617/255 302/618/255 300/619/255 298/620/255 296/621/255 294/622/255 292/623/255 290/624/255 288/625/255 286/626/255 284/627/255 282/628/255 280/629/255 278/630/255 276/631/255 274/632/255 272/633/255 270/634/255 268/635/255 266/636/255 264/637/255 262/638/255 260/639/255 258/640/255 256/641/255 254/642/255 252/643/255 250/644/255 248/645/255 246/646/255 244/647/255 242/648/255 240/649/255 238/650/255 236/651/255 234/652/255 232/653/255 230/654/255 228/655/255 226/656/255 224/657/255 222/658/255 220/659/255 218/660/255 216/661/255 214/662/255 212/663/255 210/664/255 208/665/255 206/666/255 204/667/255 202/668/255 200/669/255 198/670/255 196/671/255 194/672/255 192/673/255 190/674/255 188/675/255 186/676/255 184/677/255 182/678/255 180/679/255 178/680/255 176/681/255 174/682/255 172/683/255 170/684/255 168/685/255 166/686/255 164/687/255 162/688/255 160/689/255 158/690/255 156/691/255 154/692/255 152/693/255 150/694/255 148/695/255 146/696/255 144/697/255 142/698/255 140/699/255 138/700/255 136/701/255 134/702/255 132/703/255 130/704/255 128/705/255 126/706/255 124/707/255 122/708/255 120/709/255 118/710/255 116/711/255 114/712/255 112/713/255 110/714/255 108/715/255 106/716/255 104/717/255 102/718/255 100/719/255 98/720/255 96/721/255 94/722/255 92/723/255 90/724/255 88/725/255 86/726/255 84/727/255 82/728/255 80/729/255 78/730/255 76/731/255 74/732/255 72/733/255 70/734/255 68/735/255 66/736/255 64/737/255 62/738/255 60/739/255 58/740/255 56/741/255 54/742/255 52/743/255 50/744/255 48/745/255 46/746/255 44/747/255 42/748/255 40/749/255 38/750/255 36/751/255 34/752/255 32/753/255 30/754/255 28/755/255 26/756/255 24/757/255 22/758/255 20/759/255 18/760/255 16/761/255 14/762/255 12/763/255 10/764/255 8/765/255 6/766/255
f 509/510/256 510/509/256 512/767/256 511/768/256
f 511/768/257 512/767/257 2/769/257 1/770/257
f 1/771/258 3/772/258 5/773/258 7/774/258 9/775/258 11/776/258 13/777/258 15/778/258 17/779/258 19/780/258 21/781/258 23/782/258 25/783/258 27/784/258 29/785/258 31/786/258 33/787/258 35/788/258 37/789/258 39/790/258 41/791/258 43/792/258 45/793/258 47/794/258 49/795/258 51/796/258 53/797/258 55/798/258 57/799/258 59/800/258 61/801/258 63/802/258 65/803/258 67/804/258 69/805/258 71/806/258 73/807/258 75/808/258 77/809/258 79/810/258 81/811/258 83/812/258 85/813/258 87/814/258 89/815/258 91/816/258 93/817/258 95/818/258 97/819/258 99/820/258 101/821/258 103/822/258 105/823/258 107/824/258 109/825/258 111/826/258 113/827/258 115/828/258 117/829/258 119/830/258 121/831/258 123/832/258 125/833/258 127/834/258 129/835/258 131/836/258 133/837/258 135/838/258 137/839/258 139/840/258 141/841/258 143/842/258 145/843/258 147/844/258 149/845/258 151/846/258 153/847/258 155/848/258 157/849/258 159/850/258 161/851/258 163/852/258 165/853/258 167/854/258 169/855/258 171/856/258 173/857/258 175/858/258 177/859/258 179/860/258 181/861/258 183/862/258 185/863/258 187/864/258 189/865/258 191/866/258 193/867/258 195/868/258 197/869/258 199/870/258 201/871/258 203/872/258 205/873/258 207/874/258 209/875/258 211/876/258 213/877/258 215/878/258 217/879/258 219/880/258 221/881/258 223/882/258 225/883/258 227/884/258 229/885/258 231/886/258 233/887/258 235/888/258 237/889/258 239/890/258 241/891/258 243/892/258 245/893/258 247/894/258 249/895/258 251/896/258 253/897/258 255/898/258 257/899/258 259/900/258 261/901/258 263/902/258 265/903/258 267/904/258 269/905/258 271/906/258 273/907/258 275/908/258 277/909/258 279/910/258 281/911/258 283/912/258 285/913/258 287/914/258 289/915/258 291/916/258 293/917/258 295/918/258 297/919/258 299/920/258 301/921/258 303/922/258 305/923/258 307/924/258 309/925/258 311/926/258 313/927/258 315/928/258 317/929/258 319/930/258 321/931/258 323/932/258 325/933/258 327/934/258 329/935/258 331/936/258 333/937/258 335/938/258 337/939/258 339/940/258 341/941/258 343/942/258 345/943/258 347/944/258 349/945/258 351/946/258 353/947/258 355/948/258 357/949/258 359/950/258 361/951/258 363/952/258 365/953/258 367/954/258 369/955/258 371/956/258 373/957/258 375/958/258 377/959/258 379/960/258 381/961/258 383/962/258 385/963/258 387/964/258 389/965/258 391/966/258 393/967/258 395/968/258 397/969/258 399/970/258 401/971/258 403/972/258 405/973/258 407/974/258 409/975/258 411/976/258 413/977/258 415/978/258 417/979/258 419/980/258 421/981/258 423/982/258 425/983/258 427/984/258 429/985/258 431/986/258 433/987/258 435/988/258 437/989/258 439/990/258 441/991/258 443/992/258 445/993/258 447/994/258 449/995/258 451/996/258 453/997/258 455/998/258 457/999/258 459/1000/258 461/1001/258 463/1002/258 465/1003/258 467/1004/258 469/1005/258 471/1006/258 473/1007/258 475/1008/258 477/1009/258 479/1010/258 481/1011/258 483/1012/258 485/1013/258 487/1014/258 489/1015/258 491/1016/258 493/1017/258 495/1018/258 497/1019/258 499/1020/258 501/1021/258 503/1022/258 505/1023/258 507/1024/258 509/1025/258 511/1026/258
f 513/1/259 514/2/259 516/3/259 515/4/259
f 515/4/260 516/3/260 518/5/260 517/6/260
f 517/6/261 518/5/261 520/7/261 519/8/261
f 519/8/262 520/7/262 522/9/262 521/10/262
f 521/10/263 522/9/263 524/11/263 523/12/263
f 523/12/264 524/11/264 526/13/264 525/14/264
f 525/14/265 526/13/265 528/15/265 527/16/265
f 527/16/266 528/15/266 530/17/266 529/18/266
f 529/18/267 530/17/267 532/19/267 531/20/267
f 531/20/268 532/19/268 534/21/268 533/22/268
f 533/22/269 534/21/269 536/23/269 535/24/269
f 535/24/270 536/23/271 538/25/270 537/26/270
f 537/26/272 538/25/272 540/27/272 539/28/272
f 539/28/273 540/27/273 542/29/273 541/30/273
f 541/30/274 542/29/274 544/31/274 543/32/274
f 543/32/275 544/31/275 546/33/275 545/34/275
f 545/34/276 546/33/276 548/35/276 547/36/276
f 547/36/277 548/35/277 550/37/277 549/38/277
f 549/38/278 550/37/278 552/39/278 551/40/278
f 551/40/279 552/39/279 554/41/279 553/42/279
f 553/42/280 554/41/280 556/43/280 555/44/280
f 555/44/281 556/43/281 558/45/281 557/46/281
f 557/46/282 558/45/282 560/47/282 559/48/282
f 559/48/283 560/47/283 562/49/283 561/50/283
f 561/50/284 562/49/284 564/51/284 563/52/284
f 563/52/285 564/51/285 566/53/285 565/54/285
f 565/54/286 566/53/286 568/55/286 567/56/286
f 567/56/287 568/55/288 570/57/287 569/58/287
f 569/58/289 570/57/289 572/59/289 571/60/289
f 571/60/290 572/59/290 574/61/290 573/62/290
f 573/62/291 574/61/291 576/63/291 575/64/291
f 575/64/292 576/63/292 578/65/292 577/66/292
f 577/66/293 578/65/293 580/67/293 579/68/293
f 579/68/294 580/67/294 582/69/294 581/70/294
f 581/70/295 582/69/295 584/71/295 583/72/295
f 583/72/296 584/71/296 586/73/296 585/74/296
f 585/74/297 586/73/297 588/75/297 587/76/297
f 587/76/298 588/75/298 590/77/298 589/78/298
f 589/78/299 590/77/299 592/79/299 591/80/299
f 591/80/300 592/79/300 594/81/300 593/82/300
f 593/82/301 594/81/301 596/83/301 595/84/301
f 595/84/302 596/83/302 598/85/302 597/86/302
f 597/86/303 598/85/303 600/87/303 599/88/303
f 599/88/304 600/87/304 602/89/304 601/90/304
f 601/90/305 602/89/305 604/91/305 603/92/305
f 603/92/306 604/91/306 606/93/306 605/94/306
f 605/94/307 606/93/307 608/95/307 607/96/307
f 607/96/308 608/95/308 610/97/308 609/98/308
f 609/98/309 610/97/309 612/99/309 611/100/309
f 611/100/310 612/99/310 614/101/310 613/102/310
f 613/102/311 614/101/311 616/103/311 615/104/311
f 615/104/312 616/103/312 618/105/312 617/106/312
f 617/106/313 618/105/313 620/107/313 619/108/314
f 619/108/315 620/107/315 622/109/315 621/110/315
f 621/110/316 622/109/316 624/111/316 623/112/316
f 623/112/317 624/111/317 626/113/317 625/114/317
f 625/114/318 626/113/318 628/115/318 627/116/318
f 627/116/319 628/115/319 630/117/319 629/118/319
f 629/118/320 630/117/320 632/119/320 631/120/320
f 631/120/321 632/119/321 634/121/321 633/122/321
f 633/122/322 634/121/322 636/123/322 635/124/322
f 635/124/323 636/123/323 638/125/323 637/126/323
f 637/126/324 638/125/324 640/127/324 639/128/324
f 639/128/325 640/127/325 642/129/325 641/130/325
f 641/130/326 642/129/326 644/131/326 643/132/326
f 643/132/327 644/131/327 646/133/327 645/134/327
f 645/134/328 646/133/328 648/135/328 647/136/328
f 647/136/329 648/135/329 650/137/329 649/138/329
f 649/138/330 650/137/330 652/139/330 651/140/330
f 651/140/331 652/139/331 654/141/331 653/142/331
f 653/142/332 654/141/332 656/143/332 655/144/332
f 655/144/333 656/143/333 658/145/333 657/146/333
f 657/146/334 658/145/334 660/147/334 659/148/334
f 659/148/335 660/147/335 662/149/335 661/150/335
f 661/150/336 662/149/336 664/151/336 663/152/336
f 663/152/337 664/151/337 666/153/337 665/154/337
f 665/154/338 666/153/338 668/155/338 667/156/338
f 667/156/339 668/155/339 670/157/339 669/158/339
f 669/158/340 670/157/340 672/159/340 671/160/340
f 671/160/341 672/159/341 674/161/341 673/162/341
f 673/162/342 674/161/342 676/163/342 675/164/342
f 675/164/343 676/163/343 678/165/343 677/166/343
f 677/166/344 678/165/344 680/167/344 679/168/344
f 679/168/345 680/167/345 682/169/345 681/170/345
f 681/170/346 682/169/346 684/171/346 683/172/346
f 683/172/347 684/171/348 686/173/347 685/174/347
f 685/174/349 686/173/349 688/175/349 687/176/349
f 687/176/350 688/175/350 690/177/350 689/178/350
f 689/178/351 690/177/351 692/179/351 691/180/351
f 691/180/352 692/179/352 694/181/352 693/182/352
f 693/182/353 694/181/353 696/183/353 695/184/353
f 695/184/354 696/183/354 698/185/354 697/186/354
f 697/186/355 698/185/355 700/187/355 699/188/355
f 699/188/356 700/187/356 702/189/356 701/190/356
f 701/190/357 702/189/357 704/191/357 703/192/357
f 703/192/358 704/191/358 706/193/358 705/194/358
f 705/194/359 706/193/359 708/195/359 707/196/359
f 707/196/360 708/195/360 710/197/360 709/198/360
f 709/198/361 710/197/361 712/199/361 711/200/361
f 711/200/362 712/199/362 714/201/362 713/202/362
f 713/202/363 714/201/363 716/203/363 715/204/363
f 715/204/364 716/203/364 718/205/364 717/206/364
f 717/206/365 718/205/365 720/207/365 719/208/365
f 719/208/366 720/207/366 722/209/366 721/210/366
f 721/210/367 722/209/367 724/211/367 723/212/367
f 723/212/368 724/211/368 726/213/368 725/214/368
f 725/214/369 726/213/369 728/215/369 727/216/370
f 727/216/371 728/215/371 730/217/371 729/218/371
f 729/218/372 730/217/372 732/219/372 731/220/372
f 731/220/373 732/219/373 734/221/373 733/222/373
f 733/222/374 734/221/374 736/223/374 735/224/374
f 735/224/375 736/223/375 738/225/375 737/226/375
f 737/226/376 738/225/376 740/227/376 739/228/376
f 739/228/377 740/227/377 742/229/377 741/230/377
f 741/230/378 742/229/378 744/231/378 743/232/378
f 743/232/379 744/231/379 746/233/379 745/234/379
f 745/234/380 746/233/380 748/235/380 747/236/380
f 747/236/381 748/235/381 750/237/381 749/238/381
f 749/238/382 750/237/382 752/239/382 751/240/382
f 751/240/383 752/239/383 754/241/383 753/242/383
f 753/242/384 754/241/384 756/243/384 755/244/384
f 755/244/385 756/243/385 758/245/385 757/246/385
f 757/246/386 758/245/386 760/247/386 759/248/386
f 759/248/387 760/247/387 762/249/387 761/250/387
f 761/250/388 762/249/388 764/251/388 763/252/388
f 763/252/389 764/251/389 766/253/389 765/254/389
f 765/254/390 766/253/390 768/255/390 767/256/390
f 767/256/391 768/255/391 770/257/391 769/258/391
f 769/258/392 770/257/392 772/259/392 771/260/392
f 771/260/393 772/259/393 774/261/393 773/262/393
f 773/262/394 774/261/394 776/263/394 775/264/394
f 775/264/395 776/263/395 778/265/395 777/266/395
f 777/266/396 778/265/396 780/267/396 779/268/396
f 779/268/397 780/267/397 782/269/397 781/270/397
f 781/270/398 782/269/398 784/271/398 783/272/398
f 783/272/399 784/271/399 786/273/399 785/274/399
f 785/274/400 786/273/400 788/275/400 787/276/400
f 787/276/401 788/275/401 790/277/401 789/278/401
f 789/278/402 790/277/402 792/279/402 791/280/402
f 791/280/403 792/279/404 794/281/403 793/282/403
f 793/282/405 794/281/405 796/283/405 795/284/405
f 795/284/406 796/283/406 798/285/406 797/286/406
f 797/286/407 798/285/407 800/287/407 799/288/407
f 799/288/408 800/287/408 802/289/408 801/290/408
f 801/290/409 802/289/409 804/291/409 803/292/409
f 803/292/410 804/291/410 806/293/410 805/294/410
f 805/294/411 806/293/411 808/295/411 807/296/411
f 807/296/412 808/295/412 810/297/412 809/298/412
f 809/298/413 810/297/413 812/299/413 811/300/413
f 811/300/414 812/299/414 814/301/414 813/302/414
f 813/302/415 814/301/415 816/303/415 815/304/415
f 815/304/416 816/303/416 818/305/416 817/306/416
f 817/306/417 818/305/417 820/307/417 819/308/417
f 819/308/418 820/307/418 822/309/418 821/310/418
f 821/310/419 822/309/419 824/311/419 823/312/419
f 823/312/420 824/311/420 826/313/420 825/314/420
f 825/314/421 826/313/421 828/315/421 827/316/421
f 827/316/422 828/315/422 830/317/422 829/318/422
f 829/318/423 830/317/423 832/319/423 831/320/423
f 831/320/424 832/319/424 834/321/424 833/322/424
f 833/322/425 834/321/425 836/323/425 835/324/425
f 835/324/426 836/323/426 838/325/426 837/326/426
f 837/326/427 838/325/427 840/327/427 839/328/427
f 839/328/428 840/327/428 842/329/428 841/330/428
f 841/330/429 842/329/429 844/331/429 843/332/429
f 843/332/430 844/331/430 846/333/430 845/334/430
f 845/334/431 846/333/431 848/335/431 847/336/431
f 847/336/432 848/335/432 850/337/432 849/338/432
f 849/338/433 850/337/433 852/339/433 851/340/433
f 851/340/434 852/339/434 854/341/434 853/342/434
f 853/342/435 854/341/435 856/343/435 855/344/435
f 855/344/436 856/343/436 858/345/436 857/346/436
f 857/346/437 858/345/437 860/347/437 859/348/437
f 859/348/438 860/347/438 862/349/438 861/350/438
f 861/350/439 862/349/439 864/351/439 863/352/439
f 863/352/440 864/351/440 866/353/440 865/354/440
f 865/354/441 866/353/441 868/355/441 867/356/441
f 867/356/442 868/355/442 870/357/442 869/358/442
f 869/358/443 870/357/443 872/359/443 871/360/443
f 871/360/444 872/359/444 874/361/444 873/362/444
f 873/362/445 874/361/445 876/363/445 875/364/446
f 875/364/447 876/363/447 878/365/447 877/366/447
f 877/366/448 878/365/448 880/367/448 879/368/448
f 879/368/449 880/367/449 882/369/449 881/370/449
f 881/370/450 882/369/450 884/371/450 883/372/450
f 883/372/451 884/371/451 886/373/451 885/374/451
f 885/374/452 886/373/452 888/375/452 887/376/452
f 887/376/453 888/375/453 890/377/453 889/378/453
f 889/378/454 890/377/454 892/379/454 891/380/454
f 891/380/455 892/379/455 894/381/455 893/382/455
f 893/382/456 894/381/456 896/383/456 895/384/456
f 895/384/457 896/383/457 898/385/457 897/386/457
f 897/386/458 898/385/458 900/387/458 899/388/458
f 899/388/459 900/387/459 902/389/459 901/390/459
f 901/390/460 902/389/460 904/391/460 903/392/460
f 903/392/461 904/391/461 906/393/461 905/394/461
f 905/394/462 906/393/462 908/395/462 907/396/462
f 907/396/463 908/395/463 910/397/463 909/398/463
f 909/398/464 910/397/464 912/399/464 911/400/464
f 911/400/465 912/399/465 914/401/465 913/402/465
f 913/402/466 914/401/466 916/403/466 915/404/466
f 915/404/467 916/403/467 918/405/467 917/406/467
f 917/406/468 918/405/468 920/407/468 919/408/468
f 919/408/469 920/407/469 922/409/469 921/410/469
f 921/410/470 922/409/470 924/411/470 923/412/470
f 923/412/471 924/411/471 926/413/471 925/414/471
f 925/414/472 926/413/472 928/415/472 927/416/472
f 927/416/473 928/415/473 930/417/473 929/418/473
f 929/418/474 930/417/474 932/419/474 931/420/474
f 931/420/475 932/419/475 934/421/475 933/422/475
f 933/422/476 934/421/476 936/423/476 935/424/476
f 935/424/477 936/423/477 938/425/477 937/426/477
f 937/426/478 938/425/478 940/427/478 939/428/478
f 939/428/479 940/427/479 942/429/479 941/430/479
f 941/430/480 942/429/480 944/431/480 943/432/480
f 943/432/481 944/431/481 946/433/481 945/434/481
f 945/434/482 946/433/482 948/435/482 947/436/482
f 947/436/483 948/435/483 950/437/483 949/438/483
f 949/438/484 950/437/484 952/439/484 951/440/484
f 951/440/485 952/439/485 954/441/485 953/442/485
f 953/442/486 954/441/486 956/443/486 955/444/486
f 955/444/487 956/443/487 958/445/487 957/446/487
f 957/446/488 958/445/488 960/447/488 959/448/488
f 959/448/489 960/447/489 962/449/489 961/450/489
f 961/450/490 962/449/490 964/451/490 963/452/490
f 963/452/491 964/451/491 966/453/491 965/454/491
f 965/454/492 966/453/492 968/455/492 967/456/492
f 967/456/493 968/455/493 970/457/493 969/458/493
f 969/458/494 970/457/494 972/459/494 971/460/494
f 971/460/495 972/459/495 974/461/495 973/462/495
f 973/462/496 974/461/496 976/463/496 975/464/496
f 975/464/497 976/463/497 978/465/497 977/466/497
f 977/466/498 978/465/498 980/467/498 979/468/498
f 979/468/499 980/467/499 982/469/499 981/470/499
f 981/470/500 982/469/500 984/471/500 983/472/500
f 983/472/501 984/471/501 986/473/501 985/474/501
f 985/474/502 986/473/502 988/475/502 987/476/502
f 987/476/503 988/475/503 990/477/503 989/478/503
f 989/478/504 990/477/504 992/479/504 991/480/504
f 991/480/505 992/479/505 994/481/505 993/482/505
f 993/482/506 994/481/506 996/483/506 995/484/506
f 995/484/507 996/483/507 998/485/507 997/486/507
f 997/486/508 998/485/508 1000/487/508 999/488/508
f 999/488/509 1000/487/509 1002/489/509 1001/490/509
f 1001/490/510 1002/489/510 1004/491/510 1003/492/510
f 1003/492/511 1004/491/511 1006/493/511 1005/494/511
f 1005/494/512 1006/493/512 1008/495/512 1007/496/512
f 1007/496/513 1008/495/513 1010/497/513 1009/498/513
f 1009/498/514 1010/497/514 1012/499/514 1011/500/514
f 1011/500/515 1012/499/515 1014/501/515 1013/502/515
f 1013/502/516 1014/501/516 1016/503/516 1015/504/516
f 1015/504/517 1016/503/517 1018/505/517 1017/506/517
f 1017/506/518 1018/505/518 1020/507/518 1019/508/518
f 1019/508/519 1020/507/519 1022/509/519 1021/510/519
f 516/511/520 514/512/520 1024/513/520 1022/514/520 1020/515/520 1018/516/520 1016/517/520 1014/518/520 1012/519/520 1010/520/520 1008/521/520 1006/522/520 1004/523/520 1002/524/520 1000/525/520 998/526/520 996/527/520 994/528/520 992/529/520 990/530/520 988/531/520 986/532/520 984/533/520 982/534/520 980/535/520 978/536/520 976/537/520 974/538/520 972/539/520 970/540/520 968/541/520 966/542/520 964/543/520 962/544/520 960/545/520 958/546/520 956/547/520 954/548/520 952/549/520 950/550/520 948/551/520 946/552/520 944/553/520 942/554/520 940/555/520 938/556/520 936/557/520 934/558/520 932/559/520 930/560/520 928/561/520 926/562/520 924/563/520 922/564/520 920/565/520 918/566/520 916/567/520 914/568/520 912/569/520 910/570/520 908/571/520 906/572/520 904/573/520 902/574/520 900/575/520 898/576/520 896/577/520 894/578/520 892/579/520 890/580/520 888/581/520 886/582/520 884/583/520 882/584/520 880/585/520 878/586/520 876/587/520 874/588/520 872/589/520 870/590/520 868/591/520 866/592/520 864/593/520 862/594/520 860/595/520 858/596/520 856/597/520 854/598/520 852/599/520 850/600/520 848/601/520 846/602/520 844/603/520 842/604/520 840/605/520 838/606/520 836/607/520 834/608/520 832/609/520 830/610/520 828/611/520 826/612/520 824/613/520 822/614/520 820/615/520 818/616/520 816/617/520 814/618/520 812/619/520 810/620/520 808/621/520 806/622/520 804/623/520 802/624/520 800/625/520 798/626/520 796/627/520 794/628/520 792/629/520 790/630/520 788/631/520 786/632/520 784/633/520 782/634/520 780/635/520 778/636/520 776/637/520 774/638/520 772/639/520 770/640/520 768/641/520 766/642/520 764/643/520 762/644/520 760/645/520 758/646/520 756/647/520 754/648/520 752/649/520 750/650/520 748/651/520 746/652/520 744/653/520 742/654/520 740/655/520 738/656/520 736/657/520 734/658/520 732/659/520 730/660/520 728/661/520 726/662/520 724/663/520 722/664/520 720/665/520 718/666/520 716/667/520 714/668/520 712/669/520 710/670/520 708/671/520 706/672/520 704/673/520 702/674/520 700/675/520 698/676/520 696/677/520 694/678/520 692/679/520 690/680/520 688/681/520 686/682/520 684/683/520 682/684/520 680/685/520 678/686/520 676/687/520 674/688/520 672/689/520 670/690/520 668/691/520 666/692/520 664/693/520 662/694/520 660/695/520 658/696/520 656/697/520 654/698/520 652/699/520 650/700/520 648/701/520 646/702/520 644/703/520 642/704/520 640/705/520 638/706/520 636/707/520 634/708/520 632/709/520 630/710/520 628/711/520 626/712/520 624/713/520 622/714/520 620/715/520 618/716/520 616/717/520 614/718/520 612/719/520 610/720/520 608/721/520 606/722/520 604/723/520 602/724/520 600/725/520 598/726/520 596/727/520 594/728/520 592/729/520 590/730/520 588/731/520 586/732/520 584/733/520 582/734/520 580/735/520 578/736/520 576/737/520 574/738/520 572/739/520 570/740/520 568/741/520 566/742/520 564/743/520 562/744/520 560/745/520 558/746/520 556/747/520 554/748/520 552/749/520 550/750/520 548/751/520 546/752/520 544/753/520 542/754/520 540/755/520 538/756/520 536/757/520 534/758/520 532/759/520 530/760/520 528/761/520 526/762/520 524/763/520 522/764/520 520/765/520 518/766/520
f 1021/510/521 1022/509/521 1024/767/521 1023/768/521
f 1023/768/522 1024/767/522 514/769/522 513/770/522
f 513/771/523 515/772/523 517/773/523 519/774/523 521/775/523 523/776/523 525/777/523 527/778/523 529/779/523 531/780/523 533/781/523 535/782/523 537/783/523 539/784/523 541/785/523 543/786/523 545/787/523 547/788/523 549/789/523 551/790/523 553/791/523 555/792/523 557/793/523 559/794/523 561/795/523 563/796/523 565/797/523 567/798/523 569/799/523 571/800/523 573/801/523 575/802/523 577/803/523 579/804/523 581/805/523 583/806/523 585/807/523 587/808/523 589/809/523 591/810/523 593/811/523 595/812/523 597/813/523 599/814/523 601/815/523 603/816/523 605/817/523 607/818/523 609/819/523 611/820/523 613/821/523 615/822/523 617/823/523 619/824/523 621/825/523 623/826/523 625/827/523 627/828/523 629/829/523 631/830/523 633/831/523 635/832/523 637/833/523 639/834/523 641/835/523 643/836/523 645/837/523 647/838/523 649/839/523 651/840/523 653/841/523 655/842/523 657/843/523 659/844/523 661/845/523 663/846/523 665/847/523 667/848/523 669/849/523 671/850/523 673/851/523 675/852/523 677/853/523 679/854/523 681/855/523 683/856/523 685/857/523 687/858/523 689/859/523 691/860/523 693/861/523 695/862/523 697/863/523 699/864/523 701/865/523 703/866/523 705/867/523 707/868/523 709/869/523 711/870/523 713/871/523 715/872/523 717/873/523 719/874/523 721/875/523 723/876/523 725/877/523 727/878/523 729/879/523 731/880/523 733/881/523 735/882/523 737/883/523 739/884/523 741/885/523 743/886/523 745/887/523 747/888/523 749/889/523 751/890/523 753/891/523 755/892/523 757/893/523 759/894/523 761/895/523 763/896/523 765/897/523 767/898/523 769/899/523 771/900/523 773/901/523 775/902/523 777/903/523 779/904/523 781/905/523 783/906/523 785/907/523 787/908/523 789/909/523 791/910/523 793/911/523 795/912/523 797/913/523 799/914/523 801/915/523 803/916/523 805/917/523 807/918/523 809/919/523 811/920/523 813/921/523 815/922/523 817/923/523 819/924/523 821/925/523 823/926/523 825/927/523 827/928/523 829/929/523 831/930/523 833/931/523 835/932/523 837/933/523 839/934/523 841/935/523 843/936/523 845/937/523 847/938/523 849/939/523 851/940/523 853/941/523 855/942/523 857/943/523 859/944/523 861/945/523 863/946/523 865/947/523 867/948/523 869/949/523 871/950/523 873/951/523 875/952/523 877/953/523 879/954/523 881/955/523 883/956/523 885/957/523 887/958/523 889/959/523 891/960/523 893/961/523 895/962/523 897/963/523 899/964/523 901/965/523 903/966/523 905/967/523 907/968/523 909/969/523 911/970/523 913/971/523 915/972/523 917/973/523 919/974/523 921/975/523 923/976/523 925/977/523 927/978/523 929/979/523 931/980/523 933/981/523 935/982/523 937/983/523 939/984/523 941/985/523 943/986/523 945/987/523 947/988/523 949/989/523 951/990/523 953/991/523 955/992/523 957/993/523 959/994/523 961/995/523 963/996/523 965/997/523 967/998/523 969/999/523 971/1000/523 973/1001/523 975/1002/523 977/1003/523 979/1004/523 981/1005/523 983/1006/523 985/1007/523 987/1008/523 989/1009/523 991/1010/523 993/1011/523 995/1012/523 997/1013/523 999/1014/523 1001/1015/523 1003/1016/523 1005/1017/523 1007/1018/523 1009/1019/523 1011/1020/523 1013/1021/523 1015/1022/523 1017/1023/523 1019/1024/523 1021/1025/523 1023/1026/523
f 1025/1/524 1026/2/524 1028/3/524 1027/4/524
f 1027/4/525 1028/3/525 1030/5/525 1029/6/525
f 1029/6/526 1030/5/526 1032/7/526 1031/8/526
f 1031/8/527 1032/7/527 1034/9/527 1033/10/527
f 1033/10/528 1034/9/528 1036/11/528 1035/12/528
f 1035/12/529 1036/11/529 1038/13/529 1037/14/529
f 1037/14/530 1038/13/530 1040/15/530 1039/16/530
f 1039/16/531 1040/15/531 1042/17/531 1041/18/531
f 1041/18/532 1042/17/532 1044/19/532 1043/20/532
f 1043/20/533 1044/19/533 1046/21/533 1045/22/533
f 1045/22/534 1046/21/534 1048/23/534 1047/24/534
f 1047/24/535 1048/23/535 1050/25/535 1049/26/535
f 1049/26/536 1050/25/536 1052/27/536 1051/28/536
f 1051/28/537 1052/27/537 1054/29/537 1053/30/537
f 1053/30/538 1054/29/538 1056/31/538 1055/32/538
f 1055/32/539 1056/31/539 1058/33/539 1057/34/539
f 1057/34/540 1058/33/540 1060/35/540 1059/36/540
f 1059/36/541 1060/35/541 1062/37/541 1061/38/541
f 1061/38/542 1062/37/542 1064/39/542 1063/40/542
f 1063/40/543 1064/39/543 1066/41/543 1065/42/543
f 1065/42/544 1066/41/544 1068/43/544 1067/44/544
f 1067/44/545 1068/43/545 1070/45/545 1069/46/545
f 1069/46/546 1070/45/546 1072/47/546 1071/48/546
f 1071/48/547 1072/47/547 1074/49/547 1073/50/547
f 1073/50/548 1074/49/548 1076/51/548 1075/52/548
f 1075/52/549 1076/51/549 1078/53/549 1077/54/549
f 1077/54/550 1078/53/550 1080/55/550 1079/56/550
f 1079/56/551 1080/55/551 1082/57/551 1081/58/551
f 1081/58/552 1082/57/552 1084/59/552 1083/60/552
f 1083/60/553 1084/59/553 1086/61/553 1085/62/553
f 1085/62/554 1086/61/554 1088/63/554 1087/64/554
f 1087/64/555 1088/63/555 1090/65/555 1089/66/555
f 1089/66/556 1090/65/556 1092/67/556 1091/68/556
f 1091/68/557 1092/67/557 1094/69/557 1093/70/557
f 1093/70/558 1094/69/558 1096/71/558 1095/72/558
f 1095/72/559 1096/71/559 1098/73/559 1097/74/559
f 1097/74/560 1098/73/560 1100/75/560 1099/76/560
f 1099/76/561 1100/75/561 1102/77/561 1101/78/561
f 1101/78/562 1102/77/562 1104/79/562 1103/80/562
f 1103/80/563 1104/79/563 1106/81/563 1105/82/563
f 1105/82/564 1106/81/564 1108/83/564 1107/84/564
f 1107/84/565 1108/83/565 1110/85/565 1109/86/565
f 1109/86/566 1110/85/566 1112/87/566 1111/88/566
f 1111/88/567 1112/87/567 1114/89/567 1113/90/567
f 1113/90/568 1114/89/568 1116/91/568 1115/92/568
f 1115/92/569 1116/91/570 1118/93/569 1117/94/570
f 1117/94/571 1118/93/571 1120/95/571 1119/96/571
f 1119/96/572 1120/95/572 1122/97/572 1121/98/572
f 1121/98/573 1122/97/573 1124/99/573 1123/100/573
f 1123/100/574 1124/99/574 1126/101/574 1125/102/574
f 1125/102/575 1126/101/575 1128/103/575 1127/104/575
f 1127/104/576 1128/103/576 1130/105/576 1129/106/576
f 1129/106/577 1130/105/577 1132/107/577 1131/108/577
f 1131/108/578 1132/107/578 1134/109/578 1133/110/578
f 1133/110/579 1134/109/579 1136/111/579 1135/112/579
f 1135/112/580 1136/111/580 1138/113/580 1137/114/580
f 1137/114/581 1138/113/581 1140/115/581 1139/116/581
f 1139/116/582 1140/115/582 1142/117/582 1141/118/582
f 1141/118/583 1142/117/583 1144/119/583 1143/120/583
f 1143/120/584 1144/119/584 1146/121/584 1145/122/584
f 1145/122/585 1146/121/585 1148/123/585 1147/124/585
f 1147/124/586 1148/123/586 1150/125/586 1149/126/586
f 1149/126/587 1150/125/587 1152/127/587 1151/128/587
f 1151/128/588 1152/127/588 1154/129/588 1153/130/588
f 1153/130/589 1154/129/589 1156/131/589 1155/132/589
f 1155/132/590 1156/131/590 1158/133/590 1157/134/590
f 1157/134/591 1158/133/591 1160/135/591 1159/136/591
f 1159/136/592 1160/135/592 1162/137/592 1161/138/592
f 1161/138/593 1162/137/593 1164/139/593 1163/140/593
f 1163/140/594 1164/139/594 1166/141/594 1165/142/594
f 1165/142/595 1166/141/595 1168/143/595 1167/144/595
f 1167/144/596 1168/143/596 1170/145/596 1169/146/596
f 1169/146/597 1170/145/597 1172/147/597 1171/148/597
f 1171/148/598 1172/147/598 1174/149/598 1173/150/598
f 1173/150/599 1174/149/599 1176/151/599 1175/152/599
f 1175/152/600 1176/151/600 1178/153/600 1177/154/600
f 1177/154/601 1178/153/601 1180/155/601 1179/156/601
f 1179/156/602 1180/155/602 1182/157/602 1181/158/602
f 1181/158/603 1182/157/603 1184/159/603 1183/160/603
f 1183/160/604 1184/159/604 1186/161/604 1185/162/604
f 1185/162/605 1186/161/605 1188/163/605 1187/164/605
f 1187/164/606 1188/163/606 1190/165/606 1189/166/606
f 1189/166/607 1190/165/607 1192/167/607 1191/168/607
f 1191/168/608 1192/167/608 1194/169/608 1193/170/608
f 1193/170/609 1194/169/609 1196/171/609 1195/172/609
f 1195/172/610 1196/171/610 1198/173/610 1197/174/610
f 1197/174/611 1198/173/611 1200/175/611 1199/176/611
f 1199/176/612 1200/175/612 1202/177/612 1201/178/612
f 1201/178/613 1202/177/613 1204/179/613 1203/180/613
f 1203/180/614 1204/179/614 1206/181/614 1205/182/614
f 1205/182/615 1206/181/615 1208/183/615 1207/184/615
f 1207/184/616 1208/183/616 1210/185/616 1209/186/616
f 1209/186/617 1210/185/617 1212/187/617 1211/188/617
f 1211/188/618 1212/187/618 1214/189/618 1213/190/618
f 1213/190/619 1214/189/619 1216/191/619 1215/192/619
f 1215/192/620 1216/191/620 1218/193/620 1217/194/620
f 1217/194/621 1218/193/621 1220/195/621 1219/196/621
f 1219/196/622 1220/195/622 1222/197/622 1221/198/622
f 1221/198/623 1222/197/623 1224/199/623 1223/200/623
f 1223/200/624 1224/199/624 1226/201/624 1225/202/624
f 1225/202/625 1226/201/625 1228/203/625 1227/204/625
f 1227/204/626 1228/203/626 1230/205/626 1229/206/626
f 1229/206/627 1230/205/627 1232/207/627 1231/208/627
f 1231/208/628 1232/207/628 1234/209/628 1233/210/628
f 1233/210/629 1234/209/629 1236/211/629 1235/212/629
f 1235/212/630 1236/211/630 1238/213/630 1237/214/630
f 1237/214/631 1238/213/631 1240/215/631 1239/216/631
f 1239/216/632 1240/215/632 1242/217/632 1241/218/632
f 1241/218/633 1242/217/633 1244/219/633 1243/220/633
f 1243/220/634 1244/219/634 1246/221/634 1245/222/634
f 1245/222/635 1246/221/635 1248/223/635 1247/224/635
f 1247/224/636 1248/223/636 1250/225/636 1249/226/636
f 1249/226/637 1250/225/637 1252/227/637 1251/228/637
f 1251/228/638 1252/227/638 1254/229/638 1253/230/638
f 1253/230/639 1254/229/640 1256/231/639 1255/232/639
f 1255/232/641 1256/231/641 1258/233/641 1257/234/641
f 1257/234/642 1258/233/642 1260/235/642 1259/236/642
f 1259/236/643 1260/235/643 1262/237/643 1261/238/643
f 1261/238/644 1262/237/644 1264/239/644 1263/240/644
f 1263/240/645 1264/239/645 1266/241/645 1265/242/645
f 1265/242/646 1266/241/646 1268/243/646 1267/244/646
f 1267/244/647 1268/243/647 1270/245/647 1269/246/647
f 1269/246/648 1270/245/648 1272/247/648 1271/248/648
f 1271/248/649 1272/247/649 1274/249/649 1273/250/649
f 1273/250/650 1274/249/650 1276/251/650 1275/252/650
f 1275/252/651 1276/251/651 1278/253/651 1277/254/651
f 1277/254/652 1278/253/652 1280/255/652 1279/256/652
f 1279/256/653 1280/255/653 1282/257/653 1281/258/653
f 1281/258/654 1282/257/654 1284/259/654 1283/260/654
f 1283/260/655 1284/259/655 1286/261/655 1285/262/655
f 1285/262/656 1286/261/656 1288/263/656 1287/264/656
f 1287/264/657 1288/263/657 1290/265/657 1289/266/657
f 1289/266/658 1290/265/658 1292/267/658 1291/268/658
f 1291/268/659 1292/267/659 1294/269/659 1293/270/659
f 1293/270/660 1294/269/660 1296/271/660 1295/272/660
f 1295/272/661 1296/271/661 1298/273/661 1297/274/661
f 1297/274/662 1298/273/662 1300/275/662 1299/276/662
f 1299/276/663 1300/275/663 1302/277/663 1301/278/663
f 1301/278/664 1302/277/664 1304/279/664 1303/280/664
f 1303/280/665 1304/279/665 1306/281/665 1305/282/665
f 1305/282/666 1306/281/666 1308/283/666 1307/284/666
f 1307/284/667 1308/283/667 1310/285/667 1309/286/667
f 1309/286/668 1310/285/668 1312/287/668 1311/288/668
f 1311/288/669 1312/287/669 1314/289/669 1313/290/669
f 1313/290/670 1314/289/670 1316/291/670 1315/292/670
f 1315/292/671 1316/291/671 1318/293/671 1317/294/671
f 1317/294/672 1318/293/672 1320/295/672 1319/296/672
f 1319/296/673 1320/295/673 1322/297/673 1321/298/673
f 1321/298/674 1322/297/674 1324/299/674 1323/300/674
f 1323/300/675 1324/299/675 1326/301/675 1325/302/675
f 1325/302/676 1326/301/676 1328/303/676 1327/304/676
f 1327/304/677 1328/303/677 1330/305/677 1329/306/677
f 1329/306/678 1330/305/678 1332/307/678 1331/308/678
f 1331/308/679 1332/307/679 1334/309/679 1333/310/679
f 1333/310/680 1334/309/680 1336/311/680 1335/312/680
f 1335/312/681 1336/311/682 1338/313/681 1337/314/682
f 1337/314/683 1338/313/683 1340/315/683 1339/316/683
f 1339/316/684 1340/315/684 1342/317/684 1341/318/684
f 1341/318/685 1342/317/685 1344/319/685 1343/320/685
f 1343/320/686 1344/319/686 1346/321/686 1345/322/686
f 1345/322/687 1346/321/687 1348/323/687 1347/324/687
f 1347/324/688 1348/323/688 1350/325/688 1349/326/688
f 1349/326/689 1350/325/689 1352/327/689 1351/328/689
f 1351/328/690 1352/327/690 1354/329/690 1353/330/690
f 1353/330/691 1354/329/691 1356/331/691 1355/332/691
f 1355/332/692 1356/331/692 1358/333/692 1357/334/692
f 1357/334/693 1358/333/693 1360/335/693 1359/336/693
f 1359/336/694 1360/335/694 1362/337/694 1361/338/694
f 1361/338/695 1362/337/695 1364/339/695 1363/340/695
f 1363/340/696 1364/339/696 1366/341/696 1365/342/696
f 1365/342/697 1366/341/697 1368/343/697 1367/344/697
f 1367/344/698 1368/343/698 1370/345/698 1369/346/698
f 1369/346/699 1370/345/699 1372/347/699 1371/348/699
f 1371/348/700 1372/347/701 1374/349/700 1373/350/701
f 1373/350/702 1374/349/702 1376/351/702 1375/352/702
f 1375/352/703 1376/351/703 1378/353/703 1377/354/703
f 1377/354/704 1378/353/704 1380/355/704 1379/356/704
f 1379/356/705 1380/355/705 1382/357/705 1381/358/705
f 1381/358/706 1382/357/706 1384/359/706 1383/360/706
f 1383/360/707 1384/359/707 1386/361/707 1385/362/707
f 1385/362/708 1386/361/708 1388/363/708 1387/364/708
f 1387/364/709 1388/363/709 1390/365/709 1389/366/709
f 1389/366/710 1390/365/710 1392/367/710 1391/368/710
f 1391/368/711 1392/367/711 1394/369/711 1393/370/711
f 1393/370/712 1394/369/712 1396/371/712 1395/372/712
f 1395/372/713 1396/371/713 1398/373/713 1397/374/713
f 1397/374/714 1398/373/714 1400/375/714 1399/376/714
f 1399/376/715 1400/375/715 1402/377/715 1401/378/715
f 1401/378/716 1402/377/716 1404/379/716 1403/380/716
f 1403/380/717 1404/379/717 1406/381/717 1405/382/717
f 1405/382/718 1406/381/718 1408/383/718 1407/384/718
f 1407/384/719 1408/383/719 1410/385/719 1409/386/719
f 1409/386/720 1410/385/720 1412/387/720 1411/388/720
f 1411/388/721 1412/387/721 1414/389/721 1413/390/721
f 1413/390/722 1414/389/722 1416/391/722 1415/392/722
f 1415/392/723 1416/391/723 1418/393/723 1417/394/723
f 1417/394/724 1418/393/724 1420/395/724 1419/396/724
f 1419/396/725 1420/395/725 1422/397/725 1421/398/725
f 1421/398/726 1422/397/726 1424/399/726 1423/400/726
f 1423/400/727 1424/399/727 1426/401/727 1425/402/727
f 1425/402/728 1426/401/728 1428/403/728 1427/404/728
f 1427/404/729 1428/403/729 1430/405/729 1429/406/729
f 1429/406/730 1430/405/730 1432/407/730 1431/408/730
f 1431/408/731 1432/407/731 1434/409/731 1433/410/731
f 1433/410/732 1434/409/732 1436/411/732 1435/412/732
f 1435/412/733 1436/411/733 1438/413/733 1437/414/733
f 1437/414/734 1438/413/734 1440/415/734 1439/416/734
f 1439/416/735 1440/415/735 1442/417/735 1441/418/735
f 1441/418/736 1442/417/736 1444/419/736 1443/420/736
f 1443/420/737 1444/419/737 1446/421/737 1445/422/737
f 1445/422/738 1446/421/738 1448/423/738 1447/424/738
f 1447/424/739 1448/423/739 1450/425/739 1449/426/739
f 1449/426/740 1450/425/740 1452/427/740 1451/428/740
f 1451/428/741 1452/427/741 1454/429/741 1453/430/741
f 1453/430/742 1454/429/742 1456/431/742 1455/432/742
f 1455/432/743 1456/431/743 1458/433/743 1457/434/743
f 1457/434/744 1458/433/744 1460/435/744 1459/436/744
f 1459/436/745 1460/435/745 1462/437/745 1461/438/745
f 1461/438/746 1462/437/746 1464/439/746 1463/440/746
f 1463/440/747 1464/439/747 1466/441/747 1465/442/747
f 1465/442/748 1466/441/748 1468/443/748 1467/444/748
f 1467/444/749 1468/443/749 1470/445/749 1469/446/749
f 1469/446/750 1470/445/750 1472/447/750 1471/448/750
f 1471/448/751 1472/447/751 1474/449/751 1473/450/751
f 1473/450/752 1474/449/752 1476/451/752 1475/452/752
f 1475/452/753 1476/451/753 1478/453/753 1477/454/753
f 1477/454/754 1478/453/754 1480/455/754 1479/456/754
f 1479/456/755 1480/455/755 1482/457/755 1481/458/755
f 1481/458/756 1482/457/756 1484/459/756 1483/460/756
f 1483/460/757 1484/459/757 1486/461/757 1485/462/757
f 1485/462/758 1486/461/758 1488/463/758 1487/464/758
f 1487/464/759 1488/463/759 1490/465/759 1489/466/759
f 1489/466/760 1490/465/760 1492/467/760 1491/468/760
f 1491/468/761 1492/467/761 1494/469/761 1493/470/761
f 1493/470/762 1494/469/762 1496/471/762 1495/472/762
f 1495/472/763 1496/471/763 1498/473/763 1497/474/763
f 1497/474/764 1498/473/764 1500/475/764 1499/476/764
f 1499/476/765 1500/475/765 1502/477/765 1501/478/765
f 1501/478/766 1502/477/766 1504/479/766 1503/480/766
f 1503/480/767 1504/479/767 1506/481/767 1505/482/767
f 1505/482/768 1506/481/768 1508/483/768 1507/484/768
f 1507/484/769 1508/483/769 1510/485/769 1509/486/769
f 1509/486/770 1510/485/770 1512/487/770 1511/488/770
f 1511/488/771 1512/487/771 1514/489/771 1513/490/771
f 1513/490/772 1514/489/772 1516/491/772 1515/492/772
f 1515/492/773 1516/491/773 1518/493/773 1517/494/773
f 1517/494/774 1518/493/774 1520/495/774 1519/496/774
f 1519/496/775 1520/495/775 1522/497/775 1521/498/775
f 1521/498/776 1522/497/776 1524/499/776 1523/500/776
f 1523/500/777 1524/499/777 1526/501/777 1525/502/777
f 1525/502/778 1526/501/778 1528/503/778 1527/504/778
f 1527/504/779 1528/503/779 1530/505/779 1529/506/779
f 1529/506/780 1530/505/780 1532/507/780 1531/508/780
f 1531/508/781 1532/507/781 1534/509/781 1533/510/781
f 1028/511/782 1026/512/782 1536/513/782 1534/514/782 1532/515/782 1530/516/782 1528/517/782 1526/518/782 1524/519/782 1522/520/782 1520/521/782 1518/522/782 1516/523/782 1514/524/782 1512/525/782 1510/526/782 1508/527/782 1506/528/782 1504/529/782 1502/530/782 1500/531/782 1498/532/782 1496/533/782 1494/534/782 1492/535/782 1490/536/782 1488/537/782 1486/538/782 1484/539/782 1482/540/782 1480/541/782 1478/542/782 1476/543/782 1474/544/782 1472/545/782 1470/546/782 1468/547/782 1466/548/782 1464/549/782 1462/550/782 1460/551/782 1458/552/782 1456/553/782 1454/554/782 1452/555/782 1450/556/782 1448/557/782 1446/558/782 1444/559/782 1442/560/782 1440/561/782 1438/562/782 1436/563/782 1434/564/782 1432/565/782 1430/566/782 1428/567/782 1426/568/782 1424/569/782 1422/570/782 1420/571/782 1418/572/782 1416/573/782 1414/574/782 1412/575/782 1410/576/782 1408/577/782 1406/578/782 1404/579/782 1402/580/782 1400/581/782 1398/582/782 1396/583/782 1394/584/782 1392/585/782 1390/586/782 1388/587/782 1386/588/782 1384/589/782 1382/590/782 1380/591/782 1378/592/782 1376/593/782 1374/594/782 1372/595/782 1370/596/782 1368/597/782 1366/598/782 1364/599/782 1362/600/782 1360/601/782 1358/602/782 1356/603/782 1354/604/782 1352/605/782 1350/606/782 1348/607/782 1346/608/782 1344/609/782 1342/610/782 1340/611/782 1338/612/782 1336/613/782 1334/614/782 1332/615/782 1330/616/782 1328/617/782 1326/618/782 1324/619/782 1322/620/782 1320/621/782 1318/622/782 1316/623/782 1314/624/782 1312/625/782 1310/626/782 1308/627/782 1306/628/782 1304/629/782 1302/630/782 1300/631/782 1298/632/782 1296/633/782 1294/634/782 1292/635/782 1290/636/782 1288/637/782 1286/638/782 1284/639/782 1282/640/782 1280/641/782 1278/642/782 1276/643/782 1274/644/782 1272/645/782 1270/646/782 1268/647/782 1266/648/782 1264/649/782 1262/650/782 1260/651/782 1258/652/782 1256/653/782 1254/654/782 1252/655/782 1250/656/782 1248/657/782 1246/658/782 1244/659/782 1242/660/782 1240/661/782 1238/662/782 1236/663/782 1234/664/782 1232/665/782 1230/666/782 1228/667/782 1226/668/782 1224/669/782 1222/670/782 1220/671/782 1218/672/782 1216/673/782 1214/674/782 1212/675/782 1210/676/782 1208/677/782 1206/678/782 1204/679/782 1202/680/782 1200/681/782 1198/682/782 1196/683/782 1194/684/782 1192/685/782 1190/686/782 1188/687/782 1186/688/782 1184/689/782 1182/690/782 1180/691/782 1178/692/782 1176/693/782 1174/694/782 1172/695/782 1170/696/782 1168/697/782 1166/698/782 1164/699/782 1162/700/782 1160/701/782 1158/702/782 1156/703/782 1154/704/782 1152/705/782 1150/706/782 1148/707/782 1146/708/782 1144/709/782 1142/710/782 1140/711/782 1138/712/782 1136/713/782 1134/714/782 1132/715/782 1130/716/782 1128/717/782 1126/718/782 1124/719/782 1122/720/782 1120/721/782 1118/722/782 1116/723/782 1114/724/782 1112/725/782 1110/726/782 1108/727/782 1106/728/782 1104/729/782 1102/730/782 1100/731/782 1098/732/782 1096/733/782 1094/734/782 1092/735/782 1090/736/782 1088/737/782 1086/738/782 1084/739/782 1082/740/782 1080/741/782 1078/742/782 1076/743/782 1074/744/782 1072/745/782 1070/746/782 1068/747/782 1066/748/782 1064/749/782 1062/750/782 1060/751/782 1058/752/782 1056/753/782 1054/754/782 1052/755/782 1050/756/782 1048/757/782 1046/758/782 1044/759/782 1042/760/782 1040/761/782 1038/762/782 1036/763/782 1034/764/782 1032/765/782 1030/766/782
f 1533/510/783 1534/509/783 1536/767/783 1535/768/783
f 1535/768/784 1536/767/784 1026/769/784 1025/770/784
f 1025/771/785 1027/772/785 1029/773/785 1031/774/785 1033/775/785 1035/776/785 1037/777/785 1039/778/785 1041/779/785 1043/780/785 1045/781/785 1047/782/785 1049/783/785 1051/784/785 1053/785/785 1055/786/785 1057/787/785 1059/788/785 1061/789/785 1063/790/785 1065/791/785 1067/792/785 1069/793/785 1071/794/785 1073/795/785 1075/796/785 1077/797/785 1079/798/785 1081/799/785 1083/800/785 1085/801/785 1087/802/785 1089/803/785 1091/804/785 1093/805/785 1095/806/785 1097/807/785 1099/808/785 1101/809/785 1103/810/785 1105/811/785 1107/812/785 1109/813/785 1111/814/785 1113/815/785 1115/816/785 1117/817/785 1119/818/785 1121/819/785 1123/820/785 1125/821/785 1127/822/785 1129/823/785 1131/824/785 1133/825/785 1135/826/785 1137/827/785 1139/828/785 1141/829/785 1143/830/785 1145/831/785 1147/832/785 1149/833/785 1151/834/785 1153/835/785 1155/836/785 1157/837/785 1159/838/785 1161/839/785 1163/840/785 1165/841/785 1167/842/785 1169/843/785 1171/844/785 1173/845/785 1175/846/785 1177/847/785 1179/848/785 1181/849/785 1183/850/785 1185/851/785 1187/852/785 1189/853/785 1191/854/785 1193/855/785 1195/856/785 1197/857/785 1199/858/785 1201/859/785 1203/860/785 1205/861/785 1207/862/785 1209/863/785 1211/864/785 1213/865/785 1215/866/785 1217/867/785 1219/868/785 1221/869/785 1223/870/785 1225/871/785 1227/872/785 1229/873/785 1231/874/785 1233/875/785 1235/876/785 1237/877/785 1239/878/785 1241/879/785 1243/880/785 1245/881/785 1247/882/785 1249/883/785 1251/884/785 1253/885/785 1255/886/785 1257/887/785 1259/888/785 1261/889/785 1263/890/785 1265/891/785 1267/892/785 1269/893/785 1271/894/785 1273/895/785 1275/896/785 1277/897/785 1279/898/785 1281/899/785 1283/900/785 1285/901/785 1287/902/785 1289/903/785 1291/904/785 1293/905/785 1295/906/785 1297/907/785 1299/908/785 1301/909/785 1303/910/785 1305/911/785 1307/912/785 1309/913/785 1311/914/785 1313/915/785 1315/916/785 1317/917/785 1319/918/785 1321/919/785 1323/920/785 1325/921/785 1327/922/785 1329/923/785 1331/924/785 1333/925/785 1335/926/785 1337/927/785 1339/928/785 1341/929/785 1343/930/785 1345/931/785 1347/932/785 1349/933/785 1351/934/785 1353/935/785 1355/936/785 1357/937/785 1359/938/785 1361/939/785 1363/940/785 1365/941/785 1367/942/785 1369/943/785 1371/944/785 1373/945/785 1375/946/785 1377/947/785 1379/948/785 1381/949/785 1383/950/785 1385/951/785 1387/952/785 1389/953/785 1391/954/785 1393/955/785 1395/956/785 1397/957/785 1399/958/785 1401/959/785 1403/960/785 1405/961/785 1407/962/785 1409/963/785 1411/964/785 1413/965/785 1415/966/785 1417/967/785 1419/968/785 1421/969/785 1423/970/785 1425/971/785 1427/972/785 1429/973/785 1431/974/785 1433/975/785 1435/976/785 1437/977/785 1439/978/785 1441/979/785 1443/980/785 1445/981/785 1447/982/785 1449/983/785 1451/984/785 1453/985/785 1455/986/785 1457/987/785 1459/988/785 1461/989/785 1463/990/785 1465/991/785 1467/992/785 1469/993/785 1471/994/785 1473/995/785 1475/996/785 1477/997/785 1479/998/785 1481/999/785 1483/1000/785 1485/1001/785 1487/1002/785 1489/1003/785 1491/1004/785 1493/1005/785 1495/1006/785 1497/1007/785 1499/1008/785 1501/1009/785 1503/1010/785 1505/1011/785 1507/1012/785 1509/1013/785 1511/1014/785 1513/1015/785 1515/1016/785 1517/1017/785 1519/1018/785 1521/1019/785 1523/1020/785 1525/1021/785 1527/1022/785 1529/1023/785 1531/1024/785 1533/1025/785 1535/1026/785
